{
"type": "FeatureCollection",
"name": "R01",
"crs": { "type": "name", "properties": { "name": "urn:ogc:def:crs:OGC:1.3:CRS84" } },
"features": [
{ "type": "Feature", "properties": { "REG_CODE": "R01", "Region_Nam": "الرياض", "region_n_1": "Ar Riyad", "GovCounts": "23", "TotalConfi": 74402, "TotalDeath": 1245, "TotalRecov": 72672, "TotalActiv": 485, "TotalCalcu": 4329, "GlobalID": "{d185b154-0ee0-4bb4-a98d-c662140dcd63}", "Shape__Are": 446484785430.0, "Shape__Len": 3678036.8132699998 }, "geometry": { "type": "MultiPolygon", "coordinates": [ [ [ [ 43.484119137674782, 25.209048930156865 ], [ 43.483420697541376, 25.212350721054143 ], [ 43.483409468600321, 25.212547809739089 ], [ 43.484130366615837, 25.20925008798012 ], [ 43.484119137674782, 25.209048930156865 ], [ 43.484119137674782, 25.209048930156865 ] ] ], [ [ [ 45.119167489971034, 19.208333666497794 ], [ 45.115592195140238, 19.236726094826231 ], [ 45.112012408733023, 19.265168735062836 ], [ 45.111998934003758, 19.265189935340427 ], [ 45.111500369021073, 19.267700028826887 ], [ 45.11156774266739, 19.268702783469408 ], [ 45.088889773319785, 19.448888772354469 ], [ 44.553208648881842, 19.420130777629041 ], [ 44.552941400084819, 19.419499607605299 ], [ 44.394341590885311, 19.418008511639375 ], [ 44.392360805683822, 19.417989449244434 ], [ 44.390200357425513, 19.417159173873308 ], [ 44.385030552965411, 19.417820005635594 ], [ 44.380370542429041, 19.417320145960353 ], [ 44.378201111017887, 19.417989449244434 ], [ 44.376040662759578, 19.421321098318661 ], [ 44.372539478939728, 19.426150067904199 ], [ 44.370709161548326, 19.430809463897365 ], [ 44.368038919366285, 19.434149321418609 ], [ 44.364539981334644, 19.440809770668388 ], [ 44.36288034384723, 19.444469195307907 ], [ 44.360879346551854, 19.448300067075863 ], [ 44.358880595044688, 19.452969415332632 ], [ 44.357551088424188, 19.457299824545608 ], [ 44.356219336015485, 19.463290209806075 ], [ 44.354719149491004, 19.466290612976913 ], [ 44.352891077887826, 19.470459747200472 ], [ 44.35055096657269, 19.475450286392242 ], [ 44.349720024934875, 19.47745111702033 ], [ 44.348889083297074, 19.480279762389856 ], [ 44.349050780048209, 19.486279884016575 ], [ 44.349050780048209, 19.493279039222021 ], [ 44.34804915850642, 19.495440544141079 ], [ 44.347391142560795, 19.496770035276363 ], [ 44.345549596228359, 19.496770035276363 ], [ 44.343719278836957, 19.495609906676187 ], [ 44.340559454825069, 19.493439935783361 ], [ 44.333559332973572, 19.48795030880212 ], [ 44.328730888321431, 19.484120373963854 ], [ 44.324569442767746, 19.481619964094776 ], [ 44.321739749622765, 19.480449140784653 ], [ 44.317740000820223, 19.479619184957784 ], [ 44.315069758638174, 19.479780095093265 ], [ 44.309250921385299, 19.480110383817941 ], [ 44.305920417469423, 19.480449140784653 ], [ 44.30408111692519, 19.479280426255329 ], [ 44.302920044420468, 19.477120822873523 ], [ 44.30274936451648, 19.474450920465689 ], [ 44.301920668666881, 19.471620055982186 ], [ 44.3004204821424, 19.469460350495794 ], [ 44.296429716492703, 19.466290612976913 ], [ 44.289919176471045, 19.463459605959546 ], [ 44.281430097036115, 19.460630666994938 ], [ 44.272770337697196, 19.460130939114286 ], [ 44.263279636720476, 19.459959421986692 ], [ 44.254110083457832, 19.459959421986692 ], [ 44.248619131283647, 19.459459692037434 ], [ 44.242449951069958, 19.458799029740767 ], [ 44.232130554243632, 19.458119307068777 ], [ 44.214970486528742, 19.458460227518948 ], [ 44.205140671532263, 19.458299296215625 ], [ 44.196319215442209, 19.458959960548174 ], [ 44.186990211216632, 19.459129361225543 ], [ 44.183489027396774, 19.459459692037434 ], [ 44.180490900136022, 19.460450680435716 ], [ 44.177658961202837, 19.461799516023881 ], [ 44.174330703075171, 19.464789359616166 ], [ 44.171831140797117, 19.468789142046237 ], [ 44.170670068292381, 19.470620666432797 ], [ 44.169169881767907, 19.47279094310101 ], [ 44.167000450356753, 19.475450286392242 ], [ 44.164509871231537, 19.477779293230011 ], [ 44.162180988857457, 19.480110383817941 ], [ 44.159849860695168, 19.482119625715505 ], [ 44.156840504493367, 19.483779507490617 ], [ 44.153510000577491, 19.486951020000173 ], [ 44.149510251774949, 19.491280521234387 ], [ 44.147509254479573, 19.492789997376082 ], [ 44.143019923847184, 19.495779269034056 ], [ 44.139350305911556, 19.497940740560516 ], [ 44.136520612766581, 19.500599670826031 ], [ 44.133349559813645, 19.503940207582637 ], [ 44.129688925030855, 19.50609945319118 ], [ 44.125859856132301, 19.507769673404486 ], [ 44.122700032120399, 19.509600756859189 ], [ 44.120359920805271, 19.5109301316255 ], [ 44.118870963221845, 19.513260744767468 ], [ 44.118700283317857, 19.514429213916863 ], [ 44.120029789938357, 19.515589207544974 ], [ 44.123530973758214, 19.516260221956795 ], [ 44.128020304390603, 19.516929116831726 ], [ 44.132350184060058, 19.517089989869767 ], [ 44.13553022016584, 19.518260548075634 ], [ 44.138519364273748, 19.520089396006956 ], [ 44.141018926551808, 19.522259009364607 ], [ 44.142849243943203, 19.524760907824728 ], [ 44.144349430467685, 19.528420552458353 ], [ 44.145351052009474, 19.530590053947023 ], [ 44.14617974785908, 19.533419886729021 ], [ 44.147679934383554, 19.535750175524207 ], [ 44.148180745154455, 19.538749235227513 ], [ 44.148010065250475, 19.541750355648734 ], [ 44.147679934383554, 19.544080524210933 ], [ 44.148180745154455, 19.546239233459765 ], [ 44.15101043829943, 19.549911089232644 ], [ 44.153510000577491, 19.553060141628496 ], [ 44.155670448835806, 19.553910883140954 ], [ 44.158340691017848, 19.55489917672724 ], [ 44.160840253295909, 19.556571008623148 ], [ 44.16234043982039, 19.557899996805425 ], [ 44.163169135669989, 19.560570637393297 ], [ 44.164000077307797, 19.562570414579426 ], [ 44.166340188622932, 19.563560771241139 ], [ 44.168500636881241, 19.563899353319858 ], [ 44.172998950666468, 19.565560511341374 ], [ 44.177658961202837, 19.565899089220398 ], [ 44.181660955793589, 19.566730718117348 ], [ 44.186159269578816, 19.567729513564672 ], [ 44.190819280115186, 19.568231025046472 ], [ 44.195479290651555, 19.568559016943784 ], [ 44.199809170321011, 19.568559016943784 ], [ 44.203808919123553, 19.568559016943784 ], [ 44.208810289467891, 19.569060525844709 ], [ 44.213971110775155, 19.570230707211806 ], [ 44.217139917939889, 19.571730981562411 ], [ 44.222130059343172, 19.574890187801813 ], [ 44.225460563259048, 19.5772198775718 ], [ 44.231290629452978, 19.581720463490974 ], [ 44.236280770856268, 19.586220923657489 ], [ 44.241949140299063, 19.590219816577942 ], [ 44.246119569005586, 19.593710832364817 ], [ 44.248120566300962, 19.597379490998208 ], [ 44.250950259445936, 19.602209552416632 ], [ 44.253279141820023, 19.606870223227933 ], [ 44.253950632494899, 19.609370808915106 ], [ 44.253950632494899, 19.610039317622316 ], [ 44.253950632494899, 19.612199258722185 ], [ 44.253449821723997, 19.614699761544916 ], [ 44.251778955295535, 19.617200225478339 ], [ 44.249780203788369, 19.619529302835645 ], [ 44.246629362929319, 19.622359689291208 ], [ 44.242449951069958, 19.627360339929062 ], [ 44.239959371944735, 19.629860606884534 ], [ 44.237960620437569, 19.631019769901393 ], [ 44.235788943238212, 19.631700880035265 ], [ 44.233460060864132, 19.633350762176484 ], [ 44.230129556948256, 19.635690181388952 ], [ 44.224959752488154, 19.638689495404915 ], [ 44.219798931180883, 19.641020376353072 ], [ 44.218139293693476, 19.642350782340991 ], [ 44.216800803920137, 19.64334910836903 ], [ 44.216800803920137, 19.644679495057034 ], [ 44.217299368902822, 19.646009870718153 ], [ 44.219471046102178, 19.648179903378516 ], [ 44.221629248572278, 19.650009391546877 ], [ 44.224959752488154, 19.653340486956647 ], [ 44.229289632157602, 19.658670095749464 ], [ 44.230129556948256, 19.661499792252272 ], [ 44.229790442928504, 19.663669615387931 ], [ 44.22913018119467, 19.666670521219533 ], [ 44.228139788593936, 19.669330896751863 ], [ 44.227789445633128, 19.672830767101502 ], [ 44.227960125537109, 19.675990101040714 ], [ 44.228959501290696, 19.681160362551807 ], [ 44.230470916756225, 19.68482067993488 ], [ 44.231459063568757, 19.688990506294274 ], [ 44.232130554243632, 19.692320791642171 ], [ 44.232799799130298, 19.698150210071461 ], [ 44.233630740768113, 19.703639014978176 ], [ 44.234960247388614, 19.710140341109426 ], [ 44.235788943238212, 19.716140354918657 ], [ 44.236130303046174, 19.721129624109093 ], [ 44.236130303046174, 19.728129137133809 ], [ 44.236460433913088, 19.731130948501633 ], [ 44.237129678799761, 19.734790122548016 ], [ 44.237129678799761, 19.736789843707164 ], [ 44.235959623142193, 19.738950190859093 ], [ 44.2346301165217, 19.74161993370215 ], [ 44.232629119226324, 19.744450277401267 ], [ 44.230470916756225, 19.74795061812209 ], [ 44.226459939012628, 19.753949211923665 ], [ 44.223129435096752, 19.757440889954839 ], [ 44.22096898683845, 19.758609697307065 ], [ 44.218469424560389, 19.760260385325537 ], [ 44.214970486528742, 19.761940645596059 ], [ 44.211961130326941, 19.763770946701431 ], [ 44.209479534354557, 19.764440924648138 ], [ 44.205980596322917, 19.765110899779838 ], [ 44.203310354140868, 19.766269083588714 ], [ 44.201309356845492, 19.76693905103868 ], [ 44.199479039454097, 19.76828109093239 ], [ 44.197150157080024, 19.769430798013918 ], [ 44.191650221752994, 19.771269466737134 ], [ 44.189489773494692, 19.772100030826888 ], [ 44.188319717837125, 19.774090830948541 ], [ 44.187659456103297, 19.776419739655644 ], [ 44.18781890706623, 19.780430793005365 ], [ 44.187160891120612, 19.782759609046444 ], [ 44.186320966329959, 19.787419252174519 ], [ 44.186320966329959, 19.79108981382414 ], [ 44.186990211216632, 19.795089932322789 ], [ 44.187989586970211, 19.798251074781806 ], [ 44.190320715132501, 19.799419582805797 ], [ 44.193489522297234, 19.799749214620963 ], [ 44.195149159784648, 19.800250000110559 ], [ 44.195479290651555, 19.800919824652087 ], [ 44.195479290651555, 19.802251013321058 ], [ 44.194320463935043, 19.80424988840652 ], [ 44.19364897326016, 19.805409900593187 ], [ 44.194320463935043, 19.80707912004527 ], [ 44.195319839688622, 19.808080643309648 ], [ 44.197810418813845, 19.808080643309648 ], [ 44.200649095111665, 19.807579882465628 ], [ 44.204639860761368, 19.80591066826776 ], [ 44.207979347830083, 19.804750659732218 ], [ 44.209630002164651, 19.805581049216226 ], [ 44.210310475992372, 19.807909497375711 ], [ 44.210809040975057, 19.810409054882189 ], [ 44.211469302708885, 19.813419881379943 ], [ 44.212969489233366, 19.815910901055023 ], [ 44.214970486528742, 19.818739925266957 ], [ 44.217139917939889, 19.822240746625432 ], [ 44.217139917939889, 19.824399935358059 ], [ 44.216140542186309, 19.824900643232464 ], [ 44.215138920644513, 19.825899941573969 ], [ 44.213470300004261, 19.826400644722476 ], [ 44.211469302708885, 19.826400644722476 ], [ 44.208141044581218, 19.82723092114998 ], [ 44.206809292172515, 19.828899911530662 ], [ 44.205980596322917, 19.829899184722816 ], [ 44.205809916418929, 19.832730072539739 ], [ 44.205980596322917, 19.834899681518529 ], [ 44.206640858056744, 19.83755936621225 ], [ 44.206809292172515, 19.840050007522432 ], [ 44.206809292172515, 19.842219516507466 ], [ 44.204639860761368, 19.845219178251128 ], [ 44.200649095111665, 19.849051058056308 ], [ 44.196820026213111, 19.851721067356387 ], [ 44.193979104127081, 19.853220815535757 ], [ 44.191820901656982, 19.855709098851964 ], [ 44.189319093590704, 19.859209105342686 ], [ 44.186990211216632, 19.862880121509431 ], [ 44.185159893825229, 19.865380926212037 ], [ 44.183489027396774, 19.870040259508073 ], [ 44.182318971739207, 19.872540951282424 ], [ 44.181820406756522, 19.876699531244491 ], [ 44.181160145022687, 19.879869609558487 ], [ 44.179819409461146, 19.883029064880084 ], [ 44.178489902840646, 19.885189538494892 ], [ 44.176161020466566, 19.887200040746283 ], [ 44.174330703075171, 19.888859952993972 ], [ 44.171831140797117, 19.89352070773198 ], [ 44.170670068292381, 19.896021028903451 ], [ 44.16932933273084, 19.900521085162154 ], [ 44.169830143501734, 19.904520558511301 ], [ 44.171170879063283, 19.908519930776649 ], [ 44.172998950666468, 19.911680925917601 ], [ 44.175990340562585, 19.915509087292989 ], [ 44.177989092069751, 19.91884096920273 ], [ 44.178339435030551, 19.921340890262133 ], [ 44.178159771973732, 19.923169354790552 ], [ 44.177658961202837, 19.925669207403725 ], [ 44.176659585449258, 19.928840416241659 ], [ 44.175830889599652, 19.931840549244534 ], [ 44.17515939892477, 19.934830069168452 ], [ 44.174000572208257, 19.938999679383635 ], [ 44.170670068292381, 19.944830615489785 ], [ 44.167499015339445, 19.951151090119811 ], [ 44.164999453061377, 19.95264989634633 ], [ 44.162499890783323, 19.953150198918195 ], [ 44.159510746675409, 19.95282088601131 ], [ 44.157839880246947, 19.95399036591386 ], [ 44.156840504493367, 19.955810008745704 ], [ 44.156009562855559, 19.958319899286121 ], [ 44.155169638064905, 19.959820748313007 ], [ 44.15333932067351, 19.959149484268341 ], [ 44.151509003282115, 19.957819613104444 ], [ 44.149350800812016, 19.956990021129812 ], [ 44.147850614287542, 19.957319325336464 ], [ 44.146848992745745, 19.958980612360929 ], [ 44.145849616992166, 19.961809192966378 ], [ 44.1451803721055, 19.965809225973029 ], [ 44.144349430467685, 19.968810767228646 ], [ 44.143350054714098, 19.971480866669648 ], [ 44.140850492436037, 19.973969400851846 ], [ 44.137519988520168, 19.977471012191593 ], [ 44.131519242422243, 19.982969165962274 ], [ 44.127360042656775, 19.98647057733497 ], [ 44.126189986999208, 19.989969800400946 ], [ 44.12552972526538, 19.992960329312073 ], [ 44.124530349511801, 19.995959243053438 ], [ 44.124359669607813, 19.997959894068266 ], [ 44.125179382304573, 20.000289734093109 ], [ 44.125179382304573, 20.001290035262432 ], [ 44.124689800474727, 20.003280066997874 ], [ 44.123530973758214, 20.005949582248704 ], [ 44.122030787233733, 20.008121035958702 ], [ 44.119369528204537, 20.011951078059031 ], [ 44.117200096793383, 20.01462044620034 ], [ 44.115699910268901, 20.01795023481645 ], [ 44.113371027894821, 20.02094023207049 ], [ 44.110199974941878, 20.023440644835798 ], [ 44.107540961700884, 20.025780657553504 ], [ 44.103869097977046, 20.029270566719536 ], [ 44.100709273965158, 20.031939640841095 ], [ 44.096880205066597, 20.036769178307587 ], [ 44.093051136168043, 20.041769460404911 ], [ 44.090720008005754, 20.045600792472239 ], [ 44.088880707461513, 20.048929924719932 ], [ 44.085550203545637, 20.057090008581991 ], [ 44.084719261907836, 20.059750171730052 ], [ 44.08389056605823, 20.063249873582933 ], [ 44.082219699629768, 20.067249437246513 ], [ 44.080890193009274, 20.071750933848964 ], [ 44.079890817255688, 20.076739554895561 ], [ 44.079219326580805, 20.081740672714528 ], [ 44.079560686388774, 20.088399441853586 ], [ 44.079890817255688, 20.091900613339675 ], [ 44.080389382238373, 20.094720475886312 ], [ 44.081721134647083, 20.097730101140062 ], [ 44.083389755287335, 20.09972945580601 ], [ 44.084880958658971, 20.102890830543213 ], [ 44.085049392774749, 20.105729475540191 ], [ 44.085720883449625, 20.108390922081636 ], [ 44.085550203545637, 20.115050666820586 ], [ 44.085049392774749, 20.119219716755055 ], [ 44.08389056605823, 20.123049155852918 ], [ 44.082549830496681, 20.125550049489419 ], [ 44.082049019725787, 20.128540104215908 ], [ 44.081889568762854, 20.131540644661296 ], [ 44.081721134647083, 20.13504085095715 ], [ 44.081721134647083, 20.138709657738794 ], [ 44.081721134647083, 20.141870244620314 ], [ 44.082049019725787, 20.148030991333123 ], [ 44.082219699629768, 20.155690471965816 ], [ 44.082549830496681, 20.161190814014837 ], [ 44.081889568762854, 20.164359378403454 ], [ 44.081049643972207, 20.166690962200271 ], [ 44.080059251371459, 20.171020953942488 ], [ 44.079390006484793, 20.173849929387611 ], [ 44.077061124110713, 20.181179308842328 ], [ 44.073229809423943, 20.187509237579963 ], [ 44.07155894299548, 20.191010296521938 ], [ 44.070719018204827, 20.194169824021234 ], [ 44.07022943637498, 20.19682976346461 ], [ 44.069569174641153, 20.199831098590515 ], [ 44.066559818439359, 20.205820949837499 ], [ 44.065400991722839, 20.20883054180258 ], [ 44.06505963191487, 20.211490230802521 ], [ 44.064729501047964, 20.213989706927599 ], [ 44.063900805198358, 20.216820009582587 ], [ 44.063399994427463, 20.219319400093021 ], [ 44.061899807902982, 20.223479342135981 ], [ 44.060399621378508, 20.225489730175259 ], [ 44.059070114758008, 20.22865066510067 ], [ 44.058070739004428, 20.231980113731037 ], [ 44.057399248329546, 20.235640317692354 ], [ 44.056889454405805, 20.243799080420484 ], [ 44.056570552479947, 20.251470707921985 ], [ 44.056069741709052, 20.25730055427821 ], [ 44.055568930938151, 20.26046084208102 ], [ 44.055568930938151, 20.264291024647996 ], [ 44.055070365955466, 20.268460296342308 ], [ 44.054740235088552, 20.27262102931526 ], [ 44.053740859334965, 20.276779544072571 ], [ 44.051910541943577, 20.280779955317321 ], [ 44.050239675515115, 20.284950890308608 ], [ 44.049080848798603, 20.289109074390197 ], [ 44.048750717931689, 20.293781105572233 ], [ 44.048910168894615, 20.296940650057795 ], [ 44.04941097966551, 20.300439243800479 ], [ 44.04941097966551, 20.303099470198841 ], [ 44.049240299761529, 20.305770182008871 ], [ 44.047409982370134, 20.310429073727704 ], [ 44.045081099996061, 20.31809951130565 ], [ 44.04358091347158, 20.322589552599052 ], [ 44.043250782604659, 20.326089672638492 ], [ 44.042749971833771, 20.330579482016297 ], [ 44.043080102700685, 20.334420566309426 ], [ 44.043749347587351, 20.336749598359962 ], [ 44.044580289225159, 20.342239320780521 ], [ 44.045408985074758, 20.345581070131662 ], [ 44.045408985074758, 20.348739556955536 ], [ 44.044750969129147, 20.352070637759951 ], [ 44.044750969129147, 20.354569953999267 ], [ 44.044910420092073, 20.356069103221557 ], [ 44.045240550958987, 20.359899026510405 ], [ 44.044409609321178, 20.363059325973175 ], [ 44.042749971833771, 20.365899539908817 ], [ 44.041409236272216, 20.368560745568161 ], [ 44.041079105405309, 20.371560863057198 ], [ 44.041910047043118, 20.375560928969211 ], [ 44.042410857814012, 20.380550339491467 ], [ 44.042579291929783, 20.384059672056864 ], [ 44.042080726947098, 20.38688055334849 ], [ 44.041249785309283, 20.389709803337215 ], [ 44.041249785309283, 20.392709509444057 ], [ 44.040409860518636, 20.396540628132556 ], [ 44.040079729651723, 20.400710545213435 ], [ 44.039578918880821, 20.404709854852413 ], [ 44.038750223031222, 20.40835966049492 ], [ 44.037910298240575, 20.41287022926954 ], [ 44.037079356602767, 20.417700579857588 ], [ 44.036580791620075, 20.424189217454966 ], [ 44.036079980849181, 20.428190021751057 ], [ 44.035579170078279, 20.43284942805343 ], [ 44.034420343361766, 20.436690070113212 ], [ 44.03475047422868, 20.441850058443983 ], [ 44.035249039211365, 20.446679499083579 ], [ 44.035749849982267, 20.454170618684063 ], [ 44.036079980849181, 20.457669856410092 ], [ 44.036749225735846, 20.459839217517938 ], [ 44.03841110901147, 20.462999570420607 ], [ 44.040250409555703, 20.466180898590789 ], [ 44.043250782604659, 20.469660926788691 ], [ 44.047079851503227, 20.473830965485369 ], [ 44.051079600305762, 20.476991030337935 ], [ 44.057069117462632, 20.480489747925063 ], [ 44.061729127999001, 20.483489787372655 ], [ 44.070719018204827, 20.487819334118697 ], [ 44.071399492032555, 20.48931928949122 ], [ 44.071399492032555, 20.490650934629862 ], [ 44.070719018204827, 20.492319156216212 ], [ 44.069899305508066, 20.49348037918983 ], [ 44.069899305508066, 20.496309771527173 ], [ 44.070061002259209, 20.497489896687789 ], [ 44.071399492032555, 20.498979239535139 ], [ 44.073229809423943, 20.501640246866067 ], [ 44.072230433670356, 20.50314006699897 ], [ 44.069569174641153, 20.505310888649277 ], [ 44.06673049834334, 20.506640291372712 ], [ 44.062730749540798, 20.507140917889092 ], [ 44.057569928233526, 20.507639439306917 ], [ 44.042410857814012, 20.508310442366867 ], [ 44.037750847277643, 20.509970057998874 ], [ 44.034078983553805, 20.511469796581228 ], [ 44.02991978378833, 20.512300641227355 ], [ 44.026589279872461, 20.513299752237543 ], [ 44.024758962481059, 20.514469229686718 ], [ 44.018760462171358, 20.517630560170399 ], [ 44.015090844235729, 20.51946044219989 ], [ 44.010760964566273, 20.521130453375712 ], [ 44.008429836403984, 20.521469080624158 ], [ 44.005939257278762, 20.521300818730992 ], [ 44.001939508476219, 20.520800238505171 ], [ 43.995280746432677, 20.519969439979658 ], [ 43.986780438056698, 20.51930059130828 ], [ 43.981448936845453, 20.517630560170399 ], [ 43.974790174801917, 20.517470707368133 ], [ 43.96995948436156, 20.517630560170399 ], [ 43.968290863721307, 20.518629636403141 ], [ 43.967960732854394, 20.519969439979658 ], [ 43.967790052950413, 20.521130453375712 ], [ 43.968290863721307, 20.522800446332003 ], [ 43.969620370341808, 20.524300059240225 ], [ 43.969620370341808, 20.526129861539186 ], [ 43.967790052950413, 20.526790267570501 ], [ 43.966289866425932, 20.528630555964714 ], [ 43.964789679901457, 20.530130111741951 ], [ 43.962460797527378, 20.532630740789411 ], [ 43.960129669365081, 20.5337895550247 ], [ 43.956799165449212, 20.53662030569669 ], [ 43.954299603171151, 20.538449960648055 ], [ 43.952469285779749, 20.540620281586584 ], [ 43.948469536977214, 20.547949093141753 ], [ 43.945639843832232, 20.550779581683052 ], [ 43.943459183480037, 20.552609067187927 ], [ 43.941810774933678, 20.554440633610007 ], [ 43.94097983329587, 20.556280589253568 ], [ 43.936649953626414, 20.560769988029381 ], [ 43.931980959937199, 20.564939648660449 ], [ 43.929319700907996, 20.567769822433242 ], [ 43.927651080267744, 20.57009952492777 ], [ 43.925490632009435, 20.573270218137797 ], [ 43.923318954810078, 20.576760427617298 ], [ 43.920489261665104, 20.579609304504569 ], [ 43.917161003537437, 20.581589820787272 ], [ 43.915330686146049, 20.583259153187228 ], [ 43.913320705697821, 20.584920057725085 ], [ 43.909839733971864, 20.588260733733151 ], [ 43.906500246903143, 20.590590123424587 ], [ 43.903830004721101, 20.593590106286314 ], [ 43.901000311576126, 20.597069339750412 ], [ 43.898669183413837, 20.600249983409427 ], [ 43.897000562773584, 20.603750086278737 ], [ 43.89550037624911, 20.606579540112531 ], [ 43.893510607894783, 20.609240776381331 ], [ 43.89132994754258, 20.610409519484339 ], [ 43.889019031474184, 20.611069561088186 ], [ 43.886009675272383, 20.612080638381691 ], [ 43.88335066203139, 20.613570966688474 ], [ 43.880680419849341, 20.614569415436907 ], [ 43.878679422553965, 20.614909937513342 ], [ 43.873520847034911, 20.614569415436907 ], [ 43.862529959533703, 20.613070688854414 ], [ 43.86020107715963, 20.613070688854414 ], [ 43.857860965844495, 20.613739126936 ], [ 43.849859222451201, 20.61773918409002 ], [ 43.847200209210207, 20.618239446589847 ], [ 43.844538950181004, 20.618739707446299 ], [ 43.840869332245376, 20.618739707446299 ], [ 43.837880188137468, 20.618399193932692 ], [ 43.834379004317611, 20.61773918409002 ], [ 43.831210197152878, 20.617571028258865 ], [ 43.826709637579441, 20.618069189368917 ], [ 43.824549189321139, 20.618899454264366 ], [ 43.821719496176158, 20.620400225398779 ], [ 43.821661105682686, 20.620450671230387 ], [ 43.819020058747377, 20.624839394600549 ], [ 43.817349192318915, 20.631699674203627 ], [ 43.815208956154507, 20.637859790423228 ], [ 43.819190738651365, 20.640879858637504 ], [ 43.819370401708184, 20.641960091163515 ], [ 43.821530849966493, 20.650589066188946 ], [ 43.822620057248493, 20.662459936456969 ], [ 43.8258495006949, 20.679710866518942 ], [ 43.830159168270463, 20.690489076238254 ], [ 43.830159168270463, 20.703430320186719 ], [ 43.830159168270463, 20.712060003367323 ], [ 43.830159168270463, 20.723930266491177 ], [ 43.828009948953209, 20.73147919423192 ], [ 43.824769276565739, 20.74010097866147 ], [ 43.822620057248493, 20.751969043177681 ], [ 43.818299160731875, 20.760600159654757 ], [ 43.811820061745166, 20.771381012796365 ], [ 43.807510394169597, 20.787559248238786 ], [ 43.803200726594035, 20.798340276221563 ], [ 43.803200726594035, 20.810210063125211 ], [ 43.803200726594035, 20.818829453520461 ], [ 43.798870846924579, 20.828539846800386 ], [ 43.796730610760164, 20.836089843182936 ], [ 43.79349892152554, 20.843639460947625 ], [ 43.794570162501856, 20.850109960637454 ], [ 43.79349892152554, 20.856580182031934 ], [ 43.791329490114393, 20.865209508880785 ], [ 43.784859374280529, 20.873840438759533 ], [ 43.778389258446651, 20.878160963622456 ], [ 43.774079590871089, 20.884629977592777 ], [ 43.772999366741935, 20.892179256167246 ], [ 43.769749711201634, 20.898649764199043 ], [ 43.763290824308818, 20.90835080727302 ], [ 43.754660260216632, 20.914831106931064 ], [ 43.749270368511915, 20.923450793032242 ], [ 43.739559580290589, 20.939629458785888 ], [ 43.727699572751995, 20.954730486534832 ], [ 43.715839565213408, 20.970909965757471 ], [ 43.702360344375201, 20.984380693924098 ], [ 43.695800397012917, 20.989870128647368 ], [ 43.692629344059974, 20.991780270415518 ], [ 43.689170830216113, 21.001760416162405 ], [ 43.686121049826532, 21.007100358749835 ], [ 43.68038979831384, 21.015110962501542 ], [ 43.67733103477142, 21.018941057279573 ], [ 43.675431097945506, 21.024280384841841 ], [ 43.66969984643282, 21.030780815644651 ], [ 43.665120684272026, 21.036880607306728 ], [ 43.661300598526303, 21.041079047314796 ], [ 43.654810270598539, 21.047580841161633 ], [ 43.650231108437744, 21.052160432044452 ], [ 43.646411022692028, 21.057119226039148 ], [ 43.640300232971796, 21.062469759668829 ], [ 43.634189443251579, 21.066279775604325 ], [ 43.627319577116268, 21.072009285801435 ], [ 43.620058943832376, 21.077740670777775 ], [ 43.613950399900361, 21.081171013779109 ], [ 43.607080533765057, 21.085370299627296 ], [ 43.59829950186279, 21.089969680641278 ], [ 43.591429635727486, 21.094160336633049 ], [ 43.585321091795471, 21.097590300572236 ], [ 43.580360145638927, 21.101789122307903 ], [ 43.576919598100751, 21.108659093987452 ], [ 43.571960897732403, 21.116680991480582 ], [ 43.568899888401774, 21.125079530872643 ], [ 43.567379489783399, 21.130810962429184 ], [ 43.566990968423021, 21.136150462994763 ], [ 43.566990968423021, 21.138439958452405 ], [ 43.566990968423021, 21.141119021215751 ], [ 43.566609184427264, 21.14378965714949 ], [ 43.566609184427264, 21.146449772141874 ], [ 43.566229646219725, 21.149139162673585 ], [ 43.565850108012185, 21.151809654015175 ], [ 43.566229646219725, 21.154480097199851 ], [ 43.566609184427264, 21.15715049222268 ], [ 43.567379489783399, 21.160210391535092 ], [ 43.567759027990945, 21.162880683191627 ], [ 43.568899888401774, 21.165169765451477 ], [ 43.569279426609313, 21.167839967626449 ], [ 43.569658964816853, 21.170520592712162 ], [ 43.571960897732403, 21.177770602522358 ], [ 43.575010678121991, 21.189610264478347 ], [ 43.57806045851158, 21.199539437208717 ], [ 43.580360145638927, 21.205259610800663 ], [ 43.583030387820969, 21.211371074142065 ], [ 43.586459706418097, 21.218629547576924 ], [ 43.590279792163813, 21.225500378103654 ], [ 43.594099877909528, 21.233509662631398 ], [ 43.597969370995877, 21.241380360056763 ], [ 43.6009405487981, 21.249309244108677 ], [ 43.604109355962841, 21.257040960366155 ], [ 43.608070926365805, 21.267539035237359 ], [ 43.611250962471587, 21.27606921619974 ], [ 43.614020019334887, 21.283799527142431 ], [ 43.614419769636321, 21.287959580475114 ], [ 43.615210287086342, 21.292720060488069 ], [ 43.617390947438537, 21.298070446776233 ], [ 43.620759629753991, 21.304410308217591 ], [ 43.625920451061255, 21.313530440895324 ], [ 43.631070043427478, 21.320470066053829 ], [ 43.636810278092995, 21.329769109685746 ], [ 43.64335899651423, 21.340090462612633 ], [ 43.649110460120802, 21.349599521841455 ], [ 43.6562408376885, 21.363079741956387 ], [ 43.660400037453975, 21.37140987693861 ], [ 43.662980448107611, 21.378539159151185 ], [ 43.665560858761239, 21.385879301030936 ], [ 43.666549005573778, 21.392621032831471 ], [ 43.667550627115567, 21.39915963030554 ], [ 43.667139647873086, 21.404110954404363 ], [ 43.666349130423058, 21.408869754805274 ], [ 43.665161108459813, 21.412639467793355 ], [ 43.663580073559757, 21.415211096388045 ], [ 43.661790180356149, 21.417989658842689 ], [ 43.659809395154667, 21.420569555891571 ], [ 43.657040338291367, 21.423339653930046 ], [ 43.654459927637731, 21.425520154518669 ], [ 43.64970110242011, 21.428490851238891 ], [ 43.645739532017139, 21.431260798997336 ], [ 43.64175999530849, 21.433850913911176 ], [ 43.637809653846574, 21.4360291670605 ], [ 43.631860560877492, 21.439401005367227 ], [ 43.627110718812716, 21.441380591431056 ], [ 43.620759629753991, 21.444350965322453 ], [ 43.613820144184167, 21.447530306246655 ], [ 43.609070302119385, 21.450099229977901 ], [ 43.604109355962841, 21.452080761060849 ], [ 43.599550405895933, 21.453470743060826 ], [ 43.59460068868043, 21.455259933466785 ], [ 43.590239367976032, 21.456440870712207 ], [ 43.584681042155538, 21.458230024666513 ], [ 43.578940807490014, 21.460209355148962 ], [ 43.571010929319449, 21.463379990094428 ], [ 43.563860339657865, 21.46615972535157 ], [ 43.559310372743795, 21.468141038112034 ], [ 43.551580369723943, 21.470910232845391 ], [ 43.545440384756994, 21.473499643538865 ], [ 43.538889420547548, 21.4764693629708 ], [ 43.530970771318032, 21.479639644046042 ], [ 43.524619682259306, 21.483399169382285 ], [ 43.517689179842328, 21.487169046157394 ], [ 43.513720872074728, 21.49053970141313 ], [ 43.509759301671764, 21.493310559788149 ], [ 43.505200351604856, 21.495889124178504 ], [ 43.499871096181813, 21.499309726185146 ], [ 43.498530360620272, 21.50130939333944 ], [ 43.494368915066588, 21.506309485656271 ], [ 43.491200107901854, 21.510810048550276 ], [ 43.488370414756879, 21.515130792138496 ], [ 43.486369417461503, 21.518300230791112 ], [ 43.485039910841003, 21.521799695476783 ], [ 43.484379649107176, 21.5256291623344 ], [ 43.485370041707917, 21.53429053000329 ], [ 43.486369417461503, 21.540789350123994 ], [ 43.487371039003293, 21.547279523923233 ], [ 43.488700545623793, 21.55743929029968 ], [ 43.489870601281353, 21.566940450795506 ], [ 43.490200732148267, 21.577100928060712 ], [ 43.489870601281353, 21.585090969408196 ], [ 43.49005026433818, 21.595419313671268 ], [ 43.489369790510459, 21.601579216702707 ], [ 43.488199734852891, 21.606410902894247 ], [ 43.487209342252157, 21.613240552216752 ], [ 43.486540097365484, 21.620900817583983 ], [ 43.485540721611905, 21.62839992646985 ], [ 43.484539100070108, 21.635890295953043 ], [ 43.483710404220503, 21.645060668162085 ], [ 43.482540348562942, 21.652381100396124 ], [ 43.481379276058213, 21.658880882146029 ], [ 43.480379900304634, 21.664380629328296 ], [ 43.47905039368414, 21.669869731459904 ], [ 43.476050020635178, 21.680369405116185 ], [ 43.475719889768264, 21.685699298580374 ], [ 43.474049023339802, 21.690859966827578 ], [ 43.472220951736617, 21.696690276972124 ], [ 43.470550085308155, 21.704020607535792 ], [ 43.469380029650594, 21.710509714792732 ], [ 43.468549088012779, 21.71683996382615 ], [ 43.465890074771785, 21.72334101072984 ], [ 43.462391136740138, 21.730830620199608 ], [ 43.458889952920288, 21.736830371244864 ], [ 43.456230939679287, 21.739830152842806 ], [ 43.452399624992523, 21.74299049477786 ], [ 43.449060137923802, 21.744659294155188 ], [ 43.445069372274105, 21.746490779158233 ], [ 43.440898943567575, 21.747320989041643 ], [ 43.436409612935194, 21.749990978243332 ], [ 43.432739994999565, 21.753820657339585 ], [ 43.429580170987677, 21.756150537404832 ], [ 43.426420346975782, 21.757650234294026 ], [ 43.424581046431548, 21.76032003143046 ], [ 43.424410366527567, 21.762649806013471 ], [ 43.426579797938714, 21.764810601634412 ], [ 43.431578922494843, 21.766979707371732 ], [ 43.436409612935194, 21.768479291110193 ], [ 43.440898943567575, 21.7691404377941 ], [ 43.447070369569481, 21.769309373839782 ], [ 43.453729131613017, 21.769480395313035 ], [ 43.458889952920288, 21.77013945176682 ], [ 43.464050774227552, 21.771140544385418 ], [ 43.47121933019482, 21.772479494842496 ], [ 43.478210468893487, 21.774479554879999 ], [ 43.485370041707917, 21.777140696840707 ], [ 43.490539846168019, 21.780969651454441 ], [ 43.493528990275934, 21.784471095065378 ], [ 43.495538970724148, 21.789630302827661 ], [ 43.495860118438223, 21.793959389650801 ], [ 43.495860118438223, 21.797789980245959 ], [ 43.494368915066588, 21.803290670991537 ], [ 43.491040656938921, 21.810790703821684 ], [ 43.488040283889966, 21.818111040879803 ], [ 43.487040908136379, 21.824780540665127 ], [ 43.486710777269465, 21.833770009008411 ], [ 43.487040908136379, 21.840269926548629 ], [ 43.487371039003293, 21.845929492181508 ], [ 43.488700545623793, 21.851759756921041 ], [ 43.489369790510459, 21.858909166893714 ], [ 43.489870601281353, 21.866579272944993 ], [ 43.49086997703494, 21.872250301068906 ], [ 43.49237914671226, 21.876910337811633 ], [ 43.495199856704396, 21.882739337685095 ], [ 43.498189000812303, 21.888240928152872 ], [ 43.498701040524253, 21.891729326705367 ], [ 43.498370909657339, 21.895401013637716 ], [ 43.496870723132858, 21.902560739526859 ], [ 43.495700667475298, 21.907059347196469 ], [ 43.493870350083895, 21.91222038168554 ], [ 43.491700918672748, 21.917049957143202 ], [ 43.489699921377373, 21.921710613015282 ], [ 43.485870852478811, 21.927379448322849 ], [ 43.483910279371223, 21.930471066373787 ], [ 43.482380897600009, 21.932870982329522 ], [ 43.481379276058213, 21.935710413948609 ], [ 43.482030554639202, 21.938870595125646 ], [ 43.483209593449615, 21.942039038532538 ], [ 43.487209342252157, 21.949360976616791 ], [ 43.489699921377373, 21.954360091839835 ], [ 43.490369166264045, 21.958859145217854 ], [ 43.490200732148267, 21.961689726637118 ], [ 43.487869603985978, 21.964859744259694 ], [ 43.484040535087416, 21.969350134354105 ], [ 43.481709406925127, 21.972499154408265 ], [ 43.4786506433827, 21.979909072919057 ], [ 43.473060876527271, 21.990419330972276 ], [ 43.463960942699138, 22.000210434179955 ], [ 43.454160322949392, 22.005099485760621 ], [ 43.452749967953324, 22.005309786156747 ], [ 43.433860643316507, 22.007910405867396 ], [ 43.420570068687958, 22.009309598654152 ], [ 43.408669636961584, 22.011410444028503 ], [ 43.398869017211837, 22.013509176202788 ], [ 43.388369957328692, 22.017710711304133 ], [ 43.381369835477194, 22.019109807334043 ], [ 43.377879880598385, 22.022609568887027 ], [ 43.373680256645123, 22.035910372200863 ], [ 43.368779946770253, 22.065299278034701 ], [ 43.363178950973769, 22.089090678324208 ], [ 43.361079138997141, 22.103090601559327 ], [ 43.359940524374515, 22.109380542871687 ], [ 43.357771092963368, 22.116660544814838 ], [ 43.356349509026245, 22.121350006908948 ], [ 43.354799915161145, 22.128660596223412 ], [ 43.353019005110383, 22.135979127273306 ], [ 43.351480640186324, 22.141959736558221 ], [ 43.349931046321217, 22.145290045744321 ], [ 43.348150136270455, 22.150829292457733 ], [ 43.346380455160734, 22.159249029115593 ], [ 43.344830861295627, 22.16501026804071 ], [ 43.33951058902543, 22.168999319755418 ], [ 43.337729678974668, 22.171659317942758 ], [ 43.337729678974668, 22.174550111136131 ], [ 43.33796099516033, 22.179420651252283 ], [ 43.338398923861334, 22.184299340752311 ], [ 43.337729678974668, 22.188289924587433 ], [ 43.335519823375726, 22.194049973361974 ], [ 43.332209531553744, 22.202689603570793 ], [ 43.329759376616316, 22.207569564044523 ], [ 43.326648959945054, 22.210230911123936 ], [ 43.324879278835333, 22.21333921744441 ], [ 43.323329684970226, 22.21776973437693 ], [ 43.321560003860512, 22.221089931501464 ], [ 43.319121077864125, 22.225750964781597 ], [ 43.316230748437469, 22.231950190016047 ], [ 43.313580718349321, 22.23749017777148 ], [ 43.309589952699625, 22.239489924436249 ], [ 43.304709854918634, 22.241930325047488 ], [ 43.299829757137658, 22.243919615052306 ], [ 43.294069310378248, 22.245919269952775 ], [ 43.29119020989264, 22.248579889178686 ], [ 43.288091022162433, 22.252119681559307 ], [ 43.286530199356271, 22.255229137625332 ], [ 43.286090024867057, 22.259440095714357 ], [ 43.284980605491164, 22.263869155319501 ], [ 43.28321092438145, 22.266309131095461 ], [ 43.277899635264092, 22.268300153059798 ], [ 43.274119973706163, 22.273179907536381 ], [ 43.271460960465163, 22.276949754624958 ], [ 43.269909120811853, 22.28138033807048 ], [ 43.269909120811853, 22.285590509140846 ], [ 43.270800698731342, 22.289139755257747 ], [ 43.273679799216943, 22.29247072803436 ], [ 43.278550913845081, 22.29600941001765 ], [ 43.286310112111664, 22.300449778475944 ], [ 43.294069310378248, 22.304659375099803 ], [ 43.302050841677648, 22.308870922544358 ], [ 43.303820522787362, 22.312191036666007 ], [ 43.307809042648849, 22.317069258865239 ], [ 43.310030127188838, 22.321060215906517 ], [ 43.312469053185225, 22.325489400562994 ], [ 43.318220516791797, 22.329700319569973 ], [ 43.325550769510215, 22.331480625488265 ], [ 43.332209531553744, 22.334139616517305 ], [ 43.339070414536216, 22.334800201739597 ], [ 43.346600542405341, 22.335250976651778 ], [ 43.354359740671924, 22.33634986422614 ], [ 43.361229606807235, 22.338130085264694 ], [ 43.368099472942532, 22.340340269723971 ], [ 43.373199657968122, 22.343670020944263 ], [ 43.376750249128605, 22.346989307003241 ], [ 43.378519930238326, 22.3511995767788 ], [ 43.378079755749098, 22.356300749489634 ], [ 43.374749251833229, 22.361179505802006 ], [ 43.370540644727129, 22.364280303811945 ], [ 43.365669530098991, 22.367609482951821 ], [ 43.360340274675949, 22.370039338871621 ], [ 43.355028985558597, 22.37181912950421 ], [ 43.348590310759668, 22.374919690570778 ], [ 43.345050948540241, 22.37668903538993 ], [ 43.335959997864954, 22.381349033111896 ], [ 43.33352107186856, 22.384899996118893 ], [ 43.332209531553744, 22.389989551696821 ], [ 43.331091129025019, 22.394210979744923 ], [ 43.33019955110553, 22.400849139338224 ], [ 43.328209782751202, 22.408170057541248 ], [ 43.325550769510215, 22.414149420958207 ], [ 43.321330933463059, 22.422140189193993 ], [ 43.316459818834922, 22.430560204989977 ], [ 43.314910224969815, 22.43211087706047 ], [ 43.314750774006889, 22.43211087706047 ], [ 43.312469053185225, 22.43211087706047 ], [ 43.306930939458624, 22.431000290390493 ], [ 43.302491016166869, 22.429889694834046 ], [ 43.297848971936176, 22.4276705529842 ], [ 43.294491518561777, 22.426393855676164 ], [ 43.293188961399807, 22.425899781046589 ], [ 43.292088525176759, 22.425636135461755 ], [ 43.287639618732157, 22.424569092311909 ], [ 43.280989839841467, 22.423911009082431 ], [ 43.275009305837443, 22.423240466810725 ], [ 43.267910369304687, 22.422140189193993 ], [ 43.259710996548883, 22.420140983212374 ], [ 43.254390724278686, 22.41859017744213 ], [ 43.247758911693673, 22.418139672386062 ], [ 43.244199337380351, 22.419690483186919 ], [ 43.240650992008078, 22.421909752588945 ], [ 43.237989732978875, 22.426779980002955 ], [ 43.235779877379933, 22.432330917476737 ], [ 43.233329722442505, 22.439639797560236 ], [ 43.231780128577391, 22.446510333444067 ], [ 43.230899779598957, 22.452280490353644 ], [ 43.231119866843571, 22.458710403896724 ], [ 43.231339954088178, 22.465579994851204 ], [ 43.232009198974843, 22.47465936968338 ], [ 43.232229286219457, 22.48464080689919 ], [ 43.23067969235435, 22.490179052786125 ], [ 43.230630285013724, 22.491430263111205 ], [ 43.227360417379529, 22.497549203382295 ], [ 43.212071091243814, 22.512829810071228 ], [ 43.196799731413783, 22.525760469094156 ], [ 43.181530617371962, 22.548090130334298 ], [ 43.166250274389085, 22.56690107706779 ], [ 43.15448908153175, 22.578650913162601 ], [ 43.147439552339627, 22.591579551996748 ], [ 43.146139240965866, 22.60524920457414 ], [ 43.15191989981917, 22.617300511224204 ], [ 43.161561068605984, 22.623310221223043 ], [ 43.165003861932369, 22.624172579582943 ], [ 43.175651143837399, 22.626840466504451 ], [ 43.19445063694581, 22.628030323229826 ], [ 43.210919001891931, 22.629180784659859 ], [ 43.225009077123346, 22.635069752621906 ], [ 43.236770269980681, 22.643290255191076 ], [ 43.241991727569626, 22.65125534093583 ], [ 43.24465074081062, 22.655309211833334 ], [ 43.244859599114172, 22.657309160278196 ], [ 43.245079686358785, 22.668390211777613 ], [ 43.244639511869572, 22.676370418418077 ], [ 43.241760411383964, 22.682580608471234 ], [ 43.236660226358381, 22.687889196558618 ], [ 43.231780128577391, 22.692109812488326 ], [ 43.227650124058655, 22.694960778450071 ], [ 43.220420931809706, 22.699299271242342 ], [ 43.209800599363206, 22.702199810599758 ], [ 43.194369788570242, 22.706540145824828 ], [ 43.175559066520776, 22.708949542224435 ], [ 43.159160321009175, 22.710399717381328 ], [ 43.141319779466563, 22.712320139983269 ], [ 43.129740495454264, 22.713770279434573 ], [ 43.115749234904094, 22.71473979266991 ], [ 43.089700337452847, 22.715701012687724 ], [ 43.078130036593386, 22.716179548584783 ], [ 43.064129792890377, 22.716179548584783 ], [ 43.053040090707924, 22.716179548584783 ], [ 43.04146978984847, 22.716179548584783 ], [ 43.027480775086509, 22.716179548584783 ], [ 43.018320204976703, 22.716179548584783 ], [ 43.005290141780549, 22.717629647146239 ], [ 42.994690021427942, 22.719079730342422 ], [ 42.983110737415643, 22.720519440599698 ], [ 42.973460585475991, 22.723419530378337 ], [ 42.966709746115825, 22.725830701077481 ], [ 42.954649863426525, 22.729689728623455 ], [ 42.94740944223652, 22.734029192069485 ], [ 42.930530098047917, 22.742709776997639 ], [ 42.924691048701135, 22.746299082304173 ], [ 42.921250501162959, 22.751070869058619 ], [ 42.915710141648148, 22.758159895564248 ], [ 42.913268969863559, 22.763919070403063 ], [ 42.911050131111786, 22.769690426954476 ], [ 42.909509520399524, 22.776109661407677 ], [ 42.908171030626178, 22.787860219505433 ], [ 42.906179016483648, 22.792291004139251 ], [ 42.904849509863148, 22.7958396689314 ], [ 42.903740090487261, 22.800499997955797 ], [ 42.903960177731868, 22.804489411140562 ], [ 42.904180264976482, 22.809580039159041 ], [ 42.902850758355981, 22.817560287060136 ], [ 42.899969412082172, 22.82598095986943 ], [ 42.897310398841178, 22.833740848327704 ], [ 42.894660368753023, 22.840599981171902 ], [ 42.890880707195087, 22.850370647067269 ], [ 42.888219448165891, 22.857460718238645 ], [ 42.884451015549004, 22.864109652088125 ], [ 42.881569669275187, 22.869649147148166 ], [ 42.879791005012635, 22.874079339047299 ], [ 42.875589135271163, 22.880059144694599 ], [ 42.872260877143503, 22.886500073242054 ], [ 42.870929124734801, 22.889380081177848 ], [ 42.868719269135866, 22.893371025623281 ], [ 42.866060255894865, 22.896919122862577 ], [ 42.863398996865662, 22.899569273727288 ], [ 42.860279597041561, 22.900680211498184 ], [ 42.855199624109865, 22.901350493573229 ], [ 42.850090455931429, 22.901789071409748 ], [ 42.845890831978174, 22.902459348004761 ], [ 42.840790646952584, 22.904010901487499 ], [ 42.835470374682387, 22.905341085873506 ], [ 42.829260770280911, 22.907109817840286 ], [ 42.824169568408166, 22.90888059538683 ], [ 42.819069383382576, 22.911540855564766 ], [ 42.816410370141575, 22.911319513979539 ], [ 42.8141892856016, 22.908439971826933 ], [ 42.811691969111742, 22.903597155627754 ], [ 42.810420852984713, 22.901129135353052 ], [ 42.807099332221682, 22.897140487953209 ], [ 42.802890725115581, 22.893149654382153 ], [ 42.795789542794623, 22.88826905087441 ], [ 42.790029096035198, 22.885391088372312 ], [ 42.783159229899894, 22.883839321946187 ], [ 42.774290612257424, 22.883839321946187 ], [ 42.764979574337531, 22.885610403263076 ], [ 42.757449446468399, 22.88826905087441 ], [ 42.75145992931153, 22.892040723850251 ], [ 42.746808901927999, 22.897800443416067 ], [ 42.744590063176226, 22.901789071409748 ], [ 42.743260556555732, 22.908439971826933 ], [ 42.742151137179846, 22.91442033185168 ], [ 42.742151137179846, 22.921300212115252 ], [ 42.743040469311119, 22.926169284886537 ], [ 42.744369975931619, 22.932599750432026 ], [ 42.746359744285947, 22.937700056948575 ], [ 42.748360741581322, 22.943019393357748 ], [ 42.745250324910053, 22.944129974932295 ], [ 42.739939035792695, 22.946570327012196 ], [ 42.736170603175815, 22.949889548826484 ], [ 42.731290505394831, 22.952989483705448 ], [ 42.725970233124642, 22.956320955611993 ], [ 42.723308974095431, 22.958980283980395 ], [ 42.722639729208765, 22.961639560061087 ], [ 42.724640726504141, 22.962749988795313 ], [ 42.726630494858469, 22.963630881081706 ], [ 42.728189071876407, 22.965190005004811 ], [ 42.726859565255921, 22.966960023105177 ], [ 42.726410407613855, 22.969610871357826 ], [ 42.726814649491715, 22.973204528027484 ], [ 42.726859565255921, 22.973609790563646 ], [ 42.727099864594422, 22.974691173934545 ], [ 42.728189071876407, 22.979589339382532 ], [ 42.729080649795904, 22.984249564967229 ], [ 42.730398927475349, 22.988680144997812 ], [ 42.731290505394831, 22.993110579684224 ], [ 42.732620012015332, 22.996660197777302 ], [ 42.733729431391218, 22.999959584366884 ], [ 42.734829867614266, 23.002099181059897 ], [ 42.734829867614266, 23.004770011653402 ], [ 42.734829867614266, 23.007759129338748 ], [ 42.734659187710285, 23.011269087565061 ], [ 42.734829867614266, 23.013429175473824 ], [ 42.734499736747352, 23.015930286681026 ], [ 42.734499736747352, 23.018590508610245 ], [ 42.734169605880439, 23.021089457167633 ], [ 42.733500360993766, 23.023759911798688 ], [ 42.733179213279698, 23.026250497124785 ], [ 42.7328311161071, 23.02874930371204 ], [ 42.732500985240186, 23.031250130756831 ], [ 42.73217085437328, 23.033750911398545 ], [ 42.731829494565304, 23.036910922382834 ], [ 42.731000798715705, 23.039750528941109 ], [ 42.731000798715705, 23.042410280797508 ], [ 42.730340536981878, 23.044910854303538 ], [ 42.729338915440088, 23.047409314853031 ], [ 42.728498990649435, 23.05007098196327 ], [ 42.727499614895848, 23.052410229804266 ], [ 42.726340788179336, 23.054900285542153 ], [ 42.725339166637539, 23.057239449474217 ], [ 42.72433979088396, 23.059570307375701 ], [ 42.723511095034361, 23.06207056220148 ], [ 42.722341039376794, 23.064399270163292 ], [ 42.720679156101177, 23.066399405964887 ], [ 42.719010535460924, 23.068399512033423 ], [ 42.717180218069529, 23.070389257470513 ], [ 42.715340917525296, 23.07238930422055 ], [ 42.715179220774154, 23.072730218313666 ], [ 42.713009789363007, 23.074389321231557 ], [ 42.71101103785584, 23.076050469775701 ], [ 42.708850589597532, 23.077560774835192 ], [ 42.706678912398175, 23.078889250762654 ], [ 42.704190579061162, 23.079889214653655 ], [ 42.701691016783094, 23.08070942741757 ], [ 42.699359888620812, 23.081719707798712 ], [ 42.696860326342744, 23.082550239358845 ], [ 42.694360764064683, 23.083389029707075 ], [ 42.691858955998406, 23.084380696273964 ], [ 42.689359393720352, 23.085050067071187 ], [ 42.686859831442284, 23.085219475201214 ], [ 42.684360269164223, 23.085370289576367 ], [ 42.681869690039001, 23.085550027035342 ], [ 42.679199447856959, 23.085550027035342 ], [ 42.676540434615958, 23.085550027035342 ], [ 42.673870192433917, 23.085550027035342 ], [ 42.671370630155849, 23.085719434535296 ], [ 42.668871067877788, 23.085880578056628 ], [ 42.666209808848585, 23.085880578056628 ], [ 42.662380739950031, 23.085880578056628 ], [ 42.657880180376594, 23.085880578056628 ], [ 42.654219545593804, 23.086549941385098 ], [ 42.6485489303628, 23.087380443103516 ], [ 42.644549181560258, 23.08821920331226 ], [ 42.637560288649802, 23.089219097805532 ], [ 42.631229411684977, 23.089219097805532 ], [ 42.621069465821584, 23.089049694716422 ], [ 42.614740834644962, 23.089219097805532 ], [ 42.610240275071519, 23.089219097805532 ], [ 42.602579891486194, 23.089719042262576 ], [ 42.595921129442651, 23.089880180988775 ], [ 42.589920383344733, 23.090720991464281 ], [ 42.584429431170555, 23.091879937821133 ], [ 42.576939727489204, 23.093390065046467 ], [ 42.568940229884127, 23.094540725151191 ], [ 42.559779659774314, 23.097040329844315 ], [ 42.554939986181125, 23.098381007745765 ], [ 42.549779164873861, 23.099709277895695 ], [ 42.544279229546831, 23.101211054298343 ], [ 42.539619219010461, 23.101710954135388 ], [ 42.534119283683445, 23.10203939970976 ], [ 42.526800259906082, 23.102869805692798 ], [ 42.519299327283676, 23.103859262834753 ], [ 42.512310434373234, 23.104369481101081 ], [ 42.505640443388643, 23.105540703554553 ], [ 42.501809128701879, 23.106040587276336 ], [ 42.496980684049731, 23.106540469137336 ], [ 42.492489107629133, 23.106870968519448 ], [ 42.488819489693505, 23.107699279021851 ], [ 42.485320551661864, 23.108539977972853 ], [ 42.482820989383796, 23.10987021322503 ], [ 42.479490485467927, 23.111369810454416 ], [ 42.474489115123589, 23.113199874737187 ], [ 42.472000781786583, 23.114699434773833 ], [ 42.469000408737621, 23.116201043533625 ], [ 42.466669280575331, 23.118859283597306 ], [ 42.464169718297264, 23.124359421996061 ], [ 42.461670156019203, 23.130020425490969 ], [ 42.460340649398702, 23.133520999459794 ], [ 42.458510332007315, 23.137690590453293 ], [ 42.457510956253735, 23.141019561598295 ], [ 42.456839465578852, 23.144179116559002 ], [ 42.45634090059616, 23.149180560451324 ], [ 42.45634090059616, 23.153510726714941 ], [ 42.455840089825273, 23.157341062339665 ], [ 42.454840714071686, 23.160500232484569 ], [ 42.453340527547205, 23.164671048869955 ], [ 42.452179455042483, 23.169820382569085 ], [ 42.451840341022731, 23.173660574681282 ], [ 42.451680890059791, 23.177989949470529 ], [ 42.452011020926705, 23.182319184202552 ], [ 42.452011020926705, 23.186489320777561 ], [ 42.451180079288896, 23.190490052392242 ], [ 42.449679892764415, 23.196649871614238 ], [ 42.448009026335953, 23.201810359602469 ], [ 42.447180330486354, 23.20647939746107 ], [ 42.445850823865854, 23.210299960933824 ], [ 42.444680768208293, 23.214141054815482 ], [ 42.442850450816898, 23.217639429498128 ], [ 42.440020757671924, 23.22079923961379 ], [ 42.43784908047256, 23.223129319494284 ], [ 42.436021008869382, 23.226299318598002 ], [ 42.433689880707092, 23.230459828201099 ], [ 42.431520449295945, 23.233130245700906 ], [ 42.429020887017877, 23.236960364851527 ], [ 42.427359003742254, 23.240790374072347 ], [ 42.426188948084693, 23.245119637889232 ], [ 42.425349023294039, 23.249450824621356 ], [ 42.423689385806625, 23.25328047522952 ], [ 42.421360503432552, 23.258110712806754 ], [ 42.419700865945138, 23.261770930061651 ], [ 42.417369737782849, 23.26759942254952 ], [ 42.414369364733886, 23.272779861510564 ], [ 42.412550276283547, 23.277099834580309 ], [ 42.410369615931344, 23.282760561391715 ], [ 42.409540920081746, 23.287909468317874 ], [ 42.409540920081746, 23.293250011116367 ], [ 42.409700371044678, 23.298080862130593 ], [ 42.410369615931344, 23.304749293559468 ], [ 42.411869802455833, 23.3105800296916 ], [ 42.413039858113393, 23.315909350500888 ], [ 42.414531061485029, 23.321900456452827 ], [ 42.415701117142596, 23.325899188933761 ], [ 42.416529812992195, 23.330559756719545 ], [ 42.417129438444348, 23.335263464879407 ], [ 42.417210286819916, 23.335900648833714 ], [ 42.416868927011947, 23.341560935188784 ], [ 42.414879158657627, 23.346719936817234 ], [ 42.412550276283547, 23.352379761907368 ], [ 42.409040109310851, 23.357709467583245 ], [ 42.406699997995716, 23.360550515273186 ], [ 42.405538925490994, 23.362379227135651 ], [ 42.404040984754722, 23.365040813441382 ], [ 42.402709232346012, 23.368209495264569 ], [ 42.401709856592433, 23.371540961968709 ], [ 42.400539800934872, 23.375540260687764 ], [ 42.399711105085274, 23.37986926248313 ], [ 42.39938097421836, 23.383029344508643 ], [ 42.399540425181286, 23.388359879605034 ], [ 42.400038990163971, 23.394860945701758 ], [ 42.401209045821538, 23.399850926118322 ], [ 42.402870929097162, 23.404519200974562 ], [ 42.403360510927008, 23.407680755875226 ], [ 42.403360510927008, 23.412680557511269 ], [ 42.403039363212933, 23.417500879889278 ], [ 42.401709856592433, 23.424670243552324 ], [ 42.401370742572681, 23.428669998445635 ], [ 42.401370742572681, 23.428841031119788 ], [ 42.401029382764712, 23.431350858651697 ], [ 42.40038034997194, 23.433829730207279 ], [ 42.399540425181286, 23.436329160445954 ], [ 42.398210918560792, 23.438500927074376 ], [ 42.396369372228342, 23.440330623061833 ], [ 42.394208923970034, 23.44165960933173 ], [ 42.391729573785867, 23.44250026351261 ], [ 42.389221028354967, 23.443159596382671 ], [ 42.386550786172918, 23.443489261583924 ], [ 42.38388054399087, 23.443489261583924 ], [ 42.381389964865647, 23.443000944711397 ], [ 42.378890402587587, 23.442829930358894 ], [ 42.376390840309526, 23.44250026351261 ], [ 42.373729581280323, 23.442160293715908 ], [ 42.371230019002255, 23.441999580416624 ], [ 42.368229645953299, 23.441820323044514 ], [ 42.367935447697754, 23.441793537439285 ], [ 42.364560028017671, 23.441500955859439 ], [ 42.360569262367974, 23.440670597565909 ], [ 42.356627904058897, 23.440083368327677 ], [ 42.35607094858274, 23.440000949980156 ], [ 42.352068953991989, 23.440159605253374 ], [ 42.345911002719347, 23.441329939565595 ], [ 42.33991025662143, 23.441820323044514 ], [ 42.335409697047993, 23.443000944711397 ], [ 42.330410572491871, 23.445489899631074 ], [ 42.325750561955495, 23.449159374295576 ], [ 42.324421055335002, 23.450990982971362 ], [ 42.323929227716945, 23.451320628629986 ], [ 42.322929851963366, 23.453650787915951 ], [ 42.322929851963366, 23.456320840316501 ], [ 42.324090924468088, 23.45865091137426 ], [ 42.325918996071273, 23.460480328268712 ], [ 42.327259731632815, 23.462639337215801 ], [ 42.327259731632815, 23.465309207843497 ], [ 42.325591110992569, 23.467299215173739 ], [ 42.323089302926299, 23.468310687729286 ], [ 42.320430289685298, 23.468310687729286 ], [ 42.317930727407244, 23.467810102484354 ], [ 42.315428919340967, 23.467299215173739 ], [ 42.312760922947128, 23.466810986339354 ], [ 42.310099663917924, 23.466810986339354 ], [ 42.307600101639864, 23.466979909600319 ], [ 42.304929859457822, 23.467649420398239 ], [ 42.302439280332599, 23.46962909245698 ], [ 42.298769662396971, 23.473139280821528 ], [ 42.295780518289064, 23.475810998929273 ], [ 42.29260946533612, 23.478140725915857 ], [ 42.289278961420251, 23.480470411756365 ], [ 42.285449892521683, 23.483459188060454 ], [ 42.281620823623129, 23.485630179513947 ], [ 42.278449770670186, 23.487799075511159 ], [ 42.276289322411877, 23.489630147965187 ], [ 42.274459005020482, 23.490800043709701 ], [ 42.273619080229828, 23.493300455087557 ], [ 42.272289573609335, 23.495629873093044 ], [ 42.27179100862665, 23.498290837802099 ], [ 42.271119517951774, 23.500789047562762 ], [ 42.270120142198188, 23.503120392677065 ], [ 42.26945988046436, 23.5056205703046 ], [ 42.269289200560372, 23.508120700482891 ], [ 42.269109537503553, 23.510620783208093 ], [ 42.268619955673707, 23.513779798452159 ], [ 42.26762057992012, 23.517780971690119 ], [ 42.266618958378331, 23.520939815157021 ], [ 42.266459507415398, 23.521110728254826 ], [ 42.265630811565799, 23.523610564349418 ], [ 42.26462919002401, 23.526270963791966 ], [ 42.263629814270423, 23.528599798726916 ], [ 42.26278988947977, 23.531109787755753 ], [ 42.261799496879028, 23.533599138933546 ], [ 42.260629441221468, 23.535940197931836 ], [ 42.259630065467881, 23.538270920648031 ], [ 42.258300558847381, 23.541270738833127 ], [ 42.25631079049306, 23.547091055662285 ], [ 42.254970054931512, 23.550930635477162 ], [ 42.253139737540117, 23.555420639905876 ], [ 42.251639551015636, 23.560421019080504 ], [ 42.250301061242297, 23.565419149464571 ], [ 42.249800250471402, 23.569410518170535 ], [ 42.249139988737575, 23.574579150103148 ], [ 42.248470743850909, 23.579739345488466 ], [ 42.247969933080007, 23.58490962900483 ], [ 42.246640426459514, 23.59006941827948 ], [ 42.245140239935033, 23.595899921195258 ], [ 42.243970184277465, 23.599561089364897 ], [ 42.242970808523886, 23.602559507908865 ], [ 42.242809111772743, 23.6027303148628 ], [ 42.241809736019157, 23.605059852553932 ], [ 42.240810360265577, 23.607560149518068 ], [ 42.239139493837115, 23.609720861570114 ], [ 42.23730917644572, 23.611560525474729 ], [ 42.234809614167659, 23.611889769087128 ], [ 42.232150600926666, 23.612221069637293 ], [ 42.231730638531339, 23.612136701253679 ], [ 42.229651038648598, 23.611721031839092 ], [ 42.227573684554073, 23.611305361106279 ], [ 42.227149230582334, 23.611220992133241 ], [ 42.226374433649781, 23.610834128829762 ], [ 42.224820348208247, 23.610060398797419 ], [ 42.223820972454668, 23.609389554700567 ], [ 42.221660524196359, 23.60822071383927 ], [ 42.21782022635675, 23.606730838196828 ], [ 42.212160840066794, 23.605559915761358 ], [ 42.21165553771948, 23.605510526887485 ], [ 42.20700001875953, 23.605059852553932 ], [ 42.200330027774939, 23.604391040756205 ], [ 42.197671014533952, 23.603559651488357 ], [ 42.194340510618076, 23.602059433258479 ], [ 42.189839951044632, 23.600229925797482 ], [ 42.186509447128763, 23.597900302303547 ], [ 42.183178943212894, 23.595570637430178 ], [ 42.179179194410352, 23.59473096008783 ], [ 42.175341142358945, 23.59473096008783 ], [ 42.170519435071434, 23.594560142715647 ], [ 42.167350627906707, 23.595570637430178 ], [ 42.16269061737033, 23.596889825536195 ], [ 42.157529796063066, 23.598400392813708 ], [ 42.153350384203705, 23.599729842263475 ], [ 42.149860429324896, 23.600730007424549 ], [ 42.146199794542106, 23.60105927823658 ], [ 42.140039597481262, 23.600229925797482 ], [ 42.135727684117484, 23.59931207554477 ], [ 42.134539662154239, 23.599061003280504 ], [ 42.129708971713882, 23.597729489058676 ], [ 42.124049585423933, 23.595899921195258 ], [ 42.117399806533236, 23.594070327812638 ], [ 42.110729815548652, 23.59473096008783 ], [ 42.105389331184554, 23.595399821151425 ], [ 42.099060700007939, 23.595739395463045 ], [ 42.09306893706286, 23.596070736822764 ], [ 42.086569625982257, 23.596070736822764 ], [ 42.081240370559215, 23.595899921195258 ], [ 42.076079549251951, 23.596400019332417 ], [ 42.070579613924927, 23.595899921195258 ], [ 42.065919603388558, 23.595070536130947 ], [ 42.0610889129482, 23.594399615343868 ], [ 42.056590599162973, 23.593570220793627 ], [ 42.053089415343123, 23.592899292333257 ], [ 42.047930839824062, 23.592069888297551 ], [ 42.0432708292877, 23.591401010255801 ], [ 42.038440138847342, 23.591079947584493 ], [ 42.031269337091857, 23.591230188547719 ], [ 42.025279819934987, 23.591401010255801 ], [ 42.01845037798747, 23.590900893061153 ], [ 42.01229018092662, 23.590229950949766 ], [ 42.007120376466517, 23.589400530039129 ], [ 42.001959555159246, 23.58856904574953 ], [ 41.999790123748099, 23.588400278493033 ], [ 41.999280329824366, 23.588970381646156 ], [ 41.998359556658137, 23.588579336428879 ], [ 41.992109528068873, 23.589209124469022 ], [ 41.980840162829601, 23.591709723621896 ], [ 41.968331122498235, 23.594840036124786 ], [ 41.947059016570279, 23.599840972102491 ], [ 41.92328061099964, 23.606099076424339 ], [ 41.900759846826759, 23.612980382645926 ], [ 41.88386029054427, 23.617359207600138 ], [ 41.870100346179761, 23.621739943848244 ], [ 41.856960239361307, 23.625490922871119 ], [ 41.849450323586062, 23.627369458394313 ], [ 41.840069666231649, 23.629250024471837 ], [ 41.828180463446323, 23.632379440546281 ], [ 41.811289890316672, 23.637370714693454 ], [ 41.80503087857457, 23.63862981892316 ], [ 41.798769621044258, 23.63989096837242 ], [ 41.791259705269013, 23.641761068107574 ], [ 41.785009676679749, 23.643009843701197 ], [ 41.775000198626451, 23.644890185131121 ], [ 41.764990720573152, 23.648019227336217 ], [ 41.757480804797908, 23.650520761495514 ], [ 41.749339822535582, 23.653020190701547 ], [ 41.741210069214297, 23.654900388276292 ], [ 41.73619971571712, 23.6592798684207 ], [ 41.732449249405917, 23.664290685994477 ], [ 41.732449249405917, 23.670539539975319 ], [ 41.733080315893012, 23.676800435720423 ], [ 41.73619971571712, 23.681179182235056 ], [ 41.739029408862095, 23.684369055001717 ], [ 41.738869957899169, 23.684510962425286 ], [ 41.736810570110315, 23.68486058875305 ], [ 41.733471083041607, 23.685409705861005 ], [ 41.731249998501625, 23.685409705861005 ], [ 41.729570148920317, 23.685409705861005 ], [ 41.727760043622816, 23.685409705861005 ], [ 41.726219432910547, 23.685409705861005 ], [ 41.724990986759522, 23.685779895866975 ], [ 41.722379135070945, 23.686559348060261 ], [ 41.719540458773125, 23.687089948739182 ], [ 41.717649505100049, 23.687400493097755 ], [ 41.716189742763355, 23.687639056474346 ], [ 41.71285025569464, 23.687639056474346 ], [ 41.709499539684877, 23.687639056474346 ], [ 41.707990370007558, 23.68707966580077 ], [ 41.705039404299221, 23.685969103687071 ], [ 41.7028093366064, 23.684299129547895 ], [ 41.699759556216812, 23.683379812012113 ], [ 41.698290810727279, 23.682680550493817 ], [ 41.69712973822255, 23.682119081918255 ], [ 41.695759807414269, 23.681450663800881 ], [ 41.701109274931206, 23.685269856030139 ], [ 41.704150072167941, 23.688040088754725 ], [ 41.704610458751056, 23.691120798230227 ], [ 41.704280327884142, 23.6956306777451 ], [ 41.705780514408623, 23.705279199031636 ], [ 41.70562106344569, 23.707940025492658 ], [ 41.704439778847068, 23.708781032771483 ], [ 41.701780765606081, 23.709940750298081 ], [ 41.699119506576878, 23.711939388225364 ], [ 41.696289813431903, 23.714610359624285 ], [ 41.693949702116768, 23.717110618929699 ], [ 41.69178925385846, 23.719440175952371 ], [ 41.689958936467065, 23.720770451542549 ], [ 41.687459374189004, 23.720270828762292 ], [ 41.684629681044029, 23.719769147995056 ], [ 41.682130118765969, 23.720770451542549 ], [ 41.681130743012382, 23.722939573513948 ], [ 41.681460873879296, 23.727429849721709 ], [ 41.682300798669942, 23.732100888665098 ], [ 41.683129494519548, 23.73659907250536 ], [ 41.685130491814924, 23.740749681173515 ], [ 41.686289318531436, 23.743420062309088 ], [ 41.687097802287141, 23.74692909423554 ], [ 41.687290940073233, 23.747759571845851 ], [ 41.687461619977221, 23.748439983960733 ], [ 41.688130864863886, 23.751089651640083 ], [ 41.689958936467065, 23.75392015250458 ], [ 41.694291061924737, 23.758080486517038 ], [ 41.697450885936625, 23.760579911786643 ], [ 41.704109647980161, 23.764740032935727 ], [ 41.707449135048876, 23.766411032301761 ], [ 41.710608959060764, 23.76739964543901 ], [ 41.712940087223053, 23.76790936403841 ], [ 41.732269586349091, 23.768069678346382 ], [ 41.735260976245215, 23.769570046268257 ], [ 41.739260725047757, 23.770739499128009 ], [ 41.742090418192731, 23.769239144693294 ], [ 41.746420297862187, 23.768069678346382 ], [ 41.749580121874075, 23.768240268995626 ], [ 41.753195840892658, 23.769487834775415 ], [ 41.754419795467278, 23.769909168127061 ], [ 41.756919357745332, 23.772069250854017 ], [ 41.759079806003641, 23.774741044755412 ], [ 41.759749050890314, 23.776740743817395 ], [ 41.76075067243211, 23.778900713090742 ], [ 41.762250858956584, 23.780569475440842 ], [ 41.764739192293597, 23.782729381116102 ], [ 41.770239127620613, 23.786559991415061 ], [ 41.776570004585452, 23.79106040328713 ], [ 41.783069315666054, 23.795889439040842 ], [ 41.785559894791277, 23.797389485955144 ], [ 41.78739919533551, 23.797560038137945 ], [ 41.790060454364713, 23.796890157192923 ], [ 41.791560640889195, 23.794389374808524 ], [ 41.792890147509688, 23.790729556397043 ], [ 41.794219654130188, 23.786730557810934 ], [ 41.795059578920842, 23.782569084877125 ], [ 41.795899503711496, 23.77789985643216 ], [ 41.796220651425564, 23.774741044755412 ], [ 41.796058954674422, 23.771740410888597 ], [ 41.79602751363948, 23.771397183288048 ], [ 41.795719840654669, 23.768240268995626 ], [ 41.794390334034169, 23.765239485179183 ], [ 41.794190458883456, 23.764869520738483 ], [ 41.796901125253285, 23.761270533989638 ], [ 41.807530440852631, 23.755630345425949 ], [ 41.815040356627868, 23.755009580881204 ], [ 41.823798930648032, 23.755009580881204 ], [ 41.838821007986724, 23.755009580881204 ], [ 41.847570598854048, 23.755630345425949 ], [ 41.856329172874212, 23.755630345425949 ], [ 41.861970592858484, 23.756259328998468 ], [ 41.868220621447747, 23.754380591270383 ], [ 41.876359357921864, 23.750000190463208 ], [ 41.882609386511128, 23.747500562070325 ], [ 41.88887064404144, 23.746250729881631 ], [ 41.893869768597568, 23.746250729881631 ], [ 41.898880122094745, 23.748129584917269 ], [ 41.906390037869983, 23.751881046967807 ], [ 41.915770695224403, 23.75689036501884 ], [ 41.922588908230864, 23.761319864006762 ], [ 41.924949231639893, 23.767379092227792 ], [ 41.929490215401117, 23.774270401965904 ], [ 41.930157214499573, 23.776420136376576 ], [ 41.931679858906158, 23.781329864975476 ], [ 41.932378299039563, 23.786765493069225 ], [ 41.932479359509024, 23.787560781409312 ], [ 41.932641056260167, 23.78821632550402 ], [ 41.933139621242852, 23.790230202042558 ], [ 41.934069377561919, 23.79489898761328 ], [ 41.934300693747574, 23.796059993192731 ], [ 41.933469752109765, 23.8003895278264 ], [ 41.929970814078118, 23.806220917833333 ], [ 41.92447986190394, 23.812210251265078 ], [ 41.922979675379466, 23.815879737245563 ], [ 41.921311054739213, 23.82053938293619 ], [ 41.920480113101398, 23.823540944411324 ], [ 41.919810868214725, 23.826700624051504 ], [ 41.920650793005379, 23.829369240218803 ], [ 41.922310430492793, 23.831029136978685 ], [ 41.924309181999952, 23.832210362454845 ], [ 41.926640310162242, 23.833360763013658 ], [ 41.933299072205784, 23.834700145094413 ], [ 41.954449905570378, 23.836700975381891 ], [ 41.960450651668296, 23.837360379832482 ], [ 41.96977965589388, 23.838200550738801 ], [ 41.974450895371298, 23.840199272849343 ], [ 41.976609097841397, 23.843529038488448 ], [ 41.978439415232792, 23.848019259434071 ], [ 41.980938977510853, 23.85119066667998 ], [ 41.984440161330703, 23.85351987619693 ], [ 41.988940720904147, 23.85369035461429 ], [ 41.99259910989872, 23.85303103322639 ], [ 41.995929613814596, 23.850190367203165 ], [ 41.998099045225743, 23.847520125448657 ], [ 41.998860367429039, 23.846199362462098 ], [ 42.002330110213947, 23.846480770323073 ], [ 42.00902929644527, 23.847119584440637 ], [ 42.013779138510053, 23.847980232566211 ], [ 42.020040396040365, 23.848200015300392 ], [ 42.0239301012206, 23.848409527466373 ], [ 42.029328976078155, 23.848629309472596 ], [ 42.032724607852131, 23.849340003876183 ], [ 42.03344101429122, 23.849489947573314 ], [ 42.036890544982235, 23.850790137015469 ], [ 42.03992011327793, 23.853160433015706 ], [ 42.042509507084404, 23.857699613690478 ], [ 42.048770764614716, 23.865050284340494 ], [ 42.049909379237342, 23.866676864223773 ], [ 42.092083036038545, 23.9056757997433 ], [ 42.103832999954825, 23.908330470362838 ], [ 42.106107983411853, 23.915912303568664 ], [ 42.110278412118383, 23.925388456213518 ], [ 42.114448840824899, 23.935245709011145 ], [ 42.114069302617366, 23.947185483746825 ], [ 42.10193755470533, 23.960642832374845 ], [ 42.101369370288126, 23.973343622678787 ], [ 42.107244352246269, 23.988316593202008 ], [ 42.116532932284066, 24.002153295577685 ], [ 42.121323198536629, 24.014271498191114 ], [ 42.123299492161692, 24.015619262262135 ], [ 42.126329060457387, 24.019289129661257 ], [ 42.127101611601731, 24.021026587640893 ], [ 42.128060563167523, 24.023180428572665 ], [ 42.128763494877347, 24.027069558496034 ], [ 42.12892070005207, 24.027931058697252 ], [ 42.129062184709319, 24.028648971120287 ], [ 42.129780836936611, 24.032250779769406 ], [ 42.130649956974004, 24.035920172343136 ], [ 42.132159126651324, 24.038730089091235 ], [ 42.13389062936146, 24.041539944374392 ], [ 42.135714209388219, 24.044292312359662 ], [ 42.136899985563268, 24.046080704649551 ], [ 42.137396304757736, 24.047563492673017 ], [ 42.138420384181636, 24.050619253541328 ], [ 42.140149641103562, 24.05364007853272 ], [ 42.142739034910036, 24.05688025985522 ], [ 42.145339657657566, 24.059679464568514 ], [ 42.147500105915874, 24.06271032946831 ], [ 42.149860429324896, 24.066600312996137 ], [ 42.150329799060849, 24.067916769902009 ], [ 42.151169723851503, 24.070281026967493 ], [ 42.153110084865204, 24.073510535797038 ], [ 42.154203783723617, 24.073934979482548 ], [ 42.156990806892594, 24.075019662518869 ], [ 42.158300101419201, 24.076750215323575 ], [ 42.158729046967366, 24.078259303918959 ], [ 42.158508959722759, 24.07998981300036 ], [ 42.156750507554094, 24.08175925488727 ], [ 42.156570844497267, 24.081939683278804 ], [ 42.153979204902583, 24.083219077315874 ], [ 42.15052069105873, 24.08387927244932 ], [ 42.144690624864786, 24.085390327394794 ], [ 42.139069416974408, 24.086690189444624 ], [ 42.133670542116853, 24.087549239305485 ], [ 42.128060563167523, 24.089501044792776 ], [ 42.123519579406299, 24.090370326744228 ], [ 42.119849961470671, 24.091659887455698 ], [ 42.11552906495406, 24.093170850664642 ], [ 42.11357972078752, 24.094249220565938 ], [ 42.109261070059112, 24.095551042859942 ], [ 42.106240484916263, 24.095979513760913 ], [ 42.1029998125288, 24.096619142295953 ], [ 42.099318965652124, 24.096840551429398 ], [ 42.098020900066572, 24.096619142295953 ], [ 42.095440489412937, 24.095979513760913 ], [ 42.093488899458187, 24.095760153239443 ], [ 42.091759642536253, 24.096840551429398 ], [ 42.090250472858934, 24.098790165333682 ], [ 42.089390335974393, 24.101590505202516 ], [ 42.089769874181926, 24.102970152331931 ], [ 42.090470560103547, 24.105479309014836 ], [ 42.091550784232702, 24.111309218525996 ], [ 42.092410921117242, 24.116929787087926 ], [ 42.093708986702794, 24.121678995620954 ], [ 42.09522040216833, 24.125360177127121 ], [ 42.098890020103958, 24.135929662443633 ], [ 42.099759140141344, 24.139180059571565 ], [ 42.100190331477719, 24.142420127302891 ], [ 42.100839364270492, 24.145660112912793 ], [ 42.102559638039587, 24.148688943588379 ], [ 42.103859949413348, 24.150850886395272 ], [ 42.106669430464429, 24.153439021953304 ], [ 42.109261070059112, 24.155590638683652 ], [ 42.112290638354807, 24.157330348001594 ], [ 42.115091136253049, 24.159490095509621 ], [ 42.117469425967755, 24.162299351902732 ], [ 42.118549650096909, 24.165540882417098 ], [ 42.119200928677898, 24.168999517030528 ], [ 42.119629874226064, 24.171150871628271 ], [ 42.120710098355218, 24.173750888942354 ], [ 42.122439355277152, 24.176990079921175 ], [ 42.124810907627221, 24.180229188690287 ], [ 42.127620388678309, 24.181739105668711 ], [ 42.132159126651324, 24.184330712560133 ], [ 42.136051077619776, 24.18736067473214 ], [ 42.137769105600647, 24.189530157185619 ], [ 42.140149641103562, 24.192539510372821 ], [ 42.142739034910036, 24.196859825886225 ], [ 42.143650824923419, 24.199080357845855 ], [ 42.144140406753266, 24.199549450516756 ], [ 42.146130175107587, 24.202929324852793 ], [ 42.147740405254375, 24.206470927322268 ], [ 42.149590934739656, 24.213709500938961 ], [ 42.151910833960898, 24.2248307863474 ], [ 42.153810770786812, 24.238639899945188 ], [ 42.154581076142946, 24.250150104086178 ], [ 42.15573091970662, 24.261280490345733 ], [ 42.15611045791416, 24.272020921509537 ], [ 42.156600039744006, 24.284909878226085 ], [ 42.154989809597218, 24.295169338771618 ], [ 42.153750134505131, 24.300429754127368 ], [ 42.153379579450437, 24.3023598829765 ], [ 42.152970845996158, 24.30432068370424 ], [ 42.152970845996158, 24.313839756299974 ], [ 42.14867914472628, 24.355720504313261 ], [ 42.143450949772706, 24.363329048353581 ], [ 42.131550518046332, 24.364290568816852 ], [ 42.116800181081089, 24.362860560203739 ], [ 42.112510725599421, 24.367619009817187 ], [ 42.112510725599421, 24.373798998964471 ], [ 42.125361125738749, 24.38285057297594 ], [ 42.127270045717502, 24.394269973161716 ], [ 42.125170233740867, 24.395491008615171 ], [ 42.12155900629871, 24.397589443986202 ], [ 42.112510725599421, 24.395218986663131 ], [ 42.09491048339531, 24.397119037528736 ], [ 42.098710357047132, 24.405690386406057 ], [ 42.108710851947592, 24.413300013178077 ], [ 42.126320077304541, 24.42329960452787 ], [ 42.137259311676914, 24.42853015892889 ], [ 42.137739910353908, 24.433290224780126 ], [ 42.136309343263953, 24.439949517116972 ], [ 42.131550518046332, 24.447090946354955 ], [ 42.123939541801626, 24.457079681516962 ], [ 42.117738920552995, 24.465097082190749 ], [ 42.11583898372708, 24.467550034991326 ], [ 42.10728028485763, 24.479930584853321 ], [ 42.102519213851792, 24.490399037857895 ], [ 42.097140551088131, 24.503228960003131 ], [ 42.096329821544217, 24.505149861463298 ], [ 42.094429884718302, 24.516570444889609 ], [ 42.094429884718302, 24.52608986947903 ], [ 42.095860451808264, 24.552259969605785 ], [ 42.09204934921538, 24.56986910825071 ], [ 42.088249475563558, 24.577489231708579 ], [ 42.079690776694115, 24.582239575346289 ], [ 42.0701596515296, 24.58510072290473 ], [ 42.064450857899018, 24.589858946320351 ], [ 42.063970259222025, 24.594139150742929 ], [ 42.073490155445477, 24.603660855354679 ], [ 42.079419036320665, 24.607470967806311 ], [ 42.080860832351675, 24.610570427068172 ], [ 42.080860832351675, 24.615591061413252 ], [ 42.080860832351675, 24.62396990624417 ], [ 42.079749167187579, 24.635140825769831 ], [ 42.078630764658847, 24.643510195079447 ], [ 42.080299385299099, 24.646859826971426 ], [ 42.083099883197342, 24.652450511505688 ], [ 42.087009800471478, 24.656348942196345 ], [ 42.093149785438428, 24.661379982993562 ], [ 42.098730569141026, 24.666410820969599 ], [ 42.107109604953649, 24.671429211386496 ], [ 42.11269038865624, 24.674780134781606 ], [ 42.116600305930369, 24.679249253027123 ], [ 42.119389574887563, 24.684269167436344 ], [ 42.119948776151929, 24.689299082169065 ], [ 42.120510223204505, 24.698789049967917 ], [ 42.122181089632967, 24.706609415376938 ], [ 42.133933299337457, 24.717334330524249 ], [ 42.364618418511142, 24.729684077170177 ], [ 42.433999799480112, 24.733400592799562 ], [ 42.46284245746498, 24.679359448439925 ], [ 42.469498973720306, 24.666886342017694 ], [ 42.472252310066125, 24.661728984791939 ], [ 42.491424604017453, 24.625803214080371 ], [ 42.502181929544783, 24.605647600493985 ], [ 42.506289476181415, 24.597953637076476 ], [ 42.523067759900563, 24.566515371826153 ], [ 42.567132370374836, 24.483950884491737 ], [ 42.817416483259798, 24.483599343334205 ], [ 42.817349109613488, 24.534117172809552 ], [ 42.915914508375288, 24.571119077187046 ], [ 42.933445131144886, 24.577699590376408 ], [ 42.950050489171829, 24.583932582047005 ], [ 42.953906507528913, 24.582952315576527 ], [ 42.95740993713698, 24.582059857971721 ], [ 43.083416622040424, 24.550000689894006 ], [ 43.09506327969904, 24.558698489238466 ], [ 43.106487604324826, 24.567230243997958 ], [ 43.150783530984761, 24.600316191563756 ], [ 43.182752326158365, 24.681306218007716 ], [ 43.186572411904081, 24.690984517319261 ], [ 43.193776900482717, 24.70923513627277 ], [ 43.193851011493663, 24.709420791209997 ], [ 43.200911769626842, 24.72731173169274 ], [ 43.203505655009735, 24.733879937718473 ], [ 43.216749068085868, 24.76743356820305 ], [ 43.197401602654139, 24.76734384288423 ], [ 43.188696927551028, 24.767303058626975 ], [ 43.163952833049947, 24.767186823420314 ], [ 43.163404860726637, 24.767184784205192 ], [ 43.153527884177748, 24.767137882248118 ], [ 43.152339862214497, 24.767131764600236 ], [ 43.148674735855288, 24.767115450871085 ], [ 43.116899078467767, 24.766966587993547 ], [ 43.117399889238669, 24.784266114334812 ], [ 43.150448908541428, 24.800633601242534 ], [ 43.167582026797795, 24.800933284715011 ], [ 43.144834438015678, 24.834167150913583 ], [ 43.136980916644262, 24.84339946238288 ], [ 43.132130014110018, 24.849869822065472 ], [ 43.131696576985433, 24.854422306985676 ], [ 43.133515665435773, 24.861012312844121 ], [ 43.139815101365656, 24.867905564040903 ], [ 43.151086712393152, 24.875597106510444 ], [ 43.172473353519827, 24.887370860929995 ], [ 43.188148955227717, 24.892810164261775 ], [ 43.207471716989126, 24.904262475683794 ], [ 43.217276828315285, 24.914770696620451 ], [ 43.214269717901701, 24.92302754631006 ], [ 43.205605466986363, 24.930438687679629 ], [ 43.19859636198202, 24.934527964319198 ], [ 43.188750826468073, 24.93556248092839 ], [ 43.171727751834005, 24.933242952265001 ], [ 43.133515665435773, 24.914444810602166 ], [ 43.100799022788138, 24.93431617244638 ], [ 43.166899307181865, 25.017249617801586 ], [ 43.283332196944805, 25.033500766760007 ], [ 43.400816115590167, 25.117316852947265 ], [ 43.451674235400588, 25.181168085638785 ], [ 43.451728134317641, 25.1812371859987 ], [ 43.467217335604069, 25.200683314994006 ], [ 43.484116891886572, 25.20899000507497 ], [ 43.484119137674782, 25.209048930156865 ], [ 43.484119137674782, 25.20899000507497 ], [ 43.533649996652919, 25.233333793674813 ], [ 43.55559808483217, 25.200910903095853 ], [ 43.562286042122437, 25.191030749458726 ], [ 43.565713114931356, 25.18596843509663 ], [ 43.566328460900976, 25.18506000074462 ], [ 43.567316607713508, 25.183600801187502 ], [ 43.616717210975452, 25.167034206241201 ], [ 43.700949989379133, 25.183899552380179 ], [ 43.701846058875041, 25.185710334750318 ], [ 43.717382421713886, 25.217082793154134 ], [ 43.717416108537044, 25.243702093150684 ], [ 43.71746776166588, 25.284000857567808 ], [ 43.767250148923573, 25.333983020758879 ], [ 43.786909778916531, 25.334025646726264 ], [ 43.788189878196398, 25.339000602924347 ], [ 43.788180895043553, 25.338789511426938 ], [ 43.78695469468073, 25.334025646726264 ], [ 43.786950203104311, 25.334005348648429 ], [ 43.969892110715257, 25.333658250990599 ], [ 44.000666146560974, 25.333599386376804 ], [ 44.009269761194638, 25.346630095492095 ], [ 44.009314676958837, 25.346699101741962 ], [ 44.067132494432983, 25.43428292920936 ], [ 44.112876954488556, 25.453558695784491 ], [ 44.113038651239698, 25.453538417798807 ], [ 44.113045388604327, 25.453631696504662 ], [ 44.124557298970323, 25.458482089599492 ], [ 44.126688551981893, 25.459380364192079 ], [ 44.127180379599949, 25.459587189446619 ], [ 44.136327474980497, 25.463441779386883 ], [ 44.139599588402902, 25.464820561164419 ], [ 44.147019672649726, 25.467947093065913 ], [ 44.15939621147669, 25.473163881397284 ], [ 44.168480424787347, 25.476991680088872 ], [ 44.168487162151976, 25.47699370749234 ], [ 44.173396455179692, 25.479063668593987 ], [ 44.183767505134853, 25.483432568427823 ], [ 44.187194577943764, 25.482337824211992 ], [ 44.191690645940788, 25.480898423127819 ], [ 44.195434374887355, 25.479702287989621 ], [ 44.201248720563811, 25.477841159146603 ], [ 44.201259949504866, 25.477839131757431 ], [ 44.206108606250901, 25.476288169023217 ], [ 44.217319580996715, 25.472701617801786 ], [ 44.226852951949432, 25.469652255533955 ], [ 44.233632986556323, 25.467482781857441 ], [ 44.336112794168685, 25.501620081743031 ], [ 44.336481103435169, 25.50209844997061 ], [ 44.337053779428793, 25.501926156548841 ], [ 44.337053779428793, 25.501934264480113 ], [ 44.365622451252008, 25.511450571445589 ], [ 44.365786393791353, 25.511304640163726 ], [ 44.365977285789235, 25.511568127071428 ], [ 44.383683080039226, 25.51746602880684 ], [ 44.408878577970569, 25.548821378340776 ], [ 44.428841389371911, 25.573663954555634 ], [ 44.450432397225725, 25.600532786187276 ], [ 44.622293585807057, 25.52562330185696 ], [ 44.717099535104815, 25.484300247501807 ], [ 44.787913728951963, 25.683369849950171 ], [ 44.80008365526357, 25.717583193410846 ], [ 44.610597520807822, 25.970227831894398 ], [ 44.500367498081722, 26.117200635907668 ], [ 44.416666971483885, 26.384000021119075 ], [ 44.393003101111965, 26.564917026366494 ], [ 44.383941345683411, 26.634212144366757 ], [ 44.383932362530572, 26.634266346320469 ], [ 44.417250876418564, 26.983632539612248 ], [ 44.700415574490506, 27.016949301626681 ], [ 44.757671944912076, 26.979063471833616 ], [ 44.769013175374084, 26.971560031728579 ], [ 44.769945177481361, 26.970941561034596 ], [ 44.77851285950365, 26.965271087225069 ], [ 44.779247232248416, 26.964786691826546 ], [ 44.82173080782264, 26.936674179785708 ], [ 44.850833977239908, 26.917415976360875 ], [ 44.900849926471466, 27.333900505679903 ], [ 44.989466483461648, 27.569249467377244 ], [ 44.972703920259974, 27.580313685200117 ], [ 44.938882349812879, 27.602633810349133 ], [ 44.895859785068183, 27.616279609161907 ], [ 44.883449559418075, 27.620215619652967 ], [ 44.883449559418075, 27.620217609511268 ], [ 44.880974700810327, 27.621550806445413 ], [ 44.872725920713897, 27.625999984997385 ], [ 44.87425979406153, 27.627150056304572 ], [ 44.881899965552968, 27.6315194212176 ], [ 44.890350866588321, 27.636159193360957 ], [ 44.899100457455646, 27.640800758270228 ], [ 44.899709066060637, 27.641369749249748 ], [ 44.903821104273689, 27.640920127252471 ], [ 44.912460651518714, 27.639959203249735 ], [ 44.919180049843931, 27.639000260324277 ], [ 44.924949479756187, 27.639479732837575 ], [ 44.932630075435405, 27.640920127252471 ], [ 44.939830072437623, 27.64475976003936 ], [ 44.948469619682648, 27.651479787764082 ], [ 44.959990513201475, 27.662519789328091 ], [ 44.9686300604465, 27.672120700382614 ], [ 44.978709157934311, 27.6846004247232 ], [ 44.983510653127937, 27.692759702941206 ], [ 44.985909154936536, 27.695639068670008 ], [ 44.992150200372954, 27.699009500429739 ], [ 44.995509899535563, 27.699009500429739 ], [ 45.00127034629498, 27.697569871515114 ], [ 45.007989744620197, 27.696120281225419 ], [ 45.011830042459806, 27.696599503190807 ], [ 45.016629291865215, 27.699009500429739 ], [ 45.020950188381825, 27.701880747799613 ], [ 45.025560791577568, 27.702099468533156 ], [ 45.026000966066789, 27.701699805770513 ], [ 45.029969273834389, 27.69655973381315 ], [ 45.034880812650307, 27.690719443406422 ], [ 45.03767906476034, 27.685590786396549 ], [ 45.041640635163311, 27.683480788159457 ], [ 45.045391101474507, 27.682090672793716 ], [ 45.04959072542777, 27.679039914103278 ], [ 45.05332996279791, 27.676939733438552 ], [ 45.057540815692221, 27.674610792704335 ], [ 45.061980738983991, 27.672500582352637 ], [ 45.067119102409151, 27.669700164874502 ], [ 45.070849356626454, 27.666659005232518 ], [ 45.072720098205636, 27.661759954675716 ], [ 45.075289279918216, 27.65615054069017 ], [ 45.077389091894844, 27.650769608964577 ], [ 45.080200818734141, 27.643299521792336 ], [ 45.083470686368337, 27.635830914062801 ], [ 45.086268938478362, 27.631159293455482 ], [ 45.088609049793504, 27.626250693613216 ], [ 45.090940177955787, 27.620629509401326 ], [ 45.09304897308526, 27.616669634715997 ], [ 45.097250842826725, 27.609199209950436 ], [ 45.101690766118494, 27.601250628105127 ], [ 45.106579847052309, 27.591679324759014 ], [ 45.107761131650925, 27.584899892378996 ], [ 45.107990202048377, 27.579999172646747 ], [ 45.107300745067818, 27.576260783490198 ], [ 45.104960633752682, 27.572299305591372 ], [ 45.102389206251893, 27.569020527015365 ], [ 45.100749780858372, 27.565749613864096 ], [ 45.098180599145792, 27.558739617161372 ], [ 45.095849470983502, 27.552209027238394 ], [ 45.094910731511597, 27.546819006985906 ], [ 45.094910731511597, 27.540520691092787 ], [ 45.094910731511597, 27.534909051457838 ], [ 45.095151030850104, 27.529299116780106 ], [ 45.095151030850104, 27.521599677519088 ], [ 45.095151030850104, 27.514590846980674 ], [ 45.094679415325935, 27.509210932964088 ], [ 45.094201062437143, 27.50384071570754 ], [ 45.094201062437143, 27.499870649973499 ], [ 45.096321086507665, 27.496830753715916 ], [ 45.099119338617697, 27.493330585701717 ], [ 45.10191983651594, 27.490059411755407 ], [ 45.10589039007175, 27.486319954409353 ], [ 45.111980967698081, 27.482110173617805 ], [ 45.117570734553517, 27.478139324262465 ], [ 45.120849585340544, 27.4741703242825 ], [ 45.126219264951374, 27.468800390425432 ], [ 45.129019762849616, 27.46622990276849 ], [ 45.129489132585569, 27.463659355164207 ], [ 45.127620636794596, 27.46062045219012 ], [ 45.126919950872988, 27.458049773783607 ], [ 45.126690880475536, 27.454550366390606 ], [ 45.127380337456096, 27.446839719848434 ], [ 45.127620636794596, 27.442399227027558 ], [ 45.126919950872988, 27.440069291937952 ], [ 45.123409783900286, 27.438430933441829 ], [ 45.120609286002043, 27.436100914562857 ], [ 45.118740790211078, 27.432830035177584 ], [ 45.120609286002043, 27.427679349769669 ], [ 45.12153904232111, 27.424420181271593 ], [ 45.123650083238793, 27.420680490827543 ], [ 45.126219264951374, 27.416470197382086 ], [ 45.127620636794596, 27.412498978083921 ], [ 45.127620636794596, 27.40946065970234 ], [ 45.125978965612866, 27.405959711564815 ], [ 45.125049209293806, 27.401760819966935 ], [ 45.125280525479468, 27.398020362436167 ], [ 45.125978965612866, 27.394499112453204 ], [ 45.128790692452164, 27.390080443057414 ], [ 45.131359874164744, 27.386100299079587 ], [ 45.133929055877324, 27.381900653194364 ], [ 45.137430239697188, 27.374659578768636 ], [ 45.139300981276364, 27.369290786948735 ], [ 45.141169477067329, 27.364380467754362 ], [ 45.143269289043957, 27.359940649664775 ], [ 45.144450573642573, 27.355500653540204 ], [ 45.145600417206253, 27.351299846426794 ], [ 45.146310086280707, 27.346169299889304 ], [ 45.147010772202314, 27.341950184876794 ], [ 45.148638968654787, 27.339620127208416 ], [ 45.153081137734759, 27.334959864899371 ], [ 45.155879389844792, 27.329559221659437 ], [ 45.159160486420035, 27.32536940217086 ], [ 45.161960984318277, 27.320229674057405 ], [ 45.165230851952472, 27.314850262526008 ], [ 45.167099347743438, 27.311120836364992 ], [ 45.169670775244235, 27.309019611681013 ], [ 45.172469027354268, 27.30737931176693 ], [ 45.17526952525251, 27.306680879869621 ], [ 45.180181064068428, 27.305280011785975 ], [ 45.184620987360191, 27.302709712110524 ], [ 45.188119925391838, 27.300610323804232 ], [ 45.192330778286149, 27.297570929889641 ], [ 45.196299086053749, 27.294060456084644 ], [ 45.199330900137653, 27.290789368948758 ], [ 45.204011122767909, 27.285420505810055 ], [ 45.207739131197009, 27.282380696118292 ], [ 45.216389907383082, 27.275829753213483 ], [ 45.223160958837134, 27.270699708064317 ], [ 45.22667112580983, 27.267899042641425 ], [ 45.229469377919862, 27.264860749893309 ], [ 45.247920773855675, 27.247340038895473 ], [ 45.252360697147438, 27.244540781767153 ], [ 45.255630564781626, 27.244540781767153 ], [ 45.260539857809349, 27.2450099916908 ], [ 45.264510411365158, 27.2450099916908 ], [ 45.267780278999346, 27.2450099916908 ], [ 45.273170170704063, 27.24523960433666 ], [ 45.276889195980317, 27.24523960433666 ], [ 45.280159063614519, 27.24523960433666 ], [ 45.283428931248707, 27.244309171032917 ], [ 45.286000358749497, 27.243839958154076 ], [ 45.290208965855598, 27.242440294366311 ], [ 45.292540094017887, 27.241270233810361 ], [ 45.297209087707103, 27.240339767317526 ], [ 45.301419940601413, 27.23939930937372 ], [ 45.305390494157223, 27.238470823990184 ], [ 45.311229543503998, 27.236829482493199 ], [ 45.316599223114821, 27.235200097652264 ], [ 45.322680817588314, 27.233329071181185 ], [ 45.330150309175764, 27.231220384661036 ], [ 45.341129967735917, 27.22842072209621 ], [ 45.344869205106065, 27.227719796983838 ], [ 45.347910002342815, 27.227719796983838 ], [ 45.351640256560117, 27.227719796983838 ], [ 45.356549549587825, 27.228189077817852 ], [ 45.361699141954041, 27.22842072209621 ], [ 45.365180113680005, 27.22842072209621 ], [ 45.368229894069593, 27.22842072209621 ], [ 45.371030391967835, 27.228189077817852 ], [ 45.374769629337983, 27.228189077817852 ], [ 45.379209552629746, 27.227500132935194 ], [ 45.383420405524056, 27.227250514172109 ], [ 45.386919343555697, 27.227250514172109 ], [ 45.392989709088134, 27.227250514172109 ], [ 45.397429632379897, 27.227500132935194 ], [ 45.402338925407605, 27.227500132935194 ], [ 45.406069179624922, 27.227250514172109 ], [ 45.409579346597617, 27.226549581693732 ], [ 45.41262014383436, 27.224450751792343 ], [ 45.416579468449122, 27.222809203599247 ], [ 45.421729060815331, 27.22071030320809 ], [ 45.42779044319493, 27.219540014265011 ], [ 45.431769979903578, 27.218839033259336 ], [ 45.435980832797888, 27.217910376416327 ], [ 45.440881142672758, 27.217910376416327 ], [ 45.446250822283581, 27.218140044958265 ], [ 45.451160115311296, 27.218140044958265 ], [ 45.455130668867099, 27.218140044958265 ], [ 45.461201034399544, 27.218619351694468 ], [ 45.466110327427252, 27.219080682480307 ], [ 45.471250936640629, 27.219769679447083 ], [ 45.477089985987405, 27.220480639965412 ], [ 45.482699964936735, 27.221409275380793 ], [ 45.487829345209057, 27.223520144716371 ], [ 45.491339512181753, 27.225149700491222 ], [ 45.496010751659178, 27.226549581693732 ], [ 45.499979059426771, 27.228650368965447 ], [ 45.502550486927568, 27.230519477172653 ], [ 45.505359967978642, 27.233089449724439 ], [ 45.509330521534451, 27.235898978875216 ], [ 45.514230831409328, 27.237769962151361 ], [ 45.519369194834496, 27.238470823990184 ], [ 45.523580047728807, 27.238470823990184 ], [ 45.526369316685994, 27.238229216846197 ], [ 45.531990524576372, 27.238470823990184 ], [ 45.537131133789742, 27.238470823990184 ], [ 45.541099441557343, 27.237769962151361 ], [ 45.546010980373268, 27.236360238078685 ], [ 45.549979288140868, 27.23473084636904 ], [ 45.554650527618286, 27.232160911708018 ], [ 45.557689079066819, 27.230060190670489 ], [ 45.561419333284128, 27.22678921722542 ], [ 45.567489698816559, 27.221880579855593 ], [ 45.569829810131701, 27.219080682480307 ], [ 45.573330993951551, 27.214639046130213 ], [ 45.577539601057651, 27.209270501105255 ], [ 45.580580398294401, 27.204830471041532 ], [ 45.581750453951962, 27.201790456414876 ], [ 45.581750453951962, 27.198510663042789 ], [ 45.580111028558441, 27.195480463687026 ], [ 45.577299301719151, 27.191039884371786 ], [ 45.574970419345071, 27.186840847365634 ], [ 45.572639291182782, 27.183570602969109 ], [ 45.568430684076681, 27.176790084076181 ], [ 45.563759444599256, 27.170250908239687 ], [ 45.554879598015738, 27.15880992557102 ], [ 45.545770681034767, 27.146660340944823 ], [ 45.543899939455585, 27.14268945832826 ], [ 45.544129009853037, 27.140349229420764 ], [ 45.546940736692328, 27.137779117992213 ], [ 45.553949841696678, 27.135900461057684 ], [ 45.562360318544236, 27.131939189464127 ], [ 45.571228936186714, 27.125869097897368 ], [ 45.578480586317767, 27.121899475584591 ], [ 45.584319635664542, 27.119089073710224 ], [ 45.591090687118594, 27.11653046722299 ], [ 45.59949891817795, 27.112550518499923 ], [ 45.606269969632002, 27.109519985470286 ], [ 45.613050004238893, 27.106249476497187 ], [ 45.619349440168783, 27.10298087114057 ], [ 45.624959419118113, 27.100869721175791 ], [ 45.631510383327551, 27.097369042927582 ], [ 45.634070581887293, 27.095969540704587 ], [ 45.637109133335827, 27.094100178309354 ], [ 45.640610317155684, 27.092000857140253 ], [ 45.643651114392426, 27.089429634937861 ], [ 45.647390351762574, 27.08779010007412 ], [ 45.650660219396769, 27.086620417243179 ], [ 45.654159157428417, 27.084990838752603 ], [ 45.659299766641787, 27.082189507942751 ], [ 45.664440375855165, 27.080079965638088 ], [ 45.668648982961265, 27.077750424916005 ], [ 45.67681916047033, 27.075640799048212 ], [ 45.681030013364641, 27.074940914396013 ], [ 45.685930323239511, 27.074239025684438 ], [ 45.689900876795321, 27.073769097737401 ], [ 45.694581099425584, 27.073309166349649 ], [ 45.699479163512251, 27.073069201398194 ], [ 45.702050591013041, 27.071439425844371 ], [ 45.705320458647229, 27.069569654153746 ], [ 45.708359010095769, 27.067939827723936 ], [ 45.711399807332512, 27.066769937704681 ], [ 45.714660691813862, 27.065130071319373 ], [ 45.717000803128997, 27.064430121047298 ], [ 45.719810284180078, 27.063730166406177 ], [ 45.730089256818623, 27.058580365810592 ], [ 45.734989566693493, 27.055790375089114 ], [ 45.737320694855782, 27.053690336301301 ], [ 45.738490750513343, 27.050650210508547 ], [ 45.73966080617091, 27.046439900275079 ], [ 45.741760618147545, 27.041069275317177 ], [ 45.743869413277011, 27.03732068685856 ], [ 45.746669911175253, 27.032659780652978 ], [ 45.750180078147949, 27.02799067892316 ], [ 45.752740276707691, 27.025419989502868 ], [ 45.755549757758772, 27.022849241248547 ], [ 45.759520311314581, 27.019110047921536 ], [ 45.764189305003796, 27.015610818497503 ], [ 45.767930788162154, 27.012799751954393 ], [ 45.774470523430544, 27.008369928598352 ], [ 45.777271021328787, 27.006499106139955 ], [ 45.781010258698934, 27.003229594069698 ], [ 45.783110070675562, 27.001370691996751 ], [ 45.783819739750015, 26.999959986920945 ], [ 45.790500959675654, 26.997730836724429 ], [ 45.799569452468837, 26.992009682616441 ], [ 45.809969697670738, 26.98665046424787 ], [ 45.818020848404657, 26.98261987567642 ], [ 45.823060397148566, 26.978589142737281 ], [ 45.832119906788911, 26.971550024139219 ], [ 45.837489586399741, 26.967520896392191 ], [ 45.841190645370311, 26.964160177332648 ], [ 45.846209982020326, 26.959470215336744 ], [ 45.850910416744483, 26.957120156674367 ], [ 45.860639171271501, 26.95074032095658 ], [ 45.869370795833134, 26.944700463699764 ], [ 45.874740475443964, 26.941679412673103 ], [ 45.880098926113739, 26.937659227179562 ], [ 45.887819945980745, 26.929270031896692 ], [ 45.89051040025668, 26.926919343541051 ], [ 45.894530361153116, 26.924230208119621 ], [ 45.906949569956069, 26.917860525919572 ], [ 45.923049625635706, 26.910479174430055 ], [ 45.929099779074249, 26.906780307000435 ], [ 45.934460475532234, 26.903429793518161 ], [ 45.943189854305665, 26.897050926115455 ], [ 45.951241005039584, 26.891350697737039 ], [ 45.959959154871967, 26.886649695676965 ], [ 45.966009308310511, 26.883969616345588 ], [ 45.974060459044424, 26.878599251174332 ], [ 45.980770874216802, 26.874240274102156 ], [ 45.982780854665016, 26.871549884067345 ], [ 45.985799194019663, 26.869540563677404 ], [ 45.990169497876899, 26.866850061824007 ], [ 45.994530818581303, 26.863830934021117 ], [ 45.997549157935943, 26.860140556880467 ], [ 46.0022495926601, 26.854769059939255 ], [ 46.004931063783197, 26.852430846403383 ], [ 46.011309102300444, 26.849070706882948 ], [ 46.016669798758429, 26.846049100890852 ], [ 46.02539917753186, 26.840009654645392 ], [ 46.029760498236264, 26.835979838303057 ], [ 46.033789442285538, 26.829609189673121 ], [ 46.036470913408628, 26.826250376947012 ], [ 46.037140158295301, 26.822230091895147 ], [ 46.036470913408628, 26.818530341638724 ], [ 46.035469291866839, 26.814850513566292 ], [ 46.035799422733753, 26.810819802268291 ], [ 46.037820632123022, 26.807799180274596 ], [ 46.040829988324823, 26.80510921557957 ], [ 46.044531047295393, 26.803100720450978 ], [ 46.048209648383867, 26.802090445982387 ], [ 46.052240838221351, 26.802429209654303 ], [ 46.057269158024212, 26.803780245239498 ], [ 46.062310952556331, 26.805780710507378 ], [ 46.069019121940492, 26.809140129897919 ], [ 46.075060292226198, 26.812160716166431 ], [ 46.079419367142386, 26.813499609884211 ], [ 46.085119177620129, 26.814509782701791 ], [ 46.092170952600469, 26.815850652953127 ], [ 46.097210501344371, 26.817530225897034 ], [ 46.101569576260566, 26.820209874872585 ], [ 46.106939255871389, 26.823570870809096 ], [ 46.112639066349125, 26.827589104217274 ], [ 46.118350105767917, 26.832290556986369 ], [ 46.123380671358987, 26.836649146423166 ], [ 46.127070501388509, 26.840678938947249 ], [ 46.130418971610062, 26.845700448855311 ], [ 46.134120030580632, 26.848730078941689 ], [ 46.140158955078128, 26.853769264177 ], [ 46.148879350698721, 26.86047914698705 ], [ 46.160959445481915, 26.868200329131845 ], [ 46.169349710235593, 26.872559539060287 ], [ 46.174380275826657, 26.875239888934967 ], [ 46.179749955437487, 26.878260715316806 ], [ 46.1874709753045, 26.8809409300247 ], [ 46.191160805334015, 26.881619987786006 ], [ 46.194179144688654, 26.879939362458721 ], [ 46.195189749383289, 26.876920584131753 ], [ 46.197541089639472, 26.858800210950804 ], [ 46.198219317678983, 26.853769264177 ], [ 46.198879579412811, 26.848399468488978 ], [ 46.201230919668994, 26.844039327572844 ], [ 46.203910145003874, 26.840678938947249 ], [ 46.207599975033396, 26.839340366387464 ], [ 46.211628919082678, 26.837659112864699 ], [ 46.216329353806834, 26.835310526227293 ], [ 46.219349938949684, 26.831959898529 ], [ 46.221368902550743, 26.827589104217274 ], [ 46.223039768979206, 26.823570870809096 ], [ 46.22504974942742, 26.818530341638724 ], [ 46.227401089683603, 26.813499609884211 ], [ 46.229750184151584, 26.81047905928871 ], [ 46.246860844525848, 26.806460219237284 ], [ 46.251559033461788, 26.803780245239498 ], [ 46.255590223299279, 26.798400061381869 ], [ 46.257600203747494, 26.795050347078718 ], [ 46.260620788890343, 26.788330574116781 ], [ 46.262630769338564, 26.7849805625305 ], [ 46.26531897782629, 26.78296970617194 ], [ 46.267328958274511, 26.783639327300449 ], [ 46.273031014540457, 26.789010187381972 ], [ 46.276729827722818, 26.795050347078718 ], [ 46.280410674599501, 26.806119463156044 ], [ 46.282429638200554, 26.811819977217038 ], [ 46.284109487781862, 26.813840343785138 ], [ 46.287130072924711, 26.814169050813081 ], [ 46.30055090326946, 26.805780710507378 ], [ 46.311959507377772, 26.79773052735386 ], [ 46.324380961968942, 26.790680134252899 ], [ 46.329739412638709, 26.78666059267028 ], [ 46.335780582924414, 26.782630884395257 ], [ 46.345509337451432, 26.777929377262165 ], [ 46.352888997510476, 26.773909384138719 ], [ 46.359610641623895, 26.771220621032889 ], [ 46.370341017692702, 26.764509463291315 ], [ 46.376719056209957, 26.759480346648761 ], [ 46.383420488229483, 26.755790582029768 ], [ 46.390139886554699, 26.752429583474299 ], [ 46.397519546613744, 26.749080518277154 ], [ 46.404910435613836, 26.74504947662372 ], [ 46.416310056569309, 26.74101026964755 ], [ 46.428390151352509, 26.735649174066427 ], [ 46.436780416106181, 26.731290715983352 ], [ 46.443490831278559, 26.727600036470378 ], [ 46.4481890202145, 26.724920207196007 ], [ 46.458930625224362, 26.720220324278149 ], [ 46.462959569273636, 26.717859276993781 ], [ 46.471340850874469, 26.713839165374026 ], [ 46.475369794923751, 26.712170095294098 ], [ 46.479400984761234, 26.711159012095649 ], [ 46.482749454982788, 26.712499096620995 ], [ 46.48543990925873, 26.713169132969085 ], [ 46.488110151440772, 26.712499096620995 ], [ 46.49014034398288, 26.710488963918525 ], [ 46.492150324431101, 26.708139751889895 ], [ 46.49517090957395, 26.706129542232922 ], [ 46.499529984490138, 26.704450327925489 ], [ 46.506559301588375, 26.700000390597438 ], [ 46.519870088310817, 26.694159834860073 ], [ 46.536390106385774, 26.68734982230437 ], [ 46.55260020568771, 26.680220342584295 ], [ 46.570759649156187, 26.670810673275586 ], [ 46.583398945203754, 26.664330413370582 ], [ 46.597019650699217, 26.658819193535972 ], [ 46.610959258120538, 26.654279161394271 ], [ 46.62427004484298, 26.649409766193347 ], [ 46.629599300266023, 26.647629354266737 ], [ 46.630079898943016, 26.647470781846767 ], [ 46.633980833064314, 26.646820431896636 ], [ 46.636579210023626, 26.647789933708097 ], [ 46.637549390530481, 26.651360760683989 ], [ 46.64112019378485, 26.663680159476584 ], [ 46.643060554798545, 26.667900722879899 ], [ 46.646310210338854, 26.672430179030865 ], [ 46.648899604145328, 26.675340013873477 ], [ 46.652470407399697, 26.676650418697964 ], [ 46.657649195012652, 26.674380779969756 ], [ 46.66640103166818, 26.671139794026811 ], [ 46.677430097568958, 26.666600252083189 ], [ 46.698178934843909, 26.660109717895129 ], [ 46.702401016679275, 26.658490037242352 ], [ 46.707579804292223, 26.656549200039041 ], [ 46.712769820846226, 26.653299678965318 ], [ 46.717959837400223, 26.651360760683989 ], [ 46.724120034461073, 26.650060101394736 ], [ 46.734479855475179, 26.647470781846767 ], [ 46.741300314269857, 26.646820431896636 ], [ 46.748109544123487, 26.646820431896636 ], [ 46.757189265857718, 26.648440278136142 ], [ 46.765619954799185, 26.650060101394736 ], [ 46.774389757760403, 26.650060101394736 ], [ 46.780199611860446, 26.650060101394736 ], [ 46.790260743042587, 26.651360760683989 ], [ 46.794799481015602, 26.652330223941156 ], [ 46.799989497569598, 26.652330223941156 ], [ 46.808739088436923, 26.650060101394736 ], [ 46.817821055959371, 26.647789933708097 ], [ 46.826249499112627, 26.644550199796992 ], [ 46.836299401353706, 26.640009600199125 ], [ 46.839540073741176, 26.638720856019319 ], [ 46.843429778921404, 26.638080493301288 ], [ 46.847970762682628, 26.638720856019319 ], [ 46.853809812029411, 26.640340817148854 ], [ 46.856729336702799, 26.642930298373081 ], [ 46.871969255497888, 26.659790600477098 ], [ 46.875858960678123, 26.663680159476584 ], [ 46.881048977232126, 26.668870045636154 ], [ 46.886879043426063, 26.677950774909437 ], [ 46.888839616533645, 26.680539402853093 ], [ 46.891101125261422, 26.681839714714251 ], [ 46.893690519067896, 26.680860468888959 ], [ 46.911200929743593, 26.66691935045672 ], [ 46.914760504056922, 26.662379640571235 ], [ 46.917361126804444, 26.658490037242352 ], [ 46.920929684270611, 26.653630857366377 ], [ 46.926440848538682, 26.646170078242324 ], [ 46.932601045599533, 26.638080493301288 ], [ 46.937139783572547, 26.631580307454684 ], [ 46.944589063066111, 26.624120095516663 ], [ 46.951739652727696, 26.617639193242251 ], [ 46.961129293234954, 26.610180079306232 ], [ 46.970530162683268, 26.602389152872085 ], [ 46.978969834777573, 26.595919067923258 ], [ 46.98415086817873, 26.592029210113477 ], [ 46.990311065239581, 26.587490540863286 ], [ 46.997769327885983, 26.583269015291005 ], [ 47.001369326387092, 26.584470017000328 ], [ 47.006399891978162, 26.586138946619126 ], [ 47.007289224109442, 26.586430153265532 ], [ 47.010379428686811, 26.587470457856089 ], [ 47.011920039399072, 26.587990606606354 ], [ 47.016449794219248, 26.589520914706796 ], [ 47.019120036401297, 26.590529059258809 ], [ 47.021799261736177, 26.591539203161197 ], [ 47.022439311376111, 26.591790231575043 ], [ 47.023950726841647, 26.592360566084903 ], [ 47.025230826121515, 26.592840528487837 ], [ 47.027579920589488, 26.592780282271569 ], [ 47.030050287620817, 26.592709994979181 ], [ 47.033120280104299, 26.592619625539832 ], [ 47.033960204894953, 26.59259954343251 ], [ 47.034690086063293, 26.592579461321659 ], [ 47.037239055681979, 26.593159832904583 ], [ 47.039689210619422, 26.593710078677137 ], [ 47.040821087877411, 26.593969135077476 ], [ 47.042191018685692, 26.592579461321659 ], [ 47.043688959421964, 26.59102911172829 ], [ 47.044540113153666, 26.590159541170941 ], [ 47.045220586981387, 26.589500832055798 ], [ 47.046011104431408, 26.588189427318987 ], [ 47.046520898355148, 26.587349959738937 ], [ 47.04705988752562, 26.586470319641389 ], [ 47.048530878803369, 26.584060312147344 ], [ 47.049110292161622, 26.583110353588033 ], [ 47.049429194087487, 26.582200555021107 ], [ 47.049840173329976, 26.581069823989964 ], [ 47.050399374594335, 26.580388969901755 ], [ 47.051059636328162, 26.579619740501137 ], [ 47.051659261780316, 26.579260229427273 ], [ 47.052649654381057, 26.578669745102626 ], [ 47.054190265093318, 26.57770969946359 ], [ 47.054830314733252, 26.577299970422658 ], [ 47.056029565637559, 26.576490550411229 ], [ 47.057028941391138, 26.575819711625066 ], [ 47.058050775026828, 26.575060494127506 ], [ 47.058600993138349, 26.574650755609444 ], [ 47.060249401684707, 26.573429565450041 ], [ 47.062450274130796, 26.572089856664988 ], [ 47.063570922447738, 26.571549549887798 ], [ 47.064819580692664, 26.57078026112022 ], [ 47.065479842426491, 26.570390593298267 ], [ 47.065540478708172, 26.570410679300867 ], [ 47.068778905307425, 26.571599764379705 ], [ 47.078819824395666, 26.57452020136196 ], [ 47.084980021456516, 26.575819711625066 ], [ 47.091789251310146, 26.577759911255047 ], [ 47.100219940251606, 26.582309008209915 ], [ 47.102490432132214, 26.583269015291005 ], [ 47.105091054879743, 26.583600396619733 ], [ 47.107359300972149, 26.582949683285023 ], [ 47.109950940566833, 26.581650253924636 ], [ 47.111570153866452, 26.578089300061063 ], [ 47.121959170127298, 26.546959882774136 ], [ 47.125839892154694, 26.537229829486527 ], [ 47.129080564542157, 26.530750036222813 ], [ 47.133619302515164, 26.52328928159049 ], [ 47.142049991456631, 26.513559230768795 ], [ 47.145939696636873, 26.50901946404969 ], [ 47.148859221310261, 26.507399654362892 ], [ 47.152748926490496, 26.506428963420113 ], [ 47.156640877458941, 26.505779821836516 ], [ 47.161500763146023, 26.50221048246382 ], [ 47.173181107627798, 26.492159061239075 ], [ 47.186790584182205, 26.481459492282244 ], [ 47.191329322155219, 26.47660083972464 ], [ 47.195549158202368, 26.473360283807782 ], [ 47.197819650082977, 26.469140589392492 ], [ 47.200409043889458, 26.46558016469243 ], [ 47.203979847143827, 26.461689907888875 ], [ 47.206890388664377, 26.458440889825614 ], [ 47.213050585725227, 26.455849249652722 ], [ 47.217919454565155, 26.453259561794006 ], [ 47.223430618833227, 26.450989515762636 ], [ 47.229920946760991, 26.4474204866635 ], [ 47.236391062594862, 26.442220565212825 ], [ 47.241908964227569, 26.436720779602837 ], [ 47.245800915196014, 26.430890921367315 ], [ 47.251961112256865, 26.420189679546027 ], [ 47.255199538856118, 26.415650251053499 ], [ 47.259089244036353, 26.411750262631646 ], [ 47.263960358664491, 26.406238966006377 ], [ 47.270769588518121, 26.400079679991528 ], [ 47.276280752786192, 26.395869371451663 ], [ 47.280819490759207, 26.390999061909483 ], [ 47.285360474520431, 26.384838962725532 ], [ 47.289259162853511, 26.381929801012365 ], [ 47.293139884880901, 26.380630110344708 ], [ 47.297029590061143, 26.380300155587772 ], [ 47.300919295241378, 26.382249691674104 ], [ 47.321989280230405, 26.396838983110932 ], [ 47.328160706232303, 26.402680620421286 ], [ 47.330428952324702, 26.40689068049964 ], [ 47.333990772426233, 26.408190075571099 ], [ 47.338529510399248, 26.408509893476179 ], [ 47.34437080553424, 26.408509893476179 ], [ 47.353120396401565, 26.404619721162017 ], [ 47.35895944574834, 26.401059314087505 ], [ 47.366089823316038, 26.397810598243161 ], [ 47.371279839870041, 26.395219606384092 ], [ 47.378089069723664, 26.393270289239009 ], [ 47.38618962779821, 26.391650862454533 ], [ 47.396239530039303, 26.390689254187539 ], [ 47.402729857967067, 26.390359328167108 ], [ 47.408568907313843, 26.390999061909483 ], [ 47.416020432595609, 26.392300647607083 ], [ 47.422510760523373, 26.395869371451663 ], [ 47.428989859510089, 26.3991100955534 ], [ 47.4332007124044, 26.402030893694807 ], [ 47.43709940073748, 26.402680620421286 ], [ 47.44292946693141, 26.401698988537561 ], [ 47.446819172111653, 26.40040957823372 ], [ 47.451039008158801, 26.40040957823372 ], [ 47.455240877900273, 26.401698988537561 ], [ 47.459790844814336, 26.403650174864456 ], [ 47.46790038604172, 26.408509893476179 ], [ 47.472108993147828, 26.411750262631646 ], [ 47.475679796402204, 26.415320396384423 ], [ 47.479899632449353, 26.418560574235379 ], [ 47.48378035447675, 26.420509464182661 ], [ 47.487030010017051, 26.420509464182661 ], [ 47.491240862911361, 26.417918982000494 ], [ 47.495779600884376, 26.413379464135122 ], [ 47.499350404138745, 26.405919141806802 ], [ 47.502909978452074, 26.402030893694807 ], [ 47.505829503125462, 26.398790251597468 ], [ 47.508749027798849, 26.395539460233518 ], [ 47.510370486886686, 26.390689254187539 ], [ 47.512319831053226, 26.386140617855972 ], [ 47.515879405366547, 26.381929801012365 ], [ 47.519780339487838, 26.377060915558051 ], [ 47.52269088100838, 26.371549974934197 ], [ 47.524959127100786, 26.366040783669835 ], [ 47.527229618981394, 26.35954933970164 ], [ 47.528851078069231, 26.352739572212712 ], [ 47.529178963147935, 26.345609412581783 ], [ 47.52950011086201, 26.340749060382294 ], [ 47.530149143654789, 26.335560434289356 ], [ 47.53144945502855, 26.331349787849092 ], [ 47.534690127416013, 26.326810893714065 ], [ 47.537609652089401, 26.319028943265423 ], [ 47.539231111177237, 26.315139785021614 ], [ 47.541820504983711, 26.310590189912759 ], [ 47.544740029657099, 26.30606054830243 ], [ 47.548629734837334, 26.301840776218079 ], [ 47.551549259510722, 26.297300725840284 ], [ 47.554140899105406, 26.292100086045139 ], [ 47.556090243271946, 26.275580518144743 ], [ 47.5570604237788, 26.270070787720471 ], [ 47.558360735152561, 26.265199211008106 ], [ 47.560301096166256, 26.261310261221219 ], [ 47.562899473125576, 26.253529956813043 ], [ 47.56549111272026, 26.24705033590088 ], [ 47.568410637393654, 26.240570353645907 ], [ 47.570681129274263, 26.234079937800573 ], [ 47.574889736380356, 26.225969430363374 ], [ 47.584620736695584, 26.20845920105214 ], [ 47.590780933756434, 26.197110698151526 ], [ 47.594019360355688, 26.191599263046989 ], [ 47.596289852236296, 26.185769150431423 ], [ 47.598239196402837, 26.180259194123721 ], [ 47.598560344116912, 26.175720438974778 ], [ 47.599209376909684, 26.168909959290424 ], [ 47.600190786357587, 26.164050270541374 ], [ 47.601809999657213, 26.159829372815082 ], [ 47.605050672044676, 26.153019980911438 ], [ 47.607970196718064, 26.14555902751902 ], [ 47.609910557731759, 26.140049187294036 ], [ 47.610880738238606, 26.134539087025086 ], [ 47.610880738238606, 26.127409643564221 ], [ 47.610229459657624, 26.120918971481988 ], [ 47.607970196718064, 26.111520065130506 ], [ 47.605699704837448, 26.10243904799465 ], [ 47.604399393463687, 26.098230040713901 ], [ 47.60198966271404, 26.095600090565775 ], [ 47.598560344116912, 26.093690112712402 ], [ 47.595970950310438, 26.092389212372684 ], [ 47.591429966549214, 26.091419074176304 ], [ 47.58688898278799, 26.090769621657845 ], [ 47.582680375681889, 26.090120165534429 ], [ 47.57943072014158, 26.089150008523823 ], [ 47.575541014961345, 26.086550109431457 ], [ 47.572619244499748, 26.083310743942743 ], [ 47.570029850693274, 26.079740480111475 ], [ 47.569710948767408, 26.075530656253914 ], [ 47.570350998407342, 26.071320681021351 ], [ 47.571979194859814, 26.066130119901171 ], [ 47.589159474668598, 26.037919948799718 ], [ 47.595000769803583, 26.027220825091398 ], [ 47.597920294476978, 26.022999023854037 ], [ 47.601809999657213, 26.019110069683872 ], [ 47.604720541177763, 26.015549959229073 ], [ 47.607970196718064, 26.011660758257293 ], [ 47.611529771031385, 26.005500743041882 ], [ 47.614449295704773, 25.999980271405907 ], [ 47.616540124528562, 25.99725929999245 ], [ 47.618599512317402, 25.993339214066673 ], [ 47.62027936189871, 25.990159851632122 ], [ 47.621959211480011, 25.986800736546716 ], [ 47.622689092648358, 25.983070068342307 ], [ 47.622888967799078, 25.979900522359852 ], [ 47.623259522853779, 25.977290125106318 ], [ 47.624571063168588, 25.974489889772062 ], [ 47.62586912875414, 25.96964029782961 ], [ 47.627001006012136, 25.960869337376881 ], [ 47.627560207276495, 25.955270037539893 ], [ 47.627739870333322, 25.949480650861396 ], [ 47.627369315278621, 25.942949832539515 ], [ 47.627001006012136, 25.938660378187347 ], [ 47.626810114014255, 25.934550514332962 ], [ 47.625689465697313, 25.930450605578613 ], [ 47.623259522853779, 25.925778959320105 ], [ 47.620840808951279, 25.920739513748586 ], [ 47.619720160634344, 25.917200664094114 ], [ 47.61952926863647, 25.911409406454691 ], [ 47.61952926863647, 25.904700726348832 ], [ 47.62027936189871, 25.89966037994677 ], [ 47.620840808951279, 25.895549156420724 ], [ 47.621770565270353, 25.891449911850845 ], [ 47.622689092648358, 25.887889979239308 ], [ 47.623820969906355, 25.884729994526072 ], [ 47.62493937243508, 25.881559822583299 ], [ 47.627001006012136, 25.878759332213949 ], [ 47.62941971991463, 25.875950692928487 ], [ 47.633149974131932, 25.872600444484885 ], [ 47.638000876666176, 25.8683104520629 ], [ 47.643419963617632, 25.863640386881524 ], [ 47.649950715733176, 25.85860030854754 ], [ 47.657408978379578, 25.853190169783225 ], [ 47.664880715755245, 25.847969767605846 ], [ 47.671409222082588, 25.844230661970677 ], [ 47.68726897842371, 25.834720674301913 ], [ 47.693240529274902, 25.829859269567677 ], [ 47.698650633073512, 25.825199814851921 ], [ 47.701269222126719, 25.822769952698014 ], [ 47.702380887290815, 25.820350148567467 ], [ 47.702760425498354, 25.817360196971965 ], [ 47.702949071708019, 25.813440193405384 ], [ 47.702949071708019, 25.808960030474193 ], [ 47.702569533500473, 25.804669751757622 ], [ 47.701639777181413, 25.80074932826782 ], [ 47.700519128864471, 25.795900682923222 ], [ 47.699569160451517, 25.791789895391908 ], [ 47.696970783492205, 25.78787915656849 ], [ 47.694179268746801, 25.785450551153989 ], [ 47.690630923374528, 25.781719582506053 ], [ 47.684470726313684, 25.775919664911953 ], [ 47.682040783470136, 25.773320934819662 ], [ 47.680740472096367, 25.77090012103481 ], [ 47.679428931781558, 25.768469145553915 ], [ 47.678869730517192, 25.765860139769092 ], [ 47.679249268724732, 25.763238941327366 ], [ 47.679990378834134, 25.761380201496902 ], [ 47.681111027151076, 25.759319170861716 ], [ 47.683540969994617, 25.757460369665875 ], [ 47.688010088533112, 25.754100699778348 ], [ 47.695290933910904, 25.748319660622695 ], [ 47.704060736872115, 25.742530248507311 ], [ 47.707979637299083, 25.740290871937216 ], [ 47.711339336461691, 25.738789838906385 ], [ 47.715631037731576, 25.736190296157332 ], [ 47.718620181839484, 25.73302019315738 ], [ 47.720100156270071, 25.730780637400397 ], [ 47.720670586475485, 25.728909250867783 ], [ 47.720490923418666, 25.726479439107262 ], [ 47.718811073837358, 25.723679328008846 ], [ 47.715440145733702, 25.720879150980313 ], [ 47.712089429723932, 25.718649483109147 ], [ 47.707979637299083, 25.716219461727619 ], [ 47.703690181817414, 25.71454006740418 ], [ 47.697159429701863, 25.71305084971543 ], [ 47.692310772955828, 25.71154947279684 ], [ 47.685220819575918, 25.708010437964077 ], [ 47.680179025043799, 25.704649370341546 ], [ 47.677189880935892, 25.702219063044396 ], [ 47.675330368297764, 25.699800847919203 ], [ 47.673839164926122, 25.69737044163751 ], [ 47.672709533456342, 25.694950104314973 ], [ 47.671970669135156, 25.691590691722475 ], [ 47.671409222082588, 25.68767058264914 ], [ 47.670290819553855, 25.682999473708499 ], [ 47.669349834293733, 25.677969933726594 ], [ 47.667860876710307, 25.673859113821003 ], [ 47.66599911828397, 25.667889975214699 ], [ 47.663569175440429, 25.660240377672164 ], [ 47.663009974176063, 25.655199755464675 ], [ 47.662080217857003, 25.650719698396724 ], [ 47.661521016592637, 25.647919830365197 ], [ 47.661130249444042, 25.644190619948834 ], [ 47.660209476277821, 25.640080660249396 ], [ 47.65890916490406, 25.635039186390348 ], [ 47.65777953343428, 25.628329039172126 ], [ 47.656849777115212, 25.62049060768625 ], [ 47.656290575850846, 25.616940769058065 ], [ 47.654990264477092, 25.608550742728038 ], [ 47.653869616160151, 25.604439556605616 ], [ 47.652748967843209, 25.601450250739624 ], [ 47.651069118261908, 25.597909973423029 ], [ 47.649568931737427, 25.593059137254947 ], [ 47.646959325837059, 25.585969878840572 ], [ 47.643979164881991, 25.57663977469187 ], [ 47.641910793940312, 25.567489246332997 ], [ 47.64229931530069, 25.564689454166334 ], [ 47.643040425410092, 25.561889596551733 ], [ 47.644529382993518, 25.558720937795638 ], [ 47.646959325837059, 25.554800518299274 ], [ 47.656849777115212, 25.538570440715688 ], [ 47.661521016592637, 25.530730181841282 ], [ 47.664130622493005, 25.526810873505049 ], [ 47.667678967865271, 25.523260283035189 ], [ 47.671779777137282, 25.518230100028244 ], [ 47.674950830090225, 25.513189572236442 ], [ 47.679249268724732, 25.505720608573213 ], [ 47.688580518738526, 25.492848984248479 ], [ 47.69174932590326, 25.488559487821988 ], [ 47.695670472118437, 25.483519742075732 ], [ 47.70218999529294, 25.474380356053228 ], [ 47.703499289819547, 25.471570280980888 ], [ 47.705370031398722, 25.468030222831121 ], [ 47.710409580142631, 25.457200566611142 ], [ 47.71451937256748, 25.448989979300716 ], [ 47.717499533522542, 25.443579486297345 ], [ 47.720670586475485, 25.438170778262602 ], [ 47.724400840692788, 25.432950445030926 ], [ 47.728319741119762, 25.427910398234417 ], [ 47.730940575961178, 25.424549573832888 ], [ 47.732620425542486, 25.420819496658346 ], [ 47.73615978776192, 25.415219093380855 ], [ 47.739669954734616, 25.410340587351417 ], [ 47.740449243243589, 25.409249235498855 ], [ 47.739461096431057, 25.409490632019406 ], [ 47.738369643360855, 25.404910101368635 ], [ 47.739229780245395, 25.400189416810154 ], [ 47.73880083469723, 25.395880388369736 ], [ 47.735789232707212, 25.391589465645172 ], [ 47.735360287159054, 25.388150530942095 ], [ 47.734068958938124, 25.386430012391077 ], [ 47.729770520303617, 25.384279329724443 ], [ 47.725040890332728, 25.384709469322367 ], [ 47.722889425227258, 25.385569743921355 ], [ 47.719880069025457, 25.384279329724443 ], [ 47.718590986592751, 25.383849188594262 ], [ 47.722029288342718, 25.37825924353978 ], [ 47.726329972765441, 25.371820848314602 ], [ 47.726329972765441, 25.36709075282938 ], [ 47.728050246534529, 25.360219507826695 ], [ 47.731490794072705, 25.356769532862863 ], [ 47.73277089335258, 25.352469102702802 ], [ 47.725901027217276, 25.347750427385662 ], [ 47.725040890332728, 25.339579072928867 ], [ 47.725040890332728, 25.33356081989017 ], [ 47.725901027217276, 25.329259564610933 ], [ 47.72891038341907, 25.324960186450074 ], [ 47.734068958938124, 25.322380080266221 ], [ 47.737080560928142, 25.321519355981756 ], [ 47.741378999562649, 25.319799919104945 ], [ 47.741378999562649, 25.315930589344777 ], [ 47.740521108466318, 25.312499653163357 ], [ 47.740521108466318, 25.306490205357196 ], [ 47.745670700832534, 25.301749434041991 ], [ 47.750389101862368, 25.301749434041991 ], [ 47.754269823889771, 25.296590208386224 ], [ 47.754269823889771, 25.292289670687772 ], [ 47.757710371427947, 25.293579035820191 ], [ 47.760719727629741, 25.287999133348908 ], [ 47.768460959590648, 25.280260350238784 ], [ 47.77447967199425, 25.275530738033797 ], [ 47.779629264360459, 25.268219682354598 ], [ 47.775771000215165, 25.266499489423783 ], [ 47.762868946947002, 25.255320687948966 ], [ 47.729770520303617, 25.229959436520456 ], [ 47.710849754631852, 25.21491081725916 ], [ 47.687210587930245, 25.197710406342416 ], [ 47.670010096027568, 25.183960521921342 ], [ 47.659270736805915, 25.179229194860753 ], [ 47.645510792441414, 25.169780217592674 ], [ 47.637349598085194, 25.162050169791609 ], [ 47.628319283691582, 25.156019050749233 ], [ 47.622729516836145, 25.153439421436953 ], [ 47.621440434403432, 25.148279999200881 ], [ 47.63003955746067, 25.135400820669496 ], [ 47.633309425094858, 25.123789081956389 ], [ 47.629610611912497, 25.121680510908046 ], [ 47.627930762331196, 25.120190052527764 ], [ 47.627180669068963, 25.118510469184674 ], [ 47.627369315278621, 25.116080522646044 ], [ 47.628110425388023, 25.114219903308147 ], [ 47.630169813176863, 25.112349088096618 ], [ 47.633340866129807, 25.108619573216767 ], [ 47.63688921150208, 25.104320525607353 ], [ 47.639501063190657, 25.100600934370231 ], [ 47.640619465719382, 25.094430515524913 ], [ 47.639130508135956, 25.09145095004552 ], [ 47.637071120347116, 25.089020465770464 ], [ 47.636330010237714, 25.086219755828889 ], [ 47.635939243089126, 25.081380905505263 ], [ 47.63482982371324, 25.071670084077422 ], [ 47.633149974131932, 25.065319189089109 ], [ 47.631099569495923, 25.058040276094257 ], [ 47.626619222016387, 25.048339811737232 ], [ 47.623820969906355, 25.044050855016799 ], [ 47.621959211480011, 25.041440377653011 ], [ 47.61952926863647, 25.035840787501577 ], [ 47.614860274947254, 25.030999947429649 ], [ 47.609438942207596, 25.026879283647748 ], [ 47.606840565248284, 25.023718996884835 ], [ 47.606470010193583, 25.019980677545544 ], [ 47.606840565248284, 25.017750248800073 ], [ 47.60907961609395, 25.014939769481455 ], [ 47.615989906417035, 25.009709379659498 ], [ 47.619920035785064, 25.005309167142649 ], [ 47.623589653720693, 25.000410132720841 ], [ 47.626039808658128, 24.996500127529185 ], [ 47.630690836041651, 24.990869990022862 ], [ 47.638030071912908, 24.983030927329285 ], [ 47.643419963617632, 24.978629759547722 ], [ 47.651500309598283, 24.976180752936479 ], [ 47.658100681148355, 24.974470694471929 ], [ 47.66398015468291, 24.973729661754579 ], [ 47.669850645064635, 24.971528931135907 ], [ 47.675970417937698, 24.967119208122881 ], [ 47.682579772640608, 24.959529065498177 ], [ 47.688209963683832, 24.952429171020114 ], [ 47.693110273558702, 24.946560810422049 ], [ 47.697029173985669, 24.94215019298337 ], [ 47.699230046431765, 24.93921987553232 ], [ 47.701430918877854, 24.935049296609307 ], [ 47.701190619539361, 24.930650486215576 ], [ 47.701190619539361, 24.925750515371526 ], [ 47.702169783199047, 24.921589664040706 ], [ 47.704860237474982, 24.914740144842813 ], [ 47.706079700473175, 24.909839541762516 ], [ 47.707310392412417, 24.905930733340387 ], [ 47.710241146026853, 24.900049973814333 ], [ 47.71513921011352, 24.893199258800575 ], [ 47.720769401156744, 24.886828954666196 ], [ 47.726399592199954, 24.878748972520064 ], [ 47.730561037753645, 24.870919075723634 ], [ 47.733249246241371, 24.866010620492354 ], [ 47.740840010392176, 24.852810412280416 ], [ 47.742800583499772, 24.849380735832383 ], [ 47.742800583499772, 24.84669072699057 ], [ 47.741819174051869, 24.841548979194702 ], [ 47.741089292883522, 24.837870348398507 ], [ 47.741089292883522, 24.835430775054252 ], [ 47.741329592222023, 24.831749924286434 ], [ 47.741329592222023, 24.828079155163138 ], [ 47.740599711053676, 24.823680611104752 ], [ 47.739130965564144, 24.820979852114103 ], [ 47.737900273624902, 24.816330332102488 ], [ 47.737659974286395, 24.812169872778352 ], [ 47.737170392456548, 24.809240548395497 ], [ 47.737900273624902, 24.805320404739359 ], [ 47.738639137946087, 24.801159575836721 ], [ 47.739629530546829, 24.798949652070842 ], [ 47.739369019114434, 24.795769249854235 ], [ 47.739130965564144, 24.791850719083097 ], [ 47.736429282347153, 24.786710772793828 ], [ 47.735459101840299, 24.78427019220387 ], [ 47.734969520010459, 24.779859898521266 ], [ 47.734969520010459, 24.777408987961195 ], [ 47.734479938180613, 24.775700254630515 ], [ 47.733008946902871, 24.77227048261901 ], [ 47.729579628305743, 24.766150897825693 ], [ 47.729339328967242, 24.764439970295022 ], [ 47.729339328967242, 24.759539531346736 ], [ 47.731050619583492, 24.750480449878978 ], [ 47.733008946902871, 24.740449836554781 ], [ 47.733990356350766, 24.737510660515547 ], [ 47.735699401178806, 24.733349598550536 ], [ 47.736188983008653, 24.729920697281766 ], [ 47.736930093118048, 24.724060137402283 ], [ 47.737170392456548, 24.719890465555043 ], [ 47.738639137946087, 24.708139562490302 ], [ 47.738639137946087, 24.701529192136661 ], [ 47.738149556116241, 24.698099414224878 ], [ 47.738879437284588, 24.693449374169859 ], [ 47.738879437284588, 24.689290920200047 ], [ 47.738879437284588, 24.68341008259884 ], [ 47.738149556116241, 24.67655963849711 ], [ 47.737659974286395, 24.671910835635948 ], [ 47.737659974286395, 24.668729224063412 ], [ 47.738149556116241, 24.665539367821033 ], [ 47.739369019114434, 24.662610669198056 ], [ 47.742311001669925, 24.656979619280129 ], [ 47.742800583499772, 24.654040514431127 ], [ 47.743049865991111, 24.645959660501198 ], [ 47.743049865991111, 24.641550588152604 ], [ 47.742800583499772, 24.63592062971987 ], [ 47.742560284161264, 24.630290417578074 ], [ 47.742070702331425, 24.624419048735284 ], [ 47.740599711053676, 24.618539237508461 ], [ 47.739369019114434, 24.610960406292172 ], [ 47.737900273624902, 24.604589912763988 ], [ 47.735699401178806, 24.5992094516264 ], [ 47.733509757673765, 24.59504990054926 ], [ 47.730320738415138, 24.592840401889116 ], [ 47.723949437262526, 24.587700409864802 ], [ 47.72199110994314, 24.585739928237086 ], [ 47.721020929436293, 24.582560206840018 ], [ 47.721020929436293, 24.578639051960092 ], [ 47.722720991111487, 24.573010346349768 ], [ 47.724690547371921, 24.569340114374274 ], [ 47.724200965542082, 24.567140374577573 ], [ 47.724439019092365, 24.562240351147206 ], [ 47.724930846710421, 24.559060033361352 ], [ 47.725910010370114, 24.555389392899329 ], [ 47.726651120479509, 24.550249907193663 ], [ 47.728110882816203, 24.545349223696629 ], [ 47.730561037753645, 24.539970304031396 ], [ 47.731540201413331, 24.536049859935027 ], [ 47.733008946902871, 24.531890255398352 ], [ 47.733008946902871, 24.526500543164456 ], [ 47.732519365073024, 24.521850249204832 ], [ 47.730069210135582, 24.518670950897356 ], [ 47.727619055198154, 24.515730641317358 ], [ 47.725910010370114, 24.512800479782001 ], [ 47.727381001647863, 24.510579314593265 ], [ 47.730069210135582, 24.509369611058393 ], [ 47.733249246241371, 24.509120312598967 ], [ 47.736930093118048, 24.509120312598967 ], [ 47.739860846732491, 24.509610735327346 ], [ 47.743049865991111, 24.51132924320083 ], [ 47.746229902096893, 24.513769034461223 ], [ 47.749409938202675, 24.515730641317358 ], [ 47.75356913796815, 24.517690174253151 ], [ 47.757490284183334, 24.51941061488462 ], [ 47.761649483948808, 24.520869497384865 ], [ 47.768020785101427, 24.52234062224295 ], [ 47.774870439142838, 24.524300052063872 ], [ 47.783191084461997, 24.526500543164456 ], [ 47.790779602824593, 24.527969558934487 ], [ 47.799589829973591, 24.529440600619381 ], [ 47.80767017595425, 24.529930944017664 ], [ 47.81427953065716, 24.531638958567839 ], [ 47.833370976232906, 24.536049859935027 ], [ 47.836559995491541, 24.53703049318467 ], [ 47.840229613427169, 24.53727973624779 ], [ 47.843899231362791, 24.537759834195711 ], [ 47.868380568643261, 24.53825014509804 ], [ 47.874500341516324, 24.538499385739033 ], [ 47.879879004279985, 24.539230761156048 ], [ 47.886490604771112, 24.541189927374479 ], [ 47.892370078305667, 24.543149063005401 ], [ 47.902159469114366, 24.546579008869767 ], [ 47.910239815095018, 24.550249907193663 ], [ 47.917340997415984, 24.553189408305204 ], [ 47.925899696285434, 24.556369874992619 ], [ 47.929569314221055, 24.558079572303157 ], [ 47.934718906587278, 24.560769693990455 ], [ 47.938631069649617, 24.564450389596796 ], [ 47.943769433074777, 24.568849925005182 ], [ 47.948910042288155, 24.572769343875002 ], [ 47.953320770333178, 24.575459150295593 ], [ 47.958950961376402, 24.578400102616691 ], [ 47.965800615417812, 24.582560206840018 ], [ 47.969470233353441, 24.584030608272055 ], [ 47.971920388290876, 24.584030608272055 ], [ 47.974119014948755, 24.582319222736643 ], [ 47.975109407549503, 24.579619352187905 ], [ 47.97583928871785, 24.57668047082225 ], [ 47.977060997504253, 24.570320487360402 ], [ 47.977799861825432, 24.566159976714797 ], [ 47.978289443655285, 24.56127012787606 ], [ 47.981469479761067, 24.554649940916406 ], [ 47.983670352207156, 24.548049832448338 ], [ 47.988081080252186, 24.53409061347687 ], [ 47.989060243911872, 24.528709168158123 ], [ 47.989549825741719, 24.525039682901188 ], [ 47.990528989401412, 24.520869497384865 ], [ 47.99420085312525, 24.509120312598967 ], [ 47.995909897953283, 24.503490531290112 ], [ 47.997618942781322, 24.495659505141571 ], [ 47.998600352229225, 24.491249229295239 ], [ 47.999831044168467, 24.486599674653053 ], [ 48.003249133824546, 24.479260181772812 ], [ 48.005200723779296, 24.474849330999398 ], [ 48.004419189482107, 24.466290858522456 ], [ 48.005299538460541, 24.462319055445853 ], [ 48.009270092016351, 24.455689565236963 ], [ 48.015439272230047, 24.444238921079645 ], [ 48.017869215073588, 24.437399930927846 ], [ 48.025358918754932, 24.425060186730569 ], [ 48.031539327909677, 24.417119991495415 ], [ 48.035049494882372, 24.412709010488829 ], [ 48.037710753911583, 24.409179296681227 ], [ 48.03992060951051, 24.40742053801787 ], [ 48.042119236168396, 24.406099407839367 ], [ 48.044109004522717, 24.404330380614077 ], [ 48.046309876968813, 24.401029493613599 ], [ 48.047630400436475, 24.397499453321142 ], [ 48.048290662170295, 24.393750467061963 ], [ 48.050280430524623, 24.389119814383495 ], [ 48.052258969937895, 24.38536035229464 ], [ 48.056449610738312, 24.380078916887751 ], [ 48.058879553581853, 24.375889612136774 ], [ 48.060860338783336, 24.371260350791015 ], [ 48.064610805094539, 24.365309363376888 ], [ 48.0701197235744, 24.357590460465676 ], [ 48.074310364374824, 24.35185979628141 ], [ 48.078721092419848, 24.347669557023607 ], [ 48.082689400187441, 24.344359006268821 ], [ 48.086880040987865, 24.341050415121618 ], [ 48.090850594543667, 24.336870049287079 ], [ 48.093049221201554, 24.333119265903807 ], [ 48.094809919158429, 24.329810381177495 ], [ 48.097019774757364, 24.324299474151356 ], [ 48.098789455867077, 24.314380056345176 ], [ 48.10077024106856, 24.299160724464929 ], [ 48.101870677291608, 24.292770353234133 ], [ 48.102971113514656, 24.289239340681611 ], [ 48.104740794624369, 24.285929311042082 ], [ 48.106499246793028, 24.281519898201061 ], [ 48.106499246793028, 24.278879090192916 ], [ 48.105838985059208, 24.276459324885789 ], [ 48.104740794624369, 24.274250378749219 ], [ 48.098789455867077, 24.267410386303919 ], [ 48.097459949246577, 24.264990402575151 ], [ 48.096579600268143, 24.262560135659577 ], [ 48.096579600268143, 24.260150296892352 ], [ 48.097019774757364, 24.257490617221428 ], [ 48.097459949246577, 24.2548493098327 ], [ 48.097459949246577, 24.251540431846575 ], [ 48.097900123735798, 24.246689575779904 ], [ 48.099889892090125, 24.241619424671363 ], [ 48.106059072303808, 24.227069262852215 ], [ 48.107379595771469, 24.219569290023578 ], [ 48.107379595771469, 24.215819137987545 ], [ 48.106499246793028, 24.212300325858351 ], [ 48.105180969113583, 24.209649887481991 ], [ 48.104520707379756, 24.20589944347245 ], [ 48.104740794624369, 24.201929710745024 ], [ 48.106279159548421, 24.197519434435794 ], [ 48.111570236571886, 24.187379112415528 ], [ 48.116859067807141, 24.17921915284159 ], [ 48.126560872875629, 24.170620207529161 ], [ 48.134059559709819, 24.160479796824728 ], [ 48.142000666821431, 24.142399633773913 ], [ 48.144199293479318, 24.13580054660175 ], [ 48.144419380723932, 24.132259032682899 ], [ 48.144419380723932, 24.128959270001314 ], [ 48.144419380723932, 24.124540324043938 ], [ 48.144199293479318, 24.117270046991667 ], [ 48.144639467968531, 24.114181027827765 ], [ 48.145531045888028, 24.111979518109706 ], [ 48.14706941081208, 24.108890371273379 ], [ 48.149050196013562, 24.099409279419547 ], [ 48.152580575080151, 24.084859307401953 ], [ 48.154130168945258, 24.065460192983977 ], [ 48.153901098547806, 24.060829889241941 ], [ 48.152800662324758, 24.057960985687107 ], [ 48.14995075708589, 24.052670058975494 ], [ 48.144859555213145, 24.043180707353091 ], [ 48.140010898467111, 24.031280598649545 ], [ 48.139350636733283, 24.025769092492702 ], [ 48.137810026021015, 24.017170096591297 ], [ 48.136040344911301, 24.009450613069369 ], [ 48.136040344911301, 24.007249357350823 ], [ 48.135159995932867, 24.005259373352615 ], [ 48.133619385220605, 24.003720704830855 ], [ 48.127890379496122, 23.999970379676213 ], [ 48.123690755542874, 23.996490768002975 ], [ 48.12045906630825, 23.992069309682144 ], [ 48.117809036220095, 23.987969835858177 ], [ 48.115459941752128, 23.982680131734263 ], [ 48.11486929945282, 23.980620001987202 ], [ 48.113699243795246, 23.977979130106629 ], [ 48.112821140605021, 23.974160337729057 ], [ 48.112529188137678, 23.969750425381459 ], [ 48.112529188137678, 23.965929336957199 ], [ 48.113389325022226, 23.961810561086374 ], [ 48.113699243795246, 23.958869670487839 ], [ 48.115170235072995, 23.95358082406047 ], [ 48.115170235072995, 23.949170207692553 ], [ 48.115170235072995, 23.945059106528678 ], [ 48.114280902941715, 23.942119886498162 ], [ 48.113988950474372, 23.938889130260467 ], [ 48.113699243795246, 23.935650082527836 ], [ 48.11457959277368, 23.931540603347546 ], [ 48.115749648431255, 23.928020141280289 ], [ 48.117809036220095, 23.924189605298302 ], [ 48.11899032081871, 23.920369220185307 ], [ 48.11899032081871, 23.915370318883596 ], [ 48.119580963118018, 23.909500725477464 ], [ 48.12045906630825, 23.905380148597118 ], [ 48.121930057585992, 23.900969938728188 ], [ 48.125159501032407, 23.895680773566209 ], [ 48.128970603625277, 23.891570022982634 ], [ 48.132509965844712, 23.885990938224641 ], [ 48.133980957122461, 23.882169424074139 ], [ 48.134560370480713, 23.878050029877429 ], [ 48.134560370480713, 23.87334932469107 ], [ 48.134560370480713, 23.869529490970997 ], [ 48.134560370480713, 23.866590606712645 ], [ 48.134270663801587, 23.862179074538343 ], [ 48.133390314823153, 23.857769445997217 ], [ 48.131919323545404, 23.852780449139985 ], [ 48.131330927034305, 23.846899799874418 ], [ 48.131919323545404, 23.843370871419886 ], [ 48.133680021502279, 23.839550153733185 ], [ 48.135739409291119, 23.836610589463813 ], [ 48.136909464948687, 23.832500017842356 ], [ 48.137500107247995, 23.828379044166311 ], [ 48.137801042868176, 23.824270266112993 ], [ 48.136330051590427, 23.820151085517981 ], [ 48.132509965844712, 23.816319411137833 ], [ 48.126630492310149, 23.811039116885297 ], [ 48.124571104521308, 23.807519486306081 ], [ 48.121930057585992, 23.802520337404069 ], [ 48.121040725454712, 23.797520996091766 ], [ 48.12045906630825, 23.791939917632263 ], [ 48.119280027497844, 23.786350379393117 ], [ 48.11899032081871, 23.781360691484441 ], [ 48.11899032081871, 23.775480916439932 ], [ 48.119280027497844, 23.769900947001545 ], [ 48.120751018775586, 23.76608012269223 ], [ 48.123989445374839, 23.763140950718963 ], [ 48.128110466740736, 23.760199656925966 ], [ 48.131629616866277, 23.756670427730363 ], [ 48.133680021502279, 23.75166932349428 ], [ 48.133680021502279, 23.74727033072628 ], [ 48.132509965844712, 23.743150765384765 ], [ 48.132209030224537, 23.738449285868537 ], [ 48.131919323545404, 23.733749692541295 ], [ 48.132509965844712, 23.727869822678613 ], [ 48.132799672523845, 23.723749643933758 ], [ 48.133980957122461, 23.71904952057378 ], [ 48.135151012780021, 23.713469189159486 ], [ 48.136909464948687, 23.707000311680485 ], [ 48.138090749547302, 23.701119235654026 ], [ 48.138090749547302, 23.697890700126944 ], [ 48.137801042868176, 23.693479610093227 ], [ 48.137801042868176, 23.689080710364159 ], [ 48.138679146058401, 23.684669322701453 ], [ 48.139849201715968, 23.681140105296556 ], [ 48.139559495036842, 23.678201074687664 ], [ 48.137801042868176, 23.675560209828923 ], [ 48.136619758269561, 23.672041030486955 ], [ 48.136330051590427, 23.662920752479156 ], [ 48.135440719459154, 23.658800580652382 ], [ 48.134560370480713, 23.654980614923922 ], [ 48.134270663801587, 23.648809190658728 ], [ 48.133980957122461, 23.639699636529841 ], [ 48.133089379202971, 23.634700221525993 ], [ 48.132209030224537, 23.628830294340272 ], [ 48.130740284734991, 23.622359284594946 ], [ 48.130149642435683, 23.616190437810502 ], [ 48.129859935756556, 23.611780707232128 ], [ 48.12957022907743, 23.606199911569401 ], [ 48.12868089694615, 23.602080012499826 ], [ 48.127221134609456, 23.595620030047641 ], [ 48.126039850010841, 23.589149438804025 ], [ 48.125159501032407, 23.582390376172302 ], [ 48.124279152053965, 23.576810388313653 ], [ 48.123690755542874, 23.57152039846957 ], [ 48.122219764265118, 23.566230195523641 ], [ 48.118689385198536, 23.555060374692335 ], [ 48.117519329540968, 23.549769508959621 ], [ 48.116050584051436, 23.54478107748211 ], [ 48.115170235072995, 23.540659250904874 ], [ 48.11486929945282, 23.537719127835192 ], [ 48.114280902941715, 23.534480386788072 ], [ 48.112239481458552, 23.52920104738336 ], [ 48.111049213707098, 23.525379365326085 ], [ 48.10987915804953, 23.522440959961347 ], [ 48.10781977026069, 23.517729490562658 ], [ 48.105760382471843, 23.513909534746382 ], [ 48.104289391194094, 23.509210116334629 ], [ 48.103709977835841, 23.50480091268582 ], [ 48.104289391194094, 23.500690191027896 ], [ 48.104880033493401, 23.496859443184622 ], [ 48.105169740172535, 23.493339588002346 ], [ 48.104590326814275, 23.488929853291868 ], [ 48.103999684514967, 23.484229543957657 ], [ 48.103119335536533, 23.479230389578664 ], [ 48.102230003405253, 23.474820183028481 ], [ 48.101349654426819, 23.469830972018041 ], [ 48.100179598769252, 23.463949558253294 ], [ 48.098710853279719, 23.459540901137906 ], [ 48.097239862001963, 23.456009749026869 ], [ 48.096060823191564, 23.452490864073379 ], [ 48.095470180892249, 23.447199998765562 ], [ 48.094300125234689, 23.442199441797666 ], [ 48.093709482935381, 23.438090890377396 ], [ 48.09282913395694, 23.432789145564165 ], [ 48.092539427277814, 23.42868030162504 ], [ 48.091951030766715, 23.423689347527976 ], [ 48.091951030766715, 23.418399389993603 ], [ 48.092539427277814, 23.413399804446801 ], [ 48.093419776256255, 23.408989460868778 ], [ 48.095180474213123, 23.404879877611641 ], [ 48.097830504301278, 23.400191004679996 ], [ 48.09988090893728, 23.395769915248593 ], [ 48.101650590046994, 23.390769474926042 ], [ 48.102530939025435, 23.386360438752455 ], [ 48.102530939025435, 23.378721060070202 ], [ 48.102820645704561, 23.371369855260117 ], [ 48.102820645704561, 23.367549788959124 ], [ 48.103119335536533, 23.363139980338175 ], [ 48.103409042215659, 23.35609099158885 ], [ 48.104289391194094, 23.350800396015163 ], [ 48.105169740172535, 23.344629142572199 ], [ 48.106059072303808, 23.339039096060102 ], [ 48.106640731450284, 23.332580660072527 ], [ 48.106640731450284, 23.326699333434632 ], [ 48.106939421282256, 23.314360487100707 ], [ 48.10781977026069, 23.304670916164604 ], [ 48.108410412559998, 23.296430719251667 ], [ 48.109290761538432, 23.288200326107997 ], [ 48.109290761538432, 23.28203029164175 ], [ 48.10987915804953, 23.277029692870101 ], [ 48.109580468217558, 23.270859140813197 ], [ 48.109580468217558, 23.263510220167881 ], [ 48.109290761538432, 23.258810164570985 ], [ 48.109290761538432, 23.252050707173368 ], [ 48.10898982591825, 23.244999955649192 ], [ 48.108410412559998, 23.239709067951608 ], [ 48.107229127961382, 23.233540915676894 ], [ 48.104289391194094, 23.221189308963886 ], [ 48.102820645704561, 23.214430009587886 ], [ 48.101650590046994, 23.209719968865709 ], [ 48.101059947747686, 23.205909709270845 ], [ 48.100179598769252, 23.202970409877327 ], [ 48.098421146600586, 23.199149636871827 ], [ 48.096370741964584, 23.193569997471627 ], [ 48.095470180892249, 23.189740698457879 ], [ 48.095180474213123, 23.186220949565129 ], [ 48.095470180892249, 23.182100351664104 ], [ 48.095470180892249, 23.177700915936192 ], [ 48.094010418555563, 23.172110058761042 ], [ 48.09282913395694, 23.167119794402172 ], [ 48.091659078299379, 23.163289738423391 ], [ 48.091659078299379, 23.159180823426365 ], [ 48.091070681788281, 23.154479161537527 ], [ 48.0907697461681, 23.149769074812408 ], [ 48.089889397189658, 23.142719122312759 ], [ 48.089889397189658, 23.136839748337675 ], [ 48.089599690510532, 23.130090644391828 ], [ 48.08930100067856, 23.126561066480903 ], [ 48.087830009400818, 23.12302933033595 ], [ 48.083720216975969, 23.114509408809038 ], [ 48.082249225698227, 23.109810311610403 ], [ 48.0819393069252, 23.105100721714329 ], [ 48.083720216975969, 23.089531046837813 ], [ 48.084760016917336, 23.086271040403318 ], [ 48.085739180577029, 23.083349776088294 ], [ 48.087511107474953, 23.078360341234919 ], [ 48.088389210665177, 23.070420250157316 ], [ 48.089269559643618, 23.064250498543799 ], [ 48.090149908622053, 23.057200188224186 ], [ 48.089860201942926, 23.053079759691293 ], [ 48.0895704952638, 23.046909213143174 ], [ 48.088678917344311, 23.040449054715413 ], [ 48.085739180577029, 23.030450284509428 ], [ 48.084560141766623, 23.022220066319541 ], [ 48.083100379429929, 23.015461073484584 ], [ 48.082509737130614, 23.011060311685348 ], [ 48.082509737130614, 23.006940539377894 ], [ 48.081699007586707, 22.999909970128176 ], [ 48.081371122507996, 22.996569236102527 ], [ 48.080870311737101, 22.99391064735434 ], [ 48.08018983790938, 22.991249938863817 ], [ 48.079039994345706, 22.988580908212224 ], [ 48.078200069555052, 22.985750561693955 ], [ 48.077200693801473, 22.982920155867149 ], [ 48.076711111971626, 22.980240622807202 ], [ 48.076711111971626, 22.977749188296755 ], [ 48.077369127917244, 22.975249437297823 ], [ 48.078200069555052, 22.972919189390382 ], [ 48.082199818357594, 22.965930272403227 ], [ 48.08535964236949, 22.9594310825177 ], [ 48.086359018123069, 22.955940456453217 ], [ 48.086529698027057, 22.95393041052774 ], [ 48.088029884551531, 22.95010048727438 ], [ 48.089029260305111, 22.946940512170286 ], [ 48.089029260305111, 22.940940906149503 ], [ 48.088690146285359, 22.934949307226258 ], [ 48.08785920464755, 22.931280175130727 ], [ 48.085860453140384, 22.922789496789409 ], [ 48.083700004882083, 22.917620367711152 ], [ 48.083700004882083, 22.914960226845675 ], [ 48.084030135748989, 22.913129539700964 ], [ 48.084849848445749, 22.910959574555243 ], [ 48.089860201942926, 22.903630255342982 ], [ 48.090520463676754, 22.901480825814261 ], [ 48.090361012713821, 22.899149307916915 ], [ 48.090190332809847, 22.89613917008537 ], [ 48.084030135748989, 22.874319364000577 ], [ 48.081699007586707, 22.86864969574459 ], [ 48.079870935983514, 22.863660605797325 ], [ 48.078200069555052, 22.855999688871755 ], [ 48.077369127917244, 22.850830084949539 ], [ 48.077030013897492, 22.845329145626664 ], [ 48.076711111971626, 22.841330580555024 ], [ 48.074701131523412, 22.83617904680888 ], [ 48.072370003361122, 22.830509857570831 ], [ 48.071370627607536, 22.825850555190062 ], [ 48.07069913693266, 22.820350675859999 ], [ 48.07069913693266, 22.814860924793585 ], [ 48.070869816836641, 22.810190736127534 ], [ 48.07069913693266, 22.799030075749826 ], [ 48.070041120987042, 22.794870731118834 ], [ 48.068871065329475, 22.790379987114193 ], [ 48.066710617071166, 22.78320981127629 ], [ 48.065369881509618, 22.777209183859227 ], [ 48.061879926630816, 22.762720038919475 ], [ 48.061210681744143, 22.757230038379731 ], [ 48.061879926630816, 22.753730073738392 ], [ 48.063040999135538, 22.746410922963193 ], [ 48.063880923926192, 22.735240903091398 ], [ 48.063209433251309, 22.728579466690459 ], [ 48.062540188364643, 22.725410199281313 ], [ 48.061379115859921, 22.721580051991115 ], [ 48.059710495219662, 22.7162499822985 ], [ 48.05854942271494, 22.710919705017425 ], [ 48.057379367057379, 22.707259032937479 ], [ 48.056710122170706, 22.703759861006468 ], [ 48.056209311399812, 22.699759218009717 ], [ 48.056049860436879, 22.695259131924036 ], [ 48.055890409473953, 22.690599356627864 ], [ 48.05470912487533, 22.685440060856148 ], [ 48.051380866747671, 22.677769134412998 ], [ 48.048050362831795, 22.669610792804537 ], [ 48.046220045440407, 22.662620798964937 ], [ 48.045389103802592, 22.660289340267227 ], [ 48.041059224133129, 22.649139239100002 ], [ 48.040389979246463, 22.646289393225189 ], [ 48.040059848379549, 22.642799028690828 ], [ 48.039219923588902, 22.638469112373301 ], [ 48.038388981951087, 22.633799116682937 ], [ 48.037560286101488, 22.630140531602507 ], [ 48.036230779480988, 22.626809372549495 ], [ 48.032889046624071, 22.618140103602684 ], [ 48.03155954000357, 22.612980157300232 ], [ 48.030560164249984, 22.608319661777035 ], [ 48.03023003338307, 22.603990732704656 ], [ 48.030560164249984, 22.597990545499673 ], [ 48.03155954000357, 22.587330963977447 ], [ 48.032720612508292, 22.577999783621802 ], [ 48.032889046624071, 22.573669901288 ], [ 48.032060350774472, 22.571509056634483 ], [ 48.025060228922968, 22.554689808619752 ], [ 48.017240394374703, 22.534199078600846 ], [ 48.014069341421759, 22.526370356385986 ], [ 48.015410076983315, 22.522870728420646 ], [ 48.017399845337636, 22.516869085384066 ], [ 48.021219931083351, 22.507379609529476 ], [ 48.022729100760678, 22.497719342988432 ], [ 48.022729100760678, 22.491220691357917 ], [ 48.021729725007091, 22.486230299916745 ], [ 48.020070087519677, 22.481229352955019 ], [ 48.016739583603808, 22.473569876124809 ], [ 48.011740459047687, 22.461410546578737 ], [ 48.006090055910569, 22.451749147812123 ], [ 47.999790619980686, 22.445240036440907 ], [ 47.996549947593223, 22.441360577008052 ], [ 47.992449138321213, 22.434869660442398 ], [ 47.990290935851114, 22.429260699390468 ], [ 47.989419570025518, 22.422349865412247 ], [ 47.989210711721967, 22.414790941537884 ], [ 47.98899062447736, 22.406149888066743 ], [ 47.988559433140978, 22.4016194526282 ], [ 47.986830176219044, 22.395571028874464 ], [ 47.983800607923357, 22.389530647959731 ], [ 47.981649142817886, 22.383259504004975 ], [ 47.976899300753104, 22.374840775606501 ], [ 47.973229682817475, 22.367499411551446 ], [ 47.970209097674626, 22.362529493327557 ], [ 47.966319392494391, 22.358219871977404 ], [ 47.962000741765991, 22.354109511293196 ], [ 47.957679845249373, 22.35065953941978 ], [ 47.954010227313745, 22.348069408073926 ], [ 47.952069866300043, 22.346129374396693 ], [ 47.950120522133503, 22.343321055114831 ], [ 47.94645988735072, 22.335759914317556 ], [ 47.944730630428786, 22.33100906475595 ], [ 47.939549597027629, 22.323879370809806 ], [ 47.935010859054614, 22.316539477227085 ], [ 47.931550099422545, 22.310489436099061 ], [ 47.92960973840885, 22.30616989537651 ], [ 47.92790069358081, 22.30315091626489 ], [ 47.925508929136839, 22.300339654057986 ], [ 47.923130639422133, 22.297540802447458 ], [ 47.920110054279284, 22.294299300670712 ], [ 47.916649294647215, 22.290839537934879 ], [ 47.914708933633513, 22.288470641981309 ], [ 47.912979676711586, 22.285659084421876 ], [ 47.911039315697884, 22.282629271737065 ], [ 47.909530146020565, 22.279830065456615 ], [ 47.90844992189141, 22.277020412310371 ], [ 47.907789660157583, 22.274000803510418 ], [ 47.906720664969484, 22.270979051268991 ], [ 47.905209249503955, 22.267950998855621 ], [ 47.903908938130186, 22.264280670400364 ], [ 47.902190910149308, 22.259529468081965 ], [ 47.899599270554624, 22.256509481817105 ], [ 47.89700987674815, 22.251970026851986 ], [ 47.893549117116073, 22.246790212591531 ], [ 47.890530777761434, 22.241389865203381 ], [ 47.889230466387673, 22.237930872835182 ], [ 47.886849930884757, 22.234480110277936 ], [ 47.884480624322897, 22.231459583923311 ], [ 47.882100088819975, 22.228010740939947 ], [ 47.880379815050887, 22.222819646139961 ], [ 47.878870645373567, 22.218709460009379 ], [ 47.877359229908031, 22.213110514978332 ], [ 47.876049935381431, 22.205981048455062 ], [ 47.874980940193325, 22.200150792666832 ], [ 47.874120803308784, 22.195829926215552 ], [ 47.873249437483189, 22.190860141600393 ], [ 47.872820491935016, 22.18568014965108 ], [ 47.872820491935016, 22.178559688464915 ], [ 47.871960355050476, 22.173589292943191 ], [ 47.870880130921321, 22.168179888752519 ], [ 47.869799906792167, 22.163439989849422 ], [ 47.867199284044645, 22.157389575285613 ], [ 47.865050064727384, 22.151349300671065 ], [ 47.86202049643169, 22.145949441780388 ], [ 47.857490741611521, 22.137741093164117 ], [ 47.855539151656771, 22.133640900015628 ], [ 47.854029981979451, 22.130399769933952 ], [ 47.852089620965749, 22.127379086068288 ], [ 47.849709085462834, 22.123709242514355 ], [ 47.846479642016426, 22.118310404412391 ], [ 47.843021128172566, 22.113339961796854 ], [ 47.839569351693335, 22.108379747288346 ], [ 47.837408903435033, 22.103839666509543 ], [ 47.835030613720321, 22.09974056797801 ], [ 47.832010028577471, 22.095420779948753 ], [ 47.829629493074549, 22.090239356899527 ], [ 47.827689132060854, 22.085929683058122 ], [ 47.825959875138921, 22.081170368429373 ], [ 47.824879651009766, 22.075990503570427 ], [ 47.823370481332447, 22.068650128758794 ], [ 47.821859065866917, 22.064329389646769 ], [ 47.820129808944991, 22.059579754290667 ], [ 47.818840726512278, 22.055899821931952 ], [ 47.818189447931289, 22.050510879417629 ], [ 47.817109223802134, 22.043810320418878 ], [ 47.816240103764748, 22.036249693927644 ], [ 47.815379966880208, 22.030210478307843 ], [ 47.812790573073734, 22.020059186057161 ], [ 47.812139294492752, 22.01681961317848 ], [ 47.810419020723657, 22.011849764545648 ], [ 47.808900867893492, 22.007319076192676 ], [ 47.807389452427962, 22.003000629071764 ], [ 47.80630024514597, 21.999979303633378 ], [ 47.808440481310384, 21.993769871745403 ], [ 47.814699493052487, 21.983709682067868 ], [ 47.822310469297186, 21.974461008583312 ], [ 47.82829100330121, 21.968750313094137 ], [ 47.836180457283994, 21.964670211685597 ], [ 47.841080767158871, 21.961410628399605 ], [ 47.847059055374686, 21.956509657332631 ], [ 47.851680887511478, 21.953249886853548 ], [ 47.856569968445299, 21.949169340368002 ], [ 47.862289991016929, 21.945901069359845 ], [ 47.866640082780279, 21.942649388030354 ], [ 47.868820743132474, 21.941280784996259 ], [ 47.874799031348289, 21.938560204697797 ], [ 47.879149123111645, 21.936389535931006 ], [ 47.882960225704515, 21.93367094532012 ], [ 47.890568956161012, 21.927960694309007 ], [ 47.894119547321488, 21.925510695144215 ], [ 47.897369202861796, 21.922250214189742 ], [ 47.899269139687711, 21.920339725158023 ], [ 47.902269512736666, 21.917620827973927 ], [ 47.905530397218023, 21.914360166341368 ], [ 47.909599765455084, 21.91218912850691 ], [ 47.913139127674519, 21.910009723272378 ], [ 47.919400385204831, 21.903760937770375 ], [ 47.923200258856653, 21.899949856701788 ], [ 47.93135920742467, 21.894509148321589 ], [ 47.935179293170386, 21.892879604292325 ], [ 47.937620464954982, 21.891520942091717 ], [ 47.940879103648122, 21.889070316186409 ], [ 47.943589770017958, 21.887709533787088 ], [ 47.946859637652146, 21.887440710000803 ], [ 47.952570677070945, 21.887449045629698 ], [ 47.957729252589999, 21.88853058934588 ], [ 47.961549338335715, 21.890160183077391 ], [ 47.964810222817071, 21.892329472691127 ], [ 47.968890819995181, 21.894240337354034 ], [ 47.972439165367454, 21.895601057428518 ], [ 47.976499550451678, 21.895309326806451 ], [ 47.979740222839133, 21.894250756393223 ], [ 47.979800859120807, 21.894240337354034 ], [ 47.984119509849222, 21.894240337354034 ], [ 47.989558808894564, 21.894790461582097 ], [ 47.989561054682774, 21.894790461582097 ], [ 47.995539342898589, 21.895869865830377 ], [ 47.999869222568044, 21.896490832138632 ], [ 48.00218013863644, 21.89515095850447 ], [ 48.005030043875308, 21.894769623581837 ], [ 48.007700286057357, 21.894769623581837 ], [ 48.010520996049493, 21.89515095850447 ], [ 48.010579386542958, 21.895159293682642 ], [ 48.013779634742633, 21.896299124707937 ], [ 48.01684064407327, 21.897240989171824 ], [ 48.021970024345592, 21.897620233725128 ], [ 48.025969773148134, 21.897240989171824 ], [ 48.030349060158223, 21.896099081896693 ], [ 48.036630529782428, 21.893240106046424 ], [ 48.04615042600588, 21.889430827571324 ], [ 48.050341066806297, 21.887340682416088 ], [ 48.05375915646237, 21.886400836475108 ], [ 48.061190469650249, 21.883910527373772 ], [ 48.066519725073292, 21.882009944229985 ], [ 48.071080920928409, 21.88048028984435 ], [ 48.074889777733077, 21.879550818814739 ], [ 48.081169001569073, 21.879150685924078 ], [ 48.089550283169906, 21.879730044641452 ], [ 48.096979350569569, 21.880109335764896 ], [ 48.10781977026069, 21.881441014746084 ], [ 48.119630370458644, 21.88238922929207 ], [ 48.12590959429464, 21.882789353099668 ], [ 48.130470790149758, 21.883920947167702 ], [ 48.133900108746893, 21.884819130543963 ], [ 48.13409100074476, 21.884879564953206 ], [ 48.137329427344014, 21.88581942091864 ], [ 48.141140529936891, 21.8862007797769 ], [ 48.145899355154512, 21.886569634095952 ], [ 48.151039964367889, 21.886390416862334 ], [ 48.15751008020176, 21.885629783074013 ], [ 48.163409765830217, 21.885250506628346 ], [ 48.170638958079167, 21.884869145229302 ], [ 48.175970459290419, 21.88506086802731 ], [ 48.177630096777825, 21.885119218392944 ], [ 48.180920176505914, 21.885250506628346 ], [ 48.184300087762409, 21.885619363404913 ], [ 48.184369707196929, 21.885640202742351 ], [ 48.186819862134364, 21.886959326605776 ], [ 48.190630964727248, 21.887719953303488 ], [ 48.19329896112108, 21.887719953303488 ], [ 48.197489601921497, 21.887159382239982 ], [ 48.202809874191693, 21.886780109861839 ], [ 48.210800388643939, 21.886959326605776 ], [ 48.217299699724549, 21.887380276676758 ], [ 48.219758837814823, 21.887540737515359 ], [ 48.219761083603032, 21.887540737515359 ], [ 48.22527898523574, 21.888099223182262 ], [ 48.23178952525739, 21.888249263734988 ], [ 48.234030821891267, 21.888299277217488 ], [ 48.241650781288811, 21.888470156483674 ], [ 48.250400372156136, 21.888470156483674 ], [ 48.258199994610507, 21.888120062157359 ], [ 48.255320894124907, 21.887151046594159 ], [ 48.249609854706108, 21.884869145229302 ], [ 48.245230567696026, 21.882580955423258 ], [ 48.241989895308571, 21.880680354565481 ], [ 48.238760451862156, 21.878400433729549 ], [ 48.235699442531519, 21.875349367497584 ], [ 48.229999632053783, 21.872879706690476 ], [ 48.222009117601537, 21.867729753316382 ], [ 48.216870754176377, 21.863359129139624 ], [ 48.211150731604747, 21.859359380151492 ], [ 48.206969073957168, 21.857270878894344 ], [ 48.200498958123298, 21.853460640242837 ], [ 48.197830961729466, 21.850980178631328 ], [ 48.19536059469813, 21.848130721264209 ], [ 48.193260782721509, 21.844699624048204 ], [ 48.189649555279345, 21.840889050168897 ], [ 48.186599774889757, 21.83728058487851 ], [ 48.180509197263426, 21.833659520364169 ], [ 48.174800403632851, 21.830430295679399 ], [ 48.165280507409392, 21.827000858456671 ], [ 48.158248944522946, 21.82433021848739 ], [ 48.153669782362144, 21.822430927411268 ], [ 48.145679267909905, 21.819770626614037 ], [ 48.140341029334024, 21.818430033099155 ], [ 48.134629989915233, 21.815769657927426 ], [ 48.128918950496441, 21.813670094962308 ], [ 48.125110093691781, 21.811580926272747 ], [ 48.121119328042077, 21.80872025861558 ], [ 48.10854965142903, 21.802250185036819 ], [ 48.095609419761296, 21.79502078837405 ], [ 48.084760016917336, 21.787209210263331 ], [ 48.07961042455112, 21.783789164867315 ], [ 48.073531075865844, 21.779030161077806 ], [ 48.066870068034099, 21.773509769084917 ], [ 48.06097038240565, 21.768370837735532 ], [ 48.057159279812765, 21.76437051945031 ], [ 48.050880055976769, 21.759800676346476 ], [ 48.038689917571268, 21.749899198188327 ], [ 48.025749685903527, 21.739819722556316 ], [ 48.019470462067531, 21.73371996133698 ], [ 48.016229789680068, 21.731060100680242 ], [ 48.013370901288361, 21.729149142956537 ], [ 48.010520996049493, 21.726679046428899 ], [ 48.005189494838241, 21.721540525556641 ], [ 48.001380638033581, 21.716969319999304 ], [ 47.999849010474151, 21.714609594742036 ], [ 47.994849885918029, 21.71444059436568 ], [ 47.98557028903307, 21.714090074433713 ], [ 47.9779009222949, 21.714090074433713 ], [ 47.968980651523594, 21.712660862300197 ], [ 47.956309914441093, 21.709620870449317 ], [ 47.952379785073063, 21.708550494270657 ], [ 47.94809931274424, 21.707129573243723 ], [ 47.944169183376211, 21.704980429617859 ], [ 47.94166962109815, 21.702839600278882 ], [ 47.938999378916108, 21.699630383216462 ], [ 47.937029822655674, 21.696239552752051 ], [ 47.931500692081919, 21.684100768613771 ], [ 47.930429451105603, 21.681250082392605 ], [ 47.929360455917504, 21.677860906223454 ], [ 47.92865078684305, 21.674820179733334 ], [ 47.927738996829667, 21.671969309958754 ], [ 47.926510550678636, 21.670189053023901 ], [ 47.923829079555539, 21.667690812501984 ], [ 47.921329517277471, 21.664119735243094 ], [ 47.919000634903391, 21.658939324584448 ], [ 47.916689718834995, 21.653410147648138 ], [ 47.91454948267058, 21.648590469542022 ], [ 47.913300824425654, 21.644839400387408 ], [ 47.912588909562992, 21.640560098432179 ], [ 47.910799016359384, 21.635739991353685 ], [ 47.909370695057632, 21.63180905303976 ], [ 47.90670045287559, 21.627890533841502 ], [ 47.902949986564394, 21.622180620660306 ], [ 47.897950862008265, 21.614159220883138 ], [ 47.894380058753889, 21.607899631072346 ], [ 47.890629592442686, 21.603090963002231 ], [ 47.878859416432512, 21.588630588079877 ], [ 47.875479505176017, 21.58344955935301 ], [ 47.871890735615956, 21.57773998051454 ], [ 47.869220493433914, 21.572750701981306 ], [ 47.865829353236364, 21.566140530972472 ], [ 47.861719560811508, 21.555260765460609 ], [ 47.859049318629467, 21.549190800757014 ], [ 47.8581397744043, 21.544729026772373 ], [ 47.856900099312213, 21.539199662405569 ], [ 47.856370093294579, 21.53420070177885 ], [ 47.85619043023776, 21.53045084608835 ], [ 47.855660424220126, 21.527419554923959 ], [ 47.854580200090972, 21.524200175051131 ], [ 47.853690867959692, 21.51991939656973 ], [ 47.85334950815173, 21.515820260615275 ], [ 47.853160861942065, 21.512611070433469 ], [ 47.85190995790893, 21.50760910540345 ], [ 47.849230732574043, 21.498860476386422 ], [ 47.847449822523274, 21.491730800845275 ], [ 47.846549261450946, 21.484049083041743 ], [ 47.845469037321791, 21.47762922990735 ], [ 47.844950260245213, 21.472809974485997 ], [ 47.845129923302039, 21.469599835558917 ], [ 47.844950260245213, 21.466740746020616 ], [ 47.844060928113933, 21.463530473360684 ], [ 47.842810024080798, 21.460140382099461 ], [ 47.840660804763537, 21.455500302000107 ], [ 47.839600792728277, 21.451750507750305 ], [ 47.838170225638315, 21.446750632078743 ], [ 47.836029989473907, 21.441930355551197 ], [ 47.833171101082193, 21.437120371865692 ], [ 47.831740533992239, 21.433729666619456 ], [ 47.829959623941463, 21.42943995623915 ], [ 47.828529056851508, 21.425160572771095 ], [ 47.827269169665527, 21.421050406867053 ], [ 47.825499488555813, 21.416770777531074 ], [ 47.823889258409032, 21.413739210439477 ], [ 47.81906979690973, 21.405890295537901 ], [ 47.817821138664804, 21.403029957498486 ], [ 47.81747079570399, 21.400000196298841 ], [ 47.81818046477845, 21.396251067402179 ], [ 47.819790694925238, 21.393930030339497 ], [ 47.82246093710728, 21.39124929124225 ], [ 47.825670168459794, 21.389469771932145 ], [ 47.828710965696544, 21.388739974557115 ], [ 47.833710090252666, 21.387859612420169 ], [ 47.836559995491541, 21.386791042233561 ], [ 47.839059557769595, 21.384829536921291 ], [ 47.841020130877183, 21.383760944604056 ], [ 47.844770597188393, 21.382150722263404 ], [ 47.847090496409628, 21.381970878148728 ], [ 47.849230732574043, 21.38179103381303 ], [ 47.852089620965749, 21.381439709356854 ], [ 47.856370093294579, 21.380540482204299 ], [ 47.866720931155847, 21.378049803269061 ], [ 47.884920798812111, 21.374120258047192 ], [ 47.891700833419002, 21.371980817871428 ], [ 47.894200395697069, 21.370019114067681 ], [ 47.895810625843843, 21.367689295238648 ], [ 47.897420855990632, 21.364129662041318 ], [ 47.898660531082712, 21.360559484745259 ], [ 47.899199520253184, 21.356809345421304 ], [ 47.89937918331001, 21.352879230271014 ], [ 47.899199520253184, 21.348060041556764 ], [ 47.898130525065092, 21.33093014124686 ], [ 47.896340631861477, 21.316300472300501 ], [ 47.894020732640243, 21.293460798244791 ], [ 47.893841069583416, 21.284180381988822 ], [ 47.894200395697069, 21.280610352253074 ], [ 47.894919047924361, 21.277400181194938 ], [ 47.895810625843843, 21.274179476350039 ], [ 47.89669995797513, 21.271149145179422 ], [ 47.89669995797513, 21.267400907533069 ], [ 47.896340631861477, 21.257229329547581 ], [ 47.895449053941988, 21.24794034897802 ], [ 47.894919047924361, 21.244559918912415 ], [ 47.894200395697069, 21.24117103843674 ], [ 47.89331106356579, 21.236170256564041 ], [ 47.891880496475828, 21.23099974284143 ], [ 47.891350490458194, 21.22564063852646 ], [ 47.890458912538712, 21.201909609221723 ], [ 47.88903059123696, 21.186019098258011 ], [ 47.888669019335097, 21.180679302055889 ], [ 47.888130030164625, 21.1755005625641 ], [ 47.887420361090172, 21.169249396089619 ], [ 47.887240698033345, 21.164430477430656 ], [ 47.885819114096229, 21.133020939896145 ], [ 47.885100461868937, 21.129809653736451 ], [ 47.883849557835795, 21.127679231778568 ], [ 47.882780562647696, 21.124451070952393 ], [ 47.882250556630069, 21.121960248606822 ], [ 47.882250556630069, 21.119461004664622 ], [ 47.882780562647696, 21.116779455535262 ], [ 47.883319551818161, 21.113389740480859 ], [ 47.883499214874988, 21.110890352155014 ], [ 47.882780562647696, 21.10285976094778 ], [ 47.882250556630069, 21.099289538640541 ], [ 47.881204019324066, 21.094753304907755 ], [ 47.881179315653753, 21.094650635658631 ], [ 47.880819989540107, 21.090009492429409 ], [ 47.879750994352001, 21.074130028771652 ], [ 47.879750994352001, 21.06912988873502 ], [ 47.879389422450146, 21.060749142932398 ], [ 47.879546627624862, 21.054725779742057 ], [ 47.880379815050887, 21.05388114808656 ], [ 47.887665152005098, 21.04649932453788 ], [ 47.900001266644267, 21.03400053060917 ], [ 48.112666181218515, 20.78933759353669 ], [ 48.183799276991515, 20.707499440879587 ], [ 48.17272080375011, 20.684406730358567 ], [ 47.597608129915741, 19.485602393766978 ], [ 47.561489118129508, 19.410313476541095 ], [ 47.52439992583642, 19.332999814519464 ], [ 47.510835365046219, 19.332817567587725 ], [ 47.504515717022436, 19.33273280150366 ], [ 46.537315371128422, 19.315746909970173 ], [ 45.406989952791143, 19.29589565787958 ], [ 45.405586335159704, 19.304479935068528 ], [ 45.380985971104089, 19.304149289769406 ], [ 45.361667700919099, 19.30388858819693 ], [ 45.210930396243846, 19.244492919701756 ], [ 45.119167489971034, 19.208333666497794 ], [ 45.119167489971034, 19.208333666497794 ] ] ] ] } }
]
}
