{
"type": "FeatureCollection",
"name": "R06",
"crs": { "type": "name", "properties": { "name": "urn:ogc:def:crs:OGC:1.3:CRS84" } },
"features": [
{ "type": "Feature", "properties": { "REG_CODE": "R06", "Region_Nam": "عسير", "region_n_1": "Aseer", "GovCounts": "17", "TotalConfi": 27934, "TotalDeath": 425, "TotalRecov": 27295, "TotalActiv": 214, "TotalCalcu": 3424, "GlobalID": "{f0d13d77-23a0-437f-98bc-6f751bd2a686}", "Shape__Are": 86730844340.800003, "Shape__Len": 1914297.2365900001 }, "geometry": { "type": "MultiPolygon", "coordinates": [ [ [ [ 43.266090022314621, 20.802660058872565 ], [ 43.273640020917846, 20.800500059986476 ], [ 43.279030022217029, 20.799420059020417 ], [ 43.286580021718557, 20.797270059224303 ], [ 43.297370020769399, 20.796190058646321 ], [ 43.308150021571144, 20.792950060072648 ], [ 43.3232500205742, 20.789710059111513 ], [ 43.334040021421679, 20.789710059111513 ], [ 43.343740020876439, 20.787560058681912 ], [ 43.354530020825607, 20.78432005874485 ], [ 43.370710021175633, 20.781090059348553 ], [ 43.382570022426016, 20.777850059134561 ], [ 43.38904002058058, 20.775700058615968 ], [ 43.396590021878744, 20.775700058615968 ], [ 43.412770021330459, 20.775700058615968 ], [ 43.433250020688646, 20.777850059134561 ], [ 43.446200022433416, 20.775700058615968 ], [ 43.455910021933931, 20.772460058667527 ], [ 43.465620021434447, 20.770300059287905 ], [ 43.476400022236177, 20.764910059043647 ], [ 43.48719002128702, 20.761670060362757 ], [ 43.495820022135518, 20.759520058894211 ], [ 43.506600021140613, 20.759520058894211 ], [ 43.516310022437764, 20.759520058894211 ], [ 43.533560022292377, 20.759520058894211 ], [ 43.545430020893548, 20.759520059734207 ], [ 43.554060020843735, 20.758440058775449 ], [ 43.565920021195794, 20.757360060180478 ], [ 43.573470020697329, 20.751970058780369 ], [ 43.581020021097181, 20.744420059716528 ], [ 43.5939600218979, 20.737950059766323 ], [ 43.606900021800293, 20.729320058693126 ], [ 43.622000021701666, 20.722850059347625 ], [ 43.637100020704736, 20.714220059693844 ], [ 43.652200022402745, 20.70451005992982 ], [ 43.666220020957162, 20.699120059026491 ], [ 43.681320021756861, 20.692650059263709 ], [ 43.691030022155687, 20.689410059397979 ], [ 43.701810021160789, 20.689410060238362 ], [ 43.71691002196048, 20.6872600587146 ], [ 43.729870021954369, 20.686180059172841 ], [ 43.743880022259674, 20.682940059810047 ], [ 43.755740021713422, 20.682940059810047 ], [ 43.767610021212917, 20.682940059810047 ], [ 43.784860021965841, 20.68079005906263 ], [ 43.789840021389573, 20.680650060154644 ], [ 43.793750022207021, 20.67674005986343 ], [ 43.807720022329356, 20.647920059254325 ], [ 43.812540021021192, 20.640590059107318 ], [ 43.817350022362248, 20.63170005924496 ], [ 43.819020021916451, 20.624840058784738 ], [ 43.821660022314454, 20.620450059995157 ], [ 43.821720021690602, 20.620400058927512 ], [ 43.824550022059405, 20.618900058779637 ], [ 43.826710022058386, 20.618070058732194 ], [ 43.831210021083088, 20.617570059680741 ], [ 43.834380022108832, 20.61774005934064 ], [ 43.837880021050822, 20.618400059090213 ], [ 43.840870022151513, 20.618740059730253 ], [ 43.844540021871133, 20.618740059730253 ], [ 43.847200020564003, 20.618240058674722 ], [ 43.849860021951798, 20.617740060181415 ], [ 43.857860021715126, 20.613740059384057 ], [ 43.860200021639173, 20.613070059091871 ], [ 43.862530022415775, 20.613070059091871 ], [ 43.873520023279795, 20.614570058645995 ], [ 43.878680021730261, 20.614910058587725 ], [ 43.880680021895671, 20.614570058645995 ], [ 43.883350022430911, 20.613570058622631 ], [ 43.886010022022077, 20.612080059063654 ], [ 43.88902002231594, 20.611070058850967 ], [ 43.89133002210275, 20.610410059290231 ], [ 43.893510022193212, 20.609240059997912 ], [ 43.895500022312881, 20.606580058910989 ], [ 43.897000021987786, 20.603750059371343 ], [ 43.898670022440307, 20.600250059929074 ], [ 43.901000021420288, 20.597070060395502 ], [ 43.903830021789091, 20.593590059195247 ], [ 43.906500021426012, 20.590590058673094 ], [ 43.909840022331068, 20.588260060139149 ], [ 43.913320022079894, 20.584920059407004 ], [ 43.915330022291052, 20.583260058910732 ], [ 43.917160021678832, 20.581590059625057 ], [ 43.920490021639829, 20.579610058871715 ], [ 43.923320022008639, 20.576760059257232 ], [ 43.925490022053353, 20.573270059184274 ], [ 43.927650022052333, 20.57010005898907 ], [ 43.929320020708232, 20.567770058769486 ], [ 43.931980022096042, 20.564940059102529 ], [ 43.936650021898373, 20.560770058681179 ], [ 43.940980021942075, 20.556280059349533 ], [ 43.941810022145468, 20.554440059119827 ], [ 43.943460020709885, 20.552610058889304 ], [ 43.945640021698658, 20.550780058613853 ], [ 43.94847002116915, 20.547950058797301 ], [ 43.95247002239828, 20.540620058667599 ], [ 43.954300020887757, 20.538450059911501 ], [ 43.956800022441996, 20.536620059217562 ], [ 43.960130022402993, 20.533790058928222 ], [ 43.962460022281292, 20.532630059378825 ], [ 43.964790023057894, 20.530130058742486 ], [ 43.9662900227328, 20.528630058774361 ], [ 43.967790022407698, 20.526790058933127 ], [ 43.969620021795478, 20.526130059240785 ], [ 43.969620021795478, 20.524300059240225 ], [ 43.968290021999884, 20.522800059333228 ], [ 43.967790022407698, 20.521130059642225 ], [ 43.967960022287002, 20.519970059189152 ], [ 43.968290021999884, 20.518630058748094 ], [ 43.969960021554101, 20.517630058737666 ], [ 43.974790022088321, 20.517470057860621 ], [ 43.981450022010314, 20.517630058737666 ], [ 43.98678002213672, 20.519300058752137 ], [ 43.99528002239056, 20.519970059189152 ], [ 44.001940022312553, 20.520800059305571 ], [ 44.005940020846751, 20.521300059028121 ], [ 44.008430022355249, 20.521470059066527 ], [ 44.010760022233541, 20.521130058800914 ], [ 44.015090022277235, 20.519460059399272 ], [ 44.018760021996869, 20.517630058737666 ], [ 44.024760020696469, 20.51447005925532 ], [ 44.026590021880885, 20.513300059331712 ], [ 44.029920021841882, 20.512300059006666 ], [ 44.034080022006272, 20.511470059086779 ], [ 44.037750021725891, 20.509970059681621 ], [ 44.042410020584164, 20.508310058696992 ], [ 44.057570021658314, 20.507640059407656 ], [ 44.062730021905416, 20.507140058832217 ], [ 44.066730022236236, 20.506640059990332 ], [ 44.069570021752469, 20.505310059031061 ], [ 44.072230021343643, 20.503140058584872 ], [ 44.073230022324665, 20.501640059229867 ], [ 44.07140002203856, 20.498980059090439 ], [ 44.07006002309555, 20.497490059927287 ], [ 44.069900022363662, 20.496310057619219 ], [ 44.069900023261987, 20.493480060275452 ], [ 44.070720023419632, 20.492320059954032 ], [ 44.07140002203856, 20.490650060333941 ], [ 44.07140002203856, 20.489320060292002 ], [ 44.070720023419632, 20.487820060327852 ], [ 44.061730021822704, 20.483490059182827 ], [ 44.057070022066114, 20.480490060134183 ], [ 44.051080021615626, 20.476990059185521 ], [ 44.047080022183131, 20.473830059113887 ], [ 44.043250021731616, 20.469660059105884 ], [ 44.040250022381819, 20.466180057819912 ], [ 44.038410022049973, 20.463000059407591 ], [ 44.036750021643186, 20.459840059165188 ], [ 44.036080022171674, 20.457670060091601 ], [ 44.035750021560489, 20.454170058967982 ], [ 44.035250021968288, 20.446680058826946 ], [ 44.034750022376095, 20.441850059285738 ], [ 44.034420021764895, 20.436690060011923 ], [ 44.035580022579488, 20.432850057716141 ], [ 44.036080022171674, 20.42819005794934 ], [ 44.036580021763868, 20.424190057613743 ], [ 44.037080022254386, 20.417700058735129 ], [ 44.037910021559469, 20.412870059204856 ], [ 44.038750021808603, 20.408360058727357 ], [ 44.03958002201199, 20.404710058604067 ], [ 44.040080021604183, 20.400710057712313 ], [ 44.04041002221539, 20.396540058944851 ], [ 44.041250021566206, 20.392710059279565 ], [ 44.041250021566206, 20.389710060156656 ], [ 44.042080020871282, 20.386880059067245 ], [ 44.042580022260104, 20.3840600594053 ], [ 44.042410020584164, 20.380550059078505 ], [ 44.041910021890288, 20.375560059071415 ], [ 44.041080022585206, 20.371560057980862 ], [ 44.041410023196406, 20.368560059218822 ], [ 44.042750022139423, 20.365900058679962 ], [ 44.044410021647899, 20.363060058666679 ], [ 44.045240020952967, 20.359900059039855 ], [ 44.044910022138403, 20.356070059135092 ], [ 44.044750022304832, 20.354570057592667 ], [ 44.044750022304832, 20.352070059143553 ], [ 44.045410021730603, 20.348740058939242 ], [ 44.045410021730603, 20.345580059405545 ], [ 44.044580022425521, 20.342240058626544 ], [ 44.043750023120438, 20.336750059108944 ], [ 44.043080021852298, 20.334420060067544 ], [ 44.042750022139423, 20.330580058186097 ], [ 44.043250021731616, 20.326090059289971 ], [ 44.043580021444498, 20.322590058879666 ], [ 44.045080022017714, 20.318100058879601 ], [ 44.047410021896006, 20.310430059409676 ], [ 44.049240022182104, 20.305770059005539 ], [ 44.049410022061416, 20.303100059108509 ], [ 44.049410021163105, 20.300440059357491 ], [ 44.048910020672594, 20.296940057754561 ], [ 44.048750020839023, 20.293780058277875 ], [ 44.049080022348541, 20.289110059365271 ], [ 44.050240022264809, 20.284950058660634 ], [ 44.051910021819019, 20.280780058960129 ], [ 44.053740021206814, 20.276780058086757 ], [ 44.054740021289518, 20.272620057718136 ], [ 44.055070021900711, 20.268460058703333 ], [ 44.055570022391215, 20.264290058897707 ], [ 44.055570022391215, 20.260460059180353 ], [ 44.056070021983416, 20.257300057897286 ], [ 44.056570020677299, 20.251470058978583 ], [ 44.056890022141062, 20.243800058940611 ], [ 44.05740002177901, 20.235640058931413 ], [ 44.058070021250508, 20.231980058943225 ], [ 44.059070022231531, 20.228650058207325 ], [ 44.060400022027117, 20.225490058915828 ], [ 44.061900021702023, 20.223480058631107 ], [ 44.063400022275232, 20.219320060129125 ], [ 44.063900021867433, 20.216820059317914 ], [ 44.064730022070826, 20.213990059296112 ], [ 44.065060021783701, 20.211490057987433 ], [ 44.065400022440649, 20.208830057912081 ], [ 44.066560022356917, 20.205820058753616 ], [ 44.069570021752469, 20.199830059093166 ], [ 44.070230022076551, 20.196830059385611 ], [ 44.070720023419632, 20.194170059244509 ], [ 44.071560021872138, 20.191010058764551 ], [ 44.073230022324665, 20.187510058788803 ], [ 44.077060022776173, 20.181180058415539 ], [ 44.079390021756147, 20.173850059241044 ], [ 44.080060022125977, 20.171020059286697 ], [ 44.081050022162934, 20.166690059087216 ], [ 44.081890022412068, 20.164360058910571 ], [ 44.082550021837839, 20.161190059285911 ], [ 44.08222002212495, 20.155690057904405 ], [ 44.082050022245639, 20.148030058595069 ], [ 44.081720021634446, 20.141870059077398 ], [ 44.081720021634446, 20.13871005919432 ], [ 44.081720021634446, 20.135040058991624 ], [ 44.081890022412068, 20.13154005931904 ], [ 44.082050023143964, 20.128540058669664 ], [ 44.082550021837839, 20.125550058767537 ], [ 44.08389002167916, 20.123050059218347 ], [ 44.085050021595436, 20.119220058372196 ], [ 44.085550021187636, 20.115050058641515 ], [ 44.085720021965265, 20.108390059122303 ], [ 44.085050021595436, 20.105730059291911 ], [ 44.084880021716138, 20.102890058660975 ], [ 44.083390022086974, 20.099730058982995 ], [ 44.081720023431068, 20.097730058115697 ], [ 44.080390021838852, 20.094720059132516 ], [ 44.079890023144976, 20.091900058220372 ], [ 44.079560020737148, 20.088400059416518 ], [ 44.079220021876836, 20.081740059343858 ], [ 44.079890023144976, 20.07674005860116 ], [ 44.080890021431053, 20.071750058875207 ], [ 44.08222002212495, 20.067250059111668 ], [ 44.083890020780856, 20.063250058375257 ], [ 44.084720021882561, 20.059750058658256 ], [ 44.085550022085954, 20.057090059212019 ], [ 44.088880022046958, 20.04893005889646 ], [ 44.09072002237879, 20.045600059127096 ], [ 44.093050022257088, 20.041770058741381 ], [ 44.096880020911975, 20.036770059383972 ], [ 44.100710022261794, 20.031940058605674 ], [ 44.103870022343472, 20.029270058641668 ], [ 44.107540022961416, 20.025780059156144 ], [ 44.110200021654272, 20.023440059089754 ], [ 44.113370021781698, 20.020940059044772 ], [ 44.115700020761679, 20.017950059255313 ], [ 44.11720002223322, 20.014620058775968 ], [ 44.119370022277934, 20.011950059259124 ], [ 44.122030022767433, 20.008120057650636 ], [ 44.123530022442331, 20.005950058325801 ], [ 44.124690022358607, 20.003280057712523 ], [ 44.125180021905052, 20.001290058898164 ], [ 44.125180021006734, 20.000290059086506 ], [ 44.124360021747407, 19.997960057833598 ], [ 44.124530023423347, 19.995960059358005 ], [ 44.125530021709423, 19.992960059175118 ], [ 44.126190022033505, 19.989970057880118 ], [ 44.127360021995521, 19.986470058988328 ], [ 44.131520022159911, 19.982970059159232 ], [ 44.137520021757837, 19.977470059020938 ], [ 44.140850022617151, 19.973970057701489 ], [ 44.143350022374747, 19.97148005868118 ], [ 44.144350021559141, 19.968810058010455 ], [ 44.145180021762535, 19.965810059320262 ], [ 44.14585002123404, 19.961810059264192 ], [ 44.146850022215062, 19.958980059305134 ], [ 44.147850022297767, 19.957320059093021 ], [ 44.149350021972673, 19.95699005912649 ], [ 44.151510021971653, 19.957820058085428 ], [ 44.153340022257744, 19.95915005927688 ], [ 44.155170021645532, 19.959820057630218 ], [ 44.156010021894666, 19.958320058870829 ], [ 44.156840022098059, 19.955810057719567 ], [ 44.157840023079082, 19.953990059401495 ], [ 44.159510021734981, 19.952820059350611 ], [ 44.162500021937355, 19.953150057904871 ], [ 44.165000021694951, 19.952650059314347 ], [ 44.167500022350886, 19.951150058260698 ], [ 44.170670021579994, 19.944830059006666 ], [ 44.174000022439301, 19.939000059393724 ], [ 44.175160022355591, 19.934830058190094 ], [ 44.175830021827089, 19.931840058587046 ], [ 44.176660022928793, 19.928840058164681 ], [ 44.177660022113187, 19.925670057853612 ], [ 44.178160022603699, 19.923170058301931 ], [ 44.17834002163044, 19.921340059213865 ], [ 44.177990021826069, 19.918840058751304 ], [ 44.175990021660652, 19.915510059418839 ], [ 44.173000022356597, 19.911680057655598 ], [ 44.171170022070498, 19.908520058315734 ], [ 44.169830022229164, 19.904520057633221 ], [ 44.169330021738659, 19.900520058885167 ], [ 44.170670023376623, 19.896020058347254 ], [ 44.17183002239458, 19.893520058994877 ], [ 44.174330022152191, 19.888860057741063 ], [ 44.176160022438289, 19.887200059330638 ], [ 44.178490022316581, 19.885190058863479 ], [ 44.179820022112168, 19.883030059169339 ], [ 44.181160021953502, 19.879870058138035 ], [ 44.181820022277577, 19.876700058399358 ], [ 44.182320021869778, 19.872540058305955 ], [ 44.183490021831794, 19.870040057592519 ], [ 44.185160022284315, 19.865380057696164 ], [ 44.186990021672102, 19.862880058988821 ], [ 44.189320022448712, 19.859210059226506 ], [ 44.191820022206315, 19.8557100578263 ], [ 44.193980022205295, 19.853220057638424 ], [ 44.196820022619846, 19.851720059351859 ], [ 44.200650022173036, 19.849050057639339 ], [ 44.204640021559804, 19.845220057861937 ], [ 44.206810021604525, 19.842220058141649 ], [ 44.206810023401161, 19.840050058222115 ], [ 44.206640020826896, 19.83756005911874 ], [ 44.20598002229945, 19.834900058398372 ], [ 44.205810022420131, 19.832730059019202 ], [ 44.20598002229945, 19.82990005765809 ], [ 44.206810023401161, 19.828900057725004 ], [ 44.208140021400112, 19.827230059185858 ], [ 44.211470022259427, 19.826400058245785 ], [ 44.213470022424836, 19.826400058245785 ], [ 44.215140021979046, 19.825900058193614 ], [ 44.216140022061751, 19.824900057595315 ], [ 44.217140022144456, 19.824400058739432 ], [ 44.217140022144456, 19.822240058722663 ], [ 44.214970022099735, 19.818740057948915 ], [ 44.212970021934325, 19.815910057622226 ], [ 44.211470023157744, 19.813420058858565 ], [ 44.210810021037027, 19.810410058077942 ], [ 44.210310023241469, 19.807910057720477 ], [ 44.209630021927588, 19.805580057822507 ], [ 44.20798002336317, 19.804750057962391 ], [ 44.204640021559804, 19.805910058895734 ], [ 44.200650022173036, 19.807580058260427 ], [ 44.197810021758492, 19.80808005930087 ], [ 44.195320022944941, 19.80808005930087 ], [ 44.194320021963918, 19.807080059029104 ], [ 44.193650021594102, 19.80541005864163 ], [ 44.194320021963918, 19.804250059133892 ], [ 44.195480020981876, 19.802250059095197 ], [ 44.195480021880201, 19.800920058773233 ], [ 44.195150022167319, 19.800250057584581 ], [ 44.193490021760532, 19.799750058139452 ], [ 44.190320021633099, 19.799420057814181 ], [ 44.187990022653125, 19.798250058831137 ], [ 44.186990022570413, 19.795090059107839 ], [ 44.18632002220059, 19.791090058948054 ], [ 44.18632002220059, 19.78742005772099 ], [ 44.187160021551414, 19.782760057900266 ], [ 44.187820021875488, 19.7804300575844 ], [ 44.187660021143614, 19.776420058346087 ], [ 44.188320023264325, 19.774090058303127 ], [ 44.189490023226341, 19.772100058723623 ], [ 44.191650022327003, 19.771270059334533 ], [ 44.197150023231046, 19.769430058315336 ], [ 44.199480022211013, 19.768280057883032 ], [ 44.201310023395429, 19.766940057889855 ], [ 44.203310021764217, 19.766270058319428 ], [ 44.20598002229945, 19.765110057768698 ], [ 44.209480022139765, 19.764440058116964 ], [ 44.211960020907568, 19.763770059031625 ], [ 44.214970022099735, 19.761940058881859 ], [ 44.218470022838368, 19.760260058994024 ], [ 44.220970020799342, 19.758610058304466 ], [ 44.22313002169664, 19.757440058048402 ], [ 44.226460022555955, 19.75395005822099 ], [ 44.230470022034197, 19.747950059257391 ], [ 44.232630022033177, 19.744450058416199 ], [ 44.234630022198594, 19.741620057993178 ], [ 44.235960021994181, 19.738950058110674 ], [ 44.23713002195619, 19.736790059320569 ], [ 44.23713002195619, 19.734790059131516 ], [ 44.236460021586375, 19.73113005811355 ], [ 44.236130021873493, 19.728130058825389 ], [ 44.236130021873493, 19.721130058760679 ], [ 44.23579002301318, 19.716140058940443 ], [ 44.234960021911476, 19.710140058651042 ], [ 44.233630022115882, 19.703640058594367 ], [ 44.232800022810807, 19.698150057836969 ], [ 44.232130022440984, 19.692320058352681 ], [ 44.231460022071168, 19.688990058022636 ], [ 44.230470022034197, 19.684820058258964 ], [ 44.228960022313558, 19.68116005889636 ], [ 44.227960022230853, 19.675990058747509 ], [ 44.227790022351535, 19.672830058253322 ], [ 44.228140022155905, 19.669330057619707 ], [ 44.229130022192862, 19.666670057658997 ], [ 44.229790021618633, 19.663670057808915 ], [ 44.230130022275574, 19.661500057877642 ], [ 44.229290022026433, 19.658670059373371 ], [ 44.224960021982739, 19.653340058042907 ], [ 44.221630022920046, 19.650010059041879 ], [ 44.219470022022755, 19.648180059044524 ], [ 44.217300022876351, 19.646010057689097 ], [ 44.216800022385833, 19.644680057666559 ], [ 44.216800020589211, 19.643350057621841 ], [ 44.218140023125486, 19.642350058975389 ], [ 44.21980002173563, 19.641020058238784 ], [ 44.224960022881049, 19.638690058035436 ], [ 44.230130023173892, 19.635690057861748 ], [ 44.233460022236571, 19.633350058230384 ], [ 44.235790022114863, 19.63170005932044 ], [ 44.237960022159598, 19.631020059268049 ], [ 44.239960023223311, 19.629860057760801 ], [ 44.242450022036863, 19.6273600581709 ], [ 44.246630022292742, 19.622360059057424 ], [ 44.249780022328679, 19.619530057612007 ], [ 44.251780023392413, 19.617200057935868 ], [ 44.253450022946623, 19.614700057710461 ], [ 44.253950021640506, 19.612200058381589 ], [ 44.253950021640506, 19.610040058057635 ], [ 44.253950021640506, 19.609370058322124 ], [ 44.253280023067312, 19.606870058213381 ], [ 44.250950022290709, 19.602210057629662 ], [ 44.248120021023581, 19.597380058004724 ], [ 44.246120021756489, 19.59371005800244 ], [ 44.241950022444669, 19.590220057778012 ], [ 44.236280021661322, 19.586220058701024 ], [ 44.23129002219185, 19.581720058084194 ], [ 44.225460021574932, 19.577220057851669 ], [ 44.222130021613928, 19.574890058303133 ], [ 44.217140022144456, 19.571730058125627 ], [ 44.213970021118719, 19.570230058853273 ], [ 44.208810021769928, 19.569060058616891 ], [ 44.203810022254721, 19.568560058052487 ], [ 44.199810021923902, 19.568560058052487 ], [ 44.195480021880201, 19.568560058052487 ], [ 44.190820022123617, 19.568230058421623 ], [ 44.186160022367027, 19.567730057821858 ], [ 44.181660022444014, 19.566730057894578 ], [ 44.177660022113187, 19.565900058398558 ], [ 44.173000022356597, 19.56556005764654 ], [ 44.168500022433584, 19.563900058416298 ], [ 44.166340023332914, 19.563560057678657 ], [ 44.164000021612253, 19.562570058219229 ], [ 44.163170022307177, 19.560570058406604 ], [ 44.162340023002095, 19.557900057752398 ], [ 44.160840023327196, 19.556570058011751 ], [ 44.158340021772958, 19.55490005878185 ], [ 44.155670022136036, 19.553910058643396 ], [ 44.153510022137056, 19.553060057823885 ], [ 44.151010022379452, 19.549910059008404 ], [ 44.148180022010649, 19.546240057996524 ], [ 44.147680023316767, 19.544080057757306 ], [ 44.148010022131338, 19.541750057655907 ], [ 44.148180022010649, 19.538750058109361 ], [ 44.147680022418456, 19.535750058693129 ], [ 44.146180020946922, 19.533420057745097 ], [ 44.145350021641846, 19.530590057333541 ], [ 44.144350020660831, 19.528420058020352 ], [ 44.142850021884236, 19.524760057778494 ], [ 44.141020021598138, 19.52226005923875 ], [ 44.138520021840534, 19.52009005811389 ], [ 44.135530021638161, 19.518260058686703 ], [ 44.132350022363305, 19.517090059299147 ], [ 44.128020022319603, 19.516930058362817 ], [ 44.123530022442331, 19.516260057696194 ], [ 44.120030021703698, 19.515590059332858 ], [ 44.118700022806429, 19.514430058090433 ], [ 44.11887002178743, 19.513260058924406 ], [ 44.120360022314898, 19.510930057959811 ], [ 44.122700021340627, 19.509600058299515 ], [ 44.125860021422305, 19.507770057828342 ], [ 44.12969002187382, 19.506100057775917 ], [ 44.13335002244601, 19.50394005770459 ], [ 44.136520021675125, 19.500600057807286 ], [ 44.139350022942246, 19.497940058039685 ], [ 44.143020020865229, 19.49578005826223 ], [ 44.147510021640826, 19.492790058347623 ], [ 44.149510022704547, 19.491280058015708 ], [ 44.153510022137056, 19.486950057970017 ], [ 44.15684002299637, 19.483780058805664 ], [ 44.159850020595279, 19.482120057625732 ], [ 44.162180022270213, 19.480110057764023 ], [ 44.164510022148505, 19.477780057985665 ], [ 44.167000022758685, 19.475450057724473 ], [ 44.169170021905089, 19.472790058057523 ], [ 44.170670023376623, 19.470620058327789 ], [ 44.17183002239458, 19.468790056754916 ], [ 44.174330022152191, 19.464790058369204 ], [ 44.177660022113187, 19.461800058096838 ], [ 44.180490021583665, 19.46045005789362 ], [ 44.183490021831794, 19.459460058788963 ], [ 44.186990021672102, 19.459130058308961 ], [ 44.196320022129335, 19.458960057953618 ], [ 44.205140022050315, 19.458300057675171 ], [ 44.214970022099735, 19.458460058117659 ], [ 44.232130022440984, 19.458120056671049 ], [ 44.242450022036863, 19.458800058851434 ], [ 44.248620023310721, 19.459460058788963 ], [ 44.254110022372387, 19.459960058082647 ], [ 44.263280022097732, 19.459960058082647 ], [ 44.272770020591899, 19.460130058236665 ], [ 44.281430021577634, 19.460630058005457 ], [ 44.289920021785719, 19.463460059094018 ], [ 44.296430021919896, 19.46629005821449 ], [ 44.300420021306657, 19.469460058298395 ], [ 44.30192002187988, 19.471620057676063 ], [ 44.302750022083266, 19.474450058298192 ], [ 44.302920021962578, 19.477120058114757 ], [ 44.304080022777171, 19.479280057854851 ], [ 44.305920022210699, 19.480450057968181 ], [ 44.309250022171696, 19.480110057764023 ], [ 44.315070021844555, 19.479780057829885 ], [ 44.317740022379787, 19.479620058107422 ], [ 44.321740021812296, 19.480450057968181 ], [ 44.324570022181092, 19.481620057252169 ], [ 44.328730022345489, 19.484120058080471 ], [ 44.333560021981391, 19.487950058133841 ], [ 44.340560021662014, 19.493440057725962 ], [ 44.3437200217437, 19.495610058255576 ], [ 44.345550022029798, 19.496770058140136 ], [ 44.347390022361644, 19.496770058140136 ], [ 44.348050021787408, 19.495440058917161 ], [ 44.349050022768424, 19.493280057951804 ], [ 44.349050021870113, 19.486280057623091 ], [ 44.348890022036542, 19.480280057955309 ], [ 44.349720023138246, 19.477450058386321 ], [ 44.350550022443322, 19.475450059418304 ], [ 44.352890022367355, 19.470460058028827 ], [ 44.354720021755142, 19.466290057367523 ], [ 44.356220022328358, 19.463290058196439 ], [ 44.357550022123945, 19.45730005662703 ], [ 44.35888002281785, 19.452970058232285 ], [ 44.360880022084949, 19.44830005775821 ], [ 44.362880022250359, 19.444470057634824 ], [ 44.364540022657138, 19.44081005783481 ], [ 44.368040021599143, 19.434150059271747 ], [ 44.370710022134375, 19.430810057750051 ], [ 44.372540020623845, 19.426150058585272 ], [ 44.376040023159099, 19.421320057956766 ], [ 44.378200022259762, 19.41799005839389 ], [ 44.380370023202808, 19.417320057849363 ], [ 44.385030022959384, 19.41782005901036 ], [ 44.390200023252227, 19.417160058373003 ], [ 44.388190022142759, 19.414150057725404 ], [ 44.385700023329214, 19.410330059066109 ], [ 44.384860022181762, 19.407830058268384 ], [ 44.384030021978361, 19.404000058002755 ], [ 44.384030021978361, 19.399670058709241 ], [ 44.383530023284486, 19.395840058673198 ], [ 44.383370021654287, 19.391010057613535 ], [ 44.384030021978361, 19.388180059354465 ], [ 44.385030022061073, 19.385340057639716 ], [ 44.386200022921408, 19.382010057908492 ], [ 44.387870021577307, 19.379020057761235 ], [ 44.388530021901389, 19.376850057786797 ], [ 44.388860023410892, 19.374520057840371 ], [ 44.388190022142759, 19.371340057827524 ], [ 44.387360021939365, 19.369010058752888 ], [ 44.387030022226483, 19.36636005820132 ], [ 44.387360021939365, 19.365190059230954 ], [ 44.389020022346159, 19.363200057674096 ], [ 44.391860022760696, 19.361030058073389 ], [ 44.393860022926106, 19.357860057627395 ], [ 44.395020022842381, 19.35503005819761 ], [ 44.395860022193204, 19.349530058649492 ], [ 44.396010022879345, 19.345540057714548 ], [ 44.396520023415597, 19.341200058174021 ], [ 44.396360022683716, 19.337720057867365 ], [ 44.3956900223139, 19.334210057830781 ], [ 44.394190021740677, 19.331710057934568 ], [ 44.38919002222547, 19.324710057927994 ], [ 44.387530022716994, 19.321720057709431 ], [ 44.387030022226483, 19.319890057826637 ], [ 44.387200023004112, 19.31822005794147 ], [ 44.388360022022077, 19.317220056593634 ], [ 44.395020022842381, 19.317890057579632 ], [ 44.401190022319618, 19.317720058032322 ], [ 44.407020022038218, 19.318060057797862 ], [ 44.411680021794808, 19.317720058880063 ], [ 44.415840021959205, 19.316550057947744 ], [ 44.418340021716801, 19.315220057585776 ], [ 44.419180022864253, 19.313890058271518 ], [ 44.420180022946951, 19.313720058803092 ], [ 44.422180023112368, 19.314720057825298 ], [ 44.424840022703542, 19.316550057947744 ], [ 44.429840023117073, 19.318390056968735 ], [ 44.436490022095015, 19.319390057940019 ], [ 44.443330022840378, 19.318720058016531 ], [ 44.448160023374598, 19.317550058308196 ], [ 44.45465002341728, 19.317550058308196 ], [ 44.45865002195147, 19.316220059300758 ], [ 44.462980022893497, 19.314890057949356 ], [ 44.466150022122612, 19.3143900580273 ], [ 44.469810021796484, 19.314550058372209 ], [ 44.474480021598815, 19.314720057825298 ], [ 44.476310021884906, 19.314390057179544 ], [ 44.47815002311507, 19.313720057955329 ], [ 44.47964002184591, 19.312220058126364 ], [ 44.479970023355428, 19.310560058245969 ], [ 44.479970023355428, 19.309560058365616 ], [ 44.478310022050323, 19.308230057094864 ], [ 44.47597002212629, 19.30723005822647 ], [ 44.474640022330696, 19.305560057887234 ], [ 44.473810023025621, 19.304060056966733 ], [ 44.473640022247999, 19.3022300578013 ], [ 44.474640022330696, 19.300720056746808 ], [ 44.475480022579838, 19.299060057147063 ], [ 44.475640022413408, 19.297570057985375 ], [ 44.474640022330696, 19.296230058031487 ], [ 44.47165002212833, 19.294400057769959 ], [ 44.468810021713786, 19.291730056695528 ], [ 44.467310022038887, 19.28874005801767 ], [ 44.466650022613116, 19.28541005821139 ], [ 44.465980022243293, 19.283080057599847 ], [ 44.46315002187449, 19.27958005783908 ], [ 44.447660022884087, 19.264750057851039 ], [ 44.446490022023745, 19.26375005798473 ], [ 44.44583002169967, 19.261760057717694 ], [ 44.44533002210747, 19.258590058144982 ], [ 44.44583002169967, 19.255420058354368 ], [ 44.446660021903064, 19.251590058163469 ], [ 44.449160022558985, 19.247260057949518 ], [ 44.451160022724395, 19.244430058027291 ], [ 44.452650023251877, 19.241600057649102 ], [ 44.45232002264067, 19.240100058025217 ], [ 44.44983002203049, 19.237090057760625 ], [ 44.447660022884087, 19.234270058008896 ], [ 44.447660022884087, 19.231940058413691 ], [ 44.449160022558985, 19.229770058016776 ], [ 44.452490023418299, 19.227610058130843 ], [ 44.456490022850808, 19.225940059006138 ], [ 44.46131002333928, 19.224780057953016 ], [ 44.465480021752775, 19.223610058305471 ], [ 44.473490021561851, 19.222780057817761 ], [ 44.475820023236778, 19.221780058376101 ], [ 44.478810021642516, 19.220280058406704 ], [ 44.483960021843878, 19.216780058960339 ], [ 44.486470021647229, 19.21412005836433 ], [ 44.486970022137733, 19.211450058364989 ], [ 44.487300022748926, 19.208790058060821 ], [ 44.486800023156732, 19.207950058401511 ], [ 44.48480002299133, 19.207450058021525 ], [ 44.482640022094024, 19.206290057970484 ], [ 44.480640021928622, 19.204120059083134 ], [ 44.479300022985598, 19.201140058822155 ], [ 44.479800021679488, 19.197130056676958 ], [ 44.479970023355428, 19.1893000578184 ], [ 44.479800021679488, 19.185300057730057 ], [ 44.478810021642516, 19.181140058378215 ], [ 44.476970023107313, 19.174640057190317 ], [ 44.475820023236778, 19.171480056587757 ], [ 44.474310021719504, 19.169150057616598 ], [ 44.472810022942916, 19.166820057101173 ], [ 44.471480022249018, 19.165980057119352 ], [ 44.469810022694801, 19.166470058053207 ], [ 44.466810022446687, 19.170150057877972 ], [ 44.4651500220399, 19.174140058289915 ], [ 44.46315002187449, 19.17881005941106 ], [ 44.462310021625356, 19.180640057994516 ], [ 44.462310021625356, 19.184140056802413 ], [ 44.462310021625356, 19.186800057697386 ], [ 44.461810022033163, 19.189800058207865 ], [ 44.460320022403998, 19.192630058055038 ], [ 44.455650021703349, 19.196790058925277 ], [ 44.452490021621671, 19.200130058092125 ], [ 44.449490023170185, 19.201630056950986 ], [ 44.446660022801375, 19.202630057641215 ], [ 44.443830023330889, 19.202790057628683 ], [ 44.441000022063776, 19.202630057641215 ], [ 44.439330023407877, 19.201630056950986 ], [ 44.438330022426854, 19.199630057695739 ], [ 44.43783002283466, 19.197130058373684 ], [ 44.43750002222346, 19.195130057868948 ], [ 44.43716002156652, 19.192630058055038 ], [ 44.436330022261451, 19.190470058079608 ], [ 44.434830021688228, 19.18880005675879 ], [ 44.43317002307807, 19.187970057908501 ], [ 44.430170021931644, 19.187470057900175 ], [ 44.427010021849959, 19.18697005722186 ], [ 44.425010021684542, 19.18580005838902 ], [ 44.422840021639828, 19.184300057796502 ], [ 44.422180023112368, 19.182140057985769 ], [ 44.421840021557117, 19.179970058002418 ], [ 44.421180022131352, 19.177310057094285 ], [ 44.421010022252034, 19.175310057648289 ], [ 44.420840022372722, 19.172810058139529 ], [ 44.42051002176153, 19.170810058375178 ], [ 44.420340021882218, 19.167980057796704 ], [ 44.42084002327104, 19.165650057713048 ], [ 44.421180022131352, 19.162320056823805 ], [ 44.421010023150359, 19.159820057151059 ], [ 44.418340021716801, 19.154990058085367 ], [ 44.413340022201595, 19.145660057623047 ], [ 44.409860023351079, 19.140500057653799 ], [ 44.409350021916516, 19.138000058316848 ], [ 44.408680022445004, 19.133500057813936 ], [ 44.408180022852818, 19.130670057958511 ], [ 44.407020022038218, 19.127340058128276 ], [ 44.406350021668402, 19.124340059422241 ], [ 44.406020022853824, 19.121180057909992 ], [ 44.405520022363319, 19.118680058128859 ], [ 44.404520022280607, 19.116350058042755 ], [ 44.402690021994523, 19.113680058018698 ], [ 44.394360021619988, 19.107020057792393 ], [ 44.39036002308579, 19.103690057690596 ], [ 44.385860022264467, 19.101850057767159 ], [ 44.38220002169227, 19.100690057631919 ], [ 44.37837002213908, 19.098690057648227 ], [ 44.374040022095365, 19.096860057931309 ], [ 44.370040022662863, 19.093520057938743 ], [ 44.367870021719831, 19.091690057932301 ], [ 44.366710021803549, 19.088530058223071 ], [ 44.366210022211355, 19.085530058418801 ], [ 44.366870021637119, 19.082030057588319 ], [ 44.367870021719831, 19.078040058078226 ], [ 44.369380022338788, 19.073540056927438 ], [ 44.370210021643864, 19.069040056678215 ], [ 44.37100002166428, 19.063140058024498 ], [ 44.371210021726569, 19.061550058106857 ], [ 44.372370021642844, 19.05304005814909 ], [ 44.373370021725549, 19.044220058299274 ], [ 44.374210021974683, 19.038560057897026 ], [ 44.374710021566877, 19.034400057787018 ], [ 44.375700021603841, 19.029900057339802 ], [ 44.376200022094352, 19.026410057611486 ], [ 44.376540021852975, 19.019420057992239 ], [ 44.376700021686553, 19.01491005817817 ], [ 44.376370021973663, 19.011080057896962 ], [ 44.375370021890966, 19.004920058392589 ], [ 44.375040022178077, 19.001090058236844 ], [ 44.375210022057395, 18.997250058412437 ], [ 44.375040022178077, 18.992090057819006 ], [ 44.375040022178077, 18.986930056976586 ], [ 44.374870023197076, 18.982930058273791 ], [ 44.37371002238249, 18.977100057797301 ], [ 44.372710023198096, 18.973270058175338 ], [ 44.372370021642844, 18.97060005701022 ], [ 44.372540022420466, 18.967440057825787 ], [ 44.37304002201266, 18.964270057236977 ], [ 44.374210022873001, 18.959280056766698 ], [ 44.376540021852975, 18.951450058364525 ], [ 44.377540021935687, 18.946950058322152 ], [ 44.377540021935687, 18.943120057863716 ], [ 44.37770002176925, 18.939960057249976 ], [ 44.376540021852975, 18.937620058393644 ], [ 44.374210021974683, 18.935130058241661 ], [ 44.371210022624886, 18.933800058282142 ], [ 44.369210021561166, 18.933630058188374 ], [ 44.366370022044926, 18.933630058188374 ], [ 44.362050022046965, 18.935290056647837 ], [ 44.358220021595457, 18.936620058337027 ], [ 44.350720022322641, 18.937120058264174 ], [ 44.341390021865408, 18.937960058782128 ], [ 44.334560022064096, 18.937620058393644 ], [ 44.330230022020388, 18.938120057026019 ], [ 44.325570022263804, 18.9386200584097 ], [ 44.320900021563162, 18.939790058328782 ], [ 44.3189100214435, 18.940460058221888 ], [ 44.317070022009972, 18.941960057251439 ], [ 44.315570022335066, 18.942620058060786 ], [ 44.31374002115065, 18.944950057778797 ], [ 44.312910021845575, 18.947780058397363 ], [ 44.313240021558457, 18.950280057758466 ], [ 44.312910021845575, 18.952280058148194 ], [ 44.311080023356105, 18.952950058032801 ], [ 44.307750023395108, 18.951780057749318 ], [ 44.29625002199483, 18.946290057639995 ], [ 44.293920022116552, 18.945290057684151 ], [ 44.291590022238253, 18.94479005673405 ], [ 44.289090021582339, 18.944290057684857 ], [ 44.28676002170404, 18.943620057018737 ], [ 44.281930022068138, 18.942960057613902 ], [ 44.277920021691578, 18.942290056707769 ], [ 44.275100023165145, 18.941960057251439 ], [ 44.271770023204148, 18.94079005724441 ], [ 44.267270020586189, 18.939790058328782 ], [ 44.251950023271725, 18.934130057720303 ], [ 44.248960022171033, 18.932960058083431 ], [ 44.245950022775489, 18.930960057359702 ], [ 44.243450022119568, 18.9293000583558 ], [ 44.237960022159598, 18.927130058091127 ], [ 44.233460022236571, 18.925130057254911 ], [ 44.229630021785063, 18.923300057705649 ], [ 44.226800022314578, 18.920800057233357 ], [ 44.22413002088102, 18.918470057153908 ], [ 44.221800021901046, 18.915800057139805 ], [ 44.220300023124466, 18.913470057059961 ], [ 44.218470022838368, 18.909980057667905 ], [ 44.216970023163462, 18.907480057737878 ], [ 44.215310021858357, 18.90548005808698 ], [ 44.20648002189165, 18.89981005765911 ], [ 44.198980022618827, 18.894990057824437 ], [ 44.192820023187338, 18.891650057111629 ], [ 44.188320022366007, 18.89015005711601 ], [ 44.185490021997197, 18.889490058232429 ], [ 44.180490021583665, 18.888990057809906 ], [ 44.176330021419282, 18.889320058137287 ], [ 44.172500021866092, 18.889490058232429 ], [ 44.167990021897332, 18.889320058137287 ], [ 44.164340022269194, 18.889810057243345 ], [ 44.16034002193836, 18.889810057243345 ], [ 44.157170021810941, 18.89015005711601 ], [ 44.155840022015347, 18.890490057998143 ], [ 44.153010021646551, 18.891650057961552 ], [ 44.151180022258764, 18.892820057689256 ], [ 44.147850022297767, 18.896820056941955 ], [ 44.14585002123404, 18.898480057156732 ], [ 44.144020021846266, 18.89981005765911 ], [ 44.142180023311049, 18.89981005765911 ], [ 44.14019002319138, 18.89915005776604 ], [ 44.139010022285305, 18.897820057967859 ], [ 44.135690022370042, 18.891150058039603 ], [ 44.135020022898544, 18.887990057585661 ], [ 44.134690023185662, 18.88432005730354 ], [ 44.134690022287344, 18.881330057901977 ], [ 44.134350021630411, 18.878490057709502 ], [ 44.13302002183481, 18.87533005726732 ], [ 44.131690021140912, 18.872500057899565 ], [ 44.130020021586695, 18.869670056649991 ], [ 44.12919002317993, 18.867000056888003 ], [ 44.128020022319603, 18.864500057057047 ], [ 44.125530021709423, 18.862000057356877 ], [ 44.121700023054544, 18.860850057357396 ], [ 44.116870021622013, 18.85967005668666 ], [ 44.11437002186441, 18.85917005824972 ], [ 44.112200022718, 18.858520057713498 ], [ 44.109700022062079, 18.857670058247013 ], [ 44.106870021693283, 18.857170058099104 ], [ 44.103040021241767, 18.855840056589241 ], [ 44.100380021650587, 18.854340058265709 ], [ 44.099380021567882, 18.852340058343533 ], [ 44.099040021809259, 18.849180057318975 ], [ 44.098880021975688, 18.846350057058412 ], [ 44.098710022994695, 18.844020056704988 ], [ 44.09721002062485, 18.841520057916522 ], [ 44.094550021931987, 18.840030057339661 ], [ 44.092710021600148, 18.837350057684443 ], [ 44.090550021601167, 18.83537005804369 ], [ 44.089550022416773, 18.833860056783035 ], [ 44.089230021851321, 18.83136005808829 ], [ 44.088380021556439, 18.828860057901714 ], [ 44.085880021798843, 18.826360057079359 ], [ 44.08272002081884, 18.824200057397249 ], [ 44.078060021960567, 18.822200058164892 ], [ 44.072560021056518, 18.820200057243209 ], [ 44.069230021095528, 18.818040058330414 ], [ 44.063900020969122, 18.814200057976738 ], [ 44.065000022407567, 18.81293005774215 ], [ 44.068010021803111, 18.811930057417133 ], [ 44.07404002243657, 18.811680057894929 ], [ 44.082070023235445, 18.809670057688486 ], [ 44.087850021827023, 18.80691005726165 ], [ 44.094120021761675, 18.803650057045484 ], [ 44.097890021938731, 18.800380056891541 ], [ 44.101150021579528, 18.795620057364935 ], [ 44.102020021965892, 18.793650057950611 ], [ 44.103210022917708, 18.792710057143019 ], [ 44.10620002222177, 18.7903800565818 ], [ 44.109700022062079, 18.786890057205447 ], [ 44.113870022272209, 18.783890058154142 ], [ 44.120360022314898, 18.779880058169876 ], [ 44.124530021626718, 18.776890057868417 ], [ 44.126530021792128, 18.7757300569798 ], [ 44.131520022159911, 18.771740057854529 ], [ 44.133520022325328, 18.769230056606954 ], [ 44.134520022408033, 18.766230057029972 ], [ 44.134850022120915, 18.7637300572977 ], [ 44.134690022287344, 18.76207005805594 ], [ 44.13302002183481, 18.760730056845489 ], [ 44.131520022159911, 18.759570057053239 ], [ 44.128690020892797, 18.759070056999832 ], [ 44.125180021905052, 18.759240057898761 ], [ 44.122530020562984, 18.758570057165695 ], [ 44.120520021250158, 18.756740058337272 ], [ 44.119870022768453, 18.755070057665577 ], [ 44.119370022277934, 18.753070057314318 ], [ 44.119370022277934, 18.751740056968842 ], [ 44.1185300220288, 18.750570057356278 ], [ 44.116870021622013, 18.750740058312534 ], [ 44.114530021697981, 18.75208005720377 ], [ 44.112530022430889, 18.753570057285142 ], [ 44.110370022431894, 18.754410057269531 ], [ 44.108870022756996, 18.754410057269531 ], [ 44.10737002218378, 18.754070056625142 ], [ 44.104540022713302, 18.752910056976756 ], [ 44.101710023242809, 18.751240058381313 ], [ 44.098880021975688, 18.749410058320017 ], [ 44.097210022421478, 18.748570057267951 ], [ 44.095210022256069, 18.748080058055574 ], [ 44.09288002237777, 18.74808005720492 ], [ 44.09072002237879, 18.748740057686611 ], [ 44.08872002221338, 18.748910057083407 ], [ 44.087380022372052, 18.748910057083407 ], [ 44.078560021552754, 18.741080058400218 ], [ 44.074560022120252, 18.736080056841029 ], [ 44.070720021623004, 18.732250058099265 ], [ 44.067400021707748, 18.728760058007428 ], [ 44.065400022440649, 18.725920056867807 ], [ 44.064730022070826, 18.723590057638294 ], [ 44.063900021867433, 18.720590057788645 ], [ 44.059570021823731, 18.717260057948153 ], [ 44.057900022269514, 18.715430057340864 ], [ 44.057240021945432, 18.713430057309882 ], [ 44.056400021696298, 18.709600056730736 ], [ 44.055400021613593, 18.70710005766437 ], [ 44.053740022105124, 18.706100057735078 ], [ 44.051740021939708, 18.70627005833569 ], [ 44.048910020672594, 18.705780057292351 ], [ 44.046580022590931, 18.704270057222271 ], [ 44.044910022138403, 18.700770056898271 ], [ 44.042250021648918, 18.697610058278958 ], [ 44.03958002201199, 18.691440056584028 ], [ 44.03758002184658, 18.689110058169831 ], [ 44.03508002208897, 18.687270057359221 ], [ 44.032420021599485, 18.68545005725414 ], [ 44.03059002131338, 18.683950056926854 ], [ 44.029080021592748, 18.68195005767479 ], [ 44.027760022741205, 18.679620057237752 ], [ 44.026420022001574, 18.678620058412385 ], [ 44.024590021715468, 18.679620057237752 ], [ 44.022930022206992, 18.680620056970408 ], [ 44.021430021633776, 18.681120056751347 ], [ 44.019260020690744, 18.68095005728069 ], [ 44.01693002171077, 18.679790058042617 ], [ 44.015260022156554, 18.678290057820028 ], [ 44.014590021786731, 18.676290057296665 ], [ 44.014760021666035, 18.672290056943194 ], [ 44.013930022360967, 18.669130057271232 ], [ 44.010760022233541, 18.666630056577475 ], [ 44.008430022355249, 18.665630057725782 ], [ 44.004270022190852, 18.660970057107303 ], [ 44.001280021988478, 18.657630057243395 ], [ 43.997610022268859, 18.65513005729202 ], [ 43.994290022353603, 18.653470056935763 ], [ 43.991610021772615, 18.652640057903795 ], [ 43.989280021894324, 18.650800057083782 ], [ 43.987280020830603, 18.647310056739308 ], [ 43.984780021971311, 18.642980057101287 ], [ 43.984780021073, 18.640140057906347 ], [ 43.986450022423838, 18.635980057217537 ], [ 43.989280021894324, 18.63215005669921 ], [ 43.99128002205974, 18.627990057027358 ], [ 43.990930022255363, 18.625650058170425 ], [ 43.989280021894324, 18.622160057872041 ], [ 43.987280021728921, 18.619820057091882 ], [ 43.984280022379124, 18.618320058122489 ], [ 43.983450022175724, 18.616330058021759 ], [ 43.98262002197233, 18.613660056823214 ], [ 43.98012002221472, 18.612330057415068 ], [ 43.977460021725236, 18.610500058401865 ], [ 43.975460021559819, 18.608660057609754 ], [ 43.974290021597803, 18.60683005658575 ], [ 43.972960022700526, 18.603830058142499 ], [ 43.973120020737475, 18.600490057246617 ], [ 43.973470022338468, 18.596500057080906 ], [ 43.974120020820173, 18.592510057079839 ], [ 43.976790022253724, 18.588180056722081 ], [ 43.979450021844904, 18.585680057221047 ], [ 43.982950020786895, 18.583010057246238 ], [ 43.985780022054023, 18.581180058158388 ], [ 43.987780022219425, 18.581180057306899 ], [ 43.989780022384842, 18.582010056880808 ], [ 43.991440021893311, 18.583350057038537 ], [ 43.992780021734646, 18.585680057221047 ], [ 43.994440021243108, 18.586180058012332 ], [ 43.996770022019724, 18.58584005790636 ], [ 43.997940022880044, 18.583850057854889 ], [ 43.998270021694623, 18.580020058085946 ], [ 43.998270021694623, 18.576520057018801 ], [ 43.998440021573941, 18.573690058293039 ], [ 43.999270020879003, 18.571190056586968 ], [ 44.000940022229848, 18.568190057255219 ], [ 44.00227002292376, 18.56602005702209 ], [ 44.002770021617636, 18.563860057336584 ], [ 44.001770022433242, 18.561190058003483 ], [ 43.999440021656639, 18.559190057778846 ], [ 43.996940021899036, 18.55753005813467 ], [ 43.995110023409566, 18.55703005679122 ], [ 43.99328002222515, 18.556530057389434 ], [ 43.991610020874312, 18.555200057403276 ], [ 43.990110022097717, 18.553530056620854 ], [ 43.987780023117743, 18.551870058138309 ], [ 43.984620022137747, 18.550530057635061 ], [ 43.980620021806914, 18.550370057889005 ], [ 43.976620022374419, 18.550200057994545 ], [ 43.972790021024586, 18.549370057782557 ], [ 43.969120021304974, 18.548200056747099 ], [ 43.966130022000904, 18.547870056861797 ], [ 43.963790022076871, 18.54787005771345 ], [ 43.960630021995186, 18.548030057247139 ], [ 43.957470021913494, 18.549870056864581 ], [ 43.955470021748091, 18.549870057716223 ], [ 43.954800022276579, 18.549030058388055 ], [ 43.955140022035202, 18.547870056861797 ], [ 43.955640021627396, 18.546200057624773 ], [ 43.957470021913494, 18.544370057981386 ], [ 43.960630021995186, 18.541540058355242 ], [ 43.961950020846714, 18.539870056845338 ], [ 43.962300022447714, 18.537540057027233 ], [ 43.961130021587373, 18.536040057831087 ], [ 43.958970021588399, 18.535380058135697 ], [ 43.957130022154871, 18.535040057297813 ], [ 43.955470020849774, 18.53288005832059 ], [ 43.952970021990481, 18.529710057104804 ], [ 43.949470022150173, 18.523380057063054 ], [ 43.946810021660681, 18.519720057119674 ], [ 43.945640021698658, 18.517890056739013 ], [ 43.945310021985783, 18.515890058123798 ], [ 43.945640020800347, 18.514060057659389 ], [ 43.945970022309865, 18.511390057745629 ], [ 43.946140022189169, 18.50839005592206 ], [ 43.945470021819347, 18.506230056838305 ], [ 43.944640023412589, 18.504560058034688 ], [ 43.937650021981078, 18.499400057404149 ], [ 43.929990021976366, 18.492570058166667 ], [ 43.923320022008639, 18.486070057171375 ], [ 43.920490021639829, 18.482580056967546 ], [ 43.917660021271026, 18.481250056952732 ], [ 43.915490021226297, 18.479080057376549 ], [ 43.913830021717835, 18.476410057424051 ], [ 43.913830021717835, 18.474580056859679 ], [ 43.91483002180054, 18.472250057692559 ], [ 43.917660022169343, 18.470920057642505 ], [ 43.923320022008639, 18.469750056958315 ], [ 43.927320022339458, 18.468750056857516 ], [ 43.934480021853645, 18.46808005706481 ], [ 43.941130021729897, 18.467750056891855 ], [ 43.946140022189169, 18.466590058218017 ], [ 43.952300021620651, 18.465750057367444 ], [ 43.959960020727046, 18.464250057123063 ], [ 43.964460020650066, 18.463420056703693 ], [ 43.968460021879203, 18.462920057254447 ], [ 43.975460020661508, 18.462920057254447 ], [ 43.979450021844904, 18.463250057344112 ], [ 43.981780021723196, 18.462760057395673 ], [ 43.983280022296412, 18.461760056602792 ], [ 43.985780022054023, 18.459920057234132 ], [ 43.987450021608232, 18.458590057041313 ], [ 43.989610021607213, 18.458590057893417 ], [ 43.994110022428544, 18.459250057047676 ], [ 43.996940021899036, 18.458760056756269 ], [ 43.998610022351563, 18.457930057053549 ], [ 43.999110021943757, 18.456590058128977 ], [ 43.999110022842075, 18.454590057219015 ], [ 43.99744002238954, 18.453260056633948 ], [ 43.996770022019724, 18.451600057128328 ], [ 43.997770021204104, 18.449600056892503 ], [ 43.999770022267839, 18.447100056865818 ], [ 44.001280021090167, 18.444930056606331 ], [ 44.001280021090167, 18.44293005795641 ], [ 43.999440021656639, 18.441100056630194 ], [ 43.997940021981741, 18.439940056854191 ], [ 43.99528002239056, 18.439270057970734 ], [ 43.992110023161452, 18.438440056965241 ], [ 43.990610022588235, 18.436770056759045 ], [ 43.988600022377085, 18.433270057034328 ], [ 43.985120021729941, 18.428610057245912 ], [ 43.984280022379124, 18.426610057034132 ], [ 43.981290022176744, 18.425950056913635 ], [ 43.977620023355435, 18.424950056605226 ], [ 43.972460022210022, 18.424110056659572 ], [ 43.967620021630069, 18.422450056817354 ], [ 43.962630021262278, 18.419950057342895 ], [ 43.957630021747072, 18.41712005706481 ], [ 43.954470021665387, 18.414110056610223 ], [ 43.951970021907776, 18.409620057419531 ], [ 43.950300022353566, 18.405620056782212 ], [ 43.947300022105452, 18.402290057608965 ], [ 43.945310021985783, 18.400630056989915 ], [ 43.942310021737661, 18.40030005686538 ], [ 43.939140021610235, 18.40196005810801 ], [ 43.935680021952891, 18.405180057576192 ], [ 43.931810022216723, 18.408790057366382 ], [ 43.929820022097068, 18.411620057404377 ], [ 43.929150021727231, 18.415120057070766 ], [ 43.930320021689262, 18.419120056824173 ], [ 43.932480020789924, 18.422450056817354 ], [ 43.935150022223475, 18.426440057890932 ], [ 43.937480022101767, 18.428280057079057 ], [ 43.937310022222455, 18.430440056903812 ], [ 43.936980021611255, 18.432600056863983 ], [ 43.937650021981078, 18.43493005724703 ], [ 43.939140021610235, 18.438770057229043 ], [ 43.939140021610235, 18.441100056630194 ], [ 43.937310022222455, 18.442270056581993 ], [ 43.935320022102786, 18.442270056581993 ], [ 43.933150022058058, 18.441100056630194 ], [ 43.930820022179766, 18.438270057589186 ], [ 43.92932002160655, 18.437770058199 ], [ 43.925820021766235, 18.44010005667176 ], [ 43.922640021593068, 18.442600057160032 ], [ 43.920490021639829, 18.443770057123356 ], [ 43.918660022252048, 18.444270056950018 ], [ 43.91649002220732, 18.443100056983063 ], [ 43.914660021921222, 18.441770056900072 ], [ 43.913990021551399, 18.439770057257622 ], [ 43.912490020978183, 18.437770057346796 ], [ 43.910990022201602, 18.435270057325074 ], [ 43.910660021590402, 18.43194005757746 ], [ 43.910660021590402, 18.428440058375376 ], [ 43.91033002187752, 18.426610057886389 ], [ 43.908660022323303, 18.424780058377937 ], [ 43.906500022324323, 18.424450057679675 ], [ 43.906330020648383, 18.423450057172495 ], [ 43.906330020648383, 18.421950056590386 ], [ 43.905830021954507, 18.419950057342895 ], [ 43.904330022279602, 18.419450056667923 ], [ 43.90367002195552, 18.420950056890153 ], [ 43.902330022114185, 18.422280056971434 ], [ 43.900830022439287, 18.422950057295505 ], [ 43.899830020559953, 18.422780057091458 ], [ 43.898830022273884, 18.421100056619174 ], [ 43.899170021134189, 18.419120056824173 ], [ 43.899000022153196, 18.417280056810135 ], [ 43.897500021579972, 18.416620056688668 ], [ 43.896340021663704, 18.417280055957836 ], [ 43.894340022396612, 18.417780056973008 ], [ 43.893070021977159, 18.417570057354308 ], [ 43.892050020904662, 18.416280057239423 ], [ 43.891790022410291, 18.415120057070766 ], [ 43.892030021711491, 18.41238005827746 ], [ 43.892830020879337, 18.409450056830849 ], [ 43.893500022147478, 18.405860057037525 ], [ 43.89319002162776, 18.403180056933341 ], [ 43.892280021956736, 18.400070057618681 ], [ 43.890210022369445, 18.39513005733021 ], [ 43.888380022083346, 18.391470057388482 ], [ 43.887560021925694, 18.390080057363321 ], [ 43.886190021947144, 18.388380057350204 ], [ 43.88531002241335, 18.386750057857956 ], [ 43.884290022239156, 18.384570058240001 ], [ 43.884010021856675, 18.382470057307991 ], [ 43.884360021661031, 18.379310057236857 ], [ 43.884360021661031, 18.374810057275216 ], [ 43.88368002304211, 18.371150057314566 ], [ 43.882850021940399, 18.368810058004225 ], [ 43.881020021654294, 18.366320057247034 ], [ 43.879350022100084, 18.364310056971924 ], [ 43.876520021731288, 18.362980057820753 ], [ 43.872350022419461, 18.360980056959413 ], [ 43.867860021643878, 18.358820056638304 ], [ 43.865360021886268, 18.356660058282191 ], [ 43.862690022249346, 18.354820057285675 ], [ 43.860690022083936, 18.353320056980994 ], [ 43.858530022084963, 18.34983005735452 ], [ 43.858200020575445, 18.347330056680946 ], [ 43.857860021715126, 18.343490058136624 ], [ 43.856820022347776, 18.340680056688296 ], [ 43.856510021828058, 18.336370057361478 ], [ 43.854960021924448, 18.332660056782956 ], [ 43.853110022445179, 18.329260057605257 ], [ 43.850650021073911, 18.326800057038927 ], [ 43.848490021973241, 18.324330056944703 ], [ 43.846940022069631, 18.321550056939419 ], [ 43.845400022211756, 18.319080057791215 ], [ 43.844470021550933, 18.316000056813355 ], [ 43.843550021834169, 18.311990057390744 ], [ 43.844780022070651, 18.307960057142964 ], [ 43.847250021691025, 18.303350057210537 ], [ 43.850030021831117, 18.300570058021741 ], [ 43.852810021072891, 18.298100057225938 ], [ 43.853730020789655, 18.295320057379168 ], [ 43.854350021829077, 18.292250057374471 ], [ 43.854530021754137, 18.289030058366443 ], [ 43.85336002089381, 18.287030057022879 ], [ 43.852020021052475, 18.285030058196757 ], [ 43.849690021174176, 18.282700057204536 ], [ 43.849030020850094, 18.281040055613666 ], [ 43.848540021303641, 18.278040056843565 ], [ 43.848870021914841, 18.27670005667165 ], [ 43.849200023424359, 18.275040057370642 ], [ 43.848370021424337, 18.274210055602648 ], [ 43.846870020851114, 18.272870057410767 ], [ 43.844200022112517, 18.271540057394933 ], [ 43.843040022196234, 18.269710056604776 ], [ 43.841370021743707, 18.26638005737918 ], [ 43.839870022068801, 18.264710057928767 ], [ 43.838380020643015, 18.26471005707571 ], [ 43.837380022356946, 18.263050057398655 ], [ 43.836210022394923, 18.260880056821716 ], [ 43.835210022312218, 18.259550057070967 ], [ 43.833710020840691, 18.259550057070967 ], [ 43.831710021573599, 18.26038005728293 ], [ 43.83005002206513, 18.260880056821716 ], [ 43.828710021325477, 18.259550057070967 ], [ 43.826760022287097, 18.256690057921162 ], [ 43.826550022224822, 18.256380056920239 ], [ 43.82488002177228, 18.254050056870646 ], [ 43.821550021811291, 18.250220056993768 ], [ 43.81905002205368, 18.249220057384161 ], [ 43.81889002222011, 18.249220057384161 ], [ 43.814390023195408, 18.249220057384161 ], [ 43.814230021565201, 18.249220057384161 ], [ 43.811730021807605, 18.249220057384161 ], [ 43.811570021974028, 18.249210056958027 ], [ 43.808540020690373, 18.249070057756821 ], [ 43.808400021846609, 18.249070057756821 ], [ 43.799730020815133, 18.250380056840854 ], [ 43.799570021879887, 18.250390057199638 ], [ 43.796410020899877, 18.250710055580253 ], [ 43.796280022101854, 18.250710055580253 ], [ 43.790880021655248, 18.250390057199638 ], [ 43.790740021913159, 18.250400056704734 ], [ 43.785740022397952, 18.251210058215193 ], [ 43.783240021742031, 18.252720056004804 ], [ 43.779740021003406, 18.254720056952188 ], [ 43.779580021169828, 18.254720056952188 ], [ 43.777410022023425, 18.254720056952188 ], [ 43.777250021291536, 18.254710055989531 ], [ 43.775380021720785, 18.254560056836535 ], [ 43.772900022054664, 18.255030056650245 ], [ 43.769580022139408, 18.257220057745368 ], [ 43.76942002140752, 18.25722005689228 ], [ 43.767250022261116, 18.257370057160539 ], [ 43.767090022427546, 18.257380056263845 ], [ 43.764580021725877, 18.257540057194209 ], [ 43.764430021039736, 18.257550057140826 ], [ 43.760930022097746, 18.255720057321877 ], [ 43.756910021675438, 18.252340057299673 ], [ 43.749400020560238, 18.250770056757293 ], [ 43.749250021670733, 18.250760057273499 ], [ 43.742390020833881, 18.245520056652815 ], [ 43.739570021409136, 18.240270056647564 ], [ 43.737150022017474, 18.235430056926813 ], [ 43.735130021760568, 18.231390056670413 ], [ 43.736340021905562, 18.228170056908681 ], [ 43.740790020701553, 18.226550056413021 ], [ 43.740940022286004, 18.22655005726627 ], [ 43.749640021658074, 18.22655005726627 ], [ 43.7528800221057, 18.224940057161859 ], [ 43.758540021046684, 18.218890056855457 ], [ 43.764180021692802, 18.212430056585735 ], [ 43.769020022272755, 18.205570057268844 ], [ 43.774250021941732, 18.197100055981533 ], [ 43.776280022244379, 18.189030056640451 ], [ 43.775470021234156, 18.182170057132151 ], [ 43.773950020569451, 18.178140056686271 ], [ 43.771060020824507, 18.178260056983124 ], [ 43.770930022026484, 18.178240057366118 ], [ 43.768750021936015, 18.17778005700751 ], [ 43.768610022193933, 18.17778005700751 ], [ 43.764260022058735, 18.178080056933634 ], [ 43.764100021326854, 18.178110056812528 ], [ 43.758380022111417, 18.178920056713906 ], [ 43.758260021562513, 18.178920058420864 ], [ 43.756080022370355, 18.178440056846927 ], [ 43.75459002184288, 18.176940056860214 ], [ 43.753760020741176, 18.174940056735867 ], [ 43.7529300214361, 18.17310005676033 ], [ 43.751430021761202, 18.171090056369643 ], [ 43.748740021134481, 18.17012005678049 ], [ 43.748600021392399, 18.170090056381703 ], [ 43.74642002220024, 18.169460057058497 ], [ 43.743600021877192, 18.167440056578823 ], [ 43.739270021833484, 18.165110057001328 ], [ 43.733770020929448, 18.161110057254653 ], [ 43.731270022070156, 18.158450056381923 ], [ 43.72728002178507, 18.152620057001563 ], [ 43.723610021167133, 18.147790057103947 ], [ 43.720120021372573, 18.143280057102203 ], [ 43.717450020837333, 18.13546005661809 ], [ 43.716620022430568, 18.132300057271465 ], [ 43.716620022430568, 18.128800056597992 ], [ 43.716780022264146, 18.124800056706157 ], [ 43.716780022264146, 18.122140056671036 ], [ 43.716950021245133, 18.11864005773332 ], [ 43.716450021652939, 18.11581005740933 ], [ 43.715620022347871, 18.111810057005968 ], [ 43.71479002214447, 18.108980057321443 ], [ 43.712950021812624, 18.104150056731832 ], [ 43.711290022304155, 18.099980055925919 ], [ 43.7084000216609, 18.09662005696579 ], [ 43.705010021425444, 18.092920056579278 ], [ 43.702540020906753, 18.089210057339315 ], [ 43.699770020812402, 18.086440057031862 ], [ 43.696680021050923, 18.083350056734652 ], [ 43.692980022092385, 18.079650057393518 ], [ 43.689270021291463, 18.075330056170777 ], [ 43.68681002171683, 18.070700056820652 ], [ 43.685260020914903, 18.066380055716809 ], [ 43.684340021198146, 18.062990057350628 ], [ 43.684970022283302, 18.058180056883742 ], [ 43.684970021384991, 18.055330057283907 ], [ 43.686130021301267, 18.052180056823278 ], [ 43.687970021633113, 18.049350057129018 ], [ 43.690800022001916, 18.043180057126946 ], [ 43.693630022370712, 18.037690056084358 ], [ 43.695460020860189, 18.03569005731897 ], [ 43.697460021025599, 18.034020056809517 ], [ 43.700960021764217, 18.029190056185225 ], [ 43.703960022012332, 18.026530056629248 ], [ 43.706460021769942, 18.024040056982692 ], [ 43.707950021399107, 18.021710057003087 ], [ 43.708620021768922, 18.02003005726726 ], [ 43.708620021768922, 18.018030056905378 ], [ 43.707300022019076, 18.016370057247553 ], [ 43.707140021287195, 18.016350057094556 ], [ 43.705610022373385, 18.01590005732314 ], [ 43.705460021687237, 18.015840056697257 ], [ 43.702960021031316, 18.014700057154162 ], [ 43.700790021884913, 18.011360057320339 ], [ 43.697300022090339, 18.005210057345792 ], [ 43.694470021721528, 17.999880056671941 ], [ 43.691630021306992, 17.99488005669506 ], [ 43.689270021291463, 17.992330056597176 ], [ 43.683720021955352, 17.987080057394145 ], [ 43.678160020776851, 17.982770056589835 ], [ 43.674770022338031, 17.979990057164692 ], [ 43.672000021345362, 17.976290056626521 ], [ 43.66953002082667, 17.973500056912954 ], [ 43.667990020968794, 17.967340057118609 ], [ 43.667370021726015, 17.9636400556331 ], [ 43.66781002194206, 17.959570056813703 ], [ 43.666650021127474, 17.958080056885716 ], [ 43.664490022026804, 17.956900055797036 ], [ 43.662820021574284, 17.954570056965856 ], [ 43.65915002185465, 17.95241005623544 ], [ 43.658490022428886, 17.950080057206254 ], [ 43.659480021567539, 17.947740056846296 ], [ 43.661820022389882, 17.944750057155463 ], [ 43.664320022147493, 17.942420057217419 ], [ 43.666650021127474, 17.94108005660474 ], [ 43.668310020635936, 17.940080057240166 ], [ 43.66797002087732, 17.939080057352676 ], [ 43.666480022146473, 17.938080056942638 ], [ 43.664820021739686, 17.936080057120321 ], [ 43.65915002185465, 17.932250055810609 ], [ 43.654990020791956, 17.928260057334942 ], [ 43.651320021072323, 17.924760056600654 ], [ 43.64866002237946, 17.922590055874991 ], [ 43.644500021316752, 17.920260055748898 ], [ 43.639500020903228, 17.918100056828383 ], [ 43.637500020737818, 17.915760056848441 ], [ 43.635170020859519, 17.913930057075891 ], [ 43.633000021713123, 17.912100056359083 ], [ 43.631340022204647, 17.911270057410587 ], [ 43.631180022371076, 17.91126005565912 ], [ 43.62901002142803, 17.910940056584174 ], [ 43.628850020696149, 17.910930057378422 ], [ 43.624180021792135, 17.910930057378422 ], [ 43.624020021958572, 17.910890056275861 ], [ 43.621170020599962, 17.909960057373233 ], [ 43.618170022148476, 17.907600057139462 ], [ 43.618010021416595, 17.905270055699848 ], [ 43.618010021416595, 17.903440056206286 ], [ 43.618010021416595, 17.901940056020209 ], [ 43.617180021213194, 17.90111005738396 ], [ 43.617020022277948, 17.90111005738396 ], [ 43.615180021946109, 17.90111005738396 ], [ 43.613350020761693, 17.900110057215834 ], [ 43.612850022067818, 17.898110057064681 ], [ 43.613850022150523, 17.893950056681302 ], [ 43.615350021825421, 17.890450055609559 ], [ 43.61734002194509, 17.887460056831717 ], [ 43.620500022026768, 17.884450056736586 ], [ 43.622180020728415, 17.882800056912526 ], [ 43.622680022117237, 17.880120057104111 ], [ 43.622510022237918, 17.878120057411138 ], [ 43.621010020766398, 17.875960055771461 ], [ 43.61935002215624, 17.874460055899455 ], [ 43.619190022322663, 17.874460055899455 ], [ 43.617020022277948, 17.874460056754412 ], [ 43.616860020647742, 17.874460055899455 ], [ 43.612670022142751, 17.876600057253931 ], [ 43.612520022354921, 17.876630057253486 ], [ 43.609680021042067, 17.877290055961918 ], [ 43.609580022381266, 17.877280057424684 ], [ 43.609520022106807, 17.877280057424684 ], [ 43.607680020876657, 17.876980056588984 ], [ 43.607190021330204, 17.875620057332277 ], [ 43.606520020960389, 17.873130056751041 ], [ 43.607850020755969, 17.866290056927173 ], [ 43.609855346134388, 17.862840898628189 ], [ 43.610850021902401, 17.861130056768914 ], [ 43.611850021985106, 17.858630057094771 ], [ 43.612360020724736, 17.855470056147194 ], [ 43.614690020603014, 17.848970056311938 ], [ 43.619510021091493, 17.839810057390576 ], [ 43.622510022237918, 17.834650057104074 ], [ 43.624680021384336, 17.830980056942568 ], [ 43.624680021384336, 17.828820056638978 ], [ 43.622340022358607, 17.825990056812014 ], [ 43.621340022275909, 17.824320056343545 ], [ 43.619010020600982, 17.820320055700822 ], [ 43.618850020767411, 17.820300055643091 ], [ 43.617180022111512, 17.820000057073472 ], [ 43.617020022277948, 17.819990057026935 ], [ 43.614350021742716, 17.819990057026935 ], [ 43.61236002162304, 17.818490055665674 ], [ 43.612200021789469, 17.818480056389646 ], [ 43.609360021374926, 17.818310056638211 ], [ 43.606580022133151, 17.815840055996155 ], [ 43.604420021235853, 17.813060056650631 ], [ 43.603500020620778, 17.807520056014663 ], [ 43.602880021377985, 17.804120057279366 ], [ 43.603190021897696, 17.798870056136664 ], [ 43.602880022276302, 17.794860057143648 ], [ 43.602260022135191, 17.791160056672684 ], [ 43.600720021379011, 17.78683005732475 ], [ 43.597640021663267, 17.783130056414716 ], [ 43.596710021002444, 17.779430056709234 ], [ 43.597020022420473, 17.775730057371543 ], [ 43.598870021899735, 17.772640055633875 ], [ 43.601650022039827, 17.769560056389839 ], [ 43.605040022275283, 17.766170055718938 ], [ 43.608430020714103, 17.762460055831625 ], [ 43.610590021611401, 17.758140056729449 ], [ 43.611210021752512, 17.754750056907955 ], [ 43.611520022272224, 17.751350055704552 ], [ 43.611350020596277, 17.748870055818326 ], [ 43.610520021291201, 17.737030056185777 ], [ 43.609520022106807, 17.73305005565846 ], [ 43.609644127956571, 17.728264186591709 ], [ 43.607280110675099, 17.720674446883049 ], [ 43.607615873080533, 17.714742637860898 ], [ 43.608335249349949, 17.709208982232067 ], [ 43.608350022144791, 17.708890056367412 ], [ 43.607350022062093, 17.705060057212375 ], [ 43.606690021738011, 17.700570055716678 ], [ 43.605850020590552, 17.695240055798795 ], [ 43.604520020794972, 17.689580056383839 ], [ 43.60434002086992, 17.684240055621963 ], [ 43.603360020878696, 17.677080055801053 ], [ 43.602360021694302, 17.673580056730163 ], [ 43.599860021936699, 17.669090055930443 ], [ 43.596690020910955, 17.664420056332986 ], [ 43.595690021726554, 17.661920056844554 ], [ 43.595860020707562, 17.659260057194039 ], [ 43.597020022420473, 17.658290057392303 ], [ 43.599030020834988, 17.65909005690947 ], [ 43.60195002161548, 17.660880056783867 ], [ 43.604030021248512, 17.660280057241195 ], [ 43.604190021980401, 17.660260056423077 ], [ 43.604690020674283, 17.658430056901111 ], [ 43.604690021572594, 17.655930056375297 ], [ 43.605180022017365, 17.653950056273956 ], [ 43.607520021043086, 17.654410057271075 ], [ 43.607680021774968, 17.654430057027245 ], [ 43.60866002086788, 17.655900056134183 ], [ 43.610520021291201, 17.65526005607677 ], [ 43.611510022226483, 17.653600056719061 ], [ 43.612010021818683, 17.65243005586052 ], [ 43.613350020761693, 17.649930055903301 ], [ 43.614970021883828, 17.648780056406231 ], [ 43.615272967035295, 17.648955445740334 ], [ 43.615272967035295, 17.641279767884324 ], [ 43.620138515701932, 17.626110704767697 ], [ 43.623573021171502, 17.614662353939746 ], [ 43.627293735280496, 17.600638126108471 ], [ 43.627293735280496, 17.588617357706486 ], [ 43.628438569838146, 17.578600051956247 ], [ 43.630155822572931, 17.571444832837265 ], [ 43.632159283947132, 17.565148240389028 ], [ 43.633881788233069, 17.559765414783804 ], [ 43.634448953960742, 17.55799302123442 ], [ 43.6375972498926, 17.548548132354455 ], [ 43.644180051294015, 17.539389452329317 ], [ 43.64990422677721, 17.532234234300194 ], [ 43.651907688151411, 17.526510059289432 ], [ 43.653911148627294, 17.526223849952064 ], [ 43.680242354233002, 17.513058247325432 ], [ 43.692263121579892, 17.505330611170212 ], [ 43.692672554821769, 17.50526237222341 ], [ 43.692430022271466, 17.500140055922337 ], [ 43.690420021162005, 17.49563005565237 ], [ 43.689920021569812, 17.489600056729493 ], [ 43.692180022026221, 17.48660005727157 ], [ 43.695020022440758, 17.485490056187601 ], [ 43.695170022228588, 17.485460056805309 ], [ 43.698160020634333, 17.485200055953822 ], [ 43.700500020558366, 17.485700056009147 ], [ 43.701810021160789, 17.485990057159295 ], [ 43.701960021846929, 17.486030056218034 ], [ 43.705480021778719, 17.486310056237279 ], [ 43.705630020668238, 17.486310056237279 ], [ 43.708710022180611, 17.484770055937894 ], [ 43.710260022084228, 17.481680057348438 ], [ 43.711180021800992, 17.47736005629265 ], [ 43.712110020665179, 17.473350057187332 ], [ 43.713030022178565, 17.469340056279957 ], [ 43.713650022319676, 17.465950056133028 ], [ 43.71479002214447, 17.46322005604684 ], [ 43.716780022264146, 17.461050056383151 ], [ 43.718450020920038, 17.458890056116534 ], [ 43.721950021658657, 17.455890056059317 ], [ 43.723780021944762, 17.453890056001676 ], [ 43.723780021944762, 17.451220056642818 ], [ 43.723280020555933, 17.448560056841544 ], [ 43.722110022390552, 17.446390055700768 ], [ 43.720450021085448, 17.444560055594387 ], [ 43.717950022226155, 17.44239005569472 ], [ 43.713600022090965, 17.440910055658794 ], [ 43.713460022348883, 17.440880055788657 ], [ 43.708940022334382, 17.439590055847425 ], [ 43.706460021769942, 17.438060056246957 ], [ 43.705120021928607, 17.434730056212835 ], [ 43.70412002184591, 17.432400056376501 ], [ 43.701770020977818, 17.431430055964046 ], [ 43.701630022134047, 17.431380055864892 ], [ 43.698340020559385, 17.430580055843478 ], [ 43.694630020656788, 17.431220056141182 ], [ 43.694490021813024, 17.431250055885798 ], [ 43.693340021942497, 17.431560055814906 ], [ 43.692870021589208, 17.431680057111375 ], [ 43.69131002163985, 17.432070056708866 ], [ 43.688120022319254, 17.43222005725509 ], [ 43.687970020734795, 17.432210056251179 ], [ 43.685460021829762, 17.431740055587369 ], [ 43.683970022200604, 17.4309000562729 ], [ 43.684300021913486, 17.42874005619834 ], [ 43.685970020569385, 17.426410056161458 ], [ 43.690130020733775, 17.42291005615305 ], [ 43.692470020657808, 17.42008005580173 ], [ 43.694300020943906, 17.416910056406973 ], [ 43.693800022250031, 17.414750056241786 ], [ 43.691970021963932, 17.412080056654894 ], [ 43.691300020695792, 17.409920055951972 ], [ 43.690800022001916, 17.407420056871171 ], [ 43.691470022371732, 17.405080055785564 ], [ 43.692980022092385, 17.402080055626985 ], [ 43.69699002067231, 17.398070055680336 ], [ 43.700380021806083, 17.393750056811573 ], [ 43.705010022323755, 17.389120055940381 ], [ 43.707790021565529, 17.38572005621328 ], [ 43.71056002165988, 17.383870056410807 ], [ 43.713650022319676, 17.382020055910285 ], [ 43.715793598420326, 17.380190301604646 ], [ 43.717680021889421, 17.378580055979942 ], [ 43.71768015663671, 17.378579641042368 ], [ 43.717680285095796, 17.378579535593357 ], [ 43.718366100306199, 17.376428766903445 ], [ 43.718418200796037, 17.376265378096534 ], [ 43.71974804697971, 17.372094881764912 ], [ 43.720397848730386, 17.370502155133533 ], [ 43.720438728364009, 17.370000587672234 ], [ 43.700583333012759, 17.368138888989751 ], [ 43.683333333158146, 17.366666666633183 ], [ 43.653583332718874, 17.393361111243618 ], [ 43.617805555874781, 17.426111110753205 ], [ 43.606749999554587, 17.438916666898944 ], [ 43.576749999768367, 17.471916667055993 ], [ 43.566527778197901, 17.483361110788426 ], [ 43.527194444306438, 17.51425000009716 ], [ 43.520333333151889, 17.509055555890829 ], [ 43.506166666661038, 17.524027777873741 ], [ 43.495694443947002, 17.526888889333371 ], [ 43.484638889423444, 17.545111111151343 ], [ 43.46452777784679, 17.55241666699467 ], [ 43.459305555791538, 17.552527777828892 ], [ 43.445416667251152, 17.549999999767035 ], [ 43.431277777567196, 17.56391666728404 ], [ 43.419611110833948, 17.565833333210826 ], [ 43.39922222220514, 17.556638889018991 ], [ 43.379444443989378, 17.555388889169222 ], [ 43.375555556276055, 17.543999999655174 ], [ 43.354750000272382, 17.556388889225378 ], [ 43.354429244223773, 17.556098681080631 ], [ 43.35008333321975, 17.552166667368475 ], [ 43.335888889023686, 17.539833332763379 ], [ 43.310222222030873, 17.527666667057368 ], [ 43.304722222025156, 17.531888889169856 ], [ 43.303125674118462, 17.528433345850921 ], [ 43.302895181687916, 17.528576923819898 ], [ 43.302620264871628, 17.528967127790331 ], [ 43.302280027059453, 17.529450044997844 ], [ 43.302103361680729, 17.529622182022987 ], [ 43.301890030665376, 17.52983004672426 ], [ 43.301760023782506, 17.530610043265455 ], [ 43.30153623997051, 17.530721940115111 ], [ 43.301217341637901, 17.530915413656988 ], [ 43.301196176431503, 17.530957747316613 ], [ 43.300980022011196, 17.531390057010597 ], [ 43.300720021720203, 17.532160055615488 ], [ 43.300720020821892, 17.53307005598171 ], [ 43.300720020821892, 17.534100055772434 ], [ 43.300340020880292, 17.535140057051841 ], [ 43.299290020568868, 17.535140057051841 ], [ 43.297880021305652, 17.535390057038448 ], [ 43.296980021680376, 17.534620055872846 ], [ 43.296720021389383, 17.534100055772434 ], [ 43.29620002080739, 17.533070056838291 ], [ 43.296200021705701, 17.532160055615488 ], [ 43.296200021705701, 17.530480056781006 ], [ 43.296200021705701, 17.52919005742422 ], [ 43.295550022325685, 17.527500055873016 ], [ 43.295430020878449, 17.528290057300797 ], [ 43.294650021802077, 17.52932005596891 ], [ 43.294000020625433, 17.530090057365296 ], [ 43.293490020987491, 17.530480056781006 ], [ 43.292460020767564, 17.531390056154006 ], [ 43.292190021329134, 17.531260057379697 ], [ 43.2912800207598, 17.531130055942437 ], [ 43.290770022020176, 17.531260057379697 ], [ 43.288320021592966, 17.531260057379697 ], [ 43.288320020694648, 17.530610056114366 ], [ 43.286380020803705, 17.530350057354468 ], [ 43.285860021120016, 17.529580057061793 ], [ 43.284960020596422, 17.529320056825512 ], [ 43.284960020596422, 17.527900056603027 ], [ 43.28470002120374, 17.526990055997398 ], [ 43.28366002183639, 17.526990055997398 ], [ 43.282120021080189, 17.52673005718869 ], [ 43.280690020827187, 17.526090056952221 ], [ 43.280690021725498, 17.524800056360235 ], [ 43.280690020827187, 17.52337005731702 ], [ 43.280690020827187, 17.522470055735258 ], [ 43.281080020814521, 17.5213100568211 ], [ 43.281080020814521, 17.519880056832339 ], [ 43.280300020839839, 17.519370056956159 ], [ 43.280300021738157, 17.519750056664048 ], [ 43.280170022041823, 17.520790056259795 ], [ 43.279400021214556, 17.521050056726686 ], [ 43.278360020948888, 17.521050055870049 ], [ 43.277070021336264, 17.521050055870049 ], [ 43.275520022330966, 17.521050056726686 ], [ 43.27307002190377, 17.5213100568211 ], [ 43.272420020727111, 17.520530056277071 ], [ 43.27307002190377, 17.519510056174628 ], [ 43.274490021212728, 17.519510056174628 ], [ 43.275910021419996, 17.518720056783792 ], [ 43.276810021045272, 17.518200055655289 ], [ 43.277590021019954, 17.517560056175164 ], [ 43.278630022183954, 17.516390056057705 ], [ 43.278630022183954, 17.514970055743408 ], [ 43.278630022183954, 17.51407005620068 ], [ 43.277330020728947, 17.512900055865313 ], [ 43.276430021103671, 17.512260055691709 ], [ 43.274750022402038, 17.511610055763196 ], [ 43.273320022149015, 17.511340056255573 ], [ 43.272160021334436, 17.510970056183112 ], [ 43.271260020810843, 17.510320055920591 ], [ 43.27048002083616, 17.510710055843276 ], [ 43.27048002083616, 17.511740055763699 ], [ 43.269060020628885, 17.512260057405072 ], [ 43.267250021332579, 17.512780055843962 ], [ 43.265960020821659, 17.512780055843962 ], [ 43.265960020821659, 17.513670055828563 ], [ 43.265700022327287, 17.514850057090147 ], [ 43.264920022352612, 17.514850056233481 ], [ 43.263760022436337, 17.515750056192935 ], [ 43.262610020769174, 17.516390056057705 ], [ 43.262470021027084, 17.517690056198649 ], [ 43.262610020769174, 17.519110056652547 ], [ 43.262610020769174, 17.519880055975694 ], [ 43.262850021867003, 17.520400055717712 ], [ 43.262850021867003, 17.521560056165232 ], [ 43.262210021634402, 17.522340055708927 ], [ 43.261690021052409, 17.523240056222178 ], [ 43.260790021427127, 17.524540056983064 ], [ 43.259360022072435, 17.525830055997119 ], [ 43.258200022156153, 17.526610056888014 ], [ 43.256260022265202, 17.527500055873016 ], [ 43.255620021134291, 17.528410057346814 ], [ 43.255100022348934, 17.529710056183585 ], [ 43.254970021754268, 17.531260057379697 ], [ 43.254190021779593, 17.532810057321957 ], [ 43.253940022432651, 17.533580056750655 ], [ 43.253030020964999, 17.534490056844113 ], [ 43.252510022179635, 17.534880056220452 ], [ 43.251350021365049, 17.536820056401762 ], [ 43.251090021074049, 17.537460057321375 ], [ 43.250190022347084, 17.538370055930251 ], [ 43.249020022385061, 17.53811005630433 ], [ 43.248510020950498, 17.537200056390454 ], [ 43.247600022177792, 17.5365600562662 ], [ 43.24657002105954, 17.536300055757806 ], [ 43.245530020793865, 17.535780056192252 ], [ 43.244240021181255, 17.535780057048822 ], [ 43.243210020961314, 17.535780057048822 ], [ 43.241530021361363, 17.535140057051841 ], [ 43.241660021057704, 17.534100055772434 ], [ 43.242050021045038, 17.533200056028384 ], [ 43.243210020961314, 17.531900057364329 ], [ 43.24294002062458, 17.530740056211144 ], [ 43.241920021348704, 17.52983005700343 ], [ 43.241270021070363, 17.529060056216561 ], [ 43.240240020850429, 17.528930055772335 ], [ 43.238940022090382, 17.529060056216561 ], [ 43.238040020668478, 17.52932005596891 ], [ 43.236750021055855, 17.53022005697817 ], [ 43.236110020823268, 17.530740056211144 ], [ 43.235320020802838, 17.531900057364329 ], [ 43.234030021190222, 17.533200056028384 ], [ 43.233130021564946, 17.533200056884969 ], [ 43.231710021357678, 17.533200056028384 ], [ 43.231060021977662, 17.532160055615488 ], [ 43.229250020884734, 17.531260055666515 ], [ 43.227960021272104, 17.530610056114366 ], [ 43.226790021310094, 17.530610056114366 ], [ 43.226540021064835, 17.530220056121575 ], [ 43.227440020690111, 17.52919005571102 ], [ 43.228340021213704, 17.527900056603027 ], [ 43.228990020593727, 17.526990055997398 ], [ 43.229770022365031, 17.526220056861742 ], [ 43.230540019599026, 17.525440056864028 ], [ 43.230030021757713, 17.524800057216858 ], [ 43.228860020897379, 17.524020056254418 ], [ 43.227830019779141, 17.522730057221786 ], [ 43.227310020993777, 17.521690055893671 ], [ 43.227310020993777, 17.520920055683163 ], [ 43.227440020690111, 17.519880055975694 ], [ 43.227180022195746, 17.518980056789406 ], [ 43.226540021963153, 17.517820056985677 ], [ 43.226150021975812, 17.516390056057705 ], [ 43.22602002138116, 17.515100055908267 ], [ 43.226790021310094, 17.514200056153292 ], [ 43.22757002218308, 17.513420055898088 ], [ 43.228600020606386, 17.512260057405072 ], [ 43.228220019766475, 17.511340057112257 ], [ 43.226790021310094, 17.509670056758349 ], [ 43.22810002191251, 17.50954005613271 ], [ 43.229120021188386, 17.509540056989412 ], [ 43.229770020568409, 17.50917005581973 ], [ 43.229640020872068, 17.507480056336657 ], [ 43.228340021213704, 17.507480057193359 ], [ 43.227180021297428, 17.506960057286186 ], [ 43.226280021672153, 17.50554005605256 ], [ 43.225630021393826, 17.504890056918651 ], [ 43.224470022375861, 17.503860055848222 ], [ 43.223560020009899, 17.502440056084929 ], [ 43.223560020009899, 17.501140055584578 ], [ 43.224980021115478, 17.499720056839166 ], [ 43.225630021393826, 17.499080057348802 ], [ 43.226920021006435, 17.498040056796818 ], [ 43.228220020664786, 17.497780055943096 ], [ 43.229380022377697, 17.497520057287666 ], [ 43.230270021058921, 17.497780055943096 ], [ 43.230800020788337, 17.498300056421837 ], [ 43.230800020788337, 17.498830056186048 ], [ 43.230540021395662, 17.499720056839166 ], [ 43.229510021175727, 17.50076005634407 ], [ 43.229120021188386, 17.50179005614066 ], [ 43.230030021757713, 17.502690055707927 ], [ 43.230150021408321, 17.503330056190954 ], [ 43.230150021408321, 17.504250055934055 ], [ 43.230930019586367, 17.505660056574136 ], [ 43.232740021577612, 17.506050056222552 ], [ 43.23390002059557, 17.506180056776 ], [ 43.235070020557593, 17.506180056776 ], [ 43.236490020764855, 17.506050056222552 ], [ 43.237520020984796, 17.505660055717421 ], [ 43.23817002126313, 17.505020056588805 ], [ 43.239070020888413, 17.503990056255429 ], [ 43.239200020584754, 17.50308005573514 ], [ 43.239850020863088, 17.502310056282102 ], [ 43.240370019648452, 17.501530056368601 ], [ 43.241270021070363, 17.50100005591176 ], [ 43.242300021290298, 17.501000056768493 ], [ 43.243340020657655, 17.501140057298045 ], [ 43.244370020877597, 17.500110056387189 ], [ 43.244890020561272, 17.499330055597412 ], [ 43.245410021143265, 17.498300057278584 ], [ 43.245660021388524, 17.497140055618079 ], [ 43.245530020793865, 17.496230055920844 ], [ 43.24627002058557, 17.494930056405789 ], [ 43.24526002225376, 17.494780056094129 ], [ 43.244030022017284, 17.494530055870804 ], [ 43.243220021007062, 17.494070055966652 ], [ 43.241650021011957, 17.493140055864323 ], [ 43.239510021104458, 17.491990055838102 ], [ 43.236710020872891, 17.490510057057335 ], [ 43.234990021089956, 17.489660055836847 ], [ 43.233160020803865, 17.488640057181165 ], [ 43.231680022118773, 17.487970055698398 ], [ 43.229800020705632, 17.48680005609048 ], [ 43.227870020860422, 17.486190056649015 ], [ 43.226650020669695, 17.485530056213101 ], [ 43.224870020612308, 17.485220056427966 ], [ 43.222680019577787, 17.484870055952612 ], [ 43.220700021300487, 17.484870055952612 ], [ 43.218010021572084, 17.485070056673916 ], [ 43.215920020994993, 17.485380055857906 ], [ 43.214350020999888, 17.485780055958983 ], [ 43.213280019698672, 17.486040055981345 ], [ 43.212060021304566, 17.48654005715461 ], [ 43.210840022012142, 17.487150056278939 ], [ 43.210230021018475, 17.487660055788318 ], [ 43.209920022295385, 17.488070055667212 ], [ 43.209720021380534, 17.488480056335309 ], [ 43.209470021135274, 17.48888005561561 ], [ 43.209210020844274, 17.489540055888771 ], [ 43.208960020599022, 17.490360055669118 ], [ 43.208860021039918, 17.490970055687804 ], [ 43.208760020582481, 17.491470057014084 ], [ 43.208600019850593, 17.49178005728292 ], [ 43.208350021401976, 17.492190055582935 ], [ 43.207840020865724, 17.49249005692959 ], [ 43.207120021165494, 17.492900056198749 ], [ 43.206370022226359, 17.493140055864323 ], [ 43.205500020043367, 17.493410055859041 ], [ 43.20428002075095, 17.493660056765886 ], [ 43.203320020851216, 17.493760056175589 ], [ 43.202400021134459, 17.493910057328922 ], [ 43.201380021858583, 17.493970056727477 ], [ 43.200320020603094, 17.494070055966652 ], [ 43.199350021555937, 17.494120055993996 ], [ 43.19818002159392, 17.494120055993996 ], [ 43.197320021253297, 17.494120055993996 ], [ 43.196250021748703, 17.494070055966652 ], [ 43.195130021117095, 17.494010056601102 ], [ 43.194710021890835, 17.494060055788182 ], [ 43.192850022365818, 17.493790055902096 ], [ 43.186420020800966, 17.493130057348235 ], [ 43.180800022042959, 17.492630056303362 ], [ 43.174680021896137, 17.492140055881546 ], [ 43.170710020804229, 17.492140055881546 ], [ 43.167400021833025, 17.492630056303362 ], [ 43.165090021147904, 17.493630056161155 ], [ 43.163110021073983, 17.495280056366042 ], [ 43.160960021120736, 17.496770055754165 ], [ 43.158810022065822, 17.498420055727895 ], [ 43.156660021214257, 17.500740055866029 ], [ 43.154680020242019, 17.503710056910322 ], [ 43.154010020770514, 17.506360055609402 ], [ 43.15347002099535, 17.509180056880027 ], [ 43.154390020712114, 17.513440055836657 ], [ 43.15611002139336, 17.516490056662654 ], [ 43.157250022116465, 17.518960055747858 ], [ 43.158390021042933, 17.521820056385632 ], [ 43.15934002089692, 17.524290056604602 ], [ 43.161050020634107, 17.526190055638914 ], [ 43.163160021302687, 17.527530056879211 ], [ 43.165040020919186, 17.528480055623795 ], [ 43.166390020806261, 17.530190056416856 ], [ 43.166950020672914, 17.532670056373743 ], [ 43.167530020631048, 17.53551005666975 ], [ 43.168480022281678, 17.537430057101215 ], [ 43.170380020193022, 17.539520055997169 ], [ 43.173620020640655, 17.541420057366903 ], [ 43.17666002107174, 17.543140056092216 ], [ 43.179520020679462, 17.544470056305759 ], [ 43.182180021168946, 17.546370057176585 ], [ 43.183900020951882, 17.548660055818686 ], [ 43.185990020630655, 17.55208005714233 ], [ 43.186940021382959, 17.555510056639296 ], [ 43.187520021341101, 17.558170056675198 ], [ 43.187710022210219, 17.561600057303778 ], [ 43.187710022210219, 17.564460055816483 ], [ 43.186940021382959, 17.568830056371201 ], [ 43.186180020601455, 17.571120056164624 ], [ 43.184470020864268, 17.573780056326402 ], [ 43.183330021039481, 17.57569005619073 ], [ 43.181800021227353, 17.577010057220235 ], [ 43.18123002131496, 17.57930005708851 ], [ 43.180470021431759, 17.581020055646157 ], [ 43.180470021431759, 17.583680056648696 ], [ 43.179710020650255, 17.585210056089316 ], [ 43.178439860330691, 17.587609249970409 ], [ 43.178000021811386, 17.588440056627576 ], [ 43.17647002110094, 17.591490056231791 ], [ 43.174760022262078, 17.593200056273037 ], [ 43.174616570294354, 17.593241042114716 ], [ 43.174521914812864, 17.593474038022073 ], [ 43.172420961077506, 17.598403198936658 ], [ 43.170804841575723, 17.600100124308597 ], [ 43.168703887840365, 17.600019317680637 ], [ 43.166119732110317, 17.598755952372247 ], [ 43.165067620757974, 17.598241586695121 ], [ 43.164178755750648, 17.59694869297676 ], [ 43.158441534932905, 17.592423560174641 ], [ 43.158396667677728, 17.592371515008804 ], [ 43.155560020674137, 17.591110056308629 ], [ 43.150020021383753, 17.590150057270233 ], [ 43.141590020551796, 17.589430056357564 ], [ 43.134360020717395, 17.588460055992464 ], [ 43.129790021372507, 17.588460055992464 ], [ 43.121110021193608, 17.588460055992464 ], [ 43.114850022203015, 17.5882200566172 ], [ 43.108100021869326, 17.589190055701376 ], [ 43.103290021426602, 17.590150057270233 ], [ 43.097740021192166, 17.59135005612772 ], [ 43.092450020350405, 17.592560056319638 ], [ 43.08739002056074, 17.59328005589375 ], [ 43.082810021170097, 17.594730055617596 ], [ 43.080213030311256, 17.595839750187078 ], [ 43.074969007042384, 17.59929206496491 ], [ 43.071009517137611, 17.601554630579596 ], [ 43.06599954901769, 17.601150601188309 ], [ 43.063896387223373, 17.599648342773879 ], [ 43.063300020859067, 17.599620055977692 ], [ 43.064570022176831, 17.597710056345964 ], [ 43.066350022234218, 17.594350055657664 ], [ 43.068350020602992, 17.590780057214378 ], [ 43.068370020694481, 17.589630055661907 ], [ 43.068390020785962, 17.588850055582061 ], [ 43.067910022183575, 17.588290055754307 ], [ 43.067510021252176, 17.588010057330592 ], [ 43.065910021119841, 17.587200055717169 ], [ 43.063260020676097, 17.58597005596809 ], [ 43.061130020814346, 17.585290056677717 ], [ 43.059090021364284, 17.584240057056327 ], [ 43.056310021224192, 17.582880056605202 ], [ 43.054590021441257, 17.580240056096972 ], [ 43.052940021080218, 17.581960056846334 ], [ 43.051730020935231, 17.585330056102311 ], [ 43.049320020690999, 17.587260055929445 ], [ 43.04691002134507, 17.58870005590537 ], [ 43.04523002174512, 17.590050056220825 ], [ 43.044570019624402, 17.590770057232415 ], [ 43.044440020826386, 17.591570055753245 ], [ 43.044020021600126, 17.597860056249797 ], [ 43.042820020602562, 17.59978005634807 ], [ 43.035990020801258, 17.599860057336379 ], [ 43.033330021210077, 17.599480056179537 ], [ 43.030850020645644, 17.599300057380528 ], [ 43.029520020850057, 17.600240055981224 ], [ 43.029900021689969, 17.602530056079953 ], [ 43.030470020704051, 17.605570055825396 ], [ 43.030470020704051, 17.608050057253834 ], [ 43.02800002108367, 17.60843005578861 ], [ 43.024380020694451, 17.607860056830262 ], [ 43.022090020999123, 17.607860056830262 ], [ 43.020570021232736, 17.609570056868293 ], [ 43.019810021349542, 17.612050057287323 ], [ 43.018400021188015, 17.613530055732983 ], [ 43.016950021741827, 17.614710056048938 ], [ 43.016560020856168, 17.614970056038999 ], [ 43.016070021309723, 17.615400056221311 ], [ 43.013660020167173, 17.617120056978035 ], [ 43.010510021029539, 17.620430055761677 ], [ 43.007370021039343, 17.624390056012448 ], [ 43.005060020354229, 17.627870056604348 ], [ 43.002580020688107, 17.630510056830534 ], [ 43.001260020039943, 17.632830056143703 ], [ 42.999770022207407, 17.636790056307898 ], [ 42.99894002110571, 17.638940055642209 ], [ 42.998280020781628, 17.641090056718216 ], [ 42.998450020660925, 17.642580056213514 ], [ 42.999060020756303, 17.644440057192192 ], [ 43.000010020610297, 17.646430056036465 ], [ 43.000430021633171, 17.64721005633514 ], [ 43.001420020771825, 17.648700057426016 ], [ 43.001920021262329, 17.651180056368613 ], [ 43.002410019910471, 17.653820056616539 ], [ 43.002740019623353, 17.657460056906114 ], [ 43.002580020688107, 17.660270055976433 ], [ 43.001810020759166, 17.664420056332986 ], [ 42.998570021209844, 17.668470057327266 ], [ 42.993440021099978, 17.672520056150073 ], [ 42.989660020877189, 17.674960056277918 ], [ 42.984520020721568, 17.67631005695549 ], [ 42.981010021733837, 17.675500055711151 ], [ 42.977770021286211, 17.673070056617323 ], [ 42.973180020053192, 17.67144005659399 ], [ 42.969390020682965, 17.671710056663102 ], [ 42.965070020685005, 17.672520056150073 ], [ 42.9642600205731, 17.673880055969825 ], [ 42.963990020236359, 17.675500055711151 ], [ 42.964230021334188, 17.677910057343631 ], [ 42.964800021246589, 17.680770056826951 ], [ 42.964800021246589, 17.683240056211154 ], [ 42.963650022274365, 17.684950056241824 ], [ 42.959090021178568, 17.687250057031324 ], [ 42.957560021366447, 17.688380056825356 ], [ 42.95794002130804, 17.689900056395796 ], [ 42.959470021120161, 17.692380057272285 ], [ 42.960420020974162, 17.694660055805347 ], [ 42.960040021032569, 17.696180056148119 ], [ 42.958320021249634, 17.697520057389159 ], [ 42.956610020614136, 17.698660056741783 ], [ 42.954900020876956, 17.700180055744379 ], [ 42.950140019764625, 17.707980055934854 ], [ 42.949760020721335, 17.710270055928454 ], [ 42.95072002062107, 17.712170056200282 ], [ 42.950520020604536, 17.713880056269197 ], [ 42.950140020662936, 17.714650056627384 ], [ 42.947480021071762, 17.714460056623913 ], [ 42.944430019696618, 17.713880056269197 ], [ 42.941760020958014, 17.713700057164669 ], [ 42.940050021220827, 17.714460056623913 ], [ 42.939860021250034, 17.715980057006412 ], [ 42.940430021162427, 17.717880056698061 ], [ 42.941760020059697, 17.720740057036938 ], [ 42.942680020674779, 17.723850056039755 ], [ 42.941480020575533, 17.725950056391284 ], [ 42.940130020688457, 17.726940057326519 ], [ 42.938950020680693, 17.727300056155325 ], [ 42.938000020826699, 17.727400056272113 ], [ 42.93694002136786, 17.727000057181531 ], [ 42.935200020595133, 17.725950056391284 ], [ 42.931710019902248, 17.725950056391284 ], [ 42.929270021317407, 17.724560056576493 ], [ 42.923680020900001, 17.723510056896092 ], [ 42.919490020598381, 17.720720056103882 ], [ 42.91565002099945, 17.718970055672155 ], [ 42.910070020627785, 17.716530056172292 ], [ 42.906580020833218, 17.714780055928312 ], [ 42.90449002115443, 17.713390055953997 ], [ 42.900650019758871, 17.712340055905937 ], [ 42.896100021403768, 17.713040055765106 ], [ 42.889130020962064, 17.714430056740078 ], [ 42.885290021363119, 17.71583005624106 ], [ 42.878660020680037, 17.71932005626909 ], [ 42.87308002120669, 17.723510056896092 ], [ 42.872030020895259, 17.728040056896297 ], [ 42.872380020699637, 17.731880056284162 ], [ 42.874820021081106, 17.735030056610725 ], [ 42.876570021001257, 17.738510056383134 ], [ 42.876920020805628, 17.741310056740325 ], [ 42.876570021001257, 17.744450056364862 ], [ 42.874130019721477, 17.748640057109821 ], [ 42.872030021793577, 17.75248005715909 ], [ 42.869940021216493, 17.755960057419287 ], [ 42.86784002059364, 17.760500057024888 ], [ 42.867140020984912, 17.766090056869956 ], [ 42.86610002071923, 17.770960056092125 ], [ 42.865750020914867, 17.774470056170312 ], [ 42.864700020603451, 17.780400055842748 ], [ 42.865390021064755, 17.785100057159795 ], [ 42.865100020636525, 17.785100056304412 ], [ 42.862660020255063, 17.784580056633466 ], [ 42.859870020967548, 17.785980055851905 ], [ 42.857420021438649, 17.788770057206129 ], [ 42.857030020552997, 17.79292005585755 ], [ 42.855610021244047, 17.795360057382407 ], [ 42.852760020783755, 17.79707005726144 ], [ 42.850470020190109, 17.797830056795981 ], [ 42.847430020657342, 17.79707005726144 ], [ 42.844000021137234, 17.79517005581441 ], [ 42.841720020589335, 17.793080056011746 ], [ 42.841150020676942, 17.790030056774508 ], [ 42.840760019791283, 17.787360056598022 ], [ 42.840000020806414, 17.782990056720308 ], [ 42.838100020200109, 17.780130056057267 ], [ 42.835050020621594, 17.778420057350591 ], [ 42.830860021218292, 17.777670056326802 ], [ 42.826680020064103, 17.7780400556057 ], [ 42.822300020689994, 17.779180055849753 ], [ 42.817540021374299, 17.780890055836934 ], [ 42.812780021160279, 17.783180056706687 ], [ 42.808980020846008, 17.785080055719973 ], [ 42.806310021209079, 17.78546005703215 ], [ 42.804210019687929, 17.784700056165505 ], [ 42.802880020790653, 17.782220056012143 ], [ 42.801760021057348, 17.780320057374524 ], [ 42.800030021228686, 17.775560057103281 ], [ 42.797360021591764, 17.771760056254369 ], [ 42.793750021248286, 17.769650057409251 ], [ 42.790320020829853, 17.769090055938157 ], [ 42.787080021280545, 17.769470057036038 ], [ 42.78347002093706, 17.770040055885254 ], [ 42.778520020752239, 17.770420055819336 ], [ 42.775660021144532, 17.769850055615311 ], [ 42.77505002015085, 17.767440056819598 ], [ 42.774450020999538, 17.765340057151565 ], [ 42.772060020846794, 17.763550057270891 ], [ 42.767880019692598, 17.763550056415401 ], [ 42.762800020709754, 17.765340057151565 ], [ 42.761010020606633, 17.76594005700683 ], [ 42.753840020148381, 17.766840056864606 ], [ 42.749660019892502, 17.766840056864606 ], [ 42.744580020011348, 17.766840056864606 ], [ 42.741000019805092, 17.768030056936432 ], [ 42.738380021295207, 17.76823005609922 ], [ 42.735990020244138, 17.770110056969351 ], [ 42.733190020910875, 17.771510055786273 ], [ 42.729690021070574, 17.77105005726218 ], [ 42.726880020793253, 17.770810056037394 ], [ 42.724780020170414, 17.771750056926717 ], [ 42.724080020561672, 17.773380056288765 ], [ 42.724080020561672, 17.775250056046836 ], [ 42.723380020952945, 17.777580056779396 ], [ 42.721980020837151, 17.778050057147698 ], [ 42.717080020881049, 17.77805005629228 ], [ 42.714510020803246, 17.777580056779396 ], [ 42.712650021278236, 17.775720055699701 ], [ 42.710780020809167, 17.773850056581981 ], [ 42.708540021342557, 17.770890056196308 ], [ 42.705910020091984, 17.771950057060639 ], [ 42.70287002055921, 17.772140055954068 ], [ 42.700580019965578, 17.772140056809516 ], [ 42.698300021214301, 17.771180056686113 ], [ 42.694870020795882, 17.768900057224997 ], [ 42.692590021146295, 17.768520056626546 ], [ 42.690490021421773, 17.768710056598998 ], [ 42.685350020367856, 17.770040056740708 ], [ 42.682510020851623, 17.77156005676331 ], [ 42.680030020287184, 17.773660056084442 ], [ 42.673550021188554, 17.778990056741868 ], [ 42.671260020594922, 17.780320057374524 ], [ 42.668600021003741, 17.780890055836934 ], [ 42.655860021117888, 17.780700055981249 ], [ 42.650140020105816, 17.781270055797528 ], [ 42.643670021052941, 17.782220056012143 ], [ 42.636430020274489, 17.78279005696654 ], [ 42.63243002084198, 17.783560056073178 ], [ 42.628440019658584, 17.784500055760137 ], [ 42.62577002091998, 17.786790057396459 ], [ 42.624250021153593, 17.790030056774508 ], [ 42.622920019561377, 17.792880057293448 ], [ 42.620440019895256, 17.79384005713813 ], [ 42.617210020391688, 17.794030056700358 ], [ 42.614350020783966, 17.794220056915702 ], [ 42.611500021221993, 17.795740057345679 ], [ 42.609210019730043, 17.798210055777336 ], [ 42.606160021049845, 17.801450056592458 ], [ 42.605020021225059, 17.80432005708689 ], [ 42.602740019778842, 17.806020055806538 ], [ 42.599510021173593, 17.806020056661819 ], [ 42.597020019665095, 17.805450057175701 ], [ 42.594740020015514, 17.805830056180191 ], [ 42.591130019672036, 17.806210056085803 ], [ 42.587700021050239, 17.805640057206769 ], [ 42.582750020865426, 17.804120056424075 ], [ 42.577040020797419, 17.801840056628247 ], [ 42.570760019918701, 17.800880056191129 ], [ 42.559150020710213, 17.800500056907786 ], [ 42.553060020700606, 17.80012005595994 ], [ 42.548110019617468, 17.800690056222958 ], [ 42.544300021054084, 17.801450056592458 ], [ 42.539920020781672, 17.802780056720188 ], [ 42.535350021436763, 17.80316005627984 ], [ 42.532690020947271, 17.802780056720188 ], [ 42.527550019893347, 17.802210056290935 ], [ 42.523550021359156, 17.802020056883613 ], [ 42.521270020811265, 17.802970057028826 ], [ 42.518990020263367, 17.804690056738451 ], [ 42.517080021407956, 17.807540056650659 ], [ 42.515370020772458, 17.810190057367663 ], [ 42.514390019882917, 17.810810057351294 ], [ 42.513310021230907, 17.811220055963378 ], [ 42.512450019991959, 17.811320056191111 ], [ 42.509510020916622, 17.811220056818634 ], [ 42.505760020831062, 17.809770055767913 ], [ 42.501000020617042, 17.806600056835283 ], [ 42.498880019902714, 17.802900056848628 ], [ 42.493600020005026, 17.80026005676342 ], [ 42.486200020291321, 17.798670057063088 ], [ 42.478800019679298, 17.799200056256357 ], [ 42.471400020863904, 17.800260055908112 ], [ 42.468230019838167, 17.801310056722588 ], [ 42.466120020067891, 17.803430057163233 ], [ 42.464000020251881, 17.805540056360353 ], [ 42.461360019853885, 17.809770055767913 ], [ 42.460920021434454, 17.810550056241119 ], [ 42.459250020083616, 17.813470056931635 ], [ 42.457660020895339, 17.816640056045472 ], [ 42.454490020767921, 17.818230057202154 ], [ 42.451850021268221, 17.818760055576522 ], [ 42.446560020426475, 17.81453005560418 ], [ 42.44392002092679, 17.809240057184152 ], [ 42.443390020299049, 17.801840055772946 ], [ 42.443570021122412, 17.799550055586916 ], [ 42.442330019941885, 17.798700057366066 ], [ 42.442330019941885, 17.784930056397595 ], [ 42.444980020385628, 17.782810056096594 ], [ 42.449730020553901, 17.777530056631065 ], [ 42.450790020012747, 17.772770057323275 ], [ 42.451850020369903, 17.765370057063823 ], [ 42.45343002041075, 17.758500056147849 ], [ 42.452380020997651, 17.752690056135961 ], [ 42.452380020997651, 17.747930056182202 ], [ 42.454490020767921, 17.743700056631358 ], [ 42.45555002022676, 17.740000055721513 ], [ 42.45396002014018, 17.737360056664734 ], [ 42.44920001992616, 17.734700056973363 ], [ 42.446040019844467, 17.731010055724191 ], [ 42.442860019671308, 17.727840057321085 ], [ 42.433350021085658, 17.725730056676866 ], [ 42.430700019743583, 17.723090056157677 ], [ 42.428060021142208, 17.725730055821199 ], [ 42.427000019886734, 17.729430057104942 ], [ 42.425420019845888, 17.733130055585274 ], [ 42.423310020075618, 17.736300057088918 ], [ 42.420130020800762, 17.739470056401039 ], [ 42.418550020759923, 17.742640056932409 ], [ 42.416960020673336, 17.746340056338596 ], [ 42.413790021444221, 17.747930056182202 ], [ 42.408510019749897, 17.751630056623885 ], [ 42.404810019893048, 17.751630056623885 ], [ 42.402160021245926, 17.752690056991501 ], [ 42.401100019990452, 17.755860056994297 ], [ 42.39846002138907, 17.758500057003356 ], [ 42.394230020006162, 17.762200057042154 ], [ 42.394230020904487, 17.763790056263751 ], [ 42.39476002063391, 17.76537005620834 ], [ 42.394230020904487, 17.768540057353544 ], [ 42.392650020863641, 17.771190056901105 ], [ 42.389480019837897, 17.77594005727839 ], [ 42.386310019710471, 17.778060056122879 ], [ 42.379960020308175, 17.780170055766099 ], [ 42.377850021436231, 17.784930057252982 ], [ 42.376260019553015, 17.791270056114286 ], [ 42.37521002013991, 17.797090057358172 ], [ 42.375210021038228, 17.807650057115087 ], [ 42.374690021354546, 17.82140005719603 ], [ 42.371780020619795, 17.828990056626587 ], [ 42.370950020416409, 17.831240057327161 ], [ 42.367810020426205, 17.829090057147173 ], [ 42.365080019616521, 17.82764005607719 ], [ 42.362030020936309, 17.826840056657314 ], [ 42.360100020192789, 17.826520056909786 ], [ 42.358790021387001, 17.826130056974922 ], [ 42.34755002027773, 17.834640057024636 ], [ 42.337080019995703, 17.839700057108232 ], [ 42.330220020955487, 17.845110055835192 ], [ 42.323730020912805, 17.848000057323357 ], [ 42.317220020778628, 17.851250055907716 ], [ 42.312530019986504, 17.854140055999085 ], [ 42.309280020391441, 17.856310055751894 ], [ 42.307130021336526, 17.858110057302515 ], [ 42.305340021233391, 17.860070056739339 ], [ 42.303090020822729, 17.861540056674571 ], [ 42.30121002030792, 17.862940056754571 ], [ 42.298360020745939, 17.865980057173047 ], [ 42.293790021401037, 17.869220057353672 ], [ 42.289980020142707, 17.871500056366727 ], [ 42.286560020668333, 17.874550056967088 ], [ 42.282180020395913, 17.877400056933155 ], [ 42.27951001986068, 17.879690056240808 ], [ 42.276470020327906, 17.882350056631154 ], [ 42.271710020113886, 17.885780055754918 ], [ 42.269040019578661, 17.888250056686683 ], [ 42.266000020045894, 17.891110056808206 ], [ 42.261050019861074, 17.894920056197712 ], [ 42.255421549091622, 17.899336010943859 ], [ 42.255981949606891, 17.901671014982689 ], [ 42.256695787762581, 17.906786857006075 ], [ 42.257052707289581, 17.908571452252865 ], [ 42.254554273295518, 17.913687292638706 ], [ 42.253840435139828, 17.916304701290652 ], [ 42.254316326644748, 17.919635945750169 ], [ 42.255625030978209, 17.922491298602733 ], [ 42.255387085225749, 17.925108706266581 ], [ 42.255506058101979, 17.927250220598903 ], [ 42.250271242564757, 17.932128115689068 ], [ 42.248605621399236, 17.942716717707043 ], [ 42.246345133157632, 17.949617155032545 ], [ 42.243370806760332, 17.952948399945445 ], [ 42.240887474344511, 17.954255417404287 ], [ 42.240300020166146, 17.956890056623195 ], [ 42.239200019626011, 17.959840055852244 ], [ 42.237800021306853, 17.9643200567977 ], [ 42.236900019884949, 17.967030057196521 ], [ 42.235990021112244, 17.969290057139407 ], [ 42.235780020151644, 17.971400057209888 ], [ 42.235540019952126, 17.973810055734781 ], [ 42.23476001997745, 17.975210056012425 ], [ 42.233280020394041, 17.977870056637773 ], [ 42.232120019579448, 17.981350055739025 ], [ 42.231607911595539, 17.982808517989675 ], [ 42.232901178380835, 17.982215770272813 ], [ 42.241110319417047, 17.977575821134117 ], [ 42.240932140377069, 17.978734124618928 ], [ 42.239909364408653, 17.988280029386232 ], [ 42.236091003428278, 18.001507924387749 ], [ 42.233159046969675, 18.005735396228413 ], [ 42.233704527366385, 18.01146293815383 ], [ 42.234931856911523, 18.013985784157953 ], [ 42.235613707856579, 18.016304075186262 ], [ 42.235613707856579, 18.017054110319108 ], [ 42.235340966759892, 18.018826921062939 ], [ 42.232954490698006, 18.022713467187774 ], [ 42.233067608355213, 18.023542989752301 ], [ 42.23464002032685, 18.024850056749006 ], [ 42.235120019827562, 18.02533005713018 ], [ 42.235610020272333, 18.027600057008282 ], [ 42.235330020788162, 18.030830056074272 ], [ 42.234200021009116, 18.033200057407456 ], [ 42.231960019745877, 18.03588005574878 ], [ 42.231933743125502, 18.035887616048008 ], [ 42.23198437486986, 18.036102800426686 ], [ 42.230317035227202, 18.038347296158801 ], [ 42.23012464933101, 18.040848305832871 ], [ 42.229483365405869, 18.042323261218428 ], [ 42.2279442818296, 18.043541700982594 ], [ 42.226533455218004, 18.045657940073923 ], [ 42.22589217129287, 18.048671977681732 ], [ 42.22589217129287, 18.04989041872679 ], [ 42.224481344681266, 18.052391429090054 ], [ 42.217811985212336, 18.056559778912892 ], [ 42.216337029669241, 18.05861188934832 ], [ 42.215246845918522, 18.05874014582853 ], [ 42.213900149136755, 18.057585834136717 ], [ 42.212745835556227, 18.054700053337786 ], [ 42.213707763240564, 18.051621886630411 ], [ 42.214477305028709, 18.047068767076873 ], [ 42.213964277169943, 18.04456775702085 ], [ 42.210511190947031, 18.039413896042845 ], [ 42.206970021317247, 18.039740056614839 ], [ 42.205590021292949, 18.04043005688677 ], [ 42.193340020055217, 18.041660056972436 ], [ 42.18559001963883, 18.04206005590396 ], [ 42.177010019917368, 18.042470055936072 ], [ 42.167210020005172, 18.042880056720779 ], [ 42.152930020261437, 18.043290057403908 ], [ 42.139040019606739, 18.04410005740257 ], [ 42.126380020086827, 18.045330056594018 ], [ 42.105970020150522, 18.046960057177536 ], [ 42.094540019968768, 18.048190056864158 ], [ 42.084330019079431, 18.046960057177536 ], [ 42.075350021121508, 18.041660056972436 ], [ 42.06922002003062, 18.035530057358201 ], [ 42.067590019761063, 18.029410057078543 ], [ 42.068810019951798, 18.022060057244492 ], [ 42.071680019605253, 18.01797005700497 ], [ 42.075350021121508, 18.007770057145429 ], [ 42.078200019785172, 17.996330055689182 ], [ 42.081060020291197, 17.982450056973928 ], [ 42.081060020291197, 17.968570057127181 ], [ 42.079020019942817, 17.953870056351057 ], [ 42.07576002030202, 17.937550056383067 ], [ 42.073730019999381, 17.931620056585711 ], [ 42.073730019999381, 17.928800057408747 ], [ 42.073730019999381, 17.924420056809495 ], [ 42.073730019999381, 17.918910057051882 ], [ 42.072410020249535, 17.902910057156728 ], [ 42.071640020320594, 17.89853005700062 ], [ 42.069920019639355, 17.89682005727277 ], [ 42.068790019860309, 17.895110055596533 ], [ 42.067650020035515, 17.892630056710015 ], [ 42.06497002035286, 17.888250055831797 ], [ 42.061550019980167, 17.883870057162568 ], [ 42.059650021170512, 17.881780057031495 ], [ 42.057170019707755, 17.877590057129009 ], [ 42.051850021423718, 17.869970057051493 ], [ 42.048800020048574, 17.863700056602859 ], [ 42.047470020252987, 17.860460056702571 ], [ 42.046890020294853, 17.858560057408617 ], [ 42.046500020307512, 17.857400056643563 ], [ 42.045960019634023, 17.856100057291446 ], [ 42.045310020254007, 17.854180056206452 ], [ 42.038580020011807, 17.841660055842091 ], [ 42.028310019746321, 17.825930056830686 ], [ 42.01996002017863, 17.814690056050541 ], [ 42.013220020789007, 17.806990056732115 ], [ 42.003270020190669, 17.796720057344078 ], [ 41.994930020668711, 17.788370056733068 ], [ 41.984980020070374, 17.78452005726491 ], [ 41.969900020260475, 17.781950057266371 ], [ 41.957690020104053, 17.781950056410974 ], [ 41.947420019838567, 17.783240057380731 ], [ 41.943010020327229, 17.783760056675643 ], [ 41.941970020061561, 17.783460057398759 ], [ 41.941380019159361, 17.783000057129815 ], [ 41.939950020702973, 17.780810055877303 ], [ 41.93941811474852, 17.779867734013539 ], [ 41.937630027158633, 17.776700046650358 ], [ 41.935263975193038, 17.772619526701487 ], [ 41.929510152610526, 17.762696413606534 ], [ 41.928160761781221, 17.760369242242621 ], [ 41.928135796701163, 17.760429574808889 ], [ 41.928013850401342, 17.76079839239236 ], [ 41.927909748236324, 17.761051208739961 ], [ 41.927764005564626, 17.761357565187485 ], [ 41.927537957998105, 17.761765048400584 ], [ 41.927267293806374, 17.762226068316167 ], [ 41.926976059991262, 17.762716481713191 ], [ 41.926812221656483, 17.76298749503642 ], [ 41.92649694263617, 17.763350364271389 ], [ 41.926238176630363, 17.763576413965232 ], [ 41.926044845706492, 17.763737027259815 ], [ 41.925634389283502, 17.764058254271738 ], [ 41.925447006105124, 17.764168303761579 ], [ 41.925333981872704, 17.764209945293725 ], [ 41.925223931962201, 17.764251585105214 ], [ 41.925081163612404, 17.7642962002781 ], [ 41.924959217312583, 17.764388404249065 ], [ 41.924816448962801, 17.764492505366686 ], [ 41.924709373374192, 17.764587683747209 ], [ 41.924673682409647, 17.76465312040499 ], [ 41.924646912614172, 17.764709630946484 ], [ 41.924649886936081, 17.764745324191939 ], [ 41.924691527442761, 17.764763170384253 ], [ 41.924753989101099, 17.764751272352591 ], [ 41.92477778277803, 17.76469476011329 ], [ 41.924837269216134, 17.764697733766738 ], [ 41.924834294894232, 17.764727477142362 ], [ 41.924828346250422, 17.764760195020926 ], [ 41.92484916740208, 17.764798861052579 ], [ 41.924899729976161, 17.764795887400808 ], [ 41.924899729976161, 17.764757221368519 ], [ 41.924914601585691, 17.764727477142362 ], [ 41.924950294346878, 17.764724502633925 ], [ 41.925015729428793, 17.764745324191939 ], [ 41.925054394715254, 17.764769117688829 ], [ 41.925096036120252, 17.764819680890973 ], [ 41.925116856373599, 17.764876193946275 ], [ 41.925134702305023, 17.76490593729222 ], [ 41.925173369388119, 17.764935679777736 ], [ 41.925226906284102, 17.764917833602635 ], [ 41.92528341929863, 17.76490593729222 ], [ 41.92532208458509, 17.764917833602635 ], [ 41.925325058906992, 17.764962450320265 ], [ 41.925328033228894, 17.764989218292353 ], [ 41.925339929618211, 17.765007063604845 ], [ 41.925381571921513, 17.765021936123031 ], [ 41.925429160173692, 17.765033833281208 ], [ 41.925455929070843, 17.765054653092246 ], [ 41.925512442085363, 17.765081421906007 ], [ 41.925545158728013, 17.765108190715765 ], [ 41.925580850590883, 17.765179575329491 ], [ 41.925598697420639, 17.765221214915204 ], [ 41.925622491995881, 17.765259880847179 ], [ 41.925658182960433, 17.76531044476604 ], [ 41.925696850043522, 17.765363983168456 ], [ 41.925726593262581, 17.765432393183413 ], [ 41.925726593262581, 17.765485930693838 ], [ 41.925667105926152, 17.765512700298522 ], [ 41.925533262338703, 17.765539468188237 ], [ 41.9254232124282, 17.76550972494767 ], [ 41.925223931962201, 17.765482956198017 ], [ 41.92502762581811, 17.765420495196274 ], [ 41.924864039011602, 17.765378854801479 ], [ 41.924712346797783, 17.765292600339297 ], [ 41.924637989648453, 17.765158753822035 ], [ 41.924608246429401, 17.765099268064784 ], [ 41.924542811347479, 17.764995167300363 ], [ 41.924501169942474, 17.764855374114465 ], [ 41.924474401943641, 17.764837527075866 ], [ 41.924400042997682, 17.7647839902268 ], [ 41.924340556559564, 17.764736399811895 ], [ 41.924260249868112, 17.764700708275623 ], [ 41.924191839565971, 17.764667991241648 ], [ 41.924120456738549, 17.76463824785613 ], [ 41.92402825275947, 17.764590658257916 ], [ 41.92396281677923, 17.764546044013979 ], [ 41.923858716410841, 17.764430044874484 ], [ 41.923797792668275, 17.764483775168539 ], [ 41.923695127807711, 17.764733426159086 ], [ 41.92359697608314, 17.764899988281233 ], [ 41.923504771205749, 17.765024909771039 ], [ 41.923338170551467, 17.765222798406679 ], [ 41.923228159268518, 17.765286651341174 ], [ 41.923070592971044, 17.765368836296417 ], [ 41.923011032871081, 17.765381830154507 ], [ 41.922981289652029, 17.765328290901962 ], [ 41.922909905926282, 17.765203369624082 ], [ 41.922874214063413, 17.765230138415582 ], [ 41.922535141366168, 17.765533520053804 ], [ 41.922344783865881, 17.765673312709591 ], [ 41.921950144978418, 17.765927808308493 ], [ 41.921681509182591, 17.766116486760769 ], [ 41.921345410807248, 17.766253307044238 ], [ 41.921140181697439, 17.766330639308961 ], [ 41.920908183690479, 17.766407972395719 ], [ 41.920697006835169, 17.766455560654826 ], [ 41.92037578006935, 17.766512073193152 ], [ 41.920105115877618, 17.766553714179537 ], [ 41.919679787845105, 17.766583457246458 ], [ 41.919218678118192, 17.766593438042687 ], [ 41.91896910277606, 17.766605138337685 ], [ 41.918612005382634, 17.766586431723976 ], [ 41.918302675006125, 17.766577510002225 ], [ 41.918109343183936, 17.766556688657548 ], [ 41.917957652766745, 17.766523971107663 ], [ 41.917865448787666, 17.766494228030844 ], [ 41.917728629980004, 17.766485304593552 ], [ 41.917660219677856, 17.766523971107663 ], [ 41.917541247699944, 17.766592380678858 ], [ 41.917365762707504, 17.766654841271269 ], [ 41.917187303393163, 17.766681610700964 ], [ 41.917002895435004, 17.766681610700964 ], [ 41.916827410442572, 17.766660790223874 ], [ 41.916657873195632, 17.766642944220937 ], [ 41.91643336174824, 17.766565803717118 ], [ 41.915850393756408, 17.766315961092143 ], [ 41.915529166092277, 17.766125604409201 ], [ 41.9154934742294, 17.765816273939489 ], [ 41.915381671705774, 17.765750735050162 ], [ 41.915352083895257, 17.765794071767626 ], [ 41.915334952124482, 17.765854033793829 ], [ 41.915284983336804, 17.76585688937233 ], [ 41.915229303060542, 17.765815486901502 ], [ 41.915169341413637, 17.765759807376995 ], [ 41.915103668278164, 17.765722688254673 ], [ 41.915008012971775, 17.765679857962127 ], [ 41.914888088779648, 17.765627033122083 ], [ 41.914806891857758, 17.765569947989778 ], [ 41.914692496796206, 17.765519958169687 ], [ 41.914553117789993, 17.765501522628846 ], [ 41.914539617009581, 17.765497471942471 ], [ 41.91426002985213, 17.765497471942471 ], [ 41.913956649017749, 17.765539113165122 ], [ 41.913637260205, 17.765607679665386 ], [ 41.913492653902139, 17.765592649788122 ], [ 41.913394501279242, 17.765655110729739 ], [ 41.913256779664728, 17.765756786690005 ], [ 41.913058516091631, 17.765852500781026 ], [ 41.912636048294978, 17.7660150043424 ], [ 41.912014505746527, 17.766345824820384 ], [ 41.911778673729934, 17.766455113242444 ], [ 41.911398728585567, 17.766669356920595 ], [ 41.911062630210225, 17.766809151254844 ], [ 41.910732811058708, 17.766956783301751 ], [ 41.910401427940293, 17.767172567935017 ], [ 41.910127791223282, 17.767517588750572 ], [ 41.909842255422014, 17.767826918843546 ], [ 41.909747077121033, 17.767850713641334 ], [ 41.909717338393548, 17.767848730670348 ], [ 41.909545723343363, 17.767802575688521 ], [ 41.909420585329336, 17.767808691418921 ], [ 41.909325622624017, 17.767778780884331 ], [ 41.909153112851804, 17.767728216807978 ], [ 41.909016293145832, 17.76766575659051 ], [ 41.908843783373605, 17.767612218021792 ], [ 41.908703989345724, 17.767915599895861 ], [ 41.908947883741995, 17.76798698424431 ], [ 41.909031450419612, 17.768181416946199 ], [ 41.909197726782075, 17.768272518786731 ], [ 41.909260189338724, 17.768343902992683 ], [ 41.909286957337557, 17.768427184102542 ], [ 41.909289931659465, 17.768558053728615 ], [ 41.909283983015655, 17.768653233367012 ], [ 41.909248291152792, 17.768804923912931 ], [ 41.909179880850644, 17.76898635699736 ], [ 41.909049010686793, 17.769191586227926 ], [ 41.908924090065064, 17.769390866361331 ], [ 41.908760500563616, 17.769596094272099 ], [ 41.908617734010456, 17.76970019577972 ], [ 41.908448196763516, 17.76985485986048 ], [ 41.908222148298677, 17.769985731007878 ], [ 41.907963382292884, 17.77009875640147 ], [ 41.907755179759477, 17.770179062276195 ], [ 41.907469643958215, 17.770235575348536 ], [ 41.907044592606809, 17.77028253639606 ], [ 41.906859907069233, 17.770268292219239 ], [ 41.906630884282492, 17.770253420137433 ], [ 41.906443501104114, 17.770217728846951 ], [ 41.906357244870534, 17.770179062276195 ], [ 41.906250170180243, 17.770155266932832 ], [ 41.906122274338294, 17.770152293370145 ], [ 41.906012224427784, 17.77017013902281 ], [ 41.905896224975152, 17.770235575348536 ], [ 41.905679098577714, 17.770351573288139 ], [ 41.905320494709557, 17.770493048276244 ], [ 41.905023846748222, 17.770575196620271 ], [ 41.904827641215448, 17.770614934132649 ], [ 41.904456652274462, 17.770637110042298 ], [ 41.904191935828216, 17.770669826839516 ], [ 41.903965888261702, 17.770747159760376 ], [ 41.903623840344238, 17.770919670224114 ], [ 41.903335511680751, 17.771141166195449 ], [ 41.902612569099659, 17.771663252063203 ], [ 41.901687554088667, 17.772507959722905 ], [ 41.901131354993971, 17.773067134396097 ], [ 41.900892362704212, 17.773363446211853 ], [ 41.900352081756367, 17.773908867909359 ], [ 41.899848249052859, 17.774498570371644 ], [ 41.899507333012636, 17.774796872118031 ], [ 41.899037429677406, 17.775158085222248 ], [ 41.898638869643719, 17.775482286573759 ], [ 41.898218589244784, 17.775893292754784 ], [ 41.898206171832619, 17.775916574077645 ], [ 41.898067798939508, 17.77610094688939 ], [ 41.897999390433995, 17.776312124281809 ], [ 41.898023185009244, 17.776725555391881 ], [ 41.898023185009244, 17.776942680656646 ], [ 41.898008313399707, 17.777076526050031 ], [ 41.898008313399707, 17.77722226769021 ], [ 41.898029132754729, 17.777278780246515 ], [ 41.898049953008076, 17.777350164277511 ], [ 41.898072056953957, 17.777506957722892 ], [ 41.898088620091166, 17.777653545021835 ], [ 41.898097543056885, 17.777742774655131 ], [ 41.898145132207375, 17.777840927114752 ], [ 41.898171901104526, 17.777989644130109 ], [ 41.898044005262584, 17.778111590741432 ], [ 41.897975689283541, 17.778116098790189 ], [ 41.897919082844226, 17.778156205876996 ], [ 41.897773341969163, 17.778313846332644 ], [ 41.897535396216703, 17.778566662719619 ], [ 41.897425346306193, 17.778754046421245 ], [ 41.897422548054081, 17.778844718587955 ], [ 41.897437242695503, 17.778962248973052 ], [ 41.897449139983124, 17.779105015661479 ], [ 41.897461038169055, 17.779259681868886 ], [ 41.897440483817043, 17.779468141310144 ], [ 41.897440217017405, 17.779705829856596 ], [ 41.897520830034374, 17.779963738230922 ], [ 41.897576135713152, 17.780366679597559 ], [ 41.897606779942443, 17.780699255322318 ], [ 41.897636523161495, 17.780883663403252 ], [ 41.897651393872714, 17.780987765179486 ], [ 41.897716829852953, 17.781115660782312 ], [ 41.897825978753225, 17.781294669136152 ], [ 41.89793992465713, 17.781532056717772 ], [ 41.898085645769264, 17.781636168381002 ], [ 41.898170523088879, 17.781755445367008 ], [ 41.898308720810505, 17.782088264861219 ], [ 41.89842516133595, 17.782331581856017 ], [ 41.898535585843931, 17.782715162856299 ], [ 41.898558563850592, 17.783025178333951 ], [ 41.898573436358426, 17.783221484238563 ], [ 41.898580095569635, 17.783691998397803 ], [ 41.898575508771792, 17.783745514186474 ], [ 41.898480331369129, 17.784233304091483 ], [ 41.898424720263144, 17.784423111148801 ], [ 41.898371181570525, 17.784536135965126 ], [ 41.898264105981923, 17.78468485339506 ], [ 41.898133235818065, 17.784815723091281 ], [ 41.897901238709423, 17.785059617176703 ], [ 41.897455438071582, 17.785517994614903 ], [ 41.896862297557469, 17.786315332674128 ], [ 41.896577663664743, 17.786662779161173 ], [ 41.896244538712985, 17.786966160343198 ], [ 41.895956028589822, 17.787195183386448 ], [ 41.895696266352374, 17.787349751064461 ], [ 41.89417350696143, 17.788349773387946 ], [ 41.893652793117106, 17.788643048967145 ], [ 41.89297278012512, 17.789083882232955 ], [ 41.892292358399686, 17.789462726273701 ], [ 41.892020095206746, 17.789634680645069 ], [ 41.891330051626305, 17.78992021566609 ], [ 41.890366370430534, 17.790146265967699 ], [ 41.88998358211829, 17.790220074932407 ], [ 41.889769430941087, 17.79025279242062 ], [ 41.889576100017216, 17.790273611859668 ], [ 41.889390790150514, 17.790241442660484 ], [ 41.88925784667498, 17.790249818337042 ], [ 41.889204308880679, 17.79032417639926 ], [ 41.889135898578537, 17.790422328788686 ], [ 41.889121027867319, 17.790541302242719 ], [ 41.889207284100905, 17.790452072159628 ], [ 41.889335179044529, 17.790422328788686 ], [ 41.889421435278116, 17.790425302869398 ], [ 41.889627464786841, 17.790487204280893 ], [ 41.889721841790596, 17.790547250400124 ], [ 41.889772405262995, 17.790639455368154 ], [ 41.889766456619185, 17.79073760758428 ], [ 41.889721842688907, 17.790889298199822 ], [ 41.889632613031736, 17.791145088819384 ], [ 41.889698048113665, 17.791272985702452 ], [ 41.889712919723188, 17.791356267245046 ], [ 41.889680202182227, 17.791496061083997 ], [ 41.889519806191615, 17.791733394049849 ], [ 41.889462174774565, 17.791799990888624 ], [ 41.889021975132515, 17.792371061246861 ], [ 41.888980461288298, 17.792402196801014 ], [ 41.888773033102666, 17.792635227018931 ], [ 41.888633239074785, 17.792709584943069 ], [ 41.888509083817674, 17.79278143068219 ], [ 41.888401241966136, 17.792834506664903 ], [ 41.888216581581389, 17.792968325609483 ], [ 41.888130578672722, 17.793093273665978 ], [ 41.887999706712236, 17.793399629928636 ], [ 41.88781580001401, 17.793970141764323 ], [ 41.887784655423104, 17.794108068058705 ], [ 41.887666582658795, 17.794181877096289 ], [ 41.887479201277046, 17.794300849755743 ], [ 41.887303716284606, 17.794428746088794 ], [ 41.887059820990032, 17.794547720294396 ], [ 41.886705875784941, 17.794744024652147 ], [ 41.886494698929624, 17.794839204025944 ], [ 41.886250803635043, 17.795035509773822 ], [ 41.885972409440292, 17.795252566592794 ], [ 41.885686254699792, 17.795406945109541 ], [ 41.885545888445073, 17.795517349928705 ], [ 41.885358506165012, 17.795585760373697 ], [ 41.885108663124932, 17.795425146624588 ], [ 41.884786533552251, 17.795726101735152 ], [ 41.884784461138892, 17.795782065300585 ], [ 41.884739847208621, 17.795880218110735 ], [ 41.884677384651965, 17.795972422890461 ], [ 41.8845851806729, 17.796049754266903 ], [ 41.884478105084284, 17.796121137638345 ], [ 41.884284774160413, 17.796228213924977 ], [ 41.884109289167974, 17.796311495721945 ], [ 41.883968406381975, 17.796326205687762 ], [ 41.883750949404515, 17.796401844213605 ], [ 41.883680985915241, 17.796379905007253 ], [ 41.883615550833312, 17.796388827806823 ], [ 41.883511448668301, 17.796436416633888 ], [ 41.883291348847273, 17.796653542741609 ], [ 41.883050428772904, 17.796837950599155 ], [ 41.88268458717851, 17.797111589341949 ], [ 41.882476955075312, 17.797237359032273 ], [ 41.882375256802, 17.797281126039184 ], [ 41.882113517372602, 17.797694557364174 ], [ 41.882196798385969, 17.797745119801871 ], [ 41.88222951592693, 17.797873017088364 ], [ 41.882229600368575, 17.798048441952602 ], [ 41.882157231190966, 17.798272126408939 ], [ 41.882479358967011, 17.798765314743282 ], [ 41.882543207624146, 17.798781057731276 ], [ 41.882771635726172, 17.798811992022948 ], [ 41.882821605412161, 17.798864340047704 ], [ 41.882912024438767, 17.79894524112153 ], [ 41.882985786903383, 17.799052317424547 ], [ 41.883071449350552, 17.799157014173034 ], [ 41.883230871567399, 17.799295021990986 ], [ 41.883335569315449, 17.79937830406757 ], [ 41.883425988342061, 17.799423512610808 ], [ 41.883566376156338, 17.799461584394656 ], [ 41.883682970293705, 17.799516311714395 ], [ 41.883816220094737, 17.799587696265327 ], [ 41.883956607909028, 17.799637664578679 ], [ 41.884175518360614, 17.799725704605539 ], [ 41.884370634236952, 17.799839918028688 ], [ 41.884537196263672, 17.799982686843109 ], [ 41.884615718900974, 17.800070726699762 ], [ 41.884696620277154, 17.800149247749644 ], [ 41.884732312140017, 17.800232530282898 ], [ 41.884734691777204, 17.800337226338989 ], [ 41.884765625264016, 17.800444301806809 ], [ 41.884808455140139, 17.800539479851455 ], [ 41.884863182303867, 17.80059658716706 ], [ 41.884917910365921, 17.800618003261011 ], [ 41.885010709029721, 17.80059658716706 ], [ 41.885086852029829, 17.800577551397222 ], [ 41.885158235755569, 17.800598966638148 ], [ 41.885272449357423, 17.800715559827236 ], [ 41.885365248919534, 17.800786943898455 ], [ 41.885419976083277, 17.800884502938242 ], [ 41.885477083782519, 17.800974920960741 ], [ 41.885522293295814, 17.801048685248603 ], [ 41.885569882446312, 17.80110103261725 ], [ 41.885636507795986, 17.80117479685298 ], [ 41.885695994234105, 17.801300908368237 ], [ 41.885712650796101, 17.801403224337179 ], [ 41.885729305561462, 17.801541232983922 ], [ 41.88577689471196, 17.801681621835879 ], [ 41.885814967110335, 17.80177204116508 ], [ 41.885853037712074, 17.801886255844408 ], [ 41.885850658973197, 17.801986192880456 ], [ 41.885841141322764, 17.802095646809935 ], [ 41.885848279336017, 17.802228896877835 ], [ 41.885883971198879, 17.802345490712526 ], [ 41.885926801973305, 17.802431150812097 ], [ 41.885988668048611, 17.802550123959694 ], [ 41.886052912862787, 17.802664338140971 ], [ 41.886093364000033, 17.802742860615471 ], [ 41.886140953150523, 17.802740481172972 ], [ 41.88620757760188, 17.802685753131453 ], [ 41.886264685301136, 17.802621508152303 ], [ 41.886312273553308, 17.802588195076481 ], [ 41.886381277641853, 17.802547745369932 ], [ 41.886466939190711, 17.802469221954269 ], [ 41.886507390327964, 17.802385941320228 ], [ 41.886552599841266, 17.802266968063154 ], [ 41.886543082190826, 17.802183688190013 ], [ 41.88648121611552, 17.80213609832958 ], [ 41.886371760889737, 17.8021741686794 ], [ 41.886321792102059, 17.802226518283781 ], [ 41.886271824212692, 17.802350248752724 ], [ 41.886164747725772, 17.802383561872968 ], [ 41.886107640924841, 17.802345490712526 ], [ 41.886064811048726, 17.802278865306899 ], [ 41.886036257199109, 17.80217654898475 ], [ 41.886041014676849, 17.802057575588062 ], [ 41.88609812237609, 17.801788695641697 ], [ 41.886140953150523, 17.801548371359303 ], [ 41.886188542301014, 17.801369911889211 ], [ 41.88620757760188, 17.801236662035166 ], [ 41.886152851336462, 17.801101031761945 ], [ 41.886067188889278, 17.801032028136994 ], [ 41.88599342732298, 17.800970162883871 ], [ 41.885962493836182, 17.800858327941114 ], [ 41.88590538613694, 17.80076315006653 ], [ 41.885962493836182, 17.800644176582775 ], [ 41.886050534123918, 17.800560895952259 ], [ 41.886138574411646, 17.800479993900243 ], [ 41.886257547287876, 17.800410989179831 ], [ 41.886352724690553, 17.80034674338167 ], [ 41.886462180814654, 17.80032056916097 ], [ 41.886640640129002, 17.800292016316597 ], [ 41.886821479080538, 17.800232529427582 ], [ 41.886919037018707, 17.800215873095105 ], [ 41.887126050182665, 17.800232529427582 ], [ 41.887259299983704, 17.800258702805884 ], [ 41.887547213625531, 17.800282496705069 ], [ 41.887689981975313, 17.800270600183531 ], [ 41.887887476590528, 17.800211114142684 ], [ 41.888108766679302, 17.800146869127875 ], [ 41.888256294303467, 17.800051690018513 ], [ 41.888425235967375, 17.799985064611764 ], [ 41.888601315644536, 17.799937475875588 ], [ 41.888832124282061, 17.799906542634321 ], [ 41.889008203959214, 17.799923198995671 ], [ 41.889196180923996, 17.800020756797046 ], [ 41.889431747039261, 17.800154006703721 ], [ 41.889688729889222, 17.800325328110478 ], [ 41.889936193292115, 17.80046809568125 ], [ 41.890114652606457, 17.800601346109204 ], [ 41.890297872093491, 17.800703661623949 ], [ 41.890516781646767, 17.800834533263398 ], [ 41.890738071735534, 17.80099395583288 ], [ 41.890930807974684, 17.801127205868163 ], [ 41.891109268187343, 17.801374669955425 ], [ 41.89119254920071, 17.80167924237923 ], [ 41.891359111227423, 17.802040919425941 ], [ 41.891597056979883, 17.802338352369038 ], [ 41.891785034842975, 17.802702409233387 ], [ 41.891925422657273, 17.802921320423003 ], [ 41.891999186020193, 17.803142609070608 ], [ 41.892020600958247, 17.803368658877986 ], [ 41.892037258418561, 17.803544738627817 ], [ 41.892058673356622, 17.803739855348969 ], [ 41.892120540330247, 17.804170536643653 ], [ 41.892127677445174, 17.804296647752121 ], [ 41.892127677445174, 17.804475107716083 ], [ 41.892087227206247, 17.804663085169285 ], [ 41.891975393241573, 17.804886755346921 ], [ 41.891937320843205, 17.805103285300692 ], [ 41.891946839391956, 17.805291262947286 ], [ 41.892001565657374, 17.805493516831174 ], [ 41.891994429440764, 17.805702910405483 ], [ 41.891923043918396, 17.80592895782415 ], [ 41.891823107241358, 17.806335846732349 ], [ 41.891766000440434, 17.806433403593303 ], [ 41.891592298603825, 17.806611863985612 ], [ 41.891311522975258, 17.806780805789845 ], [ 41.8910378835633, 17.806892639586124 ], [ 41.890809457257909, 17.806923573326767 ], [ 41.890771384859534, 17.806909297005856 ], [ 41.890764246846288, 17.806823635635283 ], [ 41.890769006120664, 17.806728456666519 ], [ 41.890776144133902, 17.806616622767308 ], [ 41.8907618672091, 17.806552376637825 ], [ 41.89071427805861, 17.806578550799603 ], [ 41.890707140045365, 17.806640416673897 ], [ 41.890709518784227, 17.806776047012526 ], [ 41.890700001133794, 17.806814118082798 ], [ 41.890666688908112, 17.806854569387887 ], [ 41.890566751332756, 17.806830773799305 ], [ 41.890531060368204, 17.806785563711756 ], [ 41.890516783443388, 17.806728456666519 ], [ 41.890519163080576, 17.806657074117179 ], [ 41.890533439107074, 17.806569034089328 ], [ 41.890550094770759, 17.806480994018024 ], [ 41.890561992956698, 17.806411989907943 ], [ 41.890497747244204, 17.806421506626595 ], [ 41.890471573031775, 17.806490510732996 ], [ 41.890464434120211, 17.806633279357538 ], [ 41.890457296106966, 17.806733217155667 ], [ 41.890440640443281, 17.806797462364738 ], [ 41.89039305129279, 17.806845050981781 ], [ 41.890238385655373, 17.806826015878599 ], [ 41.890200314155315, 17.806773666768542 ], [ 41.890202693792503, 17.806704662771676 ], [ 41.890209832704073, 17.806611863985612 ], [ 41.890195555779258, 17.806547618709693 ], [ 41.890183657593319, 17.806480994018024 ], [ 41.890181277956131, 17.806388194260322 ], [ 41.890183657593319, 17.806309673390235 ], [ 41.89016700192964, 17.806273979897142 ], [ 41.890147966628767, 17.806281118938443 ], [ 41.890131310066771, 17.806316810719547 ], [ 41.890128931327894, 17.806381056078585 ], [ 41.890131310066771, 17.806480994018024 ], [ 41.890133689703958, 17.806619003013388 ], [ 41.890131310066771, 17.806683248263599 ], [ 41.890097997841089, 17.806726078132456 ], [ 41.890007577916165, 17.806721319353681 ], [ 41.88992191726561, 17.806688007043398 ], [ 41.889867190101882, 17.806638038138658 ], [ 41.889857671553131, 17.806576172263544 ], [ 41.889888605039943, 17.806485752803212 ], [ 41.889914780150683, 17.806423886875283 ], [ 41.889936194190426, 17.806350123099147 ], [ 41.889902881964751, 17.80628349833372 ], [ 41.889888605039943, 17.806224010876434 ], [ 41.889857671553131, 17.806219252939545 ], [ 41.889831498239005, 17.806235908711589 ], [ 41.88976249415046, 17.806297774704717 ], [ 41.88971728373884, 17.806362020070612 ], [ 41.889657797300728, 17.806419127233163 ], [ 41.889703006814038, 17.806428645661995 ], [ 41.889781530349644, 17.806416747839695 ], [ 41.889795806376142, 17.80647385584 ], [ 41.889772010902576, 17.80656665384258 ], [ 41.889736319938031, 17.806673729848352 ], [ 41.889686351150353, 17.806783186033741 ], [ 41.889660176937916, 17.806906916763644 ], [ 41.889588793212177, 17.806925952713474 ], [ 41.889436507211954, 17.806885502279854 ], [ 41.889291361021606, 17.806849809757257 ], [ 41.889174766884253, 17.806814118082798 ], [ 41.889039138344337, 17.806759389580353 ], [ 41.888867817043241, 17.806678488628396 ], [ 41.888698875379333, 17.80660234642183 ], [ 41.888568004317165, 17.806528582719494 ], [ 41.888472825117873, 17.806495270373215 ], [ 41.888296745440719, 17.806488132195764 ], [ 41.888151598352053, 17.806480994018024 ], [ 41.888015968913827, 17.806431025055307 ], [ 41.887937447174835, 17.806371537647212 ], [ 41.88790651368803, 17.806266843421401 ], [ 41.887849406887106, 17.806212113895768 ], [ 41.887801817736609, 17.806231149919739 ], [ 41.8877875408118, 17.806297774704717 ], [ 41.887825612311858, 17.806354882743111 ], [ 41.88786844218798, 17.806411989907943 ], [ 41.887844647612731, 17.806464337413583 ], [ 41.887808955749854, 17.806535720895322 ], [ 41.887739951661317, 17.806664212287874 ], [ 41.88763049643552, 17.806757011046702 ], [ 41.887521041209716, 17.806883122892607 ], [ 41.887411585983934, 17.806997336865777 ], [ 41.887264059258079, 17.807118688918319 ], [ 41.887171260594286, 17.807242421126066 ], [ 41.887045148806493, 17.807439915748702 ], [ 41.887009457841934, 17.807494644042361 ], [ 41.886933314841819, 17.807549372319226 ], [ 41.886840515279715, 17.807615995756578 ], [ 41.886709645115857, 17.807642169762293 ], [ 41.886657296690998, 17.807615995756578 ], [ 41.886581154589209, 17.807537473716398 ], [ 41.886459802075777, 17.807520818921155 ], [ 41.886436006602224, 17.807658827112029 ], [ 41.886424110212914, 17.807715933859416 ], [ 41.886371761788048, 17.807784939175633 ], [ 41.88628372239863, 17.80781825042579 ], [ 41.88620282012414, 17.807832526673952 ], [ 41.886169507898458, 17.807915809041834 ], [ 41.88620282012414, 17.808091888579938 ], [ 41.886219475787826, 17.808208482004002 ], [ 41.886233752712634, 17.808303660183039 ], [ 41.886212337774573, 17.808377424006611 ], [ 41.886154727018777, 17.808417874957172 ], [ 41.886014843159366, 17.808429771790731 ], [ 41.885938700159244, 17.808453567166001 ], [ 41.885853038610385, 17.808548745214264 ], [ 41.885822106021891, 17.808651062158184 ], [ 41.885784035420151, 17.80874386073863 ], [ 41.885767378858155, 17.808850937147987 ], [ 41.885734065734155, 17.808927079249965 ], [ 41.885631749419929, 17.809010361106786 ], [ 41.885550848043749, 17.809079365066953 ], [ 41.885517534919757, 17.809150749212719 ], [ 41.885512839425772, 17.809224892425028 ], [ 41.885436632645273, 17.809224511830699 ], [ 41.88537000909222, 17.809267341944622 ], [ 41.885346213618661, 17.809331587951498 ], [ 41.885360489645159, 17.809483873423105 ], [ 41.885252607369424, 17.809549651989741 ], [ 41.885074955640526, 17.809617123104097 ], [ 41.884998812640411, 17.809638538115202 ], [ 41.88491553342368, 17.8097265791938 ], [ 41.88484177006076, 17.809852689795395 ], [ 41.884765627060638, 17.809945488605901 ], [ 41.884668068224165, 17.810050184948857 ], [ 41.884584787210798, 17.810097775263856 ], [ 41.884458676321316, 17.810107292641121 ], [ 41.884461055060193, 17.810050185804119 ], [ 41.884551474985116, 17.809866966735981 ], [ 41.884644273648917, 17.809717061796221 ], [ 41.884706138825905, 17.809545740000253 ], [ 41.884679964613461, 17.809245928599484 ], [ 41.884565751011607, 17.80893659925551 ], [ 41.884368256396399, 17.808639166194659 ], [ 41.88422786678548, 17.80853922775383 ], [ 41.884111274444749, 17.808467844218587 ], [ 41.884010224755073, 17.808435649219636 ], [ 41.883926817079264, 17.808304218676032 ], [ 41.88390664001966, 17.808139479417456 ], [ 41.883856671231982, 17.808030024064319 ], [ 41.883751976178885, 17.80788487718381 ], [ 41.883594930904273, 17.807758765190869 ], [ 41.883449783815621, 17.807661207344204 ], [ 41.883283220890583, 17.807599340968665 ], [ 41.883151857551645, 17.807559544973998 ], [ 41.883013837696438, 17.807468741992952 ], [ 41.882454664279848, 17.807183206822227 ], [ 41.88224624435415, 17.807059282135729 ], [ 41.882160114783034, 17.806956887303617 ], [ 41.88208397268123, 17.806856949630799 ], [ 41.881988794380248, 17.806795083831599 ], [ 41.881876960415582, 17.806726078987737 ], [ 41.88177464320303, 17.806652315336564 ], [ 41.881705638216175, 17.806538101142486 ], [ 41.88165329068962, 17.806371539357777 ], [ 41.881658049963995, 17.80622163404621 ], [ 41.881577147689505, 17.806012241080769 ], [ 41.881510523238141, 17.805807606672825 ], [ 41.881460553552145, 17.805645803868938 ], [ 41.881429620963651, 17.805495897947523 ], [ 41.881398688375171, 17.805331714597699 ], [ 41.881362997410612, 17.805177048737097 ], [ 41.881329684286619, 17.805003349155314 ], [ 41.881370135423857, 17.804808233815972 ], [ 41.881412965299972, 17.804655947773806 ], [ 41.881439138614091, 17.804517938970374 ], [ 41.881448657162849, 17.804403725120387 ], [ 41.881410584764467, 17.804327581942918 ], [ 41.881384410552037, 17.804253819010583 ], [ 41.881391550361911, 17.80418957288547 ], [ 41.881410584764467, 17.804106292199137 ], [ 41.881401068012352, 17.804023012329221 ], [ 41.881313027724616, 17.803963524973469 ], [ 41.881179777923577, 17.803973042678027 ], [ 41.881058425410153, 17.803989698659784 ], [ 41.880913278321501, 17.804015873197557 ], [ 41.88078240815765, 17.804008734920895 ], [ 41.880667925061211, 17.804016374399332 ], [ 41.880561118068876, 17.804001595788662 ], [ 41.880501630732439, 17.803970663251935 ], [ 41.880456422117447, 17.803908798162396 ], [ 41.880360209855574, 17.803808213890257 ], [ 41.880336944388034, 17.803792474766947 ], [ 41.880091044053735, 17.803656583005662 ], [ 41.87995435460347, 17.803551877778336 ], [ 41.879899628338045, 17.803478115380592 ], [ 41.879868694851233, 17.803425766143427 ], [ 41.879840141001623, 17.803361522286025 ], [ 41.879828243714002, 17.803302034709716 ], [ 41.879823485337937, 17.803247306840444 ], [ 41.879818726063554, 17.803185440644789 ], [ 41.879792550952814, 17.803142609925906 ], [ 41.879749721076699, 17.803104538927425 ], [ 41.879709269939454, 17.803035535221962 ], [ 41.879687855001393, 17.802964152050304 ], [ 41.879515348822444, 17.802796148315991 ], [ 41.879486988110607, 17.802760360892339 ], [ 41.879302581050766, 17.802561081209749 ], [ 41.879094377619055, 17.802370722949782 ], [ 41.878942687201864, 17.802201186811125 ], [ 41.878776125175143, 17.802064369255877 ], [ 41.878740432413949, 17.802082215141464 ], [ 41.878761252667296, 17.802165495917265 ], [ 41.878859406188496, 17.80230528898834 ], [ 41.87886237961208, 17.802397493014478 ], [ 41.878758279243705, 17.8024450828052 ], [ 41.878603613606295, 17.8024659033881 ], [ 41.878472744340748, 17.802462928652702 ], [ 41.878332951211192, 17.802421288339072 ], [ 41.878199104928804, 17.802332059062859 ], [ 41.878032542902076, 17.802284469241997 ], [ 41.877925468211778, 17.80227851976511 ], [ 41.877761878710338, 17.802326109587554 ], [ 41.877636958088623, 17.802421288339072 ], [ 41.877497164959046, 17.802504568956614 ], [ 41.877356594786761, 17.802612937192592 ], [ 41.877198886555476, 17.802678455715863 ], [ 41.877062913062503, 17.802650311226728 ], [ 41.876937990644137, 17.802575953167441 ], [ 41.876677835842919, 17.802504916208569 ], [ 41.876513652555069, 17.802559644305553 ], [ 41.876411337139153, 17.802623889306982 ], [ 41.876347092324977, 17.802726206227916 ], [ 41.876297122638981, 17.802857076383965 ], [ 41.876228119448747, 17.802966530634524 ], [ 41.876140079161011, 17.803028396906083 ], [ 41.876080592722893, 17.803075987383821 ], [ 41.876006830258284, 17.803161647132697 ], [ 41.875985414421919, 17.803218753609098 ], [ 41.876002583921945, 17.803307823356729 ], [ 41.875934188891158, 17.803387908174102 ], [ 41.875859302634119, 17.803399593229674 ], [ 41.875840267333253, 17.803425766998721 ], [ 41.875879131147386, 17.803492045581347 ], [ 41.875822619929501, 17.803551532239009 ], [ 41.875763132593065, 17.803602095583074 ], [ 41.875682826799931, 17.803625889891723 ], [ 41.875588486627109, 17.803593554605801 ], [ 41.875480572012023, 17.803584248994206 ], [ 41.875415136930094, 17.803599121721916 ], [ 41.875340920816264, 17.803672616362363 ], [ 41.875189087566945, 17.803789477816022 ], [ 41.875114730417614, 17.803825170095617 ], [ 41.87501955121833, 17.803857887655933 ], [ 41.874951141814492, 17.80389655292279 ], [ 41.874858937835413, 17.80396793828729 ], [ 41.874748887924902, 17.804024450076923 ], [ 41.874554684736886, 17.80406987896389 ], [ 41.874512036320461, 17.804096125334489 ], [ 41.874302738740731, 17.804167218109132 ], [ 41.874189713610001, 17.804277267694392 ], [ 41.874174842898775, 17.804393265763057 ], [ 41.87412427942639, 17.804464650073523 ], [ 41.874035049769219, 17.80452413640689 ], [ 41.873941121024792, 17.804539979811111 ], [ 41.873755279355443, 17.804699890006212 ], [ 41.873663258632682, 17.804723415607469 ], [ 41.873624592447911, 17.804747210621862 ], [ 41.873579274238459, 17.80485133611694 ], [ 41.873487773640242, 17.804878081861354 ], [ 41.873434234947624, 17.80490782538924 ], [ 41.873422337659996, 17.805014900680103 ], [ 41.873428287202124, 17.805089258578199 ], [ 41.873401518304973, 17.80513089912445 ], [ 41.873333108002832, 17.805172538805685 ], [ 41.873217109448511, 17.805205257829485 ], [ 41.87306839425154, 17.805252846015986 ], [ 41.872904804750092, 17.805297462067522 ], [ 41.872607372559521, 17.805371818992562 ], [ 41.87171507508949, 17.805547304907609 ], [ 41.87145036043988, 17.805585972374185 ], [ 41.87120943856889, 17.805591920030217 ], [ 41.87108442542069, 17.805624279757222 ], [ 41.870962569850718, 17.805767405728755 ], [ 41.870864418126132, 17.805862585210285 ], [ 41.870781136214461, 17.805969659928103 ], [ 41.870671086303958, 17.80612135128241 ], [ 41.870522370208668, 17.806219502682055 ], [ 41.870430166229589, 17.806204631883361 ], [ 41.870332012708381, 17.806151093747722 ], [ 41.870230885763583, 17.806112428114208 ], [ 41.870150579072131, 17.80608268478716 ], [ 41.870031308853548, 17.80607287041185 ], [ 41.86999294001113, 17.806085658606914 ], [ 41.869829352306319, 17.806157043095478 ], [ 41.869674686668908, 17.806234375190073 ], [ 41.869475407101227, 17.806335502053695 ], [ 41.869166757647697, 17.806529674913442 ], [ 41.869121462794439, 17.806537755608943 ], [ 41.868815106739838, 17.806567498860115 ], [ 41.868618800595748, 17.806588319817205 ], [ 41.868419521028059, 17.806659704104618 ], [ 41.868264857187285, 17.806698369619514 ], [ 41.868128036582988, 17.806671601055434 ], [ 41.867925783591708, 17.806698369619514 ], [ 41.867768143632397, 17.806757856063335 ], [ 41.867577787030434, 17.806856008823328 ], [ 41.867420147969419, 17.806951187724032 ], [ 41.867250610722479, 17.806948213063421 ], [ 41.867119740558635, 17.806948213063421 ], [ 41.866991844716686, 17.807004724764258 ], [ 41.866950204210006, 17.807132622255917 ], [ 41.867027536579549, 17.80719805701267 ], [ 41.867203021571981, 17.80726646640078 ], [ 41.867316046702726, 17.807334875762649 ], [ 41.867375533140837, 17.807403285098292 ], [ 41.867366610175125, 17.807483592159628 ], [ 41.867223841825329, 17.807584719170329 ], [ 41.867095946881697, 17.807656103058999 ], [ 41.867030510901465, 17.807783999228327 ], [ 41.866965075819529, 17.807834562228052 ], [ 41.866887744348297, 17.80801004828621 ], [ 41.866697386848017, 17.808137944201761 ], [ 41.866435645621998, 17.808268813808962 ], [ 41.866239341274536, 17.808328300584328 ], [ 41.866037085588317, 17.8083461466986 ], [ 41.865790216870145, 17.808355069755063 ], [ 41.865659346706288, 17.808369941229756 ], [ 41.865501707645286, 17.808423478699435 ], [ 41.865350017228096, 17.808527580666858 ], [ 41.865073405290872, 17.808685219964634 ], [ 41.864921713975349, 17.808789320924017 ], [ 41.864775972201983, 17.80889937107893 ], [ 41.864677819579086, 17.809062960154211 ], [ 41.864561821024765, 17.809271162426548 ], [ 41.864248300007453, 17.809546718425263 ], [ 41.864065109266512, 17.809541826300141 ], [ 41.863975878711031, 17.809464493928925 ], [ 41.86390152066339, 17.809336598109322 ], [ 41.863836085581454, 17.809232496614086 ], [ 41.863711164061414, 17.80919977918424 ], [ 41.863598139828994, 17.809167061748397 ], [ 41.863586243439691, 17.809101626003425 ], [ 41.86358029389757, 17.809048088737303 ], [ 41.863630855573334, 17.808851783009974 ], [ 41.863624907827827, 17.808640605615697 ], [ 41.863577318677336, 17.808485940913503 ], [ 41.863511882697104, 17.80836696830335 ], [ 41.863458345801114, 17.80822122642704 ], [ 41.863401832786593, 17.808057638290293 ], [ 41.863366141822041, 17.807846460811064 ], [ 41.863342346348475, 17.807673950095793 ], [ 41.863366141822041, 17.807540105401404 ], [ 41.863372089567527, 17.807337851272088 ], [ 41.863318551773233, 17.807150469345085 ], [ 41.863208501862715, 17.807138572426204 ], [ 41.863116297883643, 17.807177236982028 ], [ 41.863009222295034, 17.80719805786795 ], [ 41.862955523702297, 17.807148361939817 ], [ 41.862969062211945, 17.807084536798829 ], [ 41.863018145260753, 17.807028522040191 ], [ 41.863125219951044, 17.806945240113325 ], [ 41.863178758643663, 17.806847087402431 ], [ 41.863241220302001, 17.806751909301465 ], [ 41.863321526095142, 17.80668052505095 ], [ 41.863312603129422, 17.806624013247404 ], [ 41.86316686225436, 17.80660021933863 ], [ 41.863092503308394, 17.806624013247404 ], [ 41.862931889925491, 17.806647807153006 ], [ 41.862824814336882, 17.806641858676905 ], [ 41.862735583781394, 17.80660021933863 ], [ 41.862616610905164, 17.806555602757637 ], [ 41.862539279433932, 17.806588319817205 ], [ 41.86250953621488, 17.806641858676905 ], [ 41.862495042796084, 17.806725838654017 ], [ 41.862423279981293, 17.806796523267518 ], [ 41.862295384139351, 17.806844112740087 ], [ 41.86218533422884, 17.806909547602679 ], [ 41.8620769165572, 17.806939436189307 ], [ 41.861917644359004, 17.807001751815104 ], [ 41.861804620126591, 17.807037444307294 ], [ 41.861718363893011, 17.807153443147044 ], [ 41.86167374996274, 17.807257545000414 ], [ 41.861563182622625, 17.80751566673645 ], [ 41.861253667193168, 17.807659101655521 ], [ 41.861031294634479, 17.807605540008687 ], [ 41.860829040744875, 17.807578771580744 ], [ 41.860692221937221, 17.807578771580744 ], [ 41.860564326095272, 17.807560926244975 ], [ 41.860376943815218, 17.807552003148778 ], [ 41.860260944362572, 17.807557951594532 ], [ 41.860106493422514, 17.807585943925595 ], [ 41.859996198271922, 17.807572492999114 ], [ 41.859886179802452, 17.807599592419798 ], [ 41.85978246660796, 17.807546429313817 ], [ 41.859745260185512, 17.807410100799746 ], [ 41.859785051959342, 17.807349749032959 ], [ 41.859831725726558, 17.807292360782064 ], [ 41.860218602271658, 17.807123723086082 ], [ 41.86040073839046, 17.807120725335846 ], [ 41.8605256599105, 17.807085032860314 ], [ 41.860641657566511, 17.807085032860314 ], [ 41.860707094445061, 17.807111802217626 ], [ 41.860766579984862, 17.807156416948953 ], [ 41.86082011777917, 17.807218877896165 ], [ 41.860882579437494, 17.80719805786795 ], [ 41.860924219944181, 17.80704636657395 ], [ 41.860956936586824, 17.806977957101431 ], [ 41.861025346888979, 17.806945240113325 ], [ 41.86106698739566, 17.806882779070289 ], [ 41.861069960819243, 17.806814370390317 ], [ 41.860959910908726, 17.80678462632503 ], [ 41.860790373661793, 17.806787600133088 ], [ 41.860662477819844, 17.806775703190006 ], [ 41.860534582876213, 17.806811395727429 ], [ 41.86037991813712, 17.806870882133556 ], [ 41.860323405122593, 17.806867906616333 ], [ 41.860234842913677, 17.806779563923456 ], [ 41.86005203934662, 17.806576446808702 ], [ 41.859849784558719, 17.806493166381326 ], [ 41.859154494817012, 17.806757856918615 ], [ 41.858928447250491, 17.80684113893297 ], [ 41.858660757380669, 17.806888728393641 ], [ 41.858419529184161, 17.806890315792131 ], [ 41.858214608196491, 17.806995803350802 ], [ 41.857973688122122, 17.80704636657395 ], [ 41.857634615424885, 17.80713262311119 ], [ 41.856902930439432, 17.8073408259262 ], [ 41.856254527365671, 17.807507389371679 ], [ 41.855760789031009, 17.807617438606975 ], [ 41.855368177641147, 17.807721540189551 ], [ 41.854922029355286, 17.807822667065349 ], [ 41.85449372610254, 17.807935691605596 ], [ 41.854300394280358, 17.807974356843911 ], [ 41.854115987220517, 17.808018973070041 ], [ 41.853910758110715, 17.80809333142648 ], [ 41.853112004007841, 17.808353537107038 ], [ 41.852402072625324, 17.808610886657796 ], [ 41.851826353139515, 17.808809189706086 ], [ 41.851382581795903, 17.809009422876482 ], [ 41.850954279441481, 17.809152191195434 ], [ 41.850525976188742, 17.809274138758955 ], [ 41.850056032429322, 17.809396087094367 ], [ 41.849737075706223, 17.809431802199651 ], [ 41.849499130852081, 17.809431802199651 ], [ 41.849118415851514, 17.809360419021637 ], [ 41.849066620788861, 17.809334520664244 ], [ 41.848973376560686, 17.809351472067977 ], [ 41.84889009644565, 17.809366342604324 ], [ 41.848872249615894, 17.809413933101794 ], [ 41.848788968602534, 17.8094912663502 ], [ 41.84864025340557, 17.809631058812325 ], [ 41.848417178364322, 17.809776800391891 ], [ 41.84817030964615, 17.809907671362399 ], [ 41.847831236050574, 17.810038541381608 ], [ 41.847512982708352, 17.810145617013696 ], [ 41.847215551416099, 17.81019915480563 ], [ 41.846968680901291, 17.810231872907412 ], [ 41.846695044184273, 17.810243769619973 ], [ 41.84664447981357, 17.810205127110478 ], [ 41.846555250156399, 17.810154539980136 ], [ 41.846477917786849, 17.810154539980136 ], [ 41.846278638219161, 17.810205127110478 ], [ 41.846096501202048, 17.810205127110478 ], [ 41.845874128643352, 17.810202129412019 ], [ 41.845618337857779, 17.810240795869536 ], [ 41.84539228939294, 17.810294332777641 ], [ 41.845068087406901, 17.810368691896002 ], [ 41.844681424660848, 17.810407356606877 ], [ 41.844502965346507, 17.810416280415481 ], [ 41.844384816225393, 17.810469406745053 ], [ 41.844336528185607, 17.810474079897617 ], [ 41.84416091832734, 17.810511459126879 ], [ 41.844024098621368, 17.810511459126879 ], [ 41.843840118261291, 17.810467566220805 ], [ 41.843812218385196, 17.810466868326849 ], [ 41.843301671673245, 17.810366978804854 ], [ 41.843188313267547, 17.810362742688724 ], [ 41.843093134068248, 17.810330026321481 ], [ 41.843012194064521, 17.810208143624674 ], [ 41.842899803144377, 17.810231872907412 ], [ 41.842798676199585, 17.810214026981829 ], [ 41.842745139303595, 17.810160490049622 ], [ 41.842703497000286, 17.81009802842199 ], [ 41.842664831713826, 17.809967157591167 ], [ 41.842586795963406, 17.80999097670874 ], [ 41.842459602604016, 17.809934441151352 ], [ 41.842412014351837, 17.809901722995008 ], [ 41.842385244556375, 17.809836288374846 ], [ 41.842379295912558, 17.809696494363049 ], [ 41.8422746978775, 17.80973302191062 ], [ 41.842245451426805, 17.809729211701782 ], [ 41.842177042022968, 17.80969351974823 ], [ 41.842135400617977, 17.809628085051674 ], [ 41.842108632619137, 17.809547778100601 ], [ 41.84207293985795, 17.8094912663502 ], [ 41.842016428640065, 17.809407984717932 ], [ 41.842003827971567, 17.809312830220421 ], [ 41.841945044016008, 17.809274139614221 ], [ 41.841876634612177, 17.809265216603734 ], [ 41.841822365589238, 17.809332992300973 ], [ 41.841787405853317, 17.809393114185063 ], [ 41.841739815804509, 17.80942583072418 ], [ 41.841660814365163, 17.809420006354465 ], [ 41.841587422006455, 17.809467495060844 ], [ 41.841452957683153, 17.809549668239807 ], [ 41.841082489765029, 17.809797620974365 ], [ 41.840862389944007, 17.809895773772158 ], [ 41.840731519780157, 17.809925518173902 ], [ 41.840561983431535, 17.809919568951845 ], [ 41.840440035335078, 17.809901722995008 ], [ 41.840282396274084, 17.809869004832663 ], [ 41.840216961192155, 17.809812493184044 ], [ 41.840147849305772, 17.809693543695669 ], [ 41.840100259256964, 17.809717338047072 ], [ 41.840115834247356, 17.809836288374846 ], [ 41.840020655048058, 17.809952287104917 ], [ 41.839889784884214, 17.810029619264633 ], [ 41.839717274213676, 17.810127771079483 ], [ 41.839598301337446, 17.8101783351253 ], [ 41.839443636598354, 17.810222949944844 ], [ 41.839315739858094, 17.810243771330498 ], [ 41.839211637693076, 17.810234846657995 ], [ 41.839071844563499, 17.810211053230901 ], [ 41.838964768974897, 17.810190232696691 ], [ 41.838813078557713, 17.810187258090103 ], [ 41.838625696277653, 17.810199155660893 ], [ 41.838488878368302, 17.810231872907412 ], [ 41.838325288866862, 17.810273513963679 ], [ 41.838188470957512, 17.810312180405713 ], [ 41.838069498081282, 17.81034489677624 ], [ 41.837911858121963, 17.810371667354829 ], [ 41.837769090670484, 17.810431152573575 ], [ 41.837587656135923, 17.81053227962359 ], [ 41.837444888684445, 17.810585818154713 ], [ 41.837296171690845, 17.810624483673777 ], [ 41.837147455595563, 17.810642330413554 ], [ 41.83699576607669, 17.810669099236975 ], [ 41.836915459385239, 17.810707765593243 ], [ 41.836802435152812, 17.810767252410407 ], [ 41.836701307309703, 17.810823763756495 ], [ 41.836552591214414, 17.810859456339113 ], [ 41.836281927022682, 17.810907045582898 ], [ 41.835942854325424, 17.810942738148853 ], [ 41.835627576203422, 17.810924892294402 ], [ 41.835544294291751, 17.810895148914593 ], [ 41.835484806955314, 17.810847559667625 ], [ 41.83545140579642, 17.810769222075937 ], [ 41.835328821692748, 17.810758663026338 ], [ 41.83517477499457, 17.81083568608738 ], [ 41.835151646070948, 17.810933981142284 ], [ 41.835169528833312, 17.811097403286322 ], [ 41.835169528833312, 17.811249093700777 ], [ 41.835139785614253, 17.811317504100877 ], [ 41.83505580211834, 17.811442447861488 ], [ 41.834955376757783, 17.811594114890514 ], [ 41.834839379101773, 17.811704165025226 ], [ 41.834716559639503, 17.811739286120567 ], [ 41.83457811937275, 17.811841689325426 ], [ 41.83441334768839, 17.811954033101479 ], [ 41.834321413203895, 17.812070161308029 ], [ 41.834265987150872, 17.812140173284256 ], [ 41.834241540398729, 17.812230620667183 ], [ 41.83423856607682, 17.812319850978771 ], [ 41.834211796281359, 17.81236446611782 ], [ 41.834130302915405, 17.812363922176843 ], [ 41.834036311288919, 17.81236743983284 ], [ 41.833985746918202, 17.812483438627041 ], [ 41.833941132987931, 17.812623233019981 ], [ 41.833988721240111, 17.812733283374847 ], [ 41.834036311288919, 17.812819538016971 ], [ 41.834101746370841, 17.812935537372329 ], [ 41.83421562669772, 17.813116148197885 ], [ 41.834212119674852, 17.81324159786087 ], [ 41.834122566624181, 17.813348968340939 ], [ 41.834018465357481, 17.813512555900356 ], [ 41.833819184891482, 17.813664246826118 ], [ 41.833682366083821, 17.813768348300083 ], [ 41.83360800803618, 17.813765373753185 ], [ 41.833544844793607, 17.813738629341451 ], [ 41.833497958125662, 17.813723732657046 ], [ 41.833485358355496, 17.813786217816876 ], [ 41.833485358355496, 17.81401226610889 ], [ 41.833425872815688, 17.814285905022125 ], [ 41.833284081832929, 17.814449508826812 ], [ 41.833212424121029, 17.814526802260847 ], [ 41.83305478416171, 17.81459520969301 ], [ 41.83288822213499, 17.814690388739656 ], [ 41.832810888867137, 17.814788542265386 ], [ 41.8326859682454, 17.814865874893538 ], [ 41.832488387391926, 17.814947823222344 ], [ 41.832081476619358, 17.815261483333547 ], [ 41.831629378791376, 17.815511326754464 ], [ 41.831441807865104, 17.815636373625907 ], [ 41.831365366624318, 17.815746275020313 ], [ 41.83128505993286, 17.815954478041956 ], [ 41.831240445104278, 17.816091296060659 ], [ 41.831228547816657, 17.816305447688585 ], [ 41.831177280963388, 17.816510701213101 ], [ 41.83111552268592, 17.816668316349144 ], [ 41.830998821649047, 17.816772440870846 ], [ 41.830761579277457, 17.817007389185207 ], [ 41.830553375845746, 17.817132310998932 ], [ 41.830133995558718, 17.817376206245715 ], [ 41.829714616170016, 17.817655792380982 ], [ 41.829273713147103, 17.817938377356661 ], [ 41.82890559881502, 17.818209016956235 ], [ 41.828628986877796, 17.818375578802502 ], [ 41.828542730644216, 17.818482655414666 ], [ 41.828432680733705, 17.81861947405875 ], [ 41.828290810699194, 17.818748860714621 ], [ 41.828263144385076, 17.818884189357956 ], [ 41.828227453420524, 17.818961521064736 ], [ 41.828131571738673, 17.819056724292146 ], [ 41.827834841132329, 17.819363057350216 ], [ 41.827623664277034, 17.819553413722588 ], [ 41.827454127928405, 17.819714027127812 ], [ 41.827320283442646, 17.819844897646284 ], [ 41.827055567894718, 17.820008485231646 ], [ 41.826850339683233, 17.820136381093317 ], [ 41.826499369698347, 17.820308891724633 ], [ 41.826193015440381, 17.820454633983552 ], [ 41.826013851846859, 17.820508196046813 ], [ 41.825949119247483, 17.820549813322696 ], [ 41.825966966077232, 17.820653914196793 ], [ 41.825987786330572, 17.820775860735512 ], [ 41.825969940399133, 17.820847245329787 ], [ 41.825922351248643, 17.82090375775697 ], [ 41.82580337837242, 17.820992987148493 ], [ 41.825458356133034, 17.821213087719652 ], [ 41.825037303182953, 17.821385173124764 ], [ 41.824902157038352, 17.821403443826636 ], [ 41.824839696278332, 17.821400470262343 ], [ 41.824729646367821, 17.821427239180931 ], [ 41.824616622135395, 17.821448060113322 ], [ 41.824583903696123, 17.821474828169553 ], [ 41.824592826661842, 17.821522417145474 ], [ 41.82460769916969, 17.821581903775108 ], [ 41.824650042158915, 17.82160674759152 ], [ 41.82464041581234, 17.821671133682326 ], [ 41.824557134798972, 17.821742517918025 ], [ 41.82407459126938, 17.822019152727655 ], [ 41.82288486071046, 17.822816272943196 ], [ 41.822448249837976, 17.823164856750768 ], [ 41.822388851434759, 17.823274295971057 ], [ 41.822174700257541, 17.823476549981983 ], [ 41.82176126771602, 17.823771008711081 ], [ 41.821502235808893, 17.823920143273575 ], [ 41.821237787060618, 17.824065466098418 ], [ 41.821008764273877, 17.824232029313254 ], [ 41.82067861364402, 17.824431308723447 ], [ 41.820309796829406, 17.824737665041003 ], [ 41.820071851076946, 17.824939919101404 ], [ 41.819854724679516, 17.825070790058334 ], [ 41.819659583650342, 17.825298312072402 ], [ 41.819576400553345, 17.825364053161962 ], [ 41.819393704784126, 17.825463399786848 ], [ 41.819298179733437, 17.82558393795788 ], [ 41.819192306989002, 17.82568867300726 ], [ 41.819084375305927, 17.8257578586535 ], [ 41.819021913647589, 17.825751909959784 ], [ 41.818989196106635, 17.825745962121069 ], [ 41.818911862838767, 17.825701346910424 ], [ 41.81878099267491, 17.825629963405348 ], [ 41.81831997277952, 17.8253117103501 ], [ 41.818171255785927, 17.82522247970018 ], [ 41.817995771691798, 17.825106482354052 ], [ 41.817909516356536, 17.82504996869401 ], [ 41.817820285801041, 17.825064841341689 ], [ 41.817799466446019, 17.825094584067749 ], [ 41.817796492124117, 17.825136224217967 ], [ 41.817832183088669, 17.825201660063961 ], [ 41.81799279736989, 17.825332529973462 ], [ 41.818156385074708, 17.825478273255207 ], [ 41.818447868621476, 17.825689450374224 ], [ 41.818617404970098, 17.82579652515777 ], [ 41.818721506236798, 17.825903600732161 ], [ 41.818736378744639, 17.825983907156928 ], [ 41.81871853191489, 17.826055292230578 ], [ 41.818676892306534, 17.826165341989491 ], [ 41.818620380190325, 17.82625159697352 ], [ 41.818406229013107, 17.826352723600781 ], [ 41.818029171952382, 17.82668974780497 ], [ 41.817804711708966, 17.826837562941769 ], [ 41.817305025628812, 17.827123098275973 ], [ 41.816876723274383, 17.827230173908319 ], [ 41.816520507128253, 17.827230173908319 ], [ 41.815342673856946, 17.827236098607582 ], [ 41.814744834255585, 17.827295585895399 ], [ 41.814421647365819, 17.827356980217367 ], [ 41.814378288382002, 17.827361044893422 ], [ 41.814242138819225, 17.827386696050194 ], [ 41.813739510756506, 17.827515686378618 ], [ 41.813507907109958, 17.827531914281309 ], [ 41.813216030101103, 17.827590044299612 ], [ 41.81294834023128, 17.827676298593911 ], [ 41.812570601349243, 17.827822041668838 ], [ 41.812243425041302, 17.82797670669888 ], [ 41.811915546250802, 17.828170062383961 ], [ 41.811812097161003, 17.828232415057965 ], [ 41.811145899359779, 17.828598342341252 ], [ 41.810766768987378, 17.828849251426799 ], [ 41.810674592856074, 17.82890046009415 ], [ 41.810443957593399, 17.82898202911435 ], [ 41.810229806416181, 17.829047465258231 ], [ 41.809991859765411, 17.829133719702078 ], [ 41.809762135394436, 17.829264614088842 ], [ 41.809524187845348, 17.829431175863977 ], [ 41.809408891773572, 17.829538228729835 ], [ 41.80931003666813, 17.829728609294772 ], [ 41.809185817630649, 17.829969506184675 ], [ 41.808983563741059, 17.830234220871663 ], [ 41.808739669344789, 17.830463243949868 ], [ 41.808412493036847, 17.830704164646079 ], [ 41.808141828845102, 17.830855854622509 ], [ 41.807859268264068, 17.830992674028504 ], [ 41.807665937340197, 17.831061083692088 ], [ 41.807430965011328, 17.831138416100551 ], [ 41.807196358296778, 17.83117148610653 ], [ 41.807010228268226, 17.831305642294964 ], [ 41.806879357206057, 17.831406768618795 ], [ 41.806772281617455, 17.831591178164096 ], [ 41.806659257385036, 17.831787482793096 ], [ 41.806581925015486, 17.831965941747697 ], [ 41.80634626008554, 17.832816718635641 ], [ 41.806240532868166, 17.833202622285903 ], [ 41.806232725610037, 17.833250663925806 ], [ 41.806083596289717, 17.833958076620629 ], [ 41.805958673871366, 17.834517250290993 ], [ 41.805769813862661, 17.835047331910928 ], [ 41.805521448551232, 17.835617752403159 ], [ 41.805238887071859, 17.836075798102051 ], [ 41.804905763018425, 17.836456511701904 ], [ 41.804736226669803, 17.836611176075376 ], [ 41.804429870615195, 17.836875892862682 ], [ 41.804061053800567, 17.837158453340827 ], [ 41.803775519795934, 17.837313118814865 ], [ 41.803406702981306, 17.837488603212233 ], [ 41.803103321248621, 17.83758973030081 ], [ 41.802871324139964, 17.837640294251127 ], [ 41.802701787791342, 17.837658139995696 ], [ 41.802511431189373, 17.837711678073806 ], [ 41.802291331368359, 17.837789010159781 ], [ 41.801982000991842, 17.837869317211883 ], [ 41.801761901170821, 17.837902035364465 ], [ 41.801413903711222, 17.83791988022767 ], [ 41.801347537974664, 17.837919362018617 ], [ 41.801043728643883, 17.83798003009364 ], [ 41.800752245097122, 17.838045464641841 ], [ 41.800597580358023, 17.838110900876256 ], [ 41.800442914720612, 17.838200130200512 ], [ 41.800199020324349, 17.838325051692415 ], [ 41.800038406941439, 17.838348845641562 ], [ 41.799901588133771, 17.838313155144217 ], [ 41.799775049646222, 17.838211364886373 ], [ 41.799628352963694, 17.838297727769106 ], [ 41.79946853189486, 17.838414391220873 ], [ 41.79944192738941, 17.838452285362525 ], [ 41.799340800444618, 17.838559361025059 ], [ 41.798986855239527, 17.838877614353724 ], [ 41.798454450720079, 17.83932376288217 ], [ 41.79787148182993, 17.839689604952891 ], [ 41.79747887133837, 17.839859142205878 ], [ 41.796815596655087, 17.840097088910298 ], [ 41.796482471703328, 17.840141703080299 ], [ 41.796259397560398, 17.840138728973674 ], [ 41.796074988703936, 17.840126831691546 ], [ 41.795848941137407, 17.840153601216553 ], [ 41.79551878960924, 17.840147652148531 ], [ 41.795212435351274, 17.840067345268974 ], [ 41.794950695023566, 17.83994539825434 ], [ 41.794595389769128, 17.839758677415325 ], [ 41.794482364638398, 17.839705139097628 ], [ 41.794381237693607, 17.839669448017052 ], [ 41.794292008934747, 17.839633755219069 ], [ 41.794202779277569, 17.839592115037593 ], [ 41.794137344195654, 17.83956237216702 ], [ 41.794054062283969, 17.839520731113723 ], [ 41.794012421777296, 17.839473141815233 ], [ 41.794012421777296, 17.839455296252588 ], [ 41.794006473133486, 17.839395808750506 ], [ 41.793970782168927, 17.839360117607917 ], [ 41.793899398443195, 17.839318477362436 ], [ 41.793822065175327, 17.839288733591022 ], [ 41.793482737356534, 17.839254768067295 ], [ 41.793041176766835, 17.839389198646771 ], [ 41.792589078938853, 17.839493299628426 ], [ 41.791751934433996, 17.839740831026177 ], [ 41.791032146736185, 17.839949034227626 ], [ 41.790312359936692, 17.840228620854248 ], [ 41.789824571144152, 17.840311901764839 ], [ 41.788979861926293, 17.840436824340347 ], [ 41.788606455618876, 17.840451033841653 ], [ 41.787836106245301, 17.84047185426072 ], [ 41.787345342232541, 17.840456982899543 ], [ 41.787107395581771, 17.84041831701262 ], [ 41.786771297206421, 17.840373702056819 ], [ 41.786554170808991, 17.840299344342391 ], [ 41.786470889795638, 17.840245806187294 ], [ 41.786384633562044, 17.840213087610305 ], [ 41.78627458365154, 17.840171446709206 ], [ 41.786209148569611, 17.840135755722116 ], [ 41.786069356338352, 17.840111961156662 ], [ 41.785938486174508, 17.840120884332862 ], [ 41.785774896673061, 17.840103037980018 ], [ 41.785480438804399, 17.840007859681648 ], [ 41.785293057422649, 17.839915656297908 ], [ 41.785206801189069, 17.839829400235036 ], [ 41.784980752724238, 17.839704478088418 ], [ 41.784778497936337, 17.839585505796272 ], [ 41.784605987265799, 17.839531967426495 ], [ 41.784445373882889, 17.839508172780349 ], [ 41.78417470969115, 17.839395147740145 ], [ 41.783880250924177, 17.839291046701103 ], [ 41.78320507985157, 17.839026331794265 ], [ 41.782739455192043, 17.838794982668148 ], [ 41.782369293599437, 17.838592080761092 ], [ 41.781967760142166, 17.838369007002559 ], [ 41.781673302273504, 17.838184599344974 ], [ 41.781310434102686, 17.837949625938027 ], [ 41.780810546799898, 17.837550945782933 ], [ 41.780382443871467, 17.837179275855206 ], [ 41.780209932302618, 17.83700676531198 ], [ 41.779739989441516, 17.836486259366993 ], [ 41.77942967001988, 17.836120351709678 ], [ 41.779209855863115, 17.83593900568977 ], [ 41.779135567884069, 17.835922497211943 ], [ 41.778914742224295, 17.83585636066848 ], [ 41.778577026881436, 17.835858676388568 ], [ 41.778511591799514, 17.83587057310076 ], [ 41.778371798669937, 17.835906264942842 ], [ 41.778174790941613, 17.835986595077713 ], [ 41.777334073836883, 17.83634399438677 ], [ 41.776969936346575, 17.836571580674548 ], [ 41.776521766851317, 17.836908612908079 ], [ 41.775730597224403, 17.837446966804713 ], [ 41.775180347671849, 17.837848499908983 ], [ 41.774449810733337, 17.838402872645275 ], [ 41.773927452972032, 17.838925231175409 ], [ 41.77373092314744, 17.839182233010732 ], [ 41.773238537675589, 17.839724174964765 ], [ 41.772848305922913, 17.84014771884787 ], [ 41.772569909033201, 17.840476085385507 ], [ 41.772384310807297, 17.8407259276531 ], [ 41.77215112432922, 17.841106642426123 ], [ 41.771910798041255, 17.841582533892296 ], [ 41.771565076014276, 17.842476214375949 ], [ 41.771502396963648, 17.842660331127004 ], [ 41.771385998659014, 17.84290991208681 ], [ 41.771383025235423, 17.843064575984634 ], [ 41.771390331233633, 17.8432132582885 ], [ 41.771480751158549, 17.843279882929146 ], [ 41.771747249862308, 17.843308435728144 ], [ 41.772066097889258, 17.843270364758393 ], [ 41.77229928526566, 17.843303677071145 ], [ 41.772427775792323, 17.843379819843356 ], [ 41.772499160416373, 17.843370303388156 ], [ 41.772535467625211, 17.843196363122566 ], [ 41.772832900714107, 17.843053596426572 ], [ 41.77322551210397, 17.84301790259692 ], [ 41.773426387079603, 17.843008064602508 ], [ 41.773643512578715, 17.843070524955181 ], [ 41.774113457236453, 17.843272778719093 ], [ 41.774434684002273, 17.843445290886482 ], [ 41.774827295392143, 17.843715954156895 ], [ 41.775080113652436, 17.843930105071237 ], [ 41.775374570622795, 17.84421564121811 ], [ 41.775615493392102, 17.844426818351341 ], [ 41.775746693237664, 17.844544141342933 ], [ 41.776065711944511, 17.844766830265264 ], [ 41.776222254162555, 17.844837274043716 ], [ 41.776510764285717, 17.8449859899257 ], [ 41.776724916361253, 17.845167424210864 ], [ 41.777162141681387, 17.845560035809871 ], [ 41.777545830105545, 17.845913980139457 ], [ 41.777986029747595, 17.846372025854389 ], [ 41.778399462289116, 17.846910380204367 ], [ 41.778714740411118, 17.847335707797143 ], [ 41.778994326670265, 17.847728318887974 ], [ 41.779300681826548, 17.848183391091169 ], [ 41.779559448730666, 17.848683077579874 ], [ 41.77994313715481, 17.849596195873055 ], [ 41.780288160292507, 17.850604492423397 ], [ 41.780576668619048, 17.851672276083786 ], [ 41.780683745105961, 17.852213602838201 ], [ 41.780781897728858, 17.852784673741549 ], [ 41.78090087060508, 17.853819739356474 ], [ 41.780927640400556, 17.854224247015281 ], [ 41.780945486331987, 17.855277159346922 ], [ 41.780880051250058, 17.85588689577488 ], [ 41.780823539133856, 17.856413351646296 ], [ 41.780637701057771, 17.857256892636556 ], [ 41.780472569148984, 17.857838053858909 ], [ 41.780291892792512, 17.858285363010729 ], [ 41.780198930635336, 17.858584609629816 ], [ 41.779940163731226, 17.859128911367126 ], [ 41.779574323035135, 17.859783264355151 ], [ 41.779181911071255, 17.860342597143219 ], [ 41.778984299675059, 17.860589611319028 ], [ 41.778262644379765, 17.861428065665525 ], [ 41.7777377318098, 17.861949076642642 ], [ 41.777168092121833, 17.862466106009904 ], [ 41.77662973895859, 17.862849794159118 ], [ 41.77617764292723, 17.863126406131514 ], [ 41.775770159927831, 17.863343532193351 ], [ 41.77540729175702, 17.863536863137419 ], [ 41.77516934600456, 17.863676655926998 ], [ 41.774946270963319, 17.863765886110116 ], [ 41.774690480177739, 17.863843218842252 ], [ 41.774360330446207, 17.863923526104831 ], [ 41.77401530730851, 17.863956242886399 ], [ 41.773875317447889, 17.863936593153056 ], [ 41.773450944324523, 17.864105638758144 ], [ 41.773171357167072, 17.864278151242814 ], [ 41.772927462770802, 17.86443876362873 ], [ 41.772695464763835, 17.864652915245895 ], [ 41.772433725334452, 17.864849221024578 ], [ 41.772273111053231, 17.8650276810239 ], [ 41.772148190431501, 17.865247781015491 ], [ 41.771784847051904, 17.865914050646584 ], [ 41.771731025389968, 17.866026374842868 ], [ 41.771594205683989, 17.866249448978017 ], [ 41.771302722137229, 17.866650983767769 ], [ 41.770987443116908, 17.866998979851825 ], [ 41.77080600858234, 17.867147696869253 ], [ 41.770651344741566, 17.867272617699747 ], [ 41.770356885974579, 17.867442155170671 ], [ 41.770017813277327, 17.867629536928039 ], [ 41.769773917982754, 17.867727690338278 ], [ 41.769396179100717, 17.867849637117782 ], [ 41.769018439320377, 17.867974559164892 ], [ 41.76875967331457, 17.868081635013244 ], [ 41.768483059580717, 17.868191685289748 ], [ 41.768105582108433, 17.868289037269079 ], [ 41.767931214620219, 17.868359163082179 ], [ 41.767620269072822, 17.868544155904541 ], [ 41.767512961718872, 17.86866027114197 ], [ 41.76683799186889, 17.869085702325812 ], [ 41.766579491764425, 17.869241621657917 ], [ 41.766201753780713, 17.869521209268736 ], [ 41.765898372048021, 17.869782949644609 ], [ 41.765432265891491, 17.870133804619467 ], [ 41.765218009611388, 17.87041716040811 ], [ 41.76493842155562, 17.870702695070786 ], [ 41.764777809071028, 17.870887103217722 ], [ 41.764718321734598, 17.871107203647881 ], [ 41.764652886652677, 17.871333251830649 ], [ 41.764510120099509, 17.871713966069443 ], [ 41.764031141084963, 17.872676524911292 ], [ 41.763771729190481, 17.873304553388675 ], [ 41.763399938053951, 17.874015415587152 ], [ 41.762934613431717, 17.874774887591091 ], [ 41.762709895371827, 17.875202172203707 ], [ 41.761914997736469, 17.876464127867859 ], [ 41.761835443833228, 17.876603081192556 ], [ 41.761076989950638, 17.877685735117566 ], [ 41.760871761739146, 17.877947476289926 ], [ 41.760383972048295, 17.878566135709569 ], [ 41.759857516172659, 17.879143155213988 ], [ 41.759265625215114, 17.87977966139119 ], [ 41.758947371872885, 17.880053299219252 ], [ 41.758608299175627, 17.880309090033087 ], [ 41.758287072409814, 17.880564883043299 ], [ 41.758162149991456, 17.880677906710545 ], [ 41.758055075301172, 17.880749292067083 ], [ 41.757918255595186, 17.880829597673536 ], [ 41.757659488691075, 17.881064569995484 ], [ 41.757252006589994, 17.881475025747143 ], [ 41.756728525934584, 17.881968765034294 ], [ 41.756190172771333, 17.882408966374022 ], [ 41.755812433889304, 17.882691527175165 ], [ 41.755372233348943, 17.883006805929945 ], [ 41.754676241124692, 17.883426185889643 ], [ 41.753971325934721, 17.883836643021926 ], [ 41.753269385066659, 17.884360123948642 ], [ 41.75271318597197, 17.884844939411817 ], [ 41.752142115267759, 17.885329755260983 ], [ 41.75138961002898, 17.886013850314214 ], [ 41.75067577187329, 17.886680097634091 ], [ 41.749893524313769, 17.887274964023778 ], [ 41.748879279645607, 17.888012596741319 ], [ 41.747549755957117, 17.888913818156844 ], [ 41.746035824310475, 17.889975653360452 ], [ 41.745045373319236, 17.890630003876936 ], [ 41.743320263918974, 17.891724556723666 ], [ 41.74266888742163, 17.892203422700355 ], [ 41.741958021791206, 17.892661468806367 ], [ 41.741056802253773, 17.89322064336978 ], [ 41.740982443307821, 17.893327719385468 ], [ 41.74039352757049, 17.893803612101827 ], [ 41.739911687421767, 17.894205146149577 ], [ 41.73925436138228, 17.894752422222677 ], [ 41.738748724861679, 17.895219390708323 ], [ 41.73816340957201, 17.895853590987148 ], [ 41.737749351803046, 17.896275276899349 ], [ 41.737017667715918, 17.89701885784304 ], [ 41.736526903703158, 17.897530442355652 ], [ 41.73590526862823, 17.898089616107804 ], [ 41.735435325767135, 17.898428690177209 ], [ 41.735207760946103, 17.898561372310567 ], [ 41.7346663544092, 17.89907800787681 ], [ 41.733785190658793, 17.89981843214424 ], [ 41.732981508398282, 17.900430410927665 ], [ 41.731604394660991, 17.90153983624683 ], [ 41.731176092306562, 17.901896754129009 ], [ 41.730673431006181, 17.902351826079833 ], [ 41.730167274361023, 17.902847927280472 ], [ 41.72979302992546, 17.903244123901839 ], [ 41.729400419433908, 17.90362483809653 ], [ 41.728984012570479, 17.903949038956245 ], [ 41.728921552708776, 17.904079909887496 ], [ 41.72883257278324, 17.904168094849798 ], [ 41.72858842775701, 17.904410060251614 ], [ 41.728157150182369, 17.904769953076098 ], [ 41.727538491225978, 17.905239898127565 ], [ 41.726928755235299, 17.905650354384392 ], [ 41.726342812023248, 17.906010248110988 ], [ 41.725731330605974, 17.906338989588139 ], [ 41.725152461626784, 17.906710265281827 ], [ 41.724162632269724, 17.907241618939477 ], [ 41.723323870797358, 17.907696691706622 ], [ 41.722693313655036, 17.90818448134074 ], [ 41.722051076617383, 17.908751717216539 ], [ 41.722021116904344, 17.908770424286242 ], [ 41.721399482727733, 17.909255238016527 ], [ 41.720614259948, 17.909915539373191 ], [ 41.720066983819031, 17.910370611260685 ], [ 41.719234171888793, 17.910935733111629 ], [ 41.718713665555292, 17.911280754095547 ], [ 41.718130699360088, 17.911813159104955 ], [ 41.717707556928652, 17.912297690987039 ], [ 41.717476562339876, 17.912508153805788 ], [ 41.717152145656478, 17.912708432638794 ], [ 41.716872559397345, 17.912931507093688 ], [ 41.716685176218959, 17.913089146171671 ], [ 41.71655728037701, 17.913193246711486 ], [ 41.716344508113771, 17.913521338923257 ], [ 41.715844821135292, 17.914401740367186 ], [ 41.715440311559476, 17.915270242623464 ], [ 41.714976318240502, 17.916031669832535 ], [ 41.714381452062732, 17.916769302633799 ], [ 41.713762119369875, 17.917321682010684 ], [ 41.713648389061639, 17.917506021204044 ], [ 41.713562133726377, 17.917592276307172 ], [ 41.713452083815866, 17.917740991962571 ], [ 41.713309316364402, 17.917961092407864 ], [ 41.713145728659583, 17.918270421862392 ], [ 41.712607376394644, 17.918880159931781 ], [ 41.711619899725314, 17.919751636946245 ], [ 41.710998264650392, 17.920224554363973 ], [ 41.710893907363833, 17.920255930802021 ], [ 41.710754370254122, 17.920263220829284 ], [ 41.710668114918853, 17.920301887286154 ], [ 41.710569962295963, 17.920379220174578 ], [ 41.710498577671906, 17.920486296031413 ], [ 41.710412323234962, 17.92057850033207 ], [ 41.710260631919454, 17.920691524148769 ], [ 41.710126788332012, 17.920783728342624 ], [ 41.709992942947942, 17.920914598811635 ], [ 41.709573796222891, 17.92137632558121 ], [ 41.709099049171648, 17.921789966792225 ], [ 41.70881957071034, 17.922061450017065 ], [ 41.708406139965447, 17.922430267071558 ], [ 41.708001631287956, 17.923010260217733 ], [ 41.707519791139227, 17.923822250851039 ], [ 41.707231281914375, 17.924423063693464 ], [ 41.707052821701723, 17.925050646612657 ], [ 41.706996309585506, 17.925297516891959 ], [ 41.706930875401902, 17.92570499932398 ], [ 41.706921952436176, 17.926032176055166 ], [ 41.706933848825493, 17.926219558338182 ], [ 41.706978463654075, 17.926475350099519 ], [ 41.707046873956216, 17.926686526849696 ], [ 41.707085540140994, 17.926823345960429 ], [ 41.707100410852213, 17.926957190603236 ], [ 41.707094462208403, 17.927096984719515 ], [ 41.707034975770284, 17.927314110295804 ], [ 41.706847201824758, 17.927873354202411 ], [ 41.706386464898685, 17.928714199212216 ], [ 41.706234882279333, 17.928952963612723 ], [ 41.705872015006832, 17.929351524069958 ], [ 41.705137247901661, 17.929927723670662 ], [ 41.704636756032684, 17.930218919722869 ], [ 41.704152855148699, 17.930413358129837 ], [ 41.703888139600764, 17.930466895597512 ], [ 41.703552041225429, 17.930478792810355 ], [ 41.703391426944194, 17.930457972687357 ], [ 41.703236763103419, 17.930407410376002 ], [ 41.702912453319541, 17.930225157221596 ], [ 41.702686510855912, 17.930115924895031 ], [ 41.702433694392248, 17.930038592838802 ], [ 41.701975647022131, 17.929988030407696 ], [ 41.701627651359168, 17.929973157995612 ], [ 41.7012915520855, 17.930035617673585 ], [ 41.700887045204638, 17.930151618311271 ], [ 41.700256488062308, 17.930401461767286 ], [ 41.699905517179118, 17.930556127238386 ], [ 41.699517529418017, 17.930827149172632 ], [ 41.698873425681207, 17.931371091751355 ], [ 41.698219980363753, 17.931875056806568 ], [ 41.697546769415105, 17.932485644598646 ], [ 41.696990675423315, 17.933101856591776 ], [ 41.696657224383095, 17.933556327918787 ], [ 41.696312908219539, 17.934068112943947 ], [ 41.696132552561629, 17.93450216383571 ], [ 41.69594338622742, 17.934898344383729 ], [ 41.695825602720625, 17.935037541658506 ], [ 41.695661420331092, 17.935076804008283 ], [ 41.695554343844165, 17.935069665011397 ], [ 41.695408007386071, 17.935026835297354 ], [ 41.695250963009791, 17.934926897833186 ], [ 41.695143887421175, 17.934834099319271 ], [ 41.69504751795413, 17.934698469253895 ], [ 41.6949225973324, 17.934605670620233 ], [ 41.694772690969366, 17.934523579184827 ], [ 41.694644200442696, 17.934495024815654 ], [ 41.694526416935908, 17.93449145573285 ], [ 41.694483587059793, 17.93454142459489 ], [ 41.694512140011099, 17.934609238846068 ], [ 41.694572816716963, 17.93466277760896 ], [ 41.694626353612954, 17.934716314646327 ], [ 41.694590661750091, 17.934773421599363 ], [ 41.694697738237004, 17.934830529388638 ], [ 41.694758414044557, 17.934855513773574 ], [ 41.695072502797132, 17.935026835297354 ], [ 41.695036810934255, 17.935162464256489 ], [ 41.695393729562944, 17.935301663032902 ], [ 41.695447268255563, 17.935283816844816 ], [ 41.695525789994541, 17.935223140988381 ], [ 41.695643574399654, 17.935240987182588 ], [ 41.695889848433104, 17.935358769797102 ], [ 41.695975509083652, 17.935419447316374 ], [ 41.696099350828725, 17.935568704387247 ], [ 41.696303873862725, 17.935619320777484 ], [ 41.696450211219137, 17.93566215120283 ], [ 41.696592978670616, 17.935740673907276 ], [ 41.696803560841204, 17.935904857320494 ], [ 41.696999492387818, 17.936078632405827 ], [ 41.697196172231074, 17.936258206167725 ], [ 41.697299679711371, 17.936358143734932 ], [ 41.697406755299973, 17.936433097086976 ], [ 41.697528107813383, 17.936518756678847 ], [ 41.69760306144407, 17.936632971112829 ], [ 41.697613767565628, 17.936775738624345 ], [ 41.697617336572243, 17.937071981249318 ], [ 41.697559846190693, 17.937417776922558 ], [ 41.697522974839856, 17.937768048574942 ], [ 41.697415899251247, 17.938410502905043 ], [ 41.697241759036793, 17.938800246068535 ], [ 41.697189034217828, 17.939134975011733 ], [ 41.697153343253269, 17.9394026643836 ], [ 41.697121220397023, 17.939534724427126 ], [ 41.697060543691158, 17.939666784372104 ], [ 41.696938696206018, 17.939777898704985 ], [ 41.696864238445386, 17.939798845073184 ], [ 41.696789284814706, 17.939827397732095 ], [ 41.696799992732892, 17.939873796968126 ], [ 41.696880520409906, 17.939969049926873 ], [ 41.696809136684173, 17.940147510421298 ], [ 41.696693021348864, 17.940270075740951 ], [ 41.696543010781248, 17.940348498972455 ], [ 41.696353844447032, 17.940430591124816 ], [ 41.696025314377955, 17.940608522134184 ], [ 41.695834073833751, 17.940667715915563 ], [ 41.695522221886236, 17.94070898797353 ], [ 41.695243824996538, 17.940758955934911 ], [ 41.695040380839195, 17.940823202267314 ], [ 41.694831729148156, 17.94094352626793 ], [ 41.694715211367601, 17.940980320833585 ], [ 41.694565678703718, 17.941151568058153 ], [ 41.694393983703463, 17.941337239602802 ], [ 41.694132243375755, 17.94148000673799 ], [ 41.693775323848762, 17.941622776321886 ], [ 41.693477890759866, 17.941670363878572 ], [ 41.693049588405451, 17.941717953986352 ], [ 41.692677576283359, 17.94172977694479 ], [ 41.692359919422479, 17.941840421645104 ], [ 41.692135059428772, 17.941915376093856 ], [ 41.691717464094211, 17.942104543122976 ], [ 41.691439067204513, 17.942293709949869 ], [ 41.691110702425448, 17.942568538365965 ], [ 41.690993589960172, 17.942667279311969 ], [ 41.690886853934749, 17.94282383133358 ], [ 41.690705820048791, 17.943264603728576 ], [ 41.690467874296338, 17.943585832317822 ], [ 41.690328762089756, 17.943609018197971 ], [ 41.690164867161108, 17.943596464663752 ], [ 41.689907885209472, 17.943546495794411 ], [ 41.689697302140566, 17.943546495794411 ], [ 41.689554534689087, 17.94361074196933 ], [ 41.689390352299561, 17.943714247699884 ], [ 41.689201185067027, 17.943853446587021 ], [ 41.689019155847753, 17.943978368089887 ], [ 41.688879958301214, 17.944014061274622 ], [ 41.688851403553279, 17.944097415707969 ], [ 41.688915649265766, 17.944171105219574 ], [ 41.688958480040199, 17.944238919199371 ], [ 41.689008448827877, 17.944292456758387 ], [ 41.689108386403241, 17.944271041736723 ], [ 41.689129801341295, 17.944188951366094 ], [ 41.68913693935454, 17.944128274289668 ], [ 41.689179769230662, 17.944064029157293 ], [ 41.689233307923267, 17.944017629310768 ], [ 41.689322537580445, 17.94397479919833 ], [ 41.689408198230993, 17.943985506727412 ], [ 41.689533118852715, 17.944060460267462 ], [ 41.689483150963355, 17.944153258216641 ], [ 41.689411768135926, 17.944253195598488 ], [ 41.689304691649014, 17.944420947688528 ], [ 41.689169062210787, 17.944510178277103 ], [ 41.6890120178345, 17.944570854367932 ], [ 41.688915649265766, 17.944592269353301 ], [ 41.688765742902724, 17.944577992126934 ], [ 41.688633683369439, 17.944592269353301 ], [ 41.688426670205473, 17.944649377392647 ], [ 41.688294609773877, 17.944702913972833 ], [ 41.688148273315775, 17.94476359085218 ], [ 41.68803048980898, 17.944799282169267 ], [ 41.687866307419448, 17.944802851044198 ], [ 41.687670002173668, 17.944710051726503 ], [ 41.687587909631432, 17.944599407966056 ], [ 41.687573632706624, 17.944442364401279 ], [ 41.687670002173668, 17.94433171790957 ], [ 41.687780645870582, 17.944213935284498 ], [ 41.687966244994797, 17.944128274289668 ], [ 41.688276764740749, 17.943981937835996 ], [ 41.688398116355856, 17.943899845621985 ], [ 41.688483777904715, 17.943803477790254 ], [ 41.688480207999781, 17.943735663643558 ], [ 41.688412393280665, 17.943692832608242 ], [ 41.688316024711931, 17.943689263710915 ], [ 41.688137566295907, 17.9437570778754 ], [ 41.68803048980898, 17.943764217376476 ], [ 41.687884153350886, 17.943799908895166 ], [ 41.687809199720206, 17.943803477790254 ], [ 41.687702125029922, 17.943842739049948 ], [ 41.687555787673496, 17.943903415369675 ], [ 41.687355913421101, 17.943931969075518 ], [ 41.687298805721859, 17.943882000300928 ], [ 41.687273821777175, 17.943832030657607 ], [ 41.687238129914306, 17.943814185329707 ], [ 41.687131054325704, 17.943842739049948 ], [ 41.687009701812286, 17.943882000300928 ], [ 41.686856226442622, 17.943935537967942 ], [ 41.686494173942087, 17.944073621402978 ], [ 41.685732745737596, 17.944406745654682 ], [ 41.685612676018401, 17.944477524211269 ], [ 41.684832064291015, 17.944912285397042 ], [ 41.684652975257663, 17.945000091949751 ], [ 41.684246087841295, 17.945296333625965 ], [ 41.683655908174359, 17.945807590736369 ], [ 41.683484155681924, 17.945941498794429 ], [ 41.68326022185127, 17.946172020327339 ], [ 41.682843859903606, 17.946644555243758 ], [ 41.682337131031616, 17.947244583017664 ], [ 41.681854224582651, 17.947916451624323 ], [ 41.681758738159516, 17.948059680916579 ], [ 41.681609515414408, 17.948217974112481 ], [ 41.681304364898921, 17.948497367132944 ], [ 41.681127674367374, 17.948625456766628 ], [ 41.681050341997825, 17.948661148159143 ], [ 41.680857011073947, 17.948676019855434 ], [ 41.680616905771551, 17.948665981759685 ], [ 41.680422760075714, 17.948676019855434 ], [ 41.680211582322094, 17.948714686089009 ], [ 41.679997671893375, 17.948819532258579 ], [ 41.67915353669899, 17.949225154784351 ], [ 41.678916270072889, 17.949358826951222 ], [ 41.678534062072316, 17.949618882163733 ], [ 41.678030039824286, 17.949940008627916 ], [ 41.677642580272568, 17.950272119399109 ], [ 41.677333249896058, 17.950640934935151 ], [ 41.677118133029921, 17.950856052406628 ], [ 41.676740544166542, 17.951052507180581 ], [ 41.676449058823152, 17.95122501884099 ], [ 41.676255727899282, 17.95138563196285 ], [ 41.675738806742082, 17.951893557406219 ], [ 41.6754058866062, 17.952270865790936 ], [ 41.674811021326747, 17.952663477147947 ], [ 41.674037695834635, 17.953127472041107 ], [ 41.673442832351803, 17.953460597187519 ], [ 41.67313686975929, 17.953725764403323 ], [ 41.67272755509503, 17.954245278785969 ], [ 41.672633814996814, 17.954412381326989 ], [ 41.672122230730714, 17.955233294835043 ], [ 41.671887648270676, 17.955488101222389 ], [ 41.671315372925669, 17.956067222062959 ], [ 41.670973325906509, 17.956430089742341 ], [ 41.67075343898621, 17.956843889162926 ], [ 41.670504197817372, 17.957303425980452 ], [ 41.670137539654377, 17.957938073101019 ], [ 41.669667595894957, 17.95868165411903 ], [ 41.669164141382176, 17.959584643029288 ], [ 41.66900513778026, 17.959932731867294 ], [ 41.668612527288708, 17.960813132359721 ], [ 41.668460021201234, 17.961418035888368 ], [ 41.66839837611149, 17.961883890341298 ], [ 41.668541142664658, 17.962240807942088 ], [ 41.668790986603049, 17.962562036242826 ], [ 41.669100316979559, 17.962799980761933 ], [ 41.669457235608249, 17.963026029937389 ], [ 41.66983794881218, 17.963359154376128 ], [ 41.670026424341941, 17.963418672953232 ], [ 41.670101848689825, 17.963479242576508 ], [ 41.670170258991966, 17.96350006308597 ], [ 41.670188104025094, 17.963467345019353 ], [ 41.670167283771747, 17.963416781887929 ], [ 41.670140515772907, 17.963372167096853 ], [ 41.670127023975667, 17.963261718736565 ], [ 41.67017107466225, 17.963085516154656 ], [ 41.67042091770233, 17.962716700088507 ], [ 41.670574766771146, 17.962694020885817 ], [ 41.670744303119776, 17.962685097892013 ], [ 41.670919789010526, 17.962688071653648 ], [ 41.671092299681064, 17.962691046269761 ], [ 41.671428398954724, 17.962699969263266 ], [ 41.671670134699355, 17.962752392054643 ], [ 41.671801004863212, 17.962657212892569 ], [ 41.671878240214703, 17.962625731174104 ], [ 41.67199959272812, 17.962629299689254 ], [ 41.672149499091162, 17.962664991673044 ], [ 41.672295836447582, 17.962689976399218 ], [ 41.672410050049429, 17.962714961121865 ], [ 41.672485002781798, 17.962729236883892 ], [ 41.672559956412464, 17.962764928847498 ], [ 41.672609925200149, 17.962804190170043 ], [ 41.672681308925888, 17.96285415872498 ], [ 41.672745554638382, 17.962893420027704 ], [ 41.672816938364107, 17.96292911195815 ], [ 41.672881183178291, 17.962964803881391 ], [ 41.672931151965969, 17.963000494942893 ], [ 41.672988258766892, 17.963018341752733 ], [ 41.673023952426391, 17.962964803881391 ], [ 41.673163149972929, 17.962847020849154 ], [ 41.673316625342594, 17.962743514353818 ], [ 41.673452254780813, 17.9626507150513 ], [ 41.673555761362806, 17.962597177068588 ], [ 41.673734219778822, 17.962504377689225 ], [ 41.673876988128619, 17.962422287237466 ], [ 41.673962648779167, 17.962404441221967 ], [ 41.674123262162077, 17.962386595204666 ], [ 41.674255321695362, 17.962415147635141 ], [ 41.674369536195528, 17.96247582527316 ], [ 41.674473042777507, 17.962529361583577 ], [ 41.67464436407861, 17.962604314954497 ], [ 41.674783561625141, 17.962654284420477 ], [ 41.674940606899746, 17.962668561041934 ], [ 41.675008421618855, 17.962679268293638 ], [ 41.675083375249528, 17.962704253017794 ], [ 41.675161896988513, 17.962732807106008 ], [ 41.675258264658936, 17.962750652233822 ], [ 41.675340357201172, 17.962750652233822 ], [ 41.675393894995473, 17.962686407030766 ], [ 41.675508107699017, 17.962604314954497 ], [ 41.675597338254498, 17.962568623812984 ], [ 41.675732967692731, 17.96256505358755 ], [ 41.675850751199526, 17.96256505358755 ], [ 41.675964964801373, 17.962507947061354 ], [ 41.676025640608927, 17.962422286382939 ], [ 41.67606847138336, 17.962329486911742 ], [ 41.676089887219739, 17.962236688246357 ], [ 41.676079179301546, 17.962197426797733 ], [ 41.675939980856697, 17.96219385827386 ], [ 41.675811490330034, 17.962197427652267 ], [ 41.675668721980237, 17.962208134932514 ], [ 41.67551524661058, 17.962225980967837 ], [ 41.675333218289609, 17.962233118868742 ], [ 41.675122636119021, 17.962225980967837 ], [ 41.674947744912991, 17.962247397233284 ], [ 41.674776423611895, 17.962283087585138 ], [ 41.674590826284302, 17.962297365091114 ], [ 41.674376675107091, 17.962300933612898 ], [ 41.674284117191796, 17.962303370735487 ], [ 41.673953600947627, 17.962233000088879 ], [ 41.673861397866858, 17.96220623103628 ], [ 41.673736475448507, 17.962119974602857 ], [ 41.673632374181807, 17.962033720690936 ], [ 41.673531247237008, 17.961926645190012 ], [ 41.673483658086518, 17.961828491807186 ], [ 41.673474735120799, 17.96167680096287 ], [ 41.673465812155086, 17.961361522039269 ], [ 41.673462837833178, 17.961275266902668 ], [ 41.673453914867466, 17.961147371012604 ], [ 41.673504525052252, 17.960829126751662 ], [ 41.673556911206362, 17.960564442750421 ], [ 41.673678242160214, 17.96040175032492 ], [ 41.67390303657691, 17.960150971637489 ], [ 41.673971446879058, 17.960079588356404 ], [ 41.673995240555982, 17.960002254869366 ], [ 41.673983344166679, 17.959939794661079 ], [ 41.673941702761688, 17.959886255857192 ], [ 41.67388221722188, 17.95984164188398 ], [ 41.67382570420736, 17.959782154574921 ], [ 41.673778115056869, 17.959701848855016 ], [ 41.673772167311377, 17.959618566721769 ], [ 41.673772167311377, 17.95951446613639 ], [ 41.673781090277089, 17.959431184769404 ], [ 41.673900063153319, 17.959294366089104 ], [ 41.673983344166679, 17.959175392791696 ], [ 41.674078523365978, 17.95900882969898 ], [ 41.674197495343897, 17.958886883238403 ], [ 41.67437176401743, 17.958755201680738 ], [ 41.674533593719232, 17.95868165411903 ], [ 41.674682309814528, 17.958610270244588 ], [ 41.67483697635025, 17.95857755298189 ], [ 41.675089792813928, 17.958529963992291 ], [ 41.675425892087588, 17.958553758915969 ], [ 41.676112941583185, 17.958556244799528 ], [ 41.67620300577525, 17.958552642874725 ], [ 41.676643208112253, 17.958576436940803 ], [ 41.676734596421049, 17.958529963137742 ], [ 41.676805979248471, 17.958550783375674 ], [ 41.676892234583732, 17.958586475328516 ], [ 41.677002285392561, 17.958616218759463 ], [ 41.677076643440202, 17.958637038987245 ], [ 41.67714505284404, 17.958681653264481 ], [ 41.677240231145014, 17.958738166261309 ], [ 41.677290794617413, 17.958744114771886 ], [ 41.67737407563078, 17.9587292430678 ], [ 41.677473431996148, 17.958748562695551 ], [ 41.677537663335592, 17.958705448167738 ], [ 41.677600124993923, 17.958666782409686 ], [ 41.677683406007283, 17.958645962185411 ], [ 41.677814950805917, 17.958652341391645 ], [ 41.677875563731391, 17.958627085202735 ], [ 41.677891609439001, 17.958509142897352 ], [ 41.678004632773103, 17.958458579202041 ], [ 41.678073042176941, 17.958461553034784 ], [ 41.678206887561011, 17.958470476241807 ], [ 41.678317326442041, 17.958468991889163 ], [ 41.67839724416298, 17.958476424761393 ], [ 41.678450781957281, 17.958461553034784 ], [ 41.67848729038873, 17.958409874992814 ], [ 41.678504318853264, 17.958366374980301 ], [ 41.67858437311812, 17.958377513185852 ], [ 41.678644157796917, 17.958357585077845 ], [ 41.678658985388992, 17.958297965668592 ], [ 41.678706573641165, 17.958274170710485 ], [ 41.678817264050473, 17.958299883279729 ], [ 41.678917751394785, 17.958315812098711 ], [ 41.678971289189093, 17.958342580031406 ], [ 41.679057545422673, 17.95833960619666 ], [ 41.679108107996754, 17.958277145400878 ], [ 41.679179491722493, 17.958196838997246 ], [ 41.679244926804422, 17.95815222288855 ], [ 41.679316311428465, 17.958104634638996 ], [ 41.679411488831143, 17.958060019361579 ], [ 41.679459077981633, 17.958027301997049 ], [ 41.679510458022619, 17.957957777363674 ], [ 41.679542359893311, 17.957857764834248 ], [ 41.679613743619036, 17.957825046577732 ], [ 41.679787843409322, 17.957814072411512 ], [ 41.679926048317462, 17.957819098890788 ], [ 41.679982560433665, 17.957786382336216 ], [ 41.680050969837495, 17.95773284288012 ], [ 41.680059891904904, 17.957634689732146 ], [ 41.680110456275614, 17.957557358593725 ], [ 41.680161019748013, 17.957506794626177 ], [ 41.680247275083282, 17.957471103309906 ], [ 41.680303787199485, 17.957474077159258 ], [ 41.680369222281413, 17.957426487872599 ], [ 41.680455477616675, 17.957367002314456 ], [ 41.680538758630036, 17.957331309260848 ], [ 41.680654758082675, 17.957295617054591 ], [ 41.680746962061754, 17.957289669349827 ], [ 41.680767782315094, 17.957271822816118 ], [ 41.680809422821774, 17.957230182891088 ], [ 41.680854036752052, 17.95718556739298 ], [ 41.680937317765398, 17.957152849866613 ], [ 41.681044394252325, 17.957167721703318 ], [ 41.681134976772313, 17.957202608943916 ], [ 41.681234750854287, 17.957245053866735 ], [ 41.681285315225004, 17.957245053866735 ], [ 41.681335877799086, 17.957227208183074 ], [ 41.681445927709596, 17.957194489809858 ], [ 41.681650351928916, 17.957146473169942 ], [ 41.681739581586086, 17.957101857650709 ], [ 41.681867478326346, 17.957060217685644 ], [ 41.681941836373987, 17.957021552422297 ], [ 41.682105423180481, 17.95691150088097 ], [ 41.682239268564558, 17.956854989009312 ], [ 41.682283883393147, 17.956825246136589 ], [ 41.682313625713881, 17.956771708098525 ], [ 41.682298755002677, 17.956715196182181 ], [ 41.682322548679608, 17.956578376254377 ], [ 41.682429625166527, 17.956486171906555 ], [ 41.68256346965228, 17.956429659898937 ], [ 41.682759775796377, 17.956316635829509 ], [ 41.682973927871906, 17.956158995930654 ], [ 41.683146437644119, 17.956037049213357 ], [ 41.68331300056915, 17.955935922103276 ], [ 41.683553920643519, 17.955796129403996 ], [ 41.683705611060716, 17.955683104075003 ], [ 41.683892994239088, 17.955531413084518 ], [ 41.684062530587717, 17.955385670587464 ], [ 41.684246939444179, 17.955254800822459 ], [ 41.68434211684685, 17.955129878738212 ], [ 41.684455141079269, 17.954990086256196 ], [ 41.684562216667871, 17.954883009906993 ], [ 41.684669293154798, 17.954761062309611 ], [ 41.684791240352929, 17.954645063276629 ], [ 41.68493400690609, 17.954511219064305 ], [ 41.685055954104222, 17.954365476580897 ], [ 41.685130313050188, 17.954216760073255 ], [ 41.685189798589981, 17.954079941630326 ], [ 41.685335541261679, 17.953889585025319 ], [ 41.685332566939771, 17.953827124366526 ], [ 41.685231439994979, 17.953806302717737 ], [ 41.685148158981612, 17.953830099131746 ], [ 41.685029186105389, 17.953883636351403 ], [ 41.68484775067251, 17.953999635029344 ], [ 41.684752573269847, 17.954109684964877 ], [ 41.684660369290761, 17.954270298884985 ], [ 41.684553292803841, 17.95441901534759 ], [ 41.684398628064741, 17.954585576782645 ], [ 41.684205297140871, 17.954787831635098 ], [ 41.684086325162951, 17.954975213381744 ], [ 41.683931661322177, 17.955153673264956 ], [ 41.68375914885501, 17.955299415953242 ], [ 41.683542024254216, 17.955457055763954 ], [ 41.683360588821337, 17.955584952352734 ], [ 41.683134541254816, 17.95573664158816 ], [ 41.683003671090965, 17.955831820203855 ], [ 41.682783570371619, 17.955974589313172 ], [ 41.682572392617999, 17.956099509946029 ], [ 41.682298755002677, 17.95622740607007 ], [ 41.68226975469036, 17.956241180729116 ], [ 41.682042963318779, 17.95622443219974 ], [ 41.681834759887067, 17.956203611687826 ], [ 41.681644403285098, 17.956147098735329 ], [ 41.681519481765058, 17.956078690273966 ], [ 41.681317226977157, 17.955974589313172 ], [ 41.681207177066646, 17.955864538829257 ], [ 41.680996000211337, 17.955721769631072 ], [ 41.680894873266539, 17.955626591810692 ], [ 41.68072236169769, 17.955522489729148 ], [ 41.680579594246225, 17.955370800309986 ], [ 41.680481441623336, 17.955192339791363 ], [ 41.680439801116655, 17.955028752818382 ], [ 41.680451699302587, 17.954823524347628 ], [ 41.680502260978365, 17.954561783034009 ], [ 41.680558773094567, 17.954371426947734 ], [ 41.680737233307227, 17.954005583699352 ], [ 41.680897845791819, 17.953776561041302 ], [ 41.681058460073039, 17.953505897284462 ], [ 41.681213124812139, 17.953226311351226 ], [ 41.681370764771451, 17.95298539113038 ], [ 41.681641428064886, 17.952598728350846 ], [ 41.681926963866147, 17.952313193111134 ], [ 41.68208757724905, 17.952220988248289 ], [ 41.682254139275777, 17.952140681657649 ], [ 41.682429625166527, 17.951980068366954 ], [ 41.68261105790446, 17.951733199411148 ], [ 41.68281331179405, 17.951304895991584 ], [ 41.682984138123423, 17.950996160935166 ], [ 41.683085265068215, 17.950871239260714 ], [ 41.683168546081575, 17.950764163835768 ], [ 41.683278595992093, 17.950677907801825 ], [ 41.68335592925996, 17.950639241997443 ], [ 41.683483825101902, 17.9506422159617 ], [ 41.683570080437157, 17.950668985056119 ], [ 41.683665258738145, 17.950734420793101 ], [ 41.683822897799153, 17.950835548314188 ], [ 41.684258377692693, 17.951001455948166 ], [ 41.684307060991202, 17.950996137006765 ], [ 41.684777656029205, 17.951079441147861 ], [ 41.685081037761897, 17.951132980054869 ], [ 41.685372522206976, 17.951130005244281 ], [ 41.685562878808945, 17.951168670941371 ], [ 41.685863286219728, 17.951198413911012 ], [ 41.686128000869346, 17.951222208966783 ], [ 41.686297538116285, 17.95124897797341 ], [ 41.686467073566604, 17.951284669691084 ], [ 41.686699070675246, 17.951385796897529 ], [ 41.68699947808603, 17.951567230933662 ], [ 41.687273116599677, 17.951760562274934 ], [ 41.687631042239801, 17.951914574124764 ], [ 41.68780261237422, 17.952074707200698 ], [ 41.688186234323055, 17.952599322282538 ], [ 41.688486640835528, 17.95298598420619 ], [ 41.688623461439818, 17.953119828718449 ], [ 41.688781396046551, 17.95322074037713 ], [ 41.688982686043836, 17.953497513917402 ], [ 41.689033916964497, 17.953690900404705 ], [ 41.689050103707594, 17.953742316617721 ], [ 41.68901607193137, 17.953884231133348 ], [ 41.688980380068507, 17.954009153243092 ], [ 41.688953611171357, 17.954110279746061 ], [ 41.688998225999946, 17.954223304371336 ], [ 41.689173710992378, 17.954470173269073 ], [ 41.689391332361538, 17.954729698824345 ], [ 41.689414631066747, 17.954773555231721 ], [ 41.689429502676269, 17.954850886733215 ], [ 41.689545503027226, 17.955148319411258 ], [ 41.689581193991778, 17.955234574973758 ], [ 41.689700167766325, 17.955433855200202 ], [ 41.689839960895888, 17.955630161321711 ], [ 41.68992026758734, 17.955790773860631 ], [ 41.689997599956897, 17.955882977716559 ], [ 41.690113599409536, 17.955984104856924 ], [ 41.690259341182909, 17.956070360866242 ], [ 41.690374150367802, 17.956105855061708 ], [ 41.690531193845771, 17.956205791671767 ], [ 41.69061685539463, 17.956305728225338 ], [ 41.690707274421236, 17.956410423764595 ], [ 41.690807211996599, 17.956553192406673 ], [ 41.690883354098396, 17.956691201044414 ], [ 41.690949980346382, 17.956853003872467 ], [ 41.691011846421688, 17.956991013130718 ], [ 41.69103088082425, 17.95714329763986 ], [ 41.691064193948243, 17.957347932920328 ], [ 41.691083230147427, 17.95753353020832 ], [ 41.691073710700358, 17.957638226729578 ], [ 41.691026123346504, 17.957852377734891 ], [ 41.690959497098511, 17.958014181209286 ], [ 41.690883354098396, 17.958171226395486 ], [ 41.690797694346166, 17.958347305693984 ], [ 41.690716792969987, 17.958485313785687 ], [ 41.690564506969764, 17.958618563641586 ], [ 41.690336077969427, 17.958766091188263 ], [ 41.690102890593032, 17.958856510905868 ], [ 41.689850667915756, 17.958889823736584 ], [ 41.689650793663361, 17.958970726299324 ], [ 41.689374777309162, 17.959099216819652 ], [ 41.689217732034564, 17.959208671380477 ], [ 41.689008340131721, 17.959318126728064 ], [ 41.688737081255276, 17.959394270133057 ], [ 41.688551483029364, 17.959413305979183 ], [ 41.688275464878544, 17.959408546163296 ], [ 41.688070832250077, 17.959394270133057 ], [ 41.687913786975479, 17.959360957397408 ], [ 41.687732948023942, 17.959346679654239 ], [ 41.687585422196406, 17.959351440326333 ], [ 41.687442653846624, 17.959384751354683 ], [ 41.68730464477121, 17.959418064085845 ], [ 41.687190431169356, 17.959437099929406 ], [ 41.687090493593992, 17.959456135770914 ], [ 41.686947726142513, 17.959503723656635 ], [ 41.686881100792839, 17.959513243283151 ], [ 41.686690745089187, 17.959556073050674 ], [ 41.686314439020052, 17.959658039815572 ], [ 41.686036309828289, 17.9596436980056 ], [ 41.68588120940629, 17.95968451358198 ], [ 41.685740800930745, 17.959731861279494 ], [ 41.685433863666155, 17.959870635669681 ], [ 41.685136651562829, 17.960019900310026 ], [ 41.685007743319552, 17.960175941337308 ], [ 41.684787336274702, 17.960335939604256 ], [ 41.684560397579425, 17.960517163639111 ], [ 41.684450750114159, 17.960588394635472 ], [ 41.684385704901061, 17.960685326716373 ], [ 41.68435468517599, 17.960757162658254 ], [ 41.684320399176535, 17.960959611266279 ], [ 41.684314746976774, 17.961250827170559 ], [ 41.684304816999621, 17.961372465221974 ], [ 41.68430463464162, 17.961669769856258 ], [ 41.684316970307101, 17.961836297969203 ], [ 41.684388353134523, 17.96210993470676 ], [ 41.684423256276574, 17.962275524129719 ], [ 41.68443468464362, 17.962402870594772 ], [ 41.684391295117081, 17.962554812902219 ], [ 41.684368343161566, 17.962703996659059 ], [ 41.684338359194015, 17.962802869068767 ], [ 41.684346522185002, 17.962889398617925 ], [ 41.684390603414315, 17.962998786742041 ], [ 41.684477133634054, 17.963060827150876 ], [ 41.684517950385619, 17.963090214345556 ], [ 41.684504887983067, 17.963155520724278 ], [ 41.684493459616029, 17.96324041795511 ], [ 41.684472236019126, 17.963343274719634 ], [ 41.684428154789821, 17.963446132278818 ], [ 41.684375908772893, 17.963555519203801 ], [ 41.684325296791471, 17.963609396997036 ], [ 41.684277951084418, 17.963677966612661 ], [ 41.684219176112016, 17.963735110359838 ], [ 41.684140808883257, 17.963813477041814 ], [ 41.684023258040128, 17.963815109182178 ], [ 41.68394325767418, 17.963788988098322 ], [ 41.683868156719797, 17.963771027714618 ], [ 41.683786524114986, 17.963797151364705 ], [ 41.683729381381447, 17.963914701333366 ], [ 41.683699993895239, 17.964012659580852 ], [ 41.683624892042545, 17.964104089223405 ], [ 41.683539994959993, 17.96415633300315 ], [ 41.683458363253493, 17.964185720870177 ], [ 41.68336203600726, 17.964200414374591 ], [ 41.683290198632299, 17.964221638987894 ], [ 41.683226526044962, 17.964282045976869 ], [ 41.683198751933006, 17.964321993997487 ], [ 41.683063370429807, 17.96445151374299 ], [ 41.682846638392775, 17.964514726898283 ], [ 41.682689496100124, 17.964517720283094 ], [ 41.682625713020009, 17.964489392931213 ], [ 41.682542447278003, 17.964458372980278 ], [ 41.682431428085302, 17.964428986013115 ], [ 41.682245306141581, 17.964386536833779 ], [ 41.682122857683524, 17.964363680104999 ], [ 41.681931838124875, 17.964334292267566 ], [ 41.681753879172149, 17.964306538270122 ], [ 41.681582450971533, 17.964285312812496 ], [ 41.68139632992613, 17.964301639299027 ], [ 41.681177555120151, 17.964317965784055 ], [ 41.680873749382641, 17.96441343031616 ], [ 41.68082163901132, 17.964402863310955 ], [ 41.680282865436517, 17.964358781990011 ], [ 41.679651030889858, 17.964317965784055 ], [ 41.679460011331209, 17.964298374172746 ], [ 41.679221221162393, 17.964230390999766 ], [ 41.67912205344323, 17.96421021061321 ], [ 41.678797157059478, 17.964115517604952 ], [ 41.678599801683134, 17.964056382088657 ], [ 41.678423722005974, 17.96400165503599 ], [ 41.678242883054445, 17.963939789280161 ], [ 41.678064423740103, 17.963866025117845 ], [ 41.677916897912567, 17.963758949018018 ], [ 41.677778887938835, 17.963673288945969 ], [ 41.67765515578823, 17.963616181923364 ], [ 41.677519527248322, 17.963590007829563 ], [ 41.677379139434031, 17.96362094077141 ], [ 41.677288718610789, 17.963725637959552 ], [ 41.677272062947104, 17.963794641628184 ], [ 41.677276822221486, 17.963882682343673 ], [ 41.67729823715954, 17.963984998675894 ], [ 41.677322031734782, 17.964096834328497 ], [ 41.677350584686096, 17.964256257370938 ], [ 41.677391035823341, 17.964401403789243 ], [ 41.677455282434153, 17.964644108924844 ], [ 41.677438624973831, 17.96478925673361 ], [ 41.6774148312969, 17.964865398636022 ], [ 41.677350584686096, 17.964986752208624 ], [ 41.677226853433808, 17.965046237765872 ], [ 41.677072188694709, 17.965074792330189 ], [ 41.677012702256597, 17.965122381266589 ], [ 41.677024598645907, 17.965208040636195 ], [ 41.677072188694709, 17.965319877223802 ], [ 41.677112638933643, 17.965419813751378 ], [ 41.677143572420448, 17.965534028321422 ], [ 41.67709598326995, 17.965702970214867 ], [ 41.677043634845091, 17.965833839934771 ], [ 41.677005563345034, 17.965945674417267 ], [ 41.676931799982107, 17.966069407066257 ], [ 41.676884210831616, 17.966202657185768 ], [ 41.676860416256368, 17.966312110765333 ], [ 41.676881832092739, 17.96640967033608 ], [ 41.676915144318421, 17.966511986059622 ], [ 41.6769651131061, 17.966566714043832 ], [ 41.677036495933521, 17.966659512998895 ], [ 41.677072188694709, 17.966726138275959 ], [ 41.677134054770008, 17.96679752058137 ], [ 41.677200679221372, 17.966847489716116 ], [ 41.677264924933858, 17.966902217596409 ], [ 41.677388656186153, 17.966928391199591 ], [ 41.677481455748264, 17.966928391199591 ], [ 41.677657536323736, 17.966902217596409 ], [ 41.677819339076073, 17.966785624102144 ], [ 41.677933552677935, 17.966688067302506 ], [ 41.678150085288962, 17.966588128928706 ], [ 41.678361855930667, 17.966466777310412 ], [ 41.678535556868951, 17.966350182674297 ], [ 41.678687841970863, 17.966238347593311 ], [ 41.678778261895786, 17.966157446648392 ], [ 41.678899615307522, 17.965929018240413 ], [ 41.679087592272303, 17.965771973965879 ], [ 41.679327917661944, 17.965695830745084 ], [ 41.67947306475061, 17.965679175399192 ], [ 41.679668180626948, 17.965691071952918 ], [ 41.679825225003228, 17.965760077417606 ], [ 41.679920404202534, 17.965867152304853 ], [ 41.680013201968009, 17.966064646575123 ], [ 41.680053653105254, 17.966219313336826 ], [ 41.680096483879687, 17.96640728966786 ], [ 41.680148831406242, 17.966588128928706 ], [ 41.680158349954993, 17.966738034759185 ], [ 41.680146451769048, 17.966854629139366 ], [ 41.67997513136627, 17.967111609731351 ], [ 41.67983474175535, 17.967251999326582 ], [ 41.679711012299691, 17.967425699177486 ], [ 41.679563484675526, 17.967597019914436 ], [ 41.679482583299347, 17.967751686189242 ], [ 41.679358852047066, 17.967877797367429 ], [ 41.679163736170722, 17.968003909310099 ], [ 41.678970999033254, 17.96815381393936 ], [ 41.678749708944487, 17.968329894400494 ], [ 41.67852365958133, 17.968494076612945 ], [ 41.678330924240498, 17.968634465964143 ], [ 41.678128670350901, 17.968767715003629 ], [ 41.677916897912567, 17.968867652999041 ], [ 41.67775033588584, 17.968934276588907 ], [ 41.67755759964669, 17.968984245973814 ], [ 41.677341068832291, 17.969017558604406 ], [ 41.677148331694823, 17.96900328164142 ], [ 41.67704839411946, 17.968936657223079 ], [ 41.676941319429176, 17.968862892583306 ], [ 41.676713425824744, 17.968672593769696 ], [ 41.676439787311111, 17.96869044000665 ], [ 41.67631486579107, 17.968749926880474 ], [ 41.676255379352945, 17.968821310931723 ], [ 41.676255379352945, 17.968922438359492 ], [ 41.676308917147253, 17.969071153602201 ], [ 41.676398146804424, 17.969154436407674 ], [ 41.676558760187341, 17.969303152309578 ], [ 41.676653939386625, 17.96948756040096 ], [ 41.676725323112372, 17.969654122162041 ], [ 41.676743169043803, 17.969892069093646 ], [ 41.676731271756175, 17.970135962977373 ], [ 41.676642042099012, 17.970373909259955 ], [ 41.676505223291343, 17.970558317942562 ], [ 41.676285122572004, 17.970784365737291 ], [ 41.676100713715535, 17.970956876938576 ], [ 41.675951997620253, 17.97099256894915 ], [ 41.675755693272784, 17.970968774845893 ], [ 41.675648616785871, 17.97087359583735 ], [ 41.675553437586565, 17.970730827655622 ], [ 41.675476106115333, 17.97059400917918 ], [ 41.675410670135093, 17.97048098476893 ], [ 41.675279799971243, 17.970421499332506 ], [ 41.67511918658834, 17.970385806352049 ], [ 41.674845548074686, 17.970385806352049 ], [ 41.674667088760344, 17.97038580720654 ], [ 41.674506475377441, 17.970403653270424 ], [ 41.674310170131662, 17.970534523780813 ], [ 41.673953250604661, 17.970683240229882 ], [ 41.673780739934131, 17.970754624354399 ], [ 41.673584433790033, 17.970849801718067 ], [ 41.673370281714504, 17.970933082830513 ], [ 41.673162080079429, 17.970944979884944 ], [ 41.672947928003893, 17.971022312855446 ], [ 41.672763520944059, 17.971135336919332 ], [ 41.672519624751153, 17.971337591631059 ], [ 41.67219244934153, 17.971599332879986 ], [ 41.672013990027189, 17.971795638134918 ], [ 41.671900964896452, 17.971968149203043 ], [ 41.671895017150959, 17.972128763128783 ], [ 41.671918811726201, 17.972265582125427 ], [ 41.671936657657639, 17.972408349066683 ], [ 41.671865273931907, 17.972515425051373 ], [ 41.671728455124239, 17.972592758188796 ], [ 41.671651121856371, 17.972699833207219 ], [ 41.671615429993508, 17.972824754834473 ], [ 41.67151430304871, 17.972908035870226 ], [ 41.671419124747729, 17.972997265751953 ], [ 41.671436970679167, 17.973110290261058 ], [ 41.671579738130632, 17.973175725380166 ], [ 41.67172250558211, 17.97325305822848 ], [ 41.671787940664039, 17.973318493294698 ], [ 41.671823634323538, 17.973407722969057 ], [ 41.671776045173047, 17.973479105992507 ], [ 41.671770095630919, 17.973574285306 ], [ 41.67181173703591, 17.973711104037363 ], [ 41.671853376644279, 17.973800334367841 ], [ 41.67192476216664, 17.973907408654171 ], [ 41.671996144994068, 17.973984742036585 ], [ 41.672085374651232, 17.974073972228815 ], [ 41.672150809733168, 17.974145355837454 ], [ 41.672222192560589, 17.974240533937426 ], [ 41.67229952582845, 17.9743357119861 ], [ 41.67237685909631, 17.974424942001004 ], [ 41.672442293279921, 17.97449632632226 ], [ 41.672543421123038, 17.974603401895568 ], [ 41.67260885620496, 17.97465099082854 ], [ 41.67269808586213, 17.974734271857614 ], [ 41.672745675012621, 17.974793759259452 ], [ 41.67285275060123, 17.974853244932305 ], [ 41.67293008297078, 17.974877040221202 ], [ 41.673025262170071, 17.974859193754828 ], [ 41.673096645895818, 17.974817553701889 ], [ 41.67313233775868, 17.974710478258423 ], [ 41.673145097428979, 17.974657313061837 ], [ 41.673193669336392, 17.974571220784522 ], [ 41.6732698123365, 17.974471284307125 ], [ 41.673381646301166, 17.974371346918698 ], [ 41.673495859903028, 17.974271408619249 ], [ 41.673693356314871, 17.974147678297182 ], [ 41.673800431903473, 17.974012047623482 ], [ 41.673943199354952, 17.973881177980726 ], [ 41.674245390819891, 17.973757445676313 ], [ 41.674414331585488, 17.973724133085145 ], [ 41.674613551864361, 17.973699204605815 ], [ 41.674738474282719, 17.973675410867173 ], [ 41.674863394904442, 17.973598078203789 ], [ 41.675029957829473, 17.973562386719713 ], [ 41.675160827993331, 17.973580233317129 ], [ 41.675327390918362, 17.973609976787671 ], [ 41.675404722389601, 17.973604027923066 ], [ 41.675446363794592, 17.973562386719713 ], [ 41.67550585023271, 17.973455311369733 ], [ 41.675612924024691, 17.973377977755501 ], [ 41.675833023845705, 17.973342287081422 ], [ 41.676029329989802, 17.973342287081422 ], [ 41.676284588074409, 17.973342287081422 ], [ 41.676493979977245, 17.973398146841131 ], [ 41.676622471402226, 17.973419560897874 ], [ 41.676789033428946, 17.973436218077449 ], [ 41.677050773756648, 17.973436218077449 ], [ 41.677540943084693, 17.973429079774668 ], [ 41.677755095160222, 17.973429079774668 ], [ 41.677881206049697, 17.973479047888066 ], [ 41.677974005611809, 17.973607538966565 ], [ 41.678002229779715, 17.973733535736812 ], [ 41.677990663072123, 17.973866899701893 ], [ 41.677988283434935, 17.973969217087642 ], [ 41.678059667160667, 17.974069153849147 ], [ 41.67811439432441, 17.974161953135415 ], [ 41.67816198257659, 17.974254753227399 ], [ 41.678202433713828, 17.97436420694477 ], [ 41.67824526358995, 17.97449031938341 ], [ 41.678283335988311, 17.974583117593905 ], [ 41.678349961337993, 17.974635465938157 ], [ 41.678452276753916, 17.974683055716966 ], [ 41.678521281740771, 17.974804406817832 ], [ 41.678659290816192, 17.974997143663074 ], [ 41.678761748165918, 17.975225125420554 ], [ 41.67882109356853, 17.975477795864613 ], [ 41.678840129767714, 17.975684809253476 ], [ 41.67882109356853, 17.975927513412959 ], [ 41.678775884055227, 17.976155941708502 ], [ 41.678725916165867, 17.976310605615748 ], [ 41.678654532440127, 17.976453375268331 ], [ 41.678519338684815, 17.976613324616089 ], [ 41.678423723802609, 17.976712736096484 ], [ 41.678285715625499, 17.976791257660118 ], [ 41.678100117399595, 17.97683646803922 ], [ 41.677909760797633, 17.976862641879304 ], [ 41.677795547195778, 17.976910231057907 ], [ 41.677648019571613, 17.976967338055303 ], [ 41.677493416816269, 17.976995648880443 ], [ 41.677217153425367, 17.976715812157352 ], [ 41.677102938925202, 17.976719382096814 ], [ 41.676842387966929, 17.976769350133704 ], [ 41.676642512816215, 17.976812179990425 ], [ 41.676460485393562, 17.976801472740835 ], [ 41.676310579030527, 17.976769350133704 ], [ 41.676171379687361, 17.976726520266599 ], [ 41.676025043229266, 17.976676551363123 ], [ 41.675860859941409, 17.976615875184667 ], [ 41.67565384677745, 17.976551629042575 ], [ 41.675318343086822, 17.976551629042575 ], [ 41.675032808183872, 17.976605167923172 ], [ 41.674765119212367, 17.976651566051626 ], [ 41.674543829123586, 17.976662275019226 ], [ 41.674326108041434, 17.976615875184667 ], [ 41.674083403014592, 17.976533782745438 ], [ 41.673801437118271, 17.976498092709136 ], [ 41.67351590131701, 17.976501661798537 ], [ 41.673308888153052, 17.976515939009886 ], [ 41.673098306880775, 17.976530215365614 ], [ 41.672802064059645, 17.976615876039126 ], [ 41.672530805183186, 17.976737229229656 ], [ 41.672316654005975, 17.976894273154688 ], [ 41.672077517985763, 17.977019194378371 ], [ 41.671809828115926, 17.977151253666293 ], [ 41.671513585294797, 17.977276176417092 ], [ 41.671356540918516, 17.977368974872547 ], [ 41.671074575022189, 17.977490326691054 ], [ 41.670849715926792, 17.977526019944637 ], [ 41.670681962734001, 17.977511742814965 ], [ 41.670553473105656, 17.977501034753331 ], [ 41.67034289003675, 17.977511742814965 ], [ 41.670096616003292, 17.977526019944637 ], [ 41.669911017777387, 17.977583125888422 ], [ 41.669800373182156, 17.977590264877751 ], [ 41.669693297593554, 17.97750460467692 ], [ 41.669632621786, 17.977429651646688 ], [ 41.669514838279206, 17.977368974872547 ], [ 41.669407761792293, 17.977372543944348 ], [ 41.669318533033433, 17.977397529153833 ], [ 41.669229303376255, 17.977426081721582 ], [ 41.66916862577208, 17.977397529153833 ], [ 41.669207886641573, 17.97729402178474 ], [ 41.669300686203677, 17.977283315418827 ], [ 41.669450592566719, 17.977247622970644 ], [ 41.669532684210644, 17.977201223289892 ], [ 41.669564806168573, 17.977158392673076 ], [ 41.669468439396468, 17.977090579359867 ], [ 41.669393485765795, 17.977072732262741 ], [ 41.669268563347437, 17.977015625299426 ], [ 41.669165056765458, 17.976969226412177 ], [ 41.669047274156974, 17.976954949237481 ], [ 41.668983029342805, 17.976894273154688 ], [ 41.668854537019506, 17.976787197261498 ], [ 41.668747462329215, 17.976715813011815 ], [ 41.668622539910864, 17.976647998674174 ], [ 41.668544017273554, 17.976587321631445 ], [ 41.668486911370948, 17.976462400102232 ], [ 41.668451218609768, 17.976351755709274 ], [ 41.668397680815467, 17.976280372138028 ], [ 41.668294174233473, 17.976255386770468 ], [ 41.668169252713433, 17.976255386770468 ], [ 41.668105007000953, 17.976276803044151 ], [ 41.667990793399099, 17.976287510325555 ], [ 41.66791940967336, 17.976241110392518 ], [ 41.667862302872436, 17.976184003160263 ], [ 41.667783780235133, 17.976148312198799 ], [ 41.66765528881016, 17.976112620375666 ], [ 41.667548213221544, 17.976076927690851 ], [ 41.667448275646187, 17.976080496788761 ], [ 41.667305508194715, 17.976130465860905 ], [ 41.667180586674675, 17.976155450391673 ], [ 41.667087788010875, 17.976155451246139 ], [ 41.66697714341565, 17.976151882149736 ], [ 41.666877205840287, 17.976134034957735 ], [ 41.66672730037557, 17.97613760490896 ], [ 41.666638069820088, 17.976205420297067 ], [ 41.66649530236861, 17.97628394208629 ], [ 41.666384656875067, 17.976301788408676 ], [ 41.666252597341781, 17.976280372992488 ], [ 41.666059861102617, 17.976280372992488 ], [ 41.665938507690889, 17.976326772060741 ], [ 41.665881400889972, 17.976358894748383 ], [ 41.665799310144358, 17.97636960287927 ], [ 41.665717217602115, 17.976373171116808 ], [ 41.665670817821059, 17.976419571015143 ], [ 41.665663680706125, 17.976469539991331 ], [ 41.665588727075452, 17.976601599690323 ], [ 41.665463804657094, 17.976719382951277 ], [ 41.665271069316262, 17.976847874235546 ], [ 41.665031934194367, 17.976940672916093 ], [ 41.664757105412967, 17.977015626153886 ], [ 41.664592923023434, 17.97710485566914 ], [ 41.664300249208928, 17.977269039123986 ], [ 41.663918345737251, 17.977436790642216 ], [ 41.663686347730277, 17.977543866995951 ], [ 41.663518596334129, 17.977658079707968 ], [ 41.663347275033033, 17.977779433036698 ], [ 41.66321878540468, 17.977854385918452 ], [ 41.663133122957504, 17.977940046804047 ], [ 41.663101000999568, 17.977993584409216 ], [ 41.663118846032695, 17.97803998388175 ], [ 41.663193799663368, 17.978064968996794 ], [ 41.663236630437801, 17.978100660425302 ], [ 41.663258045375862, 17.978172044115137 ], [ 41.663254476369232, 17.978225581649955 ], [ 41.663208075689866, 17.978389764062708 ], [ 41.663158107800506, 17.978518255840367 ], [ 41.663115277924376, 17.978703853960283 ], [ 41.663047463205267, 17.978928713041746 ], [ 41.663076016156573, 17.97901794329912 ], [ 41.663125984944251, 17.979153571836839 ], [ 41.663158107800506, 17.979257078970271 ], [ 41.66325447726755, 17.979428400193296 ], [ 41.663350844937966, 17.97957473635222 ], [ 41.663450783411633, 17.979688950313879 ], [ 41.663586411951556, 17.979778180187029 ], [ 41.663679209717031, 17.979828149067185 ], [ 41.663750595239399, 17.979881686954275 ], [ 41.663796994122144, 17.979963778691396 ], [ 41.663811270148635, 17.980010177646164 ], [ 41.663725610396398, 17.980060145606213 ], [ 41.663625672821041, 17.980053008425646 ], [ 41.663504320307631, 17.980063716332502 ], [ 41.663443643601767, 17.980127961196676 ], [ 41.663415089752135, 17.980206482950397 ], [ 41.663418659657083, 17.980263589736111 ], [ 41.663436505588521, 17.980338543272186 ], [ 41.663422228663705, 17.980388511993738 ], [ 41.663322291986667, 17.980431341826989 ], [ 41.66321878540468, 17.980434911691326 ], [ 41.663079586959824, 17.980442049710899 ], [ 41.662918972678604, 17.980477742367764 ], [ 41.662715529419579, 17.980538418073543 ], [ 41.662440700638186, 17.980663340136694 ], [ 41.662287226166839, 17.980823952989443 ], [ 41.662133750797175, 17.981048811934009 ], [ 41.66194815257127, 17.981320070911554 ], [ 41.661766124250306, 17.98147354604367 ], [ 41.661555541181407, 17.981659143620131 ], [ 41.661330682984321, 17.981898279985863 ], [ 41.661191483641154, 17.982023201941171 ], [ 41.661137946745171, 17.982101723706347 ], [ 41.661130807833601, 17.982201660991603 ], [ 41.661105823888924, 17.982333720675303 ], [ 41.661112961902177, 17.982408675041302 ], [ 41.661177206716346, 17.982458644031329 ], [ 41.661294991121451, 17.982487196635009 ], [ 41.661391358791867, 17.982469350937837 ], [ 41.66150200428541, 17.982440796622406 ], [ 41.661591233942588, 17.982358705182691 ], [ 41.661705448442753, 17.982315874962612 ], [ 41.66182323105123, 17.982323013760571 ], [ 41.66190889080346, 17.982358705182691 ], [ 41.662080213002874, 17.98243365868365 ], [ 41.662190857598112, 17.982501474216768 ], [ 41.662251534303977, 17.982544304391812 ], [ 41.662412147686879, 17.982615687993793 ], [ 41.662472824392744, 17.982658518141129 ], [ 41.662519223275481, 17.982751317185244 ], [ 41.662487101317559, 17.982847685141699 ], [ 41.662408578680257, 17.98292977720844 ], [ 41.662351470981015, 17.982958329735911 ], [ 41.662301503091655, 17.982922637580593 ], [ 41.662255103310599, 17.98285839202461 ], [ 41.662194426604728, 17.982829838626539 ], [ 41.662112335859121, 17.982847685141699 ], [ 41.662040952133388, 17.98288337731217 ], [ 41.661937445551402, 17.982919068620998 ], [ 41.661869630832292, 17.98297974519652 ], [ 41.66182323105123, 17.983061837201845 ], [ 41.661783970181745, 17.983165342898225 ], [ 41.661762555243676, 17.983329524989202 ], [ 41.661726149220158, 17.983486094823434 ], [ 41.661690457357295, 17.983587222397674 ], [ 41.661672612324175, 17.983685374797055 ], [ 41.661583381768693, 17.983887628804833 ], [ 41.661434664775086, 17.984083934069343 ], [ 41.661271077070268, 17.984199931716525 ], [ 41.660991489912817, 17.984324854606214 ], [ 41.660818980140611, 17.984405161093946 ], [ 41.660646468571763, 17.984461672696796 ], [ 41.660468009257414, 17.984503313892908 ], [ 41.660301447230694, 17.984521160238867 ], [ 41.660152730237094, 17.984536032334855 ], [ 41.660033757360857, 17.984559826318755 ], [ 41.659962373635118, 17.984613363625225 ], [ 41.659828529149372, 17.984735311123071 ], [ 41.659801760252215, 17.984866182119177 ], [ 41.659861246690333, 17.985139819918309 ], [ 41.659914783586316, 17.985297458734713 ], [ 41.659959400211534, 17.985380740722736 ], [ 41.660039706004675, 17.985580020266038 ], [ 41.660143808169693, 17.985773351129751 ], [ 41.660298473807103, 17.985984527979671 ], [ 41.660456112868104, 17.986231397779175 ], [ 41.660607804183613, 17.986463395301019 ], [ 41.660726777059843, 17.986618059576543 ], [ 41.660902261153957, 17.986790570687404 ], [ 41.661113438907577, 17.986974980167211 ], [ 41.661208617208565, 17.987055286303491 ], [ 41.661336513050522, 17.987141540811898 ], [ 41.661497127331742, 17.987224822784107 ], [ 41.661711279407264, 17.987296207056318 ], [ 41.661901636009233, 17.987355692788558 ], [ 41.662038453918584, 17.98740923095572 ], [ 41.662175272726238, 17.987465743305478 ], [ 41.662240708706484, 17.987501435396464 ], [ 41.662300195144596, 17.987516307241311 ], [ 41.662338862227692, 17.987492511092778 ], [ 41.662401322089394, 17.987510357990882 ], [ 41.662448912138203, 17.987519280584845 ], [ 41.662538140897063, 17.987534153282599 ], [ 41.662633320096347, 17.987540100823409 ], [ 41.662755267294486, 17.987531178230501 ], [ 41.662820702376415, 17.987507383792792 ], [ 41.662901009067866, 17.987531178230501 ], [ 41.662996187368847, 17.987563896111119 ], [ 41.663100288635547, 17.987581741293177 ], [ 41.663234133121307, 17.987590663883534 ], [ 41.663382850114914, 17.987641227783577 ], [ 41.663551793575444, 17.987735434835486 ], [ 41.663651156229029, 17.987848965117191 ], [ 41.663736900422897, 17.987934709156654 ], [ 41.663932621763735, 17.988268416308074 ], [ 41.664094267310908, 17.988635035314498 ], [ 41.66411062832718, 17.988687002700075 ], [ 41.664048621216381, 17.988777026036821 ], [ 41.663807701142012, 17.989127995628081 ], [ 41.66359652428671, 17.989413532027303 ], [ 41.663498370765502, 17.989487889578864 ], [ 41.663373449245462, 17.989508711293961 ], [ 41.663278270944474, 17.989470043735171 ], [ 41.663194989032803, 17.989389736989015 ], [ 41.663070068411088, 17.989327276066241 ], [ 41.662968940567971, 17.989333225255425 ], [ 41.662906479807951, 17.989401635362956 ], [ 41.662820225371, 17.989520607951082 ], [ 41.662748840746943, 17.989687169610569 ], [ 41.662725046171701, 17.98977640040999 ], [ 41.662757762814344, 17.989832912001638 ], [ 41.662817250150781, 17.98992214101856 ], [ 41.662945145992722, 17.990055986595323 ], [ 41.662992735143213, 17.990148191361847 ], [ 41.662983812177501, 17.990228496908408 ], [ 41.662954068958442, 17.990454546004813 ], [ 41.662957043280343, 17.990612185199943 ], [ 41.662980837855592, 17.9906805948116 ], [ 41.663016529718462, 17.990710337964156 ], [ 41.663078991376793, 17.990740081111699 ], [ 41.663108733697534, 17.990728183682407 ], [ 41.663120631883473, 17.99067464737664 ], [ 41.66309683640992, 17.990597313616018 ], [ 41.663064118868959, 17.990564596297855 ], [ 41.663180118321591, 17.990368291407052 ], [ 41.663257450691141, 17.99040993120942 ], [ 41.663361551957834, 17.990490238345643 ], [ 41.66342996225999, 17.990517007382927 ], [ 41.663480524834071, 17.990508084086152 ], [ 41.663498370765502, 17.990469417600767 ], [ 41.66347755141048, 17.99040993120942 ], [ 41.663873136223941, 17.990189831216149 ], [ 41.663896930799183, 17.990180907902833 ], [ 41.663938571305856, 17.990216600299014 ], [ 41.663992109100171, 17.990234445212806 ], [ 41.664024825742814, 17.990204701980026 ], [ 41.664024825742814, 17.990151164661029 ], [ 41.663989134778262, 17.990103574780196 ], [ 41.663959391559203, 17.990023268322382 ], [ 41.663876111444161, 17.989856706980163 ], [ 41.663807701142012, 17.989746657099996 ], [ 41.663769034957234, 17.989675272110283 ], [ 41.663742265161773, 17.989583067951017 ], [ 41.663751189025803, 17.98948491541411 ], [ 41.663792828634172, 17.989362967780707 ], [ 41.664108107654485, 17.988884102346855 ], [ 41.664227081429033, 17.988735384994701 ], [ 41.664354977270975, 17.988726461607826 ], [ 41.664536410907232, 17.988717539074905 ], [ 41.66474461433895, 17.988735384994701 ], [ 41.664988507836895, 17.988774051860084 ], [ 41.665259172028634, 17.98882758874252 ], [ 41.665315684144844, 17.988827587888117 ], [ 41.665437631342982, 17.988824613712229 ], [ 41.665535783965865, 17.988833537094141 ], [ 41.665622040199445, 17.988857332207434 ], [ 41.665675577993753, 17.98886328141246 ], [ 41.665755883786893, 17.98885435803205 ], [ 41.665830242732852, 17.98885435803205 ], [ 41.665892704391183, 17.988833537094141 ], [ 41.665964087218605, 17.9887948710962 ], [ 41.666020600233132, 17.988782974390148 ], [ 41.666091983958871, 17.988800820303329 ], [ 41.666178238395815, 17.988827587888117 ], [ 41.666234751410343, 17.988830562918356 ], [ 41.666291262628235, 17.988809742832043 ], [ 41.666335878355142, 17.98876810179765 ], [ 41.666398339115155, 17.98873835831769 ], [ 41.666475670586387, 17.988711589864966 ], [ 41.666564901141875, 17.988675898018752 ], [ 41.666657105120954, 17.988675898018752 ], [ 41.666734438388815, 17.988672923840305 ], [ 41.666776077997184, 17.988652103735394 ], [ 41.666823667147675, 17.988622360235887 ], [ 41.666892076551505, 17.988607487629846 ], [ 41.666981307106994, 17.9886104626638 ], [ 41.667028896257484, 17.988598565090907 ], [ 41.667097305661308, 17.988550977354539 ], [ 41.667138946167995, 17.988509335404675 ], [ 41.667207355571826, 17.988482566917206 ], [ 41.667308483414935, 17.988449849206916 ], [ 41.667385815784485, 17.988411183124899 ], [ 41.667492891373087, 17.988402259721632 ], [ 41.667599966961703, 17.988333850935454 ], [ 41.667552376912894, 17.988304107382302 ], [ 41.667409610359734, 17.988342774342186 ], [ 41.667296586127307, 17.988375491217923 ], [ 41.667216279435856, 17.988405233904636 ], [ 41.667115150694428, 17.988467695153791 ], [ 41.667037819223196, 17.988503387042122 ], [ 41.666939666600314, 17.988530156380836 ], [ 41.666853411265045, 17.988530156380836 ], [ 41.666761207285965, 17.988562874076234 ], [ 41.666651157375455, 17.988598565090907 ], [ 41.666573824107594, 17.988619385202139 ], [ 41.666472697162796, 17.988640206165311 ], [ 41.666315058101794, 17.988723486575836 ], [ 41.666199060445784, 17.988765127620763 ], [ 41.666133623567227, 17.988756205089793 ], [ 41.666050342553874, 17.988726460753426 ], [ 41.665967060642188, 17.988723486575836 ], [ 41.665913523746205, 17.988741333349434 ], [ 41.665839164800254, 17.988780000213509 ], [ 41.665726140567827, 17.9887948710962 ], [ 41.665642859554467, 17.988788921888876 ], [ 41.665571476727045, 17.98877107682889 ], [ 41.665452503850815, 17.988774051005677 ], [ 41.665395990836302, 17.988717538220506 ], [ 41.665393017412711, 17.988562874076234 ], [ 41.665407888123923, 17.988393337172315 ], [ 41.665470348883943, 17.988223800959915 ], [ 41.665550655575402, 17.988081032282668 ], [ 41.665633936588755, 17.987896624813086 ], [ 41.665666655028033, 17.987682472638458 ], [ 41.665764806752605, 17.987530781784724 ], [ 41.665874857561434, 17.987385040909874 ], [ 41.666002754301694, 17.987236324003181 ], [ 41.666279366238932, 17.987066788388031 ], [ 41.666657236274979, 17.98685224303113 ], [ 41.666895050873414, 17.986766381411172 ], [ 41.667052690832733, 17.986754482859542 ], [ 41.667257919942536, 17.986778278253183 ], [ 41.667338225735676, 17.986816943838566 ], [ 41.667478019763564, 17.986924018774719 ], [ 41.667686223195282, 17.987060839122442 ], [ 41.668022320672307, 17.987301759013274 ], [ 41.668352471302157, 17.987521859191347 ], [ 41.668929489751868, 17.987902574050498 ], [ 41.66937266461413, 17.988259492043177 ], [ 41.669884248880237, 17.988661027126032 ], [ 41.670214398611769, 17.988928714964853 ], [ 41.670568344715178, 17.989181534111928 ], [ 41.670693266235219, 17.989279686817596 ], [ 41.670770598604769, 17.989377838614267 ], [ 41.670809264789547, 17.989511683749516 ], [ 41.670761675639056, 17.989642553766746 ], [ 41.670621881611169, 17.989749630405942 ], [ 41.670488038023727, 17.989770450381354 ], [ 41.670303629167265, 17.989719887091436 ], [ 41.670003221756467, 17.989565221262552 ], [ 41.670018094264314, 17.989621733776239 ], [ 41.670050811805268, 17.989690142917521 ], [ 41.670345269673938, 17.989838860319374 ], [ 41.670609985221866, 17.989928090187679 ], [ 41.67077357292667, 17.990011369990352 ], [ 41.670940134953398, 17.99009762561699 ], [ 41.671145364063207, 17.990225521901738 ], [ 41.671264336041119, 17.990329623182244 ], [ 41.671332746343275, 17.990371263848136 ], [ 41.671430898966157, 17.990424801954738 ], [ 41.67158556370525, 17.990478340045101 ], [ 41.671677767684329, 17.99052592897046 ], [ 41.671775921205537, 17.990567569590016 ], [ 41.671877048150328, 17.99061813263701 ], [ 41.67199304670465, 17.990674644813463 ], [ 41.672049558820866, 17.990760900115841 ], [ 41.672098734396144, 17.990911707313948 ], [ 41.672123916868507, 17.991025614902103 ], [ 41.672141762799939, 17.991114845024626 ], [ 41.672171506018998, 17.991186228577515 ], [ 41.672244103368683, 17.991322791866363 ], [ 41.672276702332027, 17.991477639848387 ], [ 41.672296623371771, 17.991749884994633 ], [ 41.672358889197369, 17.991923860635222 ], [ 41.672391606738337, 17.992004167936731 ], [ 41.672409451771451, 17.992075551984179 ], [ 41.672418374737177, 17.992140987762834 ], [ 41.67241837563548, 17.992212370900539 ], [ 41.672412427889988, 17.992286728981327 ], [ 41.672382684670936, 17.992367036117653 ], [ 41.672346991909748, 17.992444368248169 ], [ 41.672296429335667, 17.992515752117509 ], [ 41.672266686116608, 17.992616878789097 ], [ 41.672201250136361, 17.992845902351064 ], [ 41.672177455561126, 17.99291431195098 ], [ 41.672144738020158, 17.993030310628569 ], [ 41.672091200225857, 17.993140361023674 ], [ 41.671994060902605, 17.993204479805442 ], [ 41.671717529813748, 17.993714333805368 ], [ 41.671566381978984, 17.994092204750782 ], [ 41.671576641637849, 17.994237887114057 ], [ 41.67156943175938, 17.994398000618261 ], [ 41.671582590281666, 17.994544243199009 ], [ 41.671612332602407, 17.994594806815002 ], [ 41.671686692446677, 17.994591831881962 ], [ 41.671772947781946, 17.994565062608604 ], [ 41.671909765691289, 17.99457993471243 ], [ 41.672091200225857, 17.994624550162012 ], [ 41.672159609629688, 17.994660240804809 ], [ 41.672249711550997, 17.994784201953358 ], [ 41.672192328068967, 17.994933879648379 ], [ 41.672088225903948, 17.995106390317865 ], [ 41.67204361107536, 17.995261056415107 ], [ 41.672064432227025, 17.995543617369133 ], [ 41.672067405650608, 17.995662590087122 ], [ 41.672120943444909, 17.995867818093352 ], [ 41.672147712342067, 17.996031405686395 ], [ 41.672165559171816, 17.996183096920685 ], [ 41.672216121745898, 17.996358582126053 ], [ 41.672287506369948, 17.996542990148786 ], [ 41.672478958018246, 17.99678383899456 ], [ 41.67249868322525, 17.996995087247804 ], [ 41.672573041272891, 17.99712595769406 ], [ 41.67262360474529, 17.997197342231924 ], [ 41.672771700104711, 17.997278410932047 ], [ 41.672861551396068, 17.997325237641164 ], [ 41.672906166224649, 17.997384725118025 ], [ 41.67290913964824, 17.997453133812016 ], [ 41.672876422107286, 17.997512620391376 ], [ 41.672766372196769, 17.997586978800953 ], [ 41.672578989916701, 17.997717848808001 ], [ 41.672141762799939, 17.997988513158301 ], [ 41.671419002576847, 17.998425739045334 ], [ 41.670414980736609, 17.999048888292528 ], [ 41.670111395086352, 17.999222786677095 ], [ 41.669845585390405, 17.999374548640706 ], [ 41.669702817040623, 17.999472701655318 ], [ 41.669583844164393, 17.999582752302512 ], [ 41.669536255013895, 17.999671982368032 ], [ 41.669497587930806, 17.999847466664889 ], [ 41.669482717219594, 18.000079465076549 ], [ 41.669485690643185, 18.000388795247723 ], [ 41.669517994060804, 18.000917606881604 ], [ 41.669575425153546, 18.001179767317907 ], [ 41.669694989121233, 18.001483274930887 ], [ 41.669781797818708, 18.001597497778445 ], [ 41.669922916861644, 18.001709395037675 ], [ 41.670050813601904, 18.001768881889948 ], [ 41.670184658087656, 18.001825394765461 ], [ 41.670303630963886, 18.001864059615752 ], [ 41.670428553382244, 18.001914622841788 ], [ 41.670580910349379, 18.002025886834719 ], [ 41.670813335954414, 18.002113830739027 ], [ 41.671085879421724, 18.002250723030418 ], [ 41.671026392983613, 18.002417283775273 ], [ 41.671457669659937, 18.002574924239493 ], [ 41.671436850304914, 18.002637383888441 ], [ 41.671109673996966, 18.002762305682968 ], [ 41.671210800941765, 18.002964560032712 ], [ 41.671615308720945, 18.002795024155866 ], [ 41.671764025714538, 18.002429181270436 ], [ 41.672061457905116, 18.002536256982079 ], [ 41.671752128426924, 18.003294710356112 ], [ 41.671963306180544, 18.003372042821113 ], [ 41.672278584302546, 18.002610615836318 ], [ 41.672793141992237, 18.002997277613741 ], [ 41.673212141393584, 18.003540885280291 ], [ 41.673246895415289, 18.003585567663674 ], [ 41.673492109436708, 18.003963934327619 ], [ 41.673590262059605, 18.004082907345051 ], [ 41.67365569714152, 18.004121573408923 ], [ 41.673819284846338, 18.004112649946119 ], [ 41.674069127886419, 18.004112649946119 ], [ 41.674256511064797, 18.004133469934747 ], [ 41.674315998401227, 18.004255417607833 ], [ 41.674405227160086, 18.004505262232708 ], [ 41.674473635665599, 18.004701566766627 ], [ 41.674485534749856, 18.004868128613364 ], [ 41.67447363656391, 18.005028743351808 ], [ 41.674430116781657, 18.005242823206519 ], [ 41.674180273741584, 18.00570681663195 ], [ 41.673942327989124, 18.005956660908435 ], [ 41.673594723093295, 18.006244676632885 ], [ 41.673509956266457, 18.006272011400519 ], [ 41.673426674354786, 18.006277960018128 ], [ 41.673343393341426, 18.006209551330656 ], [ 41.673286881225209, 18.006105449171621 ], [ 41.673242267294953, 18.005998373064823 ], [ 41.673215496601166, 18.00589724637776 ], [ 41.673164934027078, 18.005822888055448 ], [ 41.673096523724936, 18.005751505300921 ], [ 41.67302513999919, 18.005686068592102 ], [ 41.672995396780138, 18.005668222678754 ], [ 41.672983500390835, 18.005715811777012 ], [ 41.673013242711576, 18.005802068266348 ], [ 41.673078677793498, 18.005941860672628 ], [ 41.673117343978276, 18.006028116197037 ], [ 41.673164934027078, 18.006117346417881 ], [ 41.673084627335626, 18.006206575739242 ], [ 41.672977550848707, 18.006218472978677 ], [ 41.672834784295553, 18.006191704615976 ], [ 41.672686067301946, 18.006173858753812 ], [ 41.672561145781906, 18.006164935394896 ], [ 41.672462993159009, 18.006156012035525 ], [ 41.672388635111368, 18.006093551924558 ], [ 41.672370788281619, 18.006016218944755 ], [ 41.672320224809226, 18.005918066155616 ], [ 41.672222073084647, 18.00587047796628 ], [ 41.672091202022493, 18.005828835833896 ], [ 41.671969254824347, 18.005808016045496 ], [ 41.671865153557647, 18.005784222364738 ], [ 41.671728333851675, 18.005772325095993 ], [ 41.671561771824948, 18.005766375607003 ], [ 41.671395209798227, 18.005751505300921 ], [ 41.671136443792435, 18.00579017014449 ], [ 41.670981778155024, 18.005802068266348 ], [ 41.670770601299715, 18.005918066155616 ], [ 41.670604039273002, 18.006096525809241 ], [ 41.670562397868004, 18.006263088046563 ], [ 41.670482092074863, 18.006429650980827 ], [ 41.670324452115551, 18.006453444574465 ], [ 41.670119223904052, 18.006355292028786 ], [ 41.669973482130665, 18.006248216073754 ], [ 41.669869380863972, 18.006251190810143 ], [ 41.669786098952294, 18.006390985423209 ], [ 41.669768253020855, 18.00656052125915 ], [ 41.669702817938933, 18.006658673690549 ], [ 41.669577896418893, 18.006750878320165 ], [ 41.669455949220755, 18.006741955844767 ], [ 41.669286411973815, 18.006679495087113 ], [ 41.669173387741402, 18.006721136164217 ], [ 41.669167439097585, 18.006914466068345 ], [ 41.669209079604272, 18.007027491065291 ], [ 41.669197183214955, 18.00715241316616 ], [ 41.669155541809957, 18.007208925170247 ], [ 41.669158516131873, 18.007235693378469 ], [ 41.669220977790211, 18.007333846288219 ], [ 41.669334002022623, 18.007405230110582 ], [ 41.669435128967407, 18.007482563335316 ], [ 41.669455949220755, 18.007550972383047 ], [ 41.669515434760555, 18.007640200978681 ], [ 41.669682350723498, 18.007685481195264 ], [ 41.669738509801803, 18.007785943911163 ], [ 41.669723638192266, 18.007895993640705 ], [ 41.669693894973214, 18.007979275210303 ], [ 41.669640358077231, 18.00806255503193 ], [ 41.668623987995097, 18.008115179637031 ], [ 41.668319416892963, 18.008119938993961 ], [ 41.668248034065542, 18.008105662631415 ], [ 41.66811002409181, 18.008039036743213 ], [ 41.667804065990879, 18.007823643791703 ], [ 41.666927772007639, 18.007901943057817 ], [ 41.666895053568354, 18.007979275210303 ], [ 41.666832592808333, 18.008202349917017 ], [ 41.666832592808333, 18.008276708089848 ], [ 41.666868285569514, 18.008318348789622 ], [ 41.666927772007639, 18.008333219733466 ], [ 41.6669997450282, 18.008005482874299 ], [ 41.66728673071033, 18.00795337680265 ], [ 41.667648408613395, 18.007948618295536 ], [ 41.667762558434859, 18.007979442655049 ], [ 41.667756733758559, 18.008089094155594 ], [ 41.667662684639886, 18.008119938993961 ], [ 41.667647849861282, 18.008842238048899 ], [ 41.667498841813533, 18.008788292049481 ], [ 41.667285659918512, 18.008820056852898 ], [ 41.667243050129642, 18.008975674577076 ], [ 41.667397715767052, 18.00904110921034 ], [ 41.667609789141011, 18.008976708286252 ], [ 41.667993640160233, 18.009076597027757 ], [ 41.668996706192999, 18.0093814160692 ], [ 41.669123952553001, 18.009544792926118 ], [ 41.668887852838452, 18.009903665328522 ], [ 41.668872981228922, 18.010013714590038 ], [ 41.668911648312005, 18.010088071998645 ], [ 41.669107952659466, 18.010260583218621 ], [ 41.669161491352085, 18.010340889857844 ], [ 41.669209079604272, 18.01046283665357 ], [ 41.669185285029023, 18.010623449711098 ], [ 41.66915961207652, 18.010917836835567 ], [ 41.669102004913981, 18.011010112706376 ], [ 41.669030621188234, 18.011283750949719 ], [ 41.668991955003456, 18.011372980218376 ], [ 41.668962211784404, 18.01145031341068 ], [ 41.668914622633913, 18.011521697274326 ], [ 41.66882539297675, 18.01159903040136 ], [ 41.668724266031951, 18.01170908116703 ], [ 41.668626113409061, 18.011813181724815 ], [ 41.66851606260024, 18.011911333793822 ], [ 41.66837032082686, 18.012030308281147 ], [ 41.668185912868701, 18.012187946982475 ], [ 41.668066939992471, 18.012348561030546 ], [ 41.667894429321933, 18.012568660702666 ], [ 41.667757609615961, 18.012723326003847 ], [ 41.667519663863501, 18.013008860930682 ], [ 41.66745125356136, 18.013071322007999 ], [ 41.667335255007032, 18.013202193334394 ], [ 41.667150847048873, 18.013350908846522 ], [ 41.667040797138363, 18.013526394048707 ], [ 41.666951566582881, 18.013704852832412 ], [ 41.666912901296421, 18.013883313143925 ], [ 41.666936694973352, 18.014046901105697 ], [ 41.666951566582881, 18.014225360216482 ], [ 41.666951566582881, 18.014421665883852 ], [ 41.666874235111642, 18.014603100064733 ], [ 41.666805824809501, 18.014686381027449 ], [ 41.666805824809501, 18.01478155861215 ], [ 41.66685043963809, 18.015049248657171 ], [ 41.66687126078974, 18.01516227270816 ], [ 41.666898029686891, 18.015287195022402 ], [ 41.666918849940231, 18.015394270611058 ], [ 41.666975362056448, 18.015489448667608 ], [ 41.667088387187171, 18.015578679223555 ], [ 41.667234128062233, 18.015626268208443 ], [ 41.66742448466421, 18.015670882603146 ], [ 41.667736790260932, 18.015757139345588 ], [ 41.667971760793172, 18.015920726421768 ], [ 41.668206733122041, 18.016140825902848 ], [ 41.668435755908781, 18.016423386706439 ], [ 41.66857257471645, 18.016661332924244 ], [ 41.668557703106913, 18.016777331353968 ], [ 41.668456576162114, 18.01671784529595 ], [ 41.66836437308136, 18.016595897703674 ], [ 41.66827811684778, 18.016482872863886 ], [ 41.668141297141801, 18.016334158286874 ], [ 41.667968787369581, 18.016206262146724 ], [ 41.66781412083386, 18.016078365913721 ], [ 41.667668379958791, 18.015995084754735 ], [ 41.66752561340563, 18.015926674713683 ], [ 41.667228180316748, 18.015852317206107 ], [ 41.667106233118616, 18.01583447061369 ], [ 41.666972386836228, 18.015810675723834 ], [ 41.66688018375546, 18.015772009661671 ], [ 41.666829620283053, 18.015807702003084 ], [ 41.66680285138591, 18.015890983250642 ], [ 41.666805824809501, 18.016045648198201 ], [ 41.66684151667237, 18.016200313009982 ], [ 41.666942643617155, 18.016387696198304 ], [ 41.667022951206938, 18.016557231813856 ], [ 41.667049720104082, 18.01664943638983 ], [ 41.667022951206938, 18.016708923325211 ], [ 41.666903978330694, 18.01664943638983 ], [ 41.666782031132577, 18.016465028043886 ], [ 41.666680904187771, 18.016325234588162 ], [ 41.666600596598009, 18.016200313009982 ], [ 41.666550033125603, 18.015885034957524 ], [ 41.666541110159891, 18.015516218180846 ], [ 41.666478650298181, 18.015120632771339 ], [ 41.666296848352673, 18.01459191329625 ], [ 41.666210960428359, 18.014424639628 ], [ 41.66610685826334, 18.014305666757362 ], [ 41.665964090811869, 18.01422833481822 ], [ 41.665791580141338, 18.01422833481822 ], [ 41.665592299675332, 18.014311615958082 ], [ 41.665482249764828, 18.014380025771988 ], [ 41.665309739094297, 18.014430588824698 ], [ 41.665175894608538, 18.014380025771988 ], [ 41.665003383938, 18.014350282340757 ], [ 41.664857642164627, 18.014368128229247 ], [ 41.66466728466434, 18.014427615080656 ], [ 41.664277647596379, 18.014549561610981 ], [ 41.664060522097259, 18.014567408333559 ], [ 41.663822576344806, 18.014558485399636 ], [ 41.663653039097859, 18.014564432883262 ], [ 41.663403196057779, 18.014597151728129 ], [ 41.663186069660341, 18.014609049255412 ], [ 41.662998688278599, 18.014540638676152 ], [ 41.662835099675469, 18.014418692139653 ], [ 41.662653666039219, 18.014216437265237 ], [ 41.662546589552306, 18.01405582406553 ], [ 41.662400847778919, 18.013927927979992 ], [ 41.662246183039819, 18.013913055799705 ], [ 41.662085568758599, 18.013910082046923 ], [ 41.661969570204278, 18.013823826108748 ], [ 41.661898187376856, 18.013770289126761 ], [ 41.661758393348968, 18.013782185855593 ], [ 41.661523421918417, 18.013877364783028 ], [ 41.661288449589556, 18.013993364191496 ], [ 41.660904762063709, 18.014145053638995 ], [ 41.660631124448386, 18.014219412721406 ], [ 41.660390204374032, 18.014204541420007 ], [ 41.660220667127085, 18.014151002845139 ], [ 41.660125487927786, 18.014070697088044 ], [ 41.660027336203214, 18.01385357133741 ], [ 41.660077899675613, 18.013666188016657 ], [ 41.660253383769735, 18.013362807312241 ], [ 41.660524047961459, 18.012999938772118 ], [ 41.660833378337983, 18.01267573708915 ], [ 41.661080247056155, 18.012312869696959 ], [ 41.661297372555275, 18.011929180783614 ], [ 41.661455013412905, 18.011697184298235 ], [ 41.661627523185125, 18.011515751396576 ], [ 41.661788136568028, 18.011408675159508 ], [ 41.661907110342575, 18.011167754028936 ], [ 41.662228337108395, 18.010819756828369 ], [ 41.662525769298959, 18.010531247107412 ], [ 41.662677458817839, 18.010379557111847 ], [ 41.662769663695229, 18.010326019083408 ], [ 41.662818347892056, 18.010227795224594 ], [ 41.662838073099067, 18.010135661612161 ], [ 41.662949280937973, 18.010051036393499 ], [ 41.663028429701029, 18.010004791425523 ], [ 41.663105762070572, 18.009954227957127 ], [ 41.663150377797479, 18.009876894962598 ], [ 41.663159300763198, 18.009817409137806 ], [ 41.663233657912528, 18.009740076937543 ], [ 41.663260427707996, 18.009668692352221 ], [ 41.663316938925888, 18.009481311415747 ], [ 41.663340734399448, 18.009252287247865 ], [ 41.663370477618507, 18.00904110921034 ], [ 41.66335858122919, 18.008821009403935 ], [ 41.663313964603979, 18.00866039641236 ], [ 41.663233657912528, 18.008514654202958 ], [ 41.663114685036298, 18.008416501950776 ], [ 41.662992737838159, 18.008351066231306 ], [ 41.66288566224955, 18.008321322636768 ], [ 41.662802381236197, 18.008187478107825 ], [ 41.662728023188549, 18.007970351942781 ], [ 41.662728023188549, 18.007771072066834 ], [ 41.66273397183236, 18.007539075233549 ], [ 41.662754792085707, 18.007366564766969 ], [ 41.662674485394248, 18.007253539987445 ], [ 41.662552538196117, 18.00718810639917 ], [ 41.662409770744638, 18.007107799177678 ], [ 41.66228484832628, 18.007069132914499 ], [ 41.662112337655756, 18.007113746912768 ], [ 41.661966594984058, 18.007241642817874 ], [ 41.661841674362329, 18.007426052273271 ], [ 41.661755418128749, 18.007485538050872 ], [ 41.661606702033467, 18.007500409919292 ], [ 41.661529368765599, 18.007417128977742 ], [ 41.661457985938185, 18.007321949978376 ], [ 41.661401472923657, 18.007220823196342 ], [ 41.66134198738385, 18.007009646142059 ], [ 41.661350910349576, 18.00689662113367 ], [ 41.661410395889369, 18.00676277723149 ], [ 41.661508549410577, 18.0066140595771 ], [ 41.661612650677277, 18.006489138803325 ], [ 41.66171675194397, 18.006432627422789 ], [ 41.661853570751639, 18.006423704076969 ], [ 41.661975518848095, 18.006349345976741 ], [ 41.66206772192885, 18.006292832842753 ], [ 41.66215695158602, 18.006209553039291 ], [ 41.662139105654596, 18.00608463112453 ], [ 41.66205879896313, 18.006001350368383 ], [ 41.661895212156629, 18.005900221974393 ], [ 41.661737572197318, 18.005799095231019 ], [ 41.661657266404177, 18.005781250183428 ], [ 41.66155316513747, 18.005727710758212 ], [ 41.661368756281007, 18.005694993683907 ], [ 41.661193271288568, 18.005674173879701 ], [ 41.661068348870209, 18.005641455941134 ], [ 41.660952350315895, 18.005677147771458 ], [ 41.660815532406545, 18.005781250183428 ], [ 41.660696557733687, 18.005885350825285 ], [ 41.660589483043395, 18.005929965123165 ], [ 41.660512149775528, 18.00590914534671 ], [ 41.660431843084069, 18.005837760918471 ], [ 41.660360459358337, 18.005709864849077 ], [ 41.660306921564036, 18.005570072258816 ], [ 41.660274204023068, 18.005460021931441 ], [ 41.660265281057356, 18.005400534615966 ], [ 41.660265281057356, 18.005323203040778 ], [ 41.660295024276408, 18.005210177805385 ], [ 41.660360459358337, 18.005094180304628 ], [ 41.660452663337416, 18.004969257599445 ], [ 41.660506202030035, 18.004877053746576 ], [ 41.660491330420506, 18.004796747180865 ], [ 41.660411022830736, 18.004695619804469 ], [ 41.660306921564036, 18.004582595021027 ], [ 41.660226613974267, 18.00442495720629 ], [ 41.660217691008548, 18.004234599342265 ], [ 41.660247434227607, 18.00409183166369 ], [ 41.660300972021915, 18.003886603830907 ], [ 41.660411021932418, 18.003696246239922 ], [ 41.660541892096276, 18.0035653763982 ], [ 41.66063112175344, 18.003488044018006 ], [ 41.660729275274647, 18.003330405224556 ], [ 41.660735223918458, 18.003229277861365 ], [ 41.66067871090393, 18.003172764581493 ], [ 41.660595430788881, 18.003110304267874 ], [ 41.6605597380277, 18.003027022960961 ], [ 41.660532969130557, 18.002922922339923 ], [ 41.660486183972239, 18.002871444410591 ], [ 41.660354508917891, 18.002872357694375 ], [ 41.660244459007387, 18.002925896278089 ], [ 41.660149280706399, 18.003012152423818 ], [ 41.660042205117797, 18.003107330332817 ], [ 41.659950002037029, 18.003178714158018 ], [ 41.65981913097486, 18.003187635959424 ], [ 41.659750721571037, 18.003095432029085 ], [ 41.659676362625078, 18.002952665136682 ], [ 41.659622825729087, 18.002803949394035 ], [ 41.659607954119558, 18.002661181411263 ], [ 41.659628775271209, 18.002527336002043 ], [ 41.659697182878418, 18.002420261139317 ], [ 41.659810208009148, 18.002304261802895 ], [ 41.659961899324657, 18.00218528929388 ], [ 41.660149280706399, 18.002060367090522 ], [ 41.660256357193326, 18.001971137379275 ], [ 41.660351534595989, 18.001926522079547 ], [ 41.660488355200279, 18.00189975306516 ], [ 41.660628148329856, 18.001911649740901 ], [ 41.660747121206086, 18.0019503171353 ], [ 41.66083337564303, 18.002006829098324 ], [ 41.66088988775924, 18.002066315850247 ], [ 41.660928554842329, 18.002137699242589 ], [ 41.660976143992819, 18.002191238049384 ], [ 41.661044554294975, 18.002256672638055 ], [ 41.661151628985259, 18.002328055953328 ], [ 41.661240858642429, 18.002402414895371 ], [ 41.661297370758639, 18.002497593133533 ], [ 41.661336037841728, 18.002566002407079 ], [ 41.661426361646917, 18.002696802080777 ], [ 41.661750371393481, 18.002794004079803 ], [ 41.661969569305967, 18.002872357694375 ], [ 41.66206772192885, 18.002899127415436 ], [ 41.662139104756271, 18.002931845008611 ], [ 41.6621985920927, 18.002940767676844 ], [ 41.662219412346047, 18.002919948401704 ], [ 41.662213463702237, 18.002872357694375 ], [ 41.662195617770799, 18.002827742622699 ], [ 41.662183721381489, 18.002774204863517 ], [ 41.6621985920927, 18.002720667942409 ], [ 41.662183721381489, 18.00265820575996 ], [ 41.66217777183936, 18.002595746118384 ], [ 41.662186694805087, 18.002533284746015 ], [ 41.662159925009618, 18.002455951913117 ], [ 41.662097465147909, 18.002363747600125 ], [ 41.66180003205902, 18.002182315343219 ], [ 41.661579932237991, 18.002030623288899 ], [ 41.661350183612512, 18.001814964131022 ], [ 41.661200313182086, 18.001685529893493 ], [ 41.661157577629069, 18.001578526284188 ], [ 41.66113675827404, 18.001495245108085 ], [ 41.66117651860683, 18.001411892982279 ], [ 41.661211367849958, 18.001342193204383 ], [ 41.661273577081708, 18.001287041995731 ], [ 41.661264905644273, 18.001235116767596 ], [ 41.661130808731919, 18.001179966379798 ], [ 41.660856253038375, 18.001024768945566 ], [ 41.660783908115278, 18.000995487169231 ], [ 41.660527705002984, 18.000862968146805 ], [ 41.660339638206679, 18.000739765657485 ], [ 41.660164153214247, 18.000680280166712 ], [ 41.659964872748247, 18.000611870161539 ], [ 41.659715230930793, 18.000489657684057 ], [ 41.659534690219928, 18.000353033144705 ], [ 41.659142078830065, 17.99999611313584 ], [ 41.659059836269172, 17.999853559029951 ], [ 41.658980371299144, 17.999630343043368 ], [ 41.65887329481221, 17.999422140292101 ], [ 41.658757296257896, 17.999261526426707 ], [ 41.658606699988717, 17.999068123199706 ], [ 41.658285473222897, 17.99867551162146 ], [ 41.657916657306586, 17.998152031290111 ], [ 41.657807374557329, 17.998076375349093 ], [ 41.65760623188374, 17.997896309926748 ], [ 41.657517002226584, 17.997818977623339 ], [ 41.657298661306875, 17.99768642801995 ], [ 41.657071947190424, 17.997473885383744 ], [ 41.656845708282752, 17.997304205821315 ], [ 41.656800188850667, 17.997221138780183 ], [ 41.656740703310874, 17.997140832145046 ], [ 41.656651472755385, 17.997075397366757 ], [ 41.656499782338187, 17.997006987671888 ], [ 41.656205145704782, 17.9968764059123 ], [ 41.656078526368859, 17.996798486213546 ], [ 41.655964402598528, 17.996679811580659 ], [ 41.655901942736826, 17.996605452788618 ], [ 41.655824610367276, 17.996519197780856 ], [ 41.655738354133696, 17.996465659815083 ], [ 41.655613432613656, 17.996406172882597 ], [ 41.655467690840283, 17.996388327738742 ], [ 41.655310051779267, 17.996382378787484 ], [ 41.655120589899333, 17.996386593375551 ], [ 41.654905543101776, 17.996340738686115 ], [ 41.654750878362684, 17.996281251711501 ], [ 41.654456680107131, 17.996093198683262 ], [ 41.654185756302276, 17.995879717739129 ], [ 41.654075706391772, 17.995763719226545 ], [ 41.653921040754355, 17.995558490244825 ], [ 41.653822888131472, 17.995409774247026 ], [ 41.653760428269763, 17.995329466787151 ], [ 41.653709863899046, 17.995296750346593 ], [ 41.653653351782843, 17.995252135067034 ], [ 41.653623607665466, 17.99520157163947 ], [ 41.653590891022816, 17.995118290015007 ], [ 41.653555200058257, 17.995064753332759 ], [ 41.653495712721842, 17.995014188997104 ], [ 41.653324297097633, 17.994856477696196 ], [ 41.653257766969382, 17.99477029360056 ], [ 41.653225047631786, 17.994740551132494 ], [ 41.653183408023416, 17.994704858797203 ], [ 41.653150691380766, 17.994663219154191 ], [ 41.653144741838645, 17.994603731613815 ], [ 41.653153664804364, 17.994547219841603 ], [ 41.653241015185962, 17.994451969816872 ], [ 41.653266367439905, 17.994369576389417 ], [ 41.653201253954855, 17.99427358210697 ], [ 41.653165562091985, 17.994202198094559 ], [ 41.653162587770083, 17.99415163436603 ], [ 41.65318638324365, 17.994095123303353 ], [ 41.653213151242483, 17.994083225245941 ], [ 41.653230998072232, 17.994121890939279 ], [ 41.653324566592225, 17.994180425157641 ], [ 41.653361868236082, 17.994175428762066 ], [ 41.653421353775883, 17.994121890939279 ], [ 41.653460020858972, 17.994059429983089 ], [ 41.653480841112312, 17.993991020827242 ], [ 41.653504634789236, 17.993857175672687 ], [ 41.653534378008295, 17.99371143404284 ], [ 41.653578993735202, 17.993580563626296 ], [ 41.653576020311604, 17.993479436652748 ], [ 41.653561147803764, 17.993309900201247 ], [ 41.653540326652099, 17.993149286750455 ], [ 41.653507610009463, 17.993051133634371 ], [ 41.653483815434214, 17.992970826809454 ], [ 41.653474891570184, 17.992872673594071 ], [ 41.653465970401101, 17.992756674812828 ], [ 41.653436226283723, 17.992515754680664 ], [ 41.653397560098945, 17.992372986913107 ], [ 41.653326176373213, 17.992245091330684 ], [ 41.653106074755556, 17.991944683771614 ], [ 41.652894897001936, 17.99161750768916 ], [ 41.652698592654474, 17.991355767924244 ], [ 41.652517158119913, 17.991126744991021 ], [ 41.652329775839853, 17.990975053680664 ], [ 41.652103727375021, 17.99082633809088 ], [ 41.651767628101354, 17.990630031782512 ], [ 41.651541579636515, 17.990451571856351 ], [ 41.651452349979351, 17.990359368102759 ], [ 41.651375016711484, 17.990261215997691 ], [ 41.651261993377382, 17.990189832924944 ], [ 41.651193583075234, 17.990174961305424 ], [ 41.651086506588307, 17.990160089684647 ], [ 41.650940764814933, 17.990130345584937 ], [ 41.650809894651083, 17.990085732416361 ], [ 41.650735536603442, 17.990055988304114 ], [ 41.650661177657483, 17.990064910769355 ], [ 41.650554102967192, 17.990079783252554 ], [ 41.650464874208339, 17.990088705716591 ], [ 41.650360772043321, 17.990088705716591 ], [ 41.650209080727812, 17.990079783252554 ], [ 41.650015749803941, 17.990070859933667 ], [ 41.649800618564754, 17.990070761678044 ], [ 41.649693795402747, 17.990062906354627 ], [ 41.649459550709253, 17.990032193352466 ], [ 41.649295963004441, 17.990044089974294 ], [ 41.649017622708598, 17.990142072175274 ], [ 41.648756035992811, 17.990215909092662 ], [ 41.648491916027922, 17.99028491266295 ], [ 41.648282523226769, 17.990342019605322 ], [ 41.648158791076156, 17.990375331623838 ], [ 41.648068371151247, 17.990391988912329 ], [ 41.647980330863497, 17.990394368402789 ], [ 41.647858979248397, 17.990394368402789 ], [ 41.647782836248297, 17.990432439391338 ], [ 41.647687657048991, 17.990472889861071 ], [ 41.647613893686071, 17.9904919257751 ], [ 41.647480643885032, 17.990560930091839 ], [ 41.647304564207872, 17.990689420698772 ], [ 41.647157038380335, 17.990782219791981 ], [ 41.647083274119097, 17.990801255672636 ], [ 41.646950024318059, 17.990801255672636 ], [ 41.646835810716205, 17.990836947943322 ], [ 41.646788220667396, 17.990939264891562 ], [ 41.646740632415224, 17.991022545925741 ], [ 41.646662109777928, 17.991086791072814 ], [ 41.646512204313204, 17.99118196858246 ], [ 41.646252841826055, 17.991353291046238 ], [ 41.64609103907371, 17.991465124744906 ], [ 41.64588878608243, 17.991691174820087 ], [ 41.645743638993771, 17.991845838785345 ], [ 41.645634568246926, 17.991870327255437 ], [ 41.645533441302121, 17.991908992579411 ], [ 41.645422412227951, 17.992079025921647 ], [ 41.64533913031628, 17.99221941531567 ], [ 41.645353407241089, 17.992345526105023 ], [ 41.645336750679093, 17.992447842178372 ], [ 41.645303439351721, 17.99249305196475 ], [ 41.645234435263177, 17.99253826173954 ], [ 41.645172568289553, 17.992635821343914 ], [ 41.64513687642669, 17.992747655083967 ], [ 41.645072630714203, 17.992842834260752 ], [ 41.645015523014962, 17.992899941229542 ], [ 41.644984590426468, 17.992990359704613 ], [ 41.644951278200786, 17.993097435166391 ], [ 41.644867997187418, 17.993185474941832 ], [ 41.644846582249372, 17.9932449621061 ], [ 41.644872755563483, 17.993366314970451 ], [ 41.645008385001717, 17.993430560118398 ], [ 41.645158292263062, 17.993449595713297 ], [ 41.645303439351721, 17.993473391058416 ], [ 41.645436688254449, 17.993478149101797 ], [ 41.645491416316503, 17.993506701631294 ], [ 41.645491416316503, 17.993594742911245 ], [ 41.645465242104073, 17.993673264653882 ], [ 41.645393858378341, 17.993775581665926 ], [ 41.645324853391465, 17.993818411667792 ], [ 41.645172568289553, 17.993835067776821 ], [ 41.645077389988586, 17.993823171410625 ], [ 41.644991729338031, 17.993787478889715 ], [ 41.644922725249472, 17.993744648880334 ], [ 41.644872755563483, 17.993697059968827 ], [ 41.644808509850996, 17.993663746868755 ], [ 41.644729989010322, 17.993658987976005 ], [ 41.644646707098651, 17.993663746868755 ], [ 41.644575323372912, 17.993658987976005 ], [ 41.644506319284368, 17.99358522512188 ], [ 41.644458730133877, 17.993544773656989 ], [ 41.644430176284253, 17.993518600581972 ], [ 41.644339757257647, 17.993509081934118 ], [ 41.644263614257525, 17.993518600581972 ], [ 41.644170814695421, 17.99354001476102 ], [ 41.644094671695314, 17.993537636167371 ], [ 41.64403756489439, 17.993497186400319 ], [ 41.643973320080207, 17.993494806097331 ], [ 41.643906694730532, 17.993516221988031 ], [ 41.64383768974367, 17.993549534261579 ], [ 41.643771066190617, 17.993549534261579 ], [ 41.643597365252326, 17.993630436325535 ], [ 41.643416526300804, 17.993720855280564 ], [ 41.643276136689884, 17.993799377821446 ], [ 41.643199994588088, 17.993842207817536 ], [ 41.643159544349153, 17.993866002255313 ], [ 41.643111954300345, 17.993839828373584 ], [ 41.643090540260609, 17.993799377821446 ], [ 41.643050089123371, 17.993775583374681 ], [ 41.643009637986118, 17.993756547814961 ], [ 41.642952531185195, 17.993749408625156 ], [ 41.642864490897466, 17.993756547814961 ], [ 41.642807384096528, 17.993770823630566 ], [ 41.642721723445987, 17.993801757265949 ], [ 41.642650339720248, 17.993830310597446 ], [ 41.642612268220191, 17.993839828373584 ], [ 41.642567057808577, 17.993858863924316 ], [ 41.642526606671325, 17.993868381698913 ], [ 41.642457602582773, 17.993911211678252 ], [ 41.642326733317248, 17.994004010785513 ], [ 41.641889881696265, 17.99433899485653 ], [ 41.641874775626441, 17.994348316098751 ], [ 41.641480467318999, 17.994678286901479 ], [ 41.640439514839123, 17.995617908259241 ], [ 41.639392551731682, 17.996652973420638 ], [ 41.639102340199358, 17.996971089893677 ], [ 41.638790455014181, 17.997271060003062 ], [ 41.638655301683052, 17.997379563921491 ], [ 41.638552509261721, 17.997507102930179 ], [ 41.638393178673041, 17.997723731074164 ], [ 41.63813315412753, 17.998084220917733 ], [ 41.637916717636237, 17.998455080198955 ], [ 41.637637783553998, 17.998886536331156 ], [ 41.637560367641122, 17.999032434303235 ], [ 41.637489362106116, 17.999280955248619 ], [ 41.63743772514696, 17.999507559179168 ], [ 41.637427984714336, 17.999663400420129 ], [ 41.637461764962282, 17.999791384602002 ], [ 41.637480801161466, 17.999890371229355 ], [ 41.637478896733064, 18.000082632145368 ], [ 41.637473186142806, 18.000272987657326 ], [ 41.637469379980942, 18.000402430620863 ], [ 41.637478896733064, 18.000550909172198 ], [ 41.637488415281815, 18.000687965856944 ], [ 41.637513161172947, 18.000844058940665 ], [ 41.637545522082739, 18.00103060923859 ], [ 41.637560751221756, 18.001101039603149 ], [ 41.637562653853522, 18.001169569026548 ], [ 41.637564557383605, 18.001253326225267 ], [ 41.637583592684486, 18.001333275581302 ], [ 41.637619760654445, 18.001554090422459 ], [ 41.637629279203196, 18.001618811018709 ], [ 41.637652121564244, 18.001729218295061 ], [ 41.63767306219183, 18.001811071758802 ], [ 41.637707325733402, 18.001908153784278 ], [ 41.637720650444017, 18.001965261235163 ], [ 41.637730168992753, 18.002043306801763 ], [ 41.637758721944067, 18.002130871371186 ], [ 41.637789179323775, 18.002231760149819 ], [ 41.637817733173392, 18.002269831146361 ], [ 41.637846286124699, 18.002294577887746 ], [ 41.63788626115484, 18.002325035016522 ], [ 41.637920524696405, 18.002359299920858 ], [ 41.637950982974438, 18.002374527625978 ], [ 41.637989053576177, 18.002410695983375 ], [ 41.638027125076235, 18.00253823477064 ], [ 41.638076617756816, 18.002730496216838 ], [ 41.638160002076432, 18.003008541153918 ], [ 41.638207964027764, 18.003297758614949 ], [ 41.638211771087938, 18.003505247694683 ], [ 41.638198446377331, 18.003804108020134 ], [ 41.63819654284724, 18.004055380013959 ], [ 41.638225096696864, 18.00424573636284 ], [ 41.638291722046539, 18.004437996801304 ], [ 41.638381720661599, 18.004613582291142 ], [ 41.638447393797072, 18.004810601774714 ], [ 41.638464946877725, 18.005071885011866 ], [ 41.638485885708675, 18.005127088004642 ], [ 41.638538915954847, 18.005240552415444 ], [ 41.638561981098078, 18.005407773289814 ], [ 41.638556318118525, 18.005557295024293 ], [ 41.638529667798998, 18.005690545234355 ], [ 41.638466850407809, 18.0059132623146 ], [ 41.638379580874584, 18.006146177117518 ], [ 41.638252892368385, 18.0063745756893 ], [ 41.6381413395764, 18.006476718740021 ], [ 41.638138418255096, 18.006537482041811 ], [ 41.638131821925967, 18.006609969109387 ], [ 41.638072810696634, 18.006682304933189 ], [ 41.63795297992931, 18.006801374362304 ], [ 41.637906820896752, 18.006847533030633 ], [ 41.637762529902552, 18.00694880269743 ], [ 41.637646411872296, 18.007032561422072 ], [ 41.637524583251782, 18.007097281715726 ], [ 41.637459862330502, 18.007123932045566 ], [ 41.637387527288887, 18.00719626765844 ], [ 41.637278940733971, 18.00736197027209 ], [ 41.637215347198371, 18.00742003364077 ], [ 41.637152973574942, 18.00746494228801 ], [ 41.637115316198233, 18.007531295867658 ], [ 41.637082956186752, 18.007554139317651 ], [ 41.637053532767936, 18.007536539635304 ], [ 41.636955416975965, 18.007462768062858 ], [ 41.636329143000921, 18.006903118200526 ], [ 41.636275842361847, 18.00686314308135 ], [ 41.636226349681273, 18.006868854179345 ], [ 41.636205409951998, 18.006906925883126 ], [ 41.636209217910483, 18.006950706965402 ], [ 41.636294877662721, 18.007045886165233 ], [ 41.636285360012288, 18.007066825411432 ], [ 41.636272036199991, 18.007095379157963 ], [ 41.636283457380515, 18.007114414132104 ], [ 41.636300589151297, 18.007123932045566 ], [ 41.636323432410663, 18.007127739723391 ], [ 41.636344371241613, 18.007112510720216 ], [ 41.63638244274167, 18.007120125221967 ], [ 41.63643764601251, 18.00716961819386 ], [ 41.6365175960728, 18.0072343392915 ], [ 41.636607063783515, 18.007316192762147 ], [ 41.636822167174927, 18.007502743046054 ], [ 41.636871658957197, 18.007540813758602 ], [ 41.636883081036032, 18.00757127083531 ], [ 41.636883081036032, 18.007616956867658 ], [ 41.636832655904186, 18.007730564908655 ], [ 41.636644277392485, 18.007943516355631 ], [ 41.636558373298485, 18.008063780111794 ], [ 41.636407187734484, 18.008189930828742 ], [ 41.636357695952221, 18.00819944782981 ], [ 41.636312010331821, 18.008224194593108 ], [ 41.636275842361847, 18.00826417025792 ], [ 41.636217058406281, 18.008334545619817 ], [ 41.636073313587779, 18.008416131181182 ], [ 41.635975079218206, 18.008412648168168 ], [ 41.635942718308407, 18.008414552420323 ], [ 41.635929392699488, 18.008446911889241 ], [ 41.635872285898557, 18.008519247813478 ], [ 41.635826601176468, 18.008587776916134 ], [ 41.635660988669002, 18.008728640976134 ], [ 41.635404007615676, 18.008964683087221 ], [ 41.635255529573939, 18.009128390091938 ], [ 41.6351546406827, 18.009252122367236 ], [ 41.635030907633777, 18.00939108165467 ], [ 41.634871009309833, 18.009533851875595 ], [ 41.634791059249551, 18.00962902968049 ], [ 41.634732048020219, 18.009716593899036 ], [ 41.634699688008737, 18.009788929302154 ], [ 41.634598798219187, 18.009979287147925 ], [ 41.634471259906711, 18.010175354070345 ], [ 41.634372273647244, 18.010300988988071 ], [ 41.63418572410545, 18.010455177872746 ], [ 41.634059891693717, 18.010558494926205 ], [ 41.633850086565843, 18.010645914306735 ], [ 41.633778360581992, 18.010643631625104 ], [ 41.633698412318331, 18.010639824023237 ], [ 41.633677471690739, 18.010655052721624 ], [ 41.633656532859781, 18.010695027835059 ], [ 41.633586669981824, 18.010751279851391 ], [ 41.633390033257704, 18.010925359763277 ], [ 41.633338637047039, 18.010978660115512 ], [ 41.633262494046924, 18.011060514410062 ], [ 41.63319586869725, 18.011106198683624 ], [ 41.633136859264553, 18.011130945038776 ], [ 41.63310259482467, 18.011148077063048 ], [ 41.63311591863696, 18.011176631002666 ], [ 41.633138761896326, 18.011229931278901 ], [ 41.633148280445077, 18.011285134905865 ], [ 41.633172448719478, 18.011347201910542 ], [ 41.633199675757417, 18.011387926936582 ], [ 41.633148280445077, 18.01141267410646 ], [ 41.633119726595453, 18.011458359143024 ], [ 41.633119726595453, 18.011502140803252 ], [ 41.633144473384903, 18.011530694685501 ], [ 41.633203482817592, 18.011540213214751 ], [ 41.6333005664453, 18.011530694685501 ], [ 41.633363383836489, 18.011549730889197 ], [ 41.633372900588604, 18.011582090636733 ], [ 41.633291046998231, 18.011629679846791 ], [ 41.633209194306168, 18.01163919922498 ], [ 41.633127339817491, 18.011644909313933 ], [ 41.633051197715687, 18.011641101733694 ], [ 41.632976958245663, 18.01163729500767 ], [ 41.632929369993491, 18.011603031052577 ], [ 41.632917947914656, 18.011563056145121 ], [ 41.632895105553601, 18.01154782667091 ], [ 41.632872263192553, 18.011553536762818 ], [ 41.632843709342943, 18.01162206724846 ], [ 41.632807541372976, 18.011682979985999 ], [ 41.632733301902945, 18.011783870131783 ], [ 41.632678097733795, 18.011871433279627 ], [ 41.632620990932857, 18.011958998092535 ], [ 41.632582920331124, 18.012120800666484 ], [ 41.632558174439993, 18.012288314868542 ], [ 41.632550559421318, 18.012511033008554 ], [ 41.632563884131933, 18.012621440296797 ], [ 41.632601954733673, 18.012769917953101 ], [ 41.632712723296414, 18.013089641300009 ], [ 41.632731398372854, 18.013177282393166 ], [ 41.632788505173785, 18.013354314022102 ], [ 41.632855131421778, 18.013460914095326 ], [ 41.632921754974824, 18.013603681018953 ], [ 41.633018836805896, 18.01377690639395 ], [ 41.633130613278375, 18.013919941305815 ], [ 41.633216808426518, 18.014009141902555 ], [ 41.633412875618752, 18.014245183774811 ], [ 41.633553740438451, 18.014452672781012 ], [ 41.633681278750913, 18.014690619097685 ], [ 41.633759325281112, 18.014905722598936 ], [ 41.633874303349273, 18.015290271264881 ], [ 41.63394785830306, 18.015478758288353 ], [ 41.634048668142555, 18.015709027581302 ], [ 41.634193433447223, 18.015914709787936 ], [ 41.634309457154373, 18.016063092407709 ], [ 41.634455172876606, 18.01617644982792 ], [ 41.634647427618773, 18.016284595276005 ], [ 41.634815806937311, 18.016342916256875 ], [ 41.634866759380216, 18.016362385055185 ], [ 41.634990682871987, 18.016374456734177 ], [ 41.635076595050819, 18.016358145316619 ], [ 41.63515273805092, 18.016337204611645 ], [ 41.635217478735136, 18.016318185156312 ], [ 41.635234590742975, 18.016301038257886 ], [ 41.635285986953647, 18.016236316218862 ], [ 41.635309052096879, 18.016179837009222 ], [ 41.635308830212999, 18.016125908633029 ], [ 41.635260847600421, 18.016099494588989 ], [ 41.635211748381934, 18.016072608983567 ], [ 41.635200327201417, 18.016040249206469 ], [ 41.635211748381934, 18.016007887714888 ], [ 41.635247916351908, 18.015941263105908 ], [ 41.635347471244955, 18.015831429405857 ], [ 41.635539162743434, 18.015712834219364 ], [ 41.63567621870633, 18.015638595365452 ], [ 41.635801855285344, 18.015552934847669 ], [ 41.635864671778208, 18.015520574975124 ], [ 41.635904646808356, 18.015488213388082 ], [ 41.635912261827016, 18.015455852649367 ], [ 41.635900839748182, 18.015421588582573 ], [ 41.635881331035158, 18.015368649223703 ], [ 41.635898937116409, 18.01531689301892 ], [ 41.636001730436057, 18.015236943171537 ], [ 41.636195894098194, 18.015134149114875 ], [ 41.636332950061096, 18.01508846417709 ], [ 41.636568993181776, 18.01504658502563 ], [ 41.636751735663402, 18.01503516421376 ], [ 41.636997296434515, 18.015044681699418 ], [ 41.637202002724827, 18.015080465595659 ], [ 41.63726189160819, 18.015097981659867 ], [ 41.637494365722254, 18.015061725352776 ], [ 41.637730169891078, 18.015025645873308 ], [ 41.637930565166343, 18.015033763201554 ], [ 41.638107645566727, 18.015022411585189 ], [ 41.638421164787403, 18.015029453380404 ], [ 41.638584925867065, 18.01506502712795 ], [ 41.63877713299852, 18.015105595816578 ], [ 41.639085156326296, 18.01517386180398 ], [ 41.639297377023958, 18.015236563019275 ], [ 41.639425321374929, 18.015296537368183 ], [ 41.639709880707471, 18.015404456973808 ], [ 41.640108012244774, 18.015625050869609 ], [ 41.64049922765269, 18.015876018974726 ], [ 41.640713061724604, 18.016049765783563 ], [ 41.640961265339293, 18.016250473179181 ], [ 41.64126896437525, 18.016416321047402 ], [ 41.641469798926686, 18.016554827048427 ], [ 41.641615354748808, 18.016676039998853 ], [ 41.641721955128624, 18.016733146936023 ], [ 41.641811421941028, 18.016795963776694 ], [ 41.641929264736632, 18.01687317669996 ], [ 41.641898224350307, 18.016993207981137 ], [ 41.642029202311988, 18.017033791602536 ], [ 41.641786498183471, 18.017711938286961 ], [ 41.64173296038917, 18.017715507396698 ], [ 41.641704407437864, 18.017790460392963 ], [ 41.641861450915833, 18.017847566968857 ], [ 41.642072033086421, 18.017272926986838 ], [ 41.642161262743585, 18.017144436105184 ], [ 41.642271908237142, 18.017090899277999 ], [ 41.642259806133637, 18.017056849949956 ], [ 41.642282615257017, 18.01694099265826 ], [ 41.642357567989372, 18.01686604015482 ], [ 41.642468212584603, 18.016801794150183 ], [ 41.64260384292114, 18.016826778900164 ], [ 41.642696640686623, 18.01686604015482 ], [ 41.642853685961221, 18.016912438798542 ], [ 41.642879793698327, 18.016972796996782 ], [ 41.643003592324263, 18.016994530385269 ], [ 41.643074976049995, 18.016990961260927 ], [ 41.64307648521968, 18.016931820398725 ], [ 41.643104515351482, 18.016925979778339 ], [ 41.643192758658472, 18.016951700034113 ], [ 41.643281989213953, 18.016958839138582 ], [ 41.643310543063585, 18.016912438798542 ], [ 41.643292697132146, 18.016876746680961 ], [ 41.643293616108679, 18.016813940120304 ], [ 41.64334980393307, 18.016762532881206 ], [ 41.643435463685307, 18.016741117251595 ], [ 41.643524366355713, 18.016789216774274 ], [ 41.643617905231309, 18.016786962363053 ], [ 41.643688876630328, 18.016755393768776 ], [ 41.64377480857209, 18.016802652688682 ], [ 41.643937326383401, 18.016818904266383 ], [ 41.64422286218467, 18.016795108655231 ], [ 41.644841522039371, 18.016771314749395 ], [ 41.645079467791831, 18.016688033917994 ], [ 41.645159381919505, 18.016562658980597 ], [ 41.645287873344486, 18.016448444122943 ], [ 41.645348549152033, 18.016380629683571 ], [ 41.645462763652212, 18.016362783144679 ], [ 41.645594824083801, 18.016327091769995 ], [ 41.645773284296467, 18.016319952639922 ], [ 41.645883928891699, 18.016341369175006 ], [ 41.646023127336548, 18.016398476220662 ], [ 41.646101649075526, 18.016455583247811 ], [ 41.646193950970975, 18.016522810775854 ], [ 41.646283678294814, 18.016469858933871 ], [ 41.646369338047037, 18.016448444122943 ], [ 41.646494261363721, 18.016469858933871 ], [ 41.64665130484169, 18.016512690256441 ], [ 41.646876163937087, 18.016604752192958 ], [ 41.647047485238176, 18.016604752192958 ], [ 41.647190251791336, 18.016494842876657 ], [ 41.647283051353455, 18.016480567192623 ], [ 41.647388015901143, 18.016523225096083 ], [ 41.647472217687664, 18.016626904218178 ], [ 41.647607848922519, 18.016669733794036 ], [ 41.647714925409446, 18.016684010317007 ], [ 41.647836277024545, 18.016669732939768 ], [ 41.647893383825469, 18.016619765100252 ], [ 41.647982612584329, 18.016566226405079 ], [ 41.648043290188504, 18.016480566338352 ], [ 41.648157503790365, 18.016405612784745 ], [ 41.648243164440906, 18.016412751911346 ], [ 41.648371654967569, 18.016448443268672 ], [ 41.648457315618124, 18.016484134618768 ], [ 41.648532268350479, 18.016484134618768 ], [ 41.648639343939088, 18.016469858079599 ], [ 41.648782113187195, 18.016491272887922 ], [ 41.648928448746979, 18.016559088138969 ], [ 41.649056940171967, 18.016619765100252 ], [ 41.64924610740448, 18.01661619511405 ], [ 41.649492381437938, 18.016548380739255 ], [ 41.649702962710208, 18.016505550279621 ], [ 41.649967083573422, 18.01636992141874 ], [ 41.650231204436629, 18.016262844714539 ], [ 41.650623814928181, 18.016130784808642 ], [ 41.650745167441599, 18.016148631371042 ], [ 41.650795136229277, 18.016259275575369 ], [ 41.65072375160522, 18.016448443268672 ], [ 41.650620245921566, 18.016644749021783 ], [ 41.650527447257765, 18.016866039300552 ], [ 41.650481048375028, 18.01706591285695 ], [ 41.650381110799664, 18.017280065224025 ], [ 41.650331142011986, 18.017394278688233 ], [ 41.650334711018608, 18.01750135470472 ], [ 41.650406094744348, 18.0176512608476 ], [ 41.650459633436967, 18.017786889576218 ], [ 41.650573847038814, 18.017868980755434 ], [ 41.650655937784428, 18.017926088160138 ], [ 41.650734461320049, 18.018040302059742 ], [ 41.650780860202786, 18.01814737768354 ], [ 41.650798706134211, 18.018347254057371 ], [ 41.650809414052404, 18.018490021292511 ], [ 41.65080584414747, 18.018625650229573 ], [ 41.650859382840089, 18.018743433618745 ], [ 41.650841536908651, 18.018832663380707 ], [ 41.650791568120972, 18.018954014861841 ], [ 41.650816552963967, 18.019043245371378 ], [ 41.650848674921896, 18.019132474981458 ], [ 41.650887935791388, 18.019260966975711 ], [ 41.650895073804634, 18.019400164394742 ], [ 41.650862950948394, 18.019557208775087 ], [ 41.650823690078894, 18.019682131389679 ], [ 41.65067378371586, 18.019849882718294 ], [ 41.650566708127251, 18.019971235207098 ], [ 41.65048461738165, 18.020117571895504 ], [ 41.650481048375028, 18.020221078051883 ], [ 41.650506033218022, 18.020310307919516 ], [ 41.650509601326327, 18.020403106797225 ], [ 41.650402525737725, 18.020506613640041 ], [ 41.65019194356713, 18.020627967384858 ], [ 41.650024191272664, 18.020695781043294 ], [ 41.649870716801317, 18.020813563902383 ], [ 41.649681549568783, 18.020970608730963 ], [ 41.649553058143809, 18.021095530343061 ], [ 41.649356752898036, 18.021206175711267 ], [ 41.649021249207394, 18.021306113045217 ], [ 41.648953433589973, 18.021388204292716 ], [ 41.648749991229259, 18.021609493737621 ], [ 41.648700020644952, 18.021734415750792 ], [ 41.648721437379642, 18.021845060717609 ], [ 41.648742852317703, 18.021966412685916 ], [ 41.648714297569768, 18.02205207435598 ], [ 41.648596514961291, 18.022144873170166 ], [ 41.648464455427998, 18.022269793949331 ], [ 41.648346671921203, 18.022466100048451 ], [ 41.64825744226404, 18.022694528719388 ], [ 41.648203903571421, 18.022869418606319 ], [ 41.648189628443241, 18.022987201720152 ], [ 41.6480932598745, 18.023112122756036 ], [ 41.647982615279275, 18.023194214870145 ], [ 41.647871969785726, 18.023294152784391 ], [ 41.647768463203739, 18.023508304412537 ], [ 41.647700649382948, 18.023686763334233 ], [ 41.647629264758898, 18.02384737714878 ], [ 41.647525759075229, 18.024107928269224 ], [ 41.647429389608185, 18.024197157875943 ], [ 41.647240223273968, 18.024275679653268 ], [ 41.647068901972865, 18.024329217713419 ], [ 41.64691899560983, 18.024379185928435 ], [ 41.646815489027844, 18.024436293784881 ], [ 41.646819058932785, 18.024539800819863 ], [ 41.646783367069922, 18.024650444878233 ], [ 41.646790505083167, 18.024732536275188 ], [ 41.646786936076545, 18.024807488847827 ], [ 41.646715552350805, 18.024868166384373 ], [ 41.646633459808569, 18.024889581025789 ], [ 41.646540662043087, 18.024918135300677 ], [ 41.646490693255402, 18.024996656756493 ], [ 41.646465709310725, 18.025075179031518 ], [ 41.646290818104688, 18.025132286662231 ], [ 41.646130203823461, 18.025128717702799 ], [ 41.645666209606176, 18.025207239918934 ], [ 41.645412796661155, 18.025264346652591 ], [ 41.645262891196431, 18.025285762100047 ], [ 41.645084430983772, 18.025328592987151 ], [ 41.644863140894998, 18.025432098643368 ], [ 41.644599020930109, 18.025471359688161 ], [ 41.644409853697582, 18.025507051772443 ], [ 41.644249241212989, 18.025571298018448 ], [ 41.644145733732692, 18.025696218929525 ], [ 41.644045797055639, 18.025885385883363 ], [ 41.643653184767459, 18.026131660794761 ], [ 41.643478295358058, 18.02626728982619 ], [ 41.643335527906572, 18.026377935361673 ], [ 41.643132083749244, 18.026495717837065 ], [ 41.642914362667085, 18.02667774693014 ], [ 41.642732334346121, 18.026949004901379 ], [ 41.642539598106964, 18.027238109601779 ], [ 41.642414675688613, 18.027409431187898 ], [ 41.642361137894305, 18.027577183697499 ], [ 41.642332584942999, 18.027766351192987 ], [ 41.642193385599839, 18.027912687382948 ], [ 41.642039911128485, 18.028244622386953 ], [ 41.641936405444824, 18.028401667421672 ], [ 41.641836467869467, 18.028505172979639 ], [ 41.641625884800568, 18.028651510263877 ], [ 41.641372471855547, 18.028879937743827 ], [ 41.641318934959557, 18.029026274716529 ], [ 41.641318935857875, 18.029226149847048 ], [ 41.64132607387112, 18.029497408162648 ], [ 41.641372472753858, 18.029636606886022 ], [ 41.64141530262998, 18.029782944083902 ], [ 41.641401026603482, 18.029911434285864 ], [ 41.641333211884373, 18.03003992610244 ], [ 41.641194013439517, 18.030200539246405 ], [ 41.641079799837662, 18.030418259868263 ], [ 41.641011984220228, 18.030593149770755 ], [ 41.640970008641951, 18.030913461764122 ], [ 41.640903515344618, 18.0310242863236 ], [ 41.640675042326833, 18.031279958754336 ], [ 41.640413914650154, 18.031714579593963 ], [ 41.640326699914162, 18.031942304368471 ], [ 41.640291008051292, 18.032102918339099 ], [ 41.640276731126484, 18.03230993187486 ], [ 41.640269593113238, 18.032445560417106 ], [ 41.640315992894294, 18.032670419291982 ], [ 41.640387375721716, 18.032831032598146 ], [ 41.640458760345773, 18.033020200426808 ], [ 41.640490883202013, 18.033287889226422 ], [ 41.640501590221881, 18.033477055709842 ], [ 41.640473037270581, 18.033569856189516 ], [ 41.640323130907547, 18.033826837804046 ], [ 41.640155378613073, 18.034040988578102 ], [ 41.640048303024464, 18.034130219129285 ], [ 41.639616430765102, 18.034380062381882 ], [ 41.639427264430886, 18.034597782958603 ], [ 41.639330894963841, 18.034861903159008 ], [ 41.639363017820081, 18.034968978803001 ], [ 41.639470094307008, 18.035036793770921 ], [ 41.639537908127807, 18.035083192751443 ], [ 41.639634276696533, 18.035218821718935 ], [ 41.639741354081778, 18.035407988689272 ], [ 41.639837721752187, 18.035654263944227 ], [ 41.639880551628316, 18.035682817327093 ], [ 41.639944798239121, 18.03573278488178 ], [ 41.640062580847591, 18.035775616643573 ], [ 41.640166087429577, 18.035736355334564 ], [ 41.640251748080125, 18.035672110236149 ], [ 41.640373100593536, 18.03555075661124 ], [ 41.640473038168892, 18.035390144078914 ], [ 41.640562266927752, 18.035197406625759 ], [ 41.640658633699857, 18.035022517027656 ], [ 41.640758573071849, 18.03484405678492 ], [ 41.640847801830702, 18.034704858763302 ], [ 41.641054815892979, 18.034547814227444 ], [ 41.641179737413019, 18.034412184742781 ], [ 41.641333211884373, 18.03431938641565 ], [ 41.641586624829387, 18.03424086399324 ], [ 41.641893574670391, 18.034198034420431 ], [ 41.642161265438538, 18.034169479942463 ], [ 41.642517521110548, 18.034152702935256 ], [ 41.642771392196359, 18.034188969832702 ], [ 41.643259181887217, 18.034462607082816 ], [ 41.643417942045694, 18.034661057245991 ], [ 41.643538972063922, 18.034954702054232 ], [ 41.643610355789654, 18.035175992384147 ], [ 41.643692449230208, 18.035511496106235 ], [ 41.643774539975823, 18.035750632019909 ], [ 41.643910169414049, 18.035943368012944 ], [ 41.644052936865528, 18.036150381301962 ], [ 41.644209982140119, 18.036293148621599 ], [ 41.64437773263797, 18.036407363418906 ], [ 41.644531208905939, 18.036475177832489 ], [ 41.644716806233525, 18.03652157728791 ], [ 41.644953601244111, 18.036507689313169 ], [ 41.645091367774398, 18.036532737892195 ], [ 41.645579156566939, 18.036913451083457 ], [ 41.646135494002174, 18.037513252213746 ], [ 41.646190882325968, 18.037653010054953 ], [ 41.646251559031832, 18.037838608269137 ], [ 41.646287250894694, 18.038009928932496 ], [ 41.646255128038455, 18.038177680734194 ], [ 41.646244421018586, 18.038395401736985 ], [ 41.646112360586976, 18.038816565644691 ], [ 41.646008854005004, 18.039198469716023 ], [ 41.645809922085327, 18.039796537662077 ], [ 41.645614849328119, 18.040125723792261 ], [ 41.645512847424243, 18.040314614720458 ], [ 41.645248616068258, 18.040658269206553 ], [ 41.645088001787023, 18.040840298171943 ], [ 41.644841727753565, 18.041040171842237 ], [ 41.644698960302101, 18.04110798703255 ], [ 41.644474102105015, 18.041165093731767 ], [ 41.644202843228562, 18.041282878268945 ], [ 41.643753125037762, 18.041432784660557 ], [ 41.643556818893671, 18.041607674719881 ], [ 41.643406914327258, 18.041778995983535 ], [ 41.643285560915537, 18.04197530167772 ], [ 41.643135654552495, 18.042235851586131 ], [ 41.643067840731696, 18.042385758873898 ], [ 41.642957196136464, 18.042389328337517 ], [ 41.642514616857234, 18.042328651716826 ], [ 41.642200528104659, 18.042285820696254 ], [ 41.642032774911883, 18.042239421906938 ], [ 41.641857884604157, 18.042178745234541 ], [ 41.641743671002303, 18.042135915031604 ], [ 41.641690133208002, 18.04215376066605 ], [ 41.641665149263318, 18.042196591718781 ], [ 41.641668718269941, 18.042271545395362 ], [ 41.641690133208002, 18.042328651716826 ], [ 41.641757947927118, 18.042332221181603 ], [ 41.641872162427283, 18.042332221181603 ], [ 41.642157697330234, 18.042396466410398 ], [ 41.642532461890347, 18.042482126678948 ], [ 41.642885812410732, 18.042539233786194 ], [ 41.643117810417685, 18.04258920195598 ], [ 41.643224885107983, 18.042674863838954 ], [ 41.643232024019539, 18.042799785421689 ], [ 41.643246300944355, 18.042917568010125 ], [ 41.643285560915537, 18.043053197771151 ], [ 41.643353377431275, 18.043163842148441 ], [ 41.643461437573436, 18.043290407600743 ], [ 41.643782665237566, 18.04337368865902 ], [ 41.644115789291007, 18.04373060703357 ], [ 41.64450840068087, 18.044218396869837 ], [ 41.644651168132349, 18.044563418028115 ], [ 41.644698961200412, 18.044894898828154 ], [ 41.644723946043413, 18.045066220306438 ], [ 41.64474536098146, 18.045380309249833 ], [ 41.644723946043413, 18.045498092672521 ], [ 41.64471680713185, 18.045719383406063 ], [ 41.644627576576369, 18.046065594832495 ], [ 41.644581177693617, 18.046329714898132 ], [ 41.644488379029823, 18.046529589163296 ], [ 41.644406288284223, 18.046718755928573 ], [ 41.644406288284223, 18.046868661957689 ], [ 41.644406288284223, 18.047061398581139 ], [ 41.644377734434592, 18.047236289022301 ], [ 41.644324196640291, 18.047404041420172 ], [ 41.644192136208687, 18.047611054033695 ], [ 41.644077922606833, 18.047753822301104 ], [ 41.643878048354431, 18.047910867005136 ], [ 41.64362443688173, 18.048123902242097 ], [ 41.64331523586263, 18.048137059031312 ], [ 41.643157072185495, 18.048060772872105 ], [ 41.642960766041405, 18.047978682108571 ], [ 41.642796582753554, 18.047914436356617 ], [ 41.642675231138455, 18.047864467991616 ], [ 41.642610985425968, 18.047860898639122 ], [ 41.64257886167141, 18.047918005708031 ], [ 41.64249320191918, 18.0480108054028 ], [ 41.642439664124872, 18.047989389304554 ], [ 41.64236471139251, 18.047882313044781 ], [ 41.642268341925465, 18.047835914877851 ], [ 41.642097020624362, 18.047760961010376 ], [ 41.641922131214962, 18.047671732248389 ], [ 41.64177222485192, 18.047582501732894 ], [ 41.641615179577322, 18.047432596312312 ], [ 41.64153665783833, 18.047279119691392 ], [ 41.64147241212585, 18.047139922114006 ], [ 41.641361768428936, 18.047029276821711 ], [ 41.641211861167584, 18.047075676055606 ], [ 41.641101215674034, 18.047186322172831 ], [ 41.641065524709475, 18.04732908907685 ], [ 41.641201154147716, 18.047507548611517 ], [ 41.641318936756186, 18.047646746752005 ], [ 41.641372475448811, 18.047782376282328 ], [ 41.641500965975467, 18.047914436356617 ], [ 41.641608041564076, 18.048003665849564 ], [ 41.641686565099697, 18.048157141838079 ], [ 41.641704411031121, 18.04832846184642 ], [ 41.641735790082315, 18.048516089272692 ], [ 41.641697272119565, 18.048653258951546 ], [ 41.641622319387203, 18.048746058258274 ], [ 41.641514710199317, 18.04890592064357 ], [ 41.641422445134801, 18.049017316372506 ], [ 41.641283245791634, 18.049174360802166 ], [ 41.64125469284032, 18.049260022039849 ], [ 41.641279676785004, 18.049509865156324 ], [ 41.641265399860195, 18.049720448021844 ], [ 41.641261830853573, 18.049877491823462 ], [ 41.641301091723072, 18.050063089949749 ], [ 41.641376045353745, 18.050230842213004 ], [ 41.641472413024161, 18.050373609207316 ], [ 41.641661580256695, 18.050523514682791 ], [ 41.64185074838754, 18.050641298076794 ], [ 41.642057760653188, 18.050741236630685 ], [ 41.642336158441204, 18.050905418956194 ], [ 41.64249320191918, 18.050991080204579 ], [ 41.64264555798799, 18.05126251336198 ], [ 41.642640523829137, 18.051332985984608 ], [ 41.642554260409042, 18.051534269803653 ], [ 41.642411111173573, 18.051697780067698 ], [ 41.642250496892345, 18.051847686122279 ], [ 41.642175544159983, 18.05192263824754 ], [ 41.642079175591242, 18.052036853144635 ], [ 41.641950685064579, 18.052172480996557 ], [ 41.641825762646221, 18.052304542043839 ], [ 41.641715118050996, 18.052386633349855 ], [ 41.641693703112935, 18.052483000798816 ], [ 41.641658012148383, 18.052604353844451 ], [ 41.64157591960614, 18.052732845313702 ], [ 41.641393891285176, 18.052872042733572 ], [ 41.641092597237204, 18.053180947068913 ], [ 41.640752460036339, 18.053342511892961 ], [ 41.640530146766459, 18.053353884098186 ], [ 41.640333840622354, 18.053346745616015 ], [ 41.640212489007261, 18.053293207844561 ], [ 41.640098273608771, 18.053211116961904 ], [ 41.640034028794602, 18.053139732923238 ], [ 41.639948369042372, 18.053057641114812 ], [ 41.639830586433888, 18.052964843229827 ], [ 41.639712802028782, 18.052872042733572 ], [ 41.639552187747555, 18.052768536992229 ], [ 41.63947723591351, 18.052693584373539 ], [ 41.63933446666541, 18.052632907037903 ], [ 41.639141731324564, 18.052590076818934 ], [ 41.638977548036728, 18.052565092875589 ], [ 41.638777673784325, 18.052557954361387 ], [ 41.638613491394786, 18.052543678186201 ], [ 41.638427893168881, 18.052532970413477 ], [ 41.638249432956222, 18.05253653967112 ], [ 41.638095957586565, 18.052543678186201 ], [ 41.637935344203655, 18.052554385958267 ], [ 41.637728331039689, 18.052618630868803 ], [ 41.637589132594833, 18.052675738100525 ], [ 41.63746140294122, 18.052760294144527 ], [ 41.637191558911333, 18.052772559768243 ], [ 41.637053753753491, 18.052707859682464 ], [ 41.636939540151644, 18.05265075416936 ], [ 41.636771787857164, 18.052629337782211 ], [ 41.636621882392447, 18.052622200124709 ], [ 41.636514805905527, 18.052615060758729 ], [ 41.636422007241727, 18.052582939159837 ], [ 41.636297084823369, 18.052607923100648 ], [ 41.636218563982702, 18.052672168845707 ], [ 41.636118626407352, 18.05276139934038 ], [ 41.636029395851857, 18.052889889840745 ], [ 41.635865214360635, 18.052996965613023 ], [ 41.635626078340437, 18.053104042174166 ], [ 41.635400316438172, 18.053295244849274 ], [ 41.63535724401693, 18.053316322081596 ], [ 41.635133529375203, 18.053350315711228 ], [ 41.634940793136053, 18.053375300397061 ], [ 41.634719503047272, 18.053350315711228 ], [ 41.634416122212897, 18.053261087223678 ], [ 41.634034217842888, 18.053036227339515 ], [ 41.633748682939945, 18.05294699698435 ], [ 41.633545238782609, 18.052804230371695 ], [ 41.633423886269192, 18.052686446718649 ], [ 41.63334179462526, 18.052593646929516 ], [ 41.633241857049903, 18.052511555720169 ], [ 41.633131213352989, 18.052507987316108 ], [ 41.6329884450032, 18.052572232243605 ], [ 41.632888507427843, 18.052565093729687 ], [ 41.632724325038303, 18.052504418057879 ], [ 41.632574418675276, 18.052433033732232 ], [ 41.632406667279113, 18.052340234663422 ], [ 41.632228207066454, 18.052275988797049 ], [ 41.632024762909118, 18.052133221639433 ], [ 41.631828457663339, 18.05199759204903 ], [ 41.631603598567935, 18.051965470337315 ], [ 41.631343047609668, 18.052043991680002 ], [ 41.631300216835236, 18.052243867136198 ], [ 41.631303786740176, 18.052404479652225 ], [ 41.631432277266846, 18.052654324278709 ], [ 41.631517937917394, 18.052854198186861 ], [ 41.631343047609668, 18.053111179812102 ], [ 41.631182434226766, 18.053225393936977 ], [ 41.630929021281744, 18.053368161915753 ], [ 41.630550392169276, 18.053681738095566 ], [ 41.630185511772218, 18.053843128225498 ], [ 41.629847558375822, 18.053889264310488 ], [ 41.629669098163156, 18.05394637112942 ], [ 41.629404978198259, 18.05404273857739 ], [ 41.629090889445699, 18.054160523029815 ], [ 41.628905291219795, 18.054224768207423 ], [ 41.628616186411904, 18.054289014215634 ], [ 41.628373482283379, 18.054321137210934 ], [ 41.627984439001814, 18.054338983316896 ], [ 41.62736340040825, 18.054656641137615 ], [ 41.626631716321128, 18.054863653752079 ], [ 41.626314057663613, 18.05494931477978 ], [ 41.625935724096877, 18.055067097770614 ], [ 41.625557389631808, 18.055288388417321 ], [ 41.625289699761979, 18.055452570766235 ], [ 41.625054132748389, 18.055670290879593 ], [ 41.624800720701693, 18.055888011577323 ], [ 41.624540169743426, 18.056162839812288 ], [ 41.624397402291947, 18.056455514362632 ], [ 41.624411678318445, 18.056580436403376 ], [ 41.624461647106116, 18.05668751078149 ], [ 41.624536600736796, 18.056816001828071 ], [ 41.624643677223723, 18.056876677719661 ], [ 41.624836412564555, 18.056958770306611 ], [ 41.625036286816957, 18.057019446148907 ], [ 41.625186193179999, 18.057101536961024 ], [ 41.625411053173714, 18.057205044421089 ], [ 41.625707393911213, 18.057358369746609 ], [ 41.625738227685027, 18.05741919576726 ], [ 41.625773920446214, 18.057495337797892 ], [ 41.62578343809664, 18.057576240377433 ], [ 41.625787691619507, 18.057662965106822 ], [ 41.625760238206119, 18.057696877613328 ], [ 41.625703131405182, 18.057748274602108 ], [ 41.625641741436986, 18.057776827813992 ], [ 41.625531810104093, 18.057799670721792 ], [ 41.625474703303169, 18.057802525871537 ], [ 41.625377620573779, 18.057796814717921 ], [ 41.625311947438306, 18.057791105272258 ], [ 41.625240563712566, 18.057792533274245 ], [ 41.625179173744357, 18.057803953873428 ], [ 41.625116356353182, 18.057825368775998 ], [ 41.625087898623292, 18.057838806681531 ], [ 41.625064959244206, 18.057849639678995 ], [ 41.62498501008222, 18.057891042323277 ], [ 41.624879361916605, 18.0579452944027 ], [ 41.624799411856316, 18.057989552171158 ], [ 41.624710896359794, 18.058048087365854 ], [ 41.624612386207424, 18.058108048832345 ], [ 41.624531008724155, 18.058142313128347 ], [ 41.624453914408157, 18.05815373541293 ], [ 41.624369681180596, 18.058163728843745 ], [ 41.624291159441611, 18.058186571701249 ], [ 41.624231195998078, 18.058225118269245 ], [ 41.624161240593644, 18.058295074806807 ], [ 41.624084146277646, 18.058340761338766 ], [ 41.624021327988146, 18.058352181902318 ], [ 41.623948516839427, 18.058375024735323 ], [ 41.623902831219013, 18.058415000112973 ], [ 41.623867139356143, 18.058479244589449 ], [ 41.623815743145478, 18.058546345888228 ], [ 41.623772912371052, 18.058594886637671 ], [ 41.623715805570114, 18.058649139353864 ], [ 41.623662981038152, 18.058684829830963 ], [ 41.623588741568128, 18.05871623887964 ], [ 41.623503081815898, 18.058746220782549 ], [ 41.623390294738705, 18.058797616610363 ], [ 41.623354603774168, 18.058819033099962 ], [ 41.623348892285584, 18.058844731005095 ], [ 41.62337316296793, 18.058860434661781 ], [ 41.623423131755608, 18.058864717787568 ], [ 41.623485950045115, 18.058867572920015 ], [ 41.623568754951371, 18.058901837921979 ], [ 41.623590169889425, 18.05893324607781 ], [ 41.623589217675232, 18.058987022122739 ], [ 41.623526400284035, 18.05906506803229 ], [ 41.623520689693777, 18.0591240785811 ], [ 41.623442545247215, 18.059158212861632 ], [ 41.62341218578387, 18.059137403651192 ], [ 41.62334723938546, 18.059226538624909 ], [ 41.62302186958955, 18.059446950330642 ], [ 41.622954131227239, 18.059475980686052 ], [ 41.622884898068286, 18.059537153576017 ], [ 41.622795428560941, 18.059575224990663 ], [ 41.622687630726844, 18.059590194945027 ], [ 41.622605463624438, 18.059625410374039 ], [ 41.622501033574345, 18.059645301413092 ], [ 41.622450884225287, 18.05962471687792 ], [ 41.622386162405704, 18.059539057275053 ], [ 41.622359512984488, 18.059464818121672 ], [ 41.622353802394223, 18.05939057893692 ], [ 41.622363320044663, 18.05931824342224 ], [ 41.622380451815438, 18.059238293068802 ], [ 41.622340476785297, 18.059169764897526 ], [ 41.62231953795434, 18.059146922167827 ], [ 41.622241491424148, 18.059086007922762 ], [ 41.622174866972777, 18.059053646661006 ], [ 41.622113952213361, 18.059030803916212 ], [ 41.622058748942521, 18.059006056609601 ], [ 41.621984510370808, 18.05898511841772 ], [ 41.621927402671567, 18.05899273323767 ], [ 41.62186648791215, 18.059030803916212 ], [ 41.621818898761667, 18.059087910772625 ], [ 41.62178844228027, 18.05919831787844 ], [ 41.621771308712859, 18.059289688752685 ], [ 41.621756081370478, 18.059337278727277 ], [ 41.621746563720038, 18.059402000286301 ], [ 41.621712299280162, 18.059499082153117 ], [ 41.621679938370363, 18.059544766663926 ], [ 41.62161521744909, 18.059603777905696 ], [ 41.621542882407461, 18.059634236222216 ], [ 41.621483871178128, 18.059676114156897 ], [ 41.621390596407238, 18.059681825249434 ], [ 41.621323971057556, 18.059632331670151 ], [ 41.621278286335475, 18.059573321292024 ], [ 41.621230696286666, 18.059512407194774 ], [ 41.621196431846784, 18.05947623861217 ], [ 41.621167878895477, 18.05942293928257 ], [ 41.62112980739542, 18.059362025133186 ], [ 41.62105366529363, 18.05934489438603 ], [ 41.621030822034264, 18.059373448192549 ], [ 41.621042243214781, 18.059413421634947 ], [ 41.621065085575829, 18.059447687384534 ], [ 41.621114579154721, 18.05947623861217 ], [ 41.621154553286544, 18.059539057275053 ], [ 41.621164070936992, 18.05959426112193 ], [ 41.621181203606092, 18.059664692825333 ], [ 41.621164070936992, 18.059752256063678 ], [ 41.621150747124695, 18.059805556147449 ], [ 41.621141227677633, 18.059856953373529 ], [ 41.621089833263589, 18.059902637791296 ], [ 41.621095543853855, 18.059957842378005 ], [ 41.621057473252115, 18.060035887856355 ], [ 41.621007978774905, 18.060070151776443 ], [ 41.62097371523334, 18.060144393236246 ], [ 41.620931836673101, 18.060193885817235 ], [ 41.620876633402268, 18.060247185767043 ], [ 41.620810008950905, 18.060290967246534 ], [ 41.620747190661405, 18.060325231970936 ], [ 41.62064249470999, 18.060391856855862 ], [ 41.620573965830218, 18.060447059580756 ], [ 41.620469269878804, 18.060521299173192 ], [ 41.62038741628843, 18.060576502711477 ], [ 41.620297947679397, 18.060620284962965 ], [ 41.620225612637768, 18.06064503118818 ], [ 41.620185637607619, 18.060648837708172 ], [ 41.620128530806703, 18.060646934875216 ], [ 41.620075231065947, 18.060662162662641 ], [ 41.620056194866756, 18.060696428168711 ], [ 41.620035256035798, 18.060745920594208 ], [ 41.619924848595808, 18.060837292371804 ], [ 41.619810634095636, 18.060879170873811 ], [ 41.619768757332039, 18.060926758709801 ], [ 41.619728782301891, 18.060981962974747 ], [ 41.619599802193399, 18.061057692662441 ], [ 41.619547941553733, 18.061046684782021 ], [ 41.619492738282894, 18.061044781099319 ], [ 41.619456571211238, 18.061067623582289 ], [ 41.619407077632346, 18.061021937759321 ], [ 41.619332839060633, 18.060983865804079 ], [ 41.61925288900035, 18.060980059291346 ], [ 41.619092989778096, 18.061010517369287 ], [ 41.618935969656313, 18.061186349615763 ], [ 41.618370023840804, 18.061624157309303 ], [ 41.617890537278122, 18.061932979645313 ], [ 41.617296019646673, 18.062247836131256 ], [ 41.617139928382905, 18.062308750134218 ], [ 41.61647748643788, 18.062647585811806 ], [ 41.616024436395698, 18.062898855793186 ], [ 41.615668469981209, 18.0630835032843 ], [ 41.615320115890441, 18.063247210335245 ], [ 41.61487087290844, 18.063420434664714 ], [ 41.614448282042588, 18.063532745265935 ], [ 41.614111350030655, 18.063618406337877 ], [ 41.613631650567257, 18.063692646298325 ], [ 41.613108169013522, 18.063745946040751 ], [ 41.612531387719059, 18.063778305584218 ], [ 41.611979352315714, 18.063789728356451 ], [ 41.611455870761986, 18.063774499132027 ], [ 41.610481243594485, 18.06368122437382 ], [ 41.609982508830207, 18.063635539230482 ], [ 41.609582760325409, 18.063576527634773 ], [ 41.608667142590598, 18.063422339175716 ], [ 41.608130337224587, 18.063304318383359 ], [ 41.607789598152486, 18.063241500212641 ], [ 41.607427920249414, 18.063174876408326 ], [ 41.606978678165724, 18.063093021587157 ], [ 41.606350499762272, 18.06295406200061 ], [ 41.605889835599733, 18.062849365682247 ], [ 41.605535771817024, 18.062754186768665 ], [ 41.604934243733091, 18.06258286630236 ], [ 41.604462160186671, 18.062461037611357 ], [ 41.603885378892194, 18.062285908666649 ], [ 41.603519893030644, 18.062150755783211 ], [ 41.603144890416971, 18.062028927646608 ], [ 41.602868872266143, 18.06193755734277 ], [ 41.602653769773042, 18.061874737829303 ], [ 41.602507194363085, 18.061817631024585 ], [ 41.602404401941747, 18.061743391979896 ], [ 41.602343487182338, 18.061714839412559 ], [ 41.602366330441697, 18.061781463770554 ], [ 41.602394884291321, 18.061889967218413 ], [ 41.60245579815242, 18.062080324222308 ], [ 41.602528133194042, 18.06231256003435 ], [ 41.602632830043774, 18.06258096178226 ], [ 41.60271087657398, 18.062826522576881 ], [ 41.602826930823845, 18.063162584181292 ], [ 41.602849836965277, 18.063211044229554 ], [ 41.602916462314951, 18.063441375744205 ], [ 41.602965954995533, 18.063572722032248 ], [ 41.602996410578605, 18.0636983572603 ], [ 41.603047807687595, 18.063936303595757 ], [ 41.60312775774787, 18.064303693409691 ], [ 41.603156311597495, 18.064417907092398 ], [ 41.60316963630811, 18.064478821196953 ], [ 41.603196285729318, 18.064556867229104 ], [ 41.603219128988684, 18.064638721368187 ], [ 41.603230551067519, 18.06472628383559 ], [ 41.603236260759466, 18.064792909613637 ], [ 41.603236260759466, 18.064848112663743 ], [ 41.603251489898483, 18.064924255745183 ], [ 41.603274332259531, 18.064996592367912 ], [ 41.603302886109141, 18.065065119974527 ], [ 41.603340957609205, 18.065162202128189 ], [ 41.603371414988914, 18.065263090648212 ], [ 41.603394258248265, 18.065354462638542 ], [ 41.60339045028978, 18.065449640143289 ], [ 41.603438906314523, 18.065716832916387 ], [ 41.603664955677665, 18.06728727624963 ], [ 41.603702137845595, 18.067754111390038 ], [ 41.603746181345656, 18.067977263190954 ], [ 41.603789963435979, 18.068456963107764 ], [ 41.603829937567809, 18.068877651045575 ], [ 41.603815510624344, 18.069149475040145 ], [ 41.603810902266929, 18.069351640287096 ], [ 41.603858486925851, 18.069661283405683 ], [ 41.603886570058258, 18.069995724688802 ], [ 41.603936537049307, 18.070246317178526 ], [ 41.60394986265824, 18.070588959220856 ], [ 41.603926696903685, 18.071189591685258 ], [ 41.603921592676251, 18.071229330150025 ], [ 41.603858413263993, 18.072124449239968 ], [ 41.603787980854143, 18.072745012977446 ], [ 41.603772751715134, 18.073068619744973 ], [ 41.603704223733686, 18.073390322367157 ], [ 41.603666153131947, 18.073548319417426 ], [ 41.60363759928233, 18.073662533065978 ], [ 41.603563359812306, 18.073826239649932 ], [ 41.603483408853698, 18.073969007113512 ], [ 41.60330257080048, 18.074319263732722 ], [ 41.603232139288941, 18.074494391780288 ], [ 41.603096985059508, 18.07469997791911 ], [ 41.602954217608023, 18.07493602033421 ], [ 41.602849520758291, 18.075145413015662 ], [ 41.602777184818358, 18.075297698755843 ], [ 41.602714368325486, 18.075415720028222 ], [ 41.602655357994472, 18.075510898911759 ], [ 41.602607767945663, 18.075583233735632 ], [ 41.602560178795173, 18.075665087005166 ], [ 41.602607767945663, 18.075731712903 ], [ 41.60264393591563, 18.075769784223279 ], [ 41.602685813577551, 18.075817373148521 ], [ 41.602674393295338, 18.075897322787167 ], [ 41.602617285596097, 18.075893515743669 ], [ 41.60255066114474, 18.075855443596247 ], [ 41.602463096964101, 18.07580214411314 ], [ 41.602398376042828, 18.075823083716212 ], [ 41.602381243373728, 18.075857347972395 ], [ 41.602383146903811, 18.075944911677841 ], [ 41.602411700753429, 18.076036283234057 ], [ 41.602426928994127, 18.076125751223479 ], [ 41.602362208072854, 18.076226640276605 ], [ 41.602299389783362, 18.07628184314839 ], [ 41.60229558272318, 18.076337046856796 ], [ 41.602303196843529, 18.076416997112734 ], [ 41.602255607693039, 18.076420804144874 ], [ 41.602200404422192, 18.076377022416306 ], [ 41.602122357892, 18.076333239822837 ], [ 41.602089996982201, 18.076373215383214 ], [ 41.602029083121103, 18.076447454221515 ], [ 41.601966265729914, 18.076567379089358 ], [ 41.601971976320172, 18.076620679194093 ], [ 41.602013853982093, 18.076664460861892 ], [ 41.602055733440636, 18.076704436346841 ], [ 41.602044312260112, 18.076761542580737 ], [ 41.601947230429047, 18.076761542580737 ], [ 41.60188441213954, 18.076765349605409 ], [ 41.601840630049217, 18.076811035602926 ], [ 41.601831112398784, 18.076890985642986 ], [ 41.601749257910093, 18.076959513731783 ], [ 41.601726416447363, 18.077010910207814 ], [ 41.601667405218038, 18.077100377700493 ], [ 41.601619816067547, 18.077227917005594 ], [ 41.601551287187789, 18.077336421157852 ], [ 41.601475145085985, 18.07744873225289 ], [ 41.601414230326576, 18.077511548757396 ], [ 41.601387580905353, 18.077578173954411 ], [ 41.601399002085877, 18.077661930650287 ], [ 41.601435169157526, 18.077692388397033 ], [ 41.601490373326683, 18.077747591661836 ], [ 41.601577938405626, 18.077802794909282 ], [ 41.601616009007365, 18.077854191992365 ], [ 41.601570323386966, 18.077958887904821 ], [ 41.601477047717765, 18.077983634248856 ], [ 41.60142565240541, 18.077945563408726 ], [ 41.601376158826518, 18.077857998993334 ], [ 41.601334281164604, 18.077764724029922 ], [ 41.601286691115796, 18.07768667789016 ], [ 41.601239101965305, 18.077709520770512 ], [ 41.601181995164374, 18.077816120270182 ], [ 41.601103948634169, 18.077962694903519 ], [ 41.601062070073944, 18.078038838276033 ], [ 41.60095737412253, 18.078151148067661 ], [ 41.600877424960551, 18.078212063386083 ], [ 41.600835546400319, 18.078233001847707 ], [ 41.600801281960443, 18.078305338111775 ], [ 41.600730850448905, 18.078440489664128 ], [ 41.6006242509674, 18.078573740181625 ], [ 41.600437701425612, 18.0786993757788 ], [ 41.600355846936921, 18.078746964763774 ], [ 41.60030825778643, 18.078805976385247 ], [ 41.60030825778643, 18.078878312413178 ], [ 41.600355846936921, 18.078960165000147 ], [ 41.600414858166253, 18.079028693989034 ], [ 41.600492903798134, 18.079116256966419 ], [ 41.600563336207991, 18.079200014636267 ], [ 41.600660418039055, 18.07930280711513 ], [ 41.60070229570097, 18.079367529002091 ], [ 41.600742270731111, 18.079479839651441 ], [ 41.600803186388845, 18.079552175401648 ], [ 41.600907882340259, 18.079630222419826 ], [ 41.600968796201364, 18.079710171175762 ], [ 41.601102046002403, 18.07978631379018 ], [ 41.601267655814915, 18.07985293897768 ], [ 41.601473241555901, 18.079902431128168 ], [ 41.601833016827186, 18.080050910057782 ], [ 41.602259415651524, 18.080182255877389 ], [ 41.602590637073199, 18.080239362687688 ], [ 41.603020842957712, 18.080250784389101 ], [ 41.603304475228882, 18.08022223141511 ], [ 41.603650289782344, 18.080163790714693 ], [ 41.604007210207655, 18.080111442996905 ], [ 41.604095804755929, 18.080093224621123 ], [ 41.604187175996735, 18.080095128097334 ], [ 41.604272835748965, 18.08010464633205 ], [ 41.604348978749073, 18.080123681092001 ], [ 41.60442131468902, 18.080154139265517 ], [ 41.604493649730635, 18.080197920905899 ], [ 41.604575504219326, 18.080245508630586 ], [ 41.604668778990231, 18.080298809326315 ], [ 41.60477728200182, 18.080319748392952 ], [ 41.604838196761236, 18.080342591784575 ], [ 41.604847714411669, 18.080393988123909 ], [ 41.604821064990453, 18.080443480121829 ], [ 41.604756343170862, 18.08046251569899 ], [ 41.604663068399965, 18.08043776970446 ], [ 41.604585020971456, 18.080413022852486 ], [ 41.604520300948494, 18.080384469050934 ], [ 41.604461289719161, 18.080355916952652 ], [ 41.604347076117307, 18.080336882217885 ], [ 41.60425380134641, 18.080314037971565 ], [ 41.604152911556852, 18.080304520602162 ], [ 41.60406344384613, 18.080293098904249 ], [ 41.603954384777374, 18.080300848579743 ], [ 41.603350001847481, 18.080422201194626 ], [ 41.602935976417875, 18.080491206121089 ], [ 41.602607609842174, 18.080550691956464 ], [ 41.602476739678323, 18.080593522189503 ], [ 41.60230303874004, 18.080595902168451 ], [ 41.602122199788511, 18.080584004835266 ], [ 41.601908048611293, 18.080595902168451 ], [ 41.601660585208407, 18.080576865751794 ], [ 41.601439295119626, 18.080526897283153 ], [ 41.601306046216905, 18.080526897283153 ], [ 41.601141862929062, 18.080543552871639 ], [ 41.601008613128016, 18.080576865751794 ], [ 41.600839670565797, 18.080626835060176 ], [ 41.600725456963943, 18.080614936875126 ], [ 41.600616000839835, 18.080588763085469 ], [ 41.600513683627284, 18.080557830187036 ], [ 41.600420885861809, 18.080484067033851 ], [ 41.600304292622766, 18.080426960303175 ], [ 41.600163903910158, 18.080319884172372 ], [ 41.600116313861356, 18.080210428846055 ], [ 41.600159144635789, 18.080124769036495 ], [ 41.600263840587203, 18.080096215188046 ], [ 41.600332845574066, 18.08007717871719 ], [ 41.600363779060878, 18.079977242335094 ], [ 41.600342364122817, 18.079870165929908 ], [ 41.600261460950023, 18.079791644216012 ], [ 41.600147247348161, 18.079777366838286 ], [ 41.600047309772805, 18.07975357291409 ], [ 41.599975926945383, 18.07969884508287 ], [ 41.599902162684145, 18.079694085954571 ], [ 41.599892645932016, 18.07975357291409 ], [ 41.599904543219644, 18.079839232904824 ], [ 41.599906922856832, 18.079943929341116 ], [ 41.599899783945276, 18.080046245728589 ], [ 41.599823640945161, 18.080055763965952 ], [ 41.599761774869854, 18.080020071854118 ], [ 41.599745119206169, 18.079962964972463 ], [ 41.599709427343306, 18.079767848585828 ], [ 41.599685632768065, 18.079646497226406 ], [ 41.599616627781195, 18.079546558891142 ], [ 41.599497654904972, 18.07949421098926 ], [ 41.599366783842804, 18.079453759628411 ], [ 41.599273985179003, 18.079449001347438 ], [ 41.599166909590394, 18.079498970122973 ], [ 41.59908838785141, 18.079582251099271 ], [ 41.599047936714172, 18.079651256355994 ], [ 41.598964654802501, 18.079758332040768 ], [ 41.598907548001563, 18.079936791085576 ], [ 41.598762400912904, 18.080189014111077 ], [ 41.598581561961375, 18.080367472717946 ], [ 41.598329340182417, 18.080619695978449 ], [ 41.59810805009365, 18.080931406290699 ], [ 41.597877242354436, 18.081247872573719 ], [ 41.597691644128531, 18.081521511705759 ], [ 41.597418005614891, 18.081904605602986 ], [ 41.597213372088113, 18.082175864607432 ], [ 41.596937354835596, 18.082575614179685 ], [ 41.59676365389732, 18.082861149274876 ], [ 41.596589952959029, 18.083084819004885 ], [ 41.596366284131385, 18.083275176088193 ], [ 41.596154511693044, 18.083463153024965 ], [ 41.595799971803231, 18.083784379737271 ], [ 41.595289703569023, 18.084124763154851 ], [ 41.595226073202504, 18.084157158223658 ], [ 41.595162276647656, 18.08415081771944 ], [ 41.595131344059162, 18.084088950611097 ], [ 41.595109929121101, 18.084019946245434 ], [ 41.595043303771426, 18.084058018329657 ], [ 41.595043303771426, 18.084134160765448 ], [ 41.595090892921917, 18.084257893220553 ], [ 41.595174174833595, 18.084274549308862 ], [ 41.595305044997446, 18.084231719120321 ], [ 41.595502539612653, 18.084191267997575 ], [ 41.595683378564189, 18.084117504663812 ], [ 41.595826146015668, 18.084015188088266 ], [ 41.595983191290266, 18.083889076381691 ], [ 41.59609740489212, 18.083820071937424 ], [ 41.596154511693044, 18.083817692856144 ], [ 41.59618068590548, 18.08387479933733 ], [ 41.596192583193101, 18.083939044746906 ], [ 41.596213999029473, 18.083981875006888 ], [ 41.596302039317209, 18.084024706110352 ], [ 41.596313935706519, 18.084093709620205 ], [ 41.596309178228772, 18.084207924946146 ], [ 41.596297279144522, 18.084303103331372 ], [ 41.596306798591591, 18.084424454886417 ], [ 41.596366285029696, 18.084574361189834 ], [ 41.596340110817266, 18.084638607197196 ], [ 41.596254450166711, 18.084610053229284 ], [ 41.596128339277236, 18.084548187990748 ], [ 41.595999848750573, 18.084564844051499 ], [ 41.595911807564526, 18.084662401312968 ], [ 41.595921326113285, 18.084755201237034 ], [ 41.595911807564526, 18.084845618628925 ], [ 41.595842804374293, 18.084886071308691 ], [ 41.595778558661799, 18.084862276369311 ], [ 41.595669103436009, 18.08480041121971 ], [ 41.59553347399779, 18.084790892385762 ], [ 41.595485883948975, 18.084883691387926 ], [ 41.595302666258576, 18.084926522271257 ], [ 41.595159897908779, 18.084919383364458 ], [ 41.59504806394412, 18.084878932400244 ], [ 41.59493146980676, 18.084776615414782 ], [ 41.59484581005453, 18.084676678293249 ], [ 41.594764907780039, 18.084576741114788 ], [ 41.594713844844343, 18.084462907739422 ], [ 41.594612622678135, 18.084400660738375 ], [ 41.594529340766456, 18.084326898346582 ], [ 41.59441036789022, 18.084357830580622 ], [ 41.594310431213188, 18.084422075813332 ], [ 41.5942152529122, 18.084426834813407 ], [ 41.594203354726261, 18.084514875010566 ], [ 41.594231907677568, 18.084593397172828 ], [ 41.594229528938698, 18.08468381635598 ], [ 41.59417242213776, 18.084731406279907 ], [ 41.594072483664092, 18.084826584381169 ], [ 41.594051029200166, 18.08491763108729 ], [ 41.594060587274789, 18.08497173135585 ], [ 41.594062966911977, 18.085047874249053 ], [ 41.594065347447476, 18.085112119229095 ], [ 41.594065347447476, 18.085176365039551 ], [ 41.594051069624349, 18.08528581983014 ], [ 41.59402489541192, 18.085397655320204 ], [ 41.593979685898617, 18.085516627913897 ], [ 41.593908302172885, 18.085590390659448 ], [ 41.593858333385207, 18.085659395261409 ], [ 41.593765533823088, 18.085687949058542 ], [ 41.593670354623782, 18.085678431126684 ], [ 41.59363228402205, 18.085637981191411 ], [ 41.593639422933613, 18.085552319761668 ], [ 41.593634663659238, 18.085466659144036 ], [ 41.593646560946858, 18.085402414293817 ], [ 41.593691771358479, 18.085326270700541 ], [ 41.593746497623904, 18.085245368950414 ], [ 41.593735993623284, 18.085174270337017 ], [ 41.593708427022165, 18.085147811159157 ], [ 41.59366017132173, 18.085184550860138 ], [ 41.593490754449036, 18.085268307341494 ], [ 41.593132882707827, 18.085557650012348 ], [ 41.592782625985294, 18.085837475136724 ], [ 41.592325769781247, 18.086107781052295 ], [ 41.592018126440841, 18.086396129219203 ], [ 41.591912406410003, 18.086481518687638 ], [ 41.591606221035306, 18.086703598058996 ], [ 41.591193146921569, 18.087008168988778 ], [ 41.590794047898711, 18.08736625910516 ], [ 41.59007823614435, 18.087833923802361 ], [ 41.58981686592255, 18.087931400685218 ], [ 41.589584630760342, 18.088036097416669 ], [ 41.589312420568014, 18.088197900867506 ], [ 41.588809877845243, 18.088479628581467 ], [ 41.588375864900556, 18.088742322020039 ], [ 41.588223578900333, 18.088841307269711 ], [ 41.588097944117962, 18.088934580614865 ], [ 41.587998957858481, 18.089010724349841 ], [ 41.587852383346835, 18.089105902691195 ], [ 41.58767535055717, 18.089260091648303 ], [ 41.587456441003894, 18.089416184698873 ], [ 41.587289535820737, 18.089587593403998 ], [ 41.586703889052721, 18.090005021697216 ], [ 41.586462777637202, 18.090152866161016 ], [ 41.586327625204397, 18.090248043882625 ], [ 41.58620770011396, 18.090295633151015 ], [ 41.586093485613794, 18.090364161982222 ], [ 41.585967850831423, 18.090457437079309 ], [ 41.585773687169279, 18.090621144220354 ], [ 41.585503381405346, 18.090805789877699 ], [ 41.585229265886284, 18.090996147122368 ], [ 41.585137894645477, 18.091053253828534 ], [ 41.585056041953415, 18.091078000033626 ], [ 41.584938020393075, 18.09118650416044 ], [ 41.584730531122005, 18.091354018183043 ], [ 41.584614413091757, 18.091445389400658 ], [ 41.584555402760735, 18.091445389400658 ], [ 41.584559209820917, 18.091466328844803 ], [ 41.584560242883491, 18.09151604229611 ], [ 41.584541506721607, 18.09172002621052 ], [ 41.584508193597614, 18.091848517237242 ], [ 41.584474882270243, 18.091967489725306 ], [ 41.584433884058996, 18.092072377883259 ], [ 41.584393980894077, 18.09218164222057 ], [ 41.584327354646078, 18.092300615336548 ], [ 41.584275007119523, 18.092367240041305 ], [ 41.584203624292101, 18.092452899850858 ], [ 41.58416555189374, 18.092524284132061 ], [ 41.584103685818434, 18.092590908751845 ], [ 41.584065615216687, 18.092652775423439 ], [ 41.584041819743135, 18.092733677172838 ], [ 41.584041819743135, 18.092790783313237 ], [ 41.584084651415871, 18.092890721789349 ], [ 41.584108445092809, 18.092900239329868 ], [ 41.584146515694556, 18.092866926228002 ], [ 41.584208381769848, 18.092786025393966 ], [ 41.584217901216917, 18.092662292976868 ], [ 41.584246454168223, 18.092586149973258 ], [ 41.584303560969147, 18.092519525351662 ], [ 41.584379703969262, 18.092414828734679 ], [ 41.584427292221434, 18.092357721617958 ], [ 41.584460605345441, 18.09237675675633 ], [ 41.584541506721607, 18.092448141922421 ], [ 41.584598614420855, 18.092552837665622 ], [ 41.584622408097779, 18.09263849909232 ], [ 41.584641444296963, 18.092766988592224 ], [ 41.584689034345772, 18.093038247878823 ], [ 41.584731864221894, 18.093095354773936 ], [ 41.584765177345886, 18.093190532606506 ], [ 41.58474138187232, 18.093314264650903 ], [ 41.584660479597829, 18.093433237852398 ], [ 41.584570060571231, 18.093499862980757 ], [ 41.584389220721384, 18.093590282696336 ], [ 41.584208381769848, 18.093628354411234 ], [ 41.584079891243185, 18.093675942762388 ], [ 41.583922846866905, 18.093728292410031 ], [ 41.583780079415426, 18.093823469899078 ], [ 41.583651587990445, 18.093894853622388 ], [ 41.5835230983621, 18.093994790615415 ], [ 41.583489785238108, 18.094061416384317 ], [ 41.583451713738043, 18.094166112018264 ], [ 41.583427919162801, 18.094285084641829 ], [ 41.583408883861935, 18.094389781850019 ], [ 41.583394606038802, 18.094494478141808 ], [ 41.583376998160922, 18.094587593926555 ], [ 41.583117638368719, 18.094849334670499 ], [ 41.583003423868561, 18.095094419110549 ], [ 41.582855897142707, 18.095413266946 ], [ 41.582777375403715, 18.095617900402448 ], [ 41.58266316090355, 18.095862984622141 ], [ 41.582406178951906, 18.096455470805054 ], [ 41.582313380288106, 18.096783836056858 ], [ 41.582189649035818, 18.097138376287329 ], [ 41.582075435433964, 18.097578577375874 ], [ 41.58197549696029, 18.09804257222137 ], [ 41.58189221594693, 18.098397110760271 ], [ 41.5818660417345, 18.098592226918598 ], [ 41.581785140358328, 18.098918214415164 ], [ 41.581742309583895, 18.099072878033635 ], [ 41.581663786946599, 18.099232301821729 ], [ 41.581525778769496, 18.099460729759791 ], [ 41.581366354756028, 18.099758164139658 ], [ 41.581309247955105, 18.100024664280081 ], [ 41.581240242968228, 18.100305439723364 ], [ 41.581147444304442, 18.100629046888564 ], [ 41.581092717140699, 18.100850337309797 ], [ 41.58098802029096, 18.100981207325049 ], [ 41.580923776375109, 18.101093041344846 ], [ 41.580733418874821, 18.101326227961234 ], [ 41.580512128786054, 18.101507067811877 ], [ 41.580309873998146, 18.101661733415465 ], [ 41.580181382573166, 18.10175215233718 ], [ 41.580048133670445, 18.101806880118357 ], [ 41.579767357143552, 18.101847330593458 ], [ 41.579507995554721, 18.101923472990496 ], [ 41.579360469727192, 18.101944887633461 ], [ 41.579284326727077, 18.101987717765393 ], [ 41.579215322638532, 18.102082896747607 ], [ 41.579198666076529, 18.102189973254283 ], [ 41.579201044815399, 18.102256597616528 ], [ 41.579236736678276, 18.102332740689626 ], [ 41.579315260213889, 18.102425539801782 ], [ 41.57939140321399, 18.102513580355662 ], [ 41.579507995554721, 18.102644449982922 ], [ 41.579588897829211, 18.102696797806466 ], [ 41.579648384267323, 18.10268965962306 ], [ 41.579741182931116, 18.102677762934686 ], [ 41.579879191108219, 18.102677762934686 ], [ 41.580075211588053, 18.102685548336673 ], [ 41.580291218684636, 18.102733069336807 ], [ 41.580779008375494, 18.102840143738582 ], [ 41.580948360569487, 18.102852689341116 ], [ 41.581104615326637, 18.102908568620474 ], [ 41.581309248853415, 18.102929984850778 ], [ 41.581475810880136, 18.10292522635282 ], [ 41.581616199592737, 18.10292522635282 ], [ 41.581756587407028, 18.102989470760527 ], [ 41.581866042632818, 18.103075132211103 ], [ 41.581958841296604, 18.10317982758529 ], [ 41.582061159407473, 18.103308318752042 ], [ 41.582134921872083, 18.103472502294281 ], [ 41.582180131385392, 18.103591474579165 ], [ 41.582241996562374, 18.103715206113772 ], [ 41.582308622810359, 18.103850835878273 ], [ 41.582365729611297, 18.103998362137354 ], [ 41.58247280609821, 18.104176822133539 ], [ 41.582520394350389, 18.104233928815784 ], [ 41.582565603863699, 18.104314831197875 ], [ 41.582615572651378, 18.104410008916329 ], [ 41.582696474027543, 18.10453374072689 ], [ 41.582734546425918, 18.10470030362681 ], [ 41.582746442815221, 18.104814518339214 ], [ 41.582670299815113, 18.104931110918219 ], [ 41.582598916987692, 18.1049953562983 ], [ 41.582489460863577, 18.105081016768441 ], [ 41.582418077137845, 18.105161918759482 ], [ 41.582308622810359, 18.105276133171031 ], [ 41.582246756735067, 18.105364173146761 ], [ 41.582192028673006, 18.105480767067743 ], [ 41.582213443611067, 18.105518837908036 ], [ 41.582322898836864, 18.105545012246317 ], [ 41.582384765810481, 18.105580704286623 ], [ 41.5824925887974, 18.105597467640589 ], [ 41.582601295726562, 18.105652088345437 ], [ 41.582758340102849, 18.105735368856791 ], [ 41.582827345089711, 18.105797235158938 ], [ 41.582891589903888, 18.105882895237109 ], [ 41.582941558691566, 18.105973315396394 ], [ 41.582991526580933, 18.106056596608926 ], [ 41.583060531567796, 18.106147014970919 ], [ 41.583134295829034, 18.106235055362944 ], [ 41.583150952391037, 18.106323094856904 ], [ 41.583208059191961, 18.10643968984753 ], [ 41.583208059191961, 18.106584836862488 ], [ 41.583196161904333, 18.106665738159251 ], [ 41.583155709868777, 18.10673712177606 ], [ 41.583139054205098, 18.106806126594389 ], [ 41.583134295829034, 18.106896546277287 ], [ 41.583143812581156, 18.107051211393713 ], [ 41.583198540643203, 18.107196357902129 ], [ 41.583217576842401, 18.107317710690502 ], [ 41.583219955581271, 18.107398613356555 ], [ 41.583193782267145, 18.107515205923871 ], [ 41.583169986793592, 18.107631800121265 ], [ 41.583124777280283, 18.107743634166301 ], [ 41.583060865741082, 18.107906755664786 ], [ 41.582965354165125, 18.108043446049368 ], [ 41.582882073151772, 18.108198111007251 ], [ 41.582789652678706, 18.108443773604471 ], [ 41.582680622356044, 18.108629126237691 ], [ 41.582572742775255, 18.108747767154657 ], [ 41.582441872611405, 18.108900051896025 ], [ 41.582308897694844, 18.109207584583793 ], [ 41.582294346783875, 18.109226039003964 ], [ 41.582182511920891, 18.109306939935045 ], [ 41.582115886571216, 18.109366426241515 ], [ 41.582089713257098, 18.10944970669512 ], [ 41.582092091995975, 18.109540126721416 ], [ 41.582111128195152, 18.109611510874803 ], [ 41.582142060783653, 18.109654341694394 ], [ 41.582203926858945, 18.109718587050345 ], [ 41.582222963058136, 18.109809006084053 ], [ 41.582201548120075, 18.109963672044803 ], [ 41.582201548120075, 18.110068366718568 ], [ 41.582172994270458, 18.110330108252136 ], [ 41.582175373907646, 18.110484772899017 ], [ 41.582165855358895, 18.110627541260705 ], [ 41.582147199147073, 18.110775645820539 ], [ 41.582099609996583, 18.111215845954913 ], [ 41.581992534407981, 18.111703636123988 ], [ 41.581861663345812, 18.112286604351244 ], [ 41.581759318285485, 18.112672368318076 ], [ 41.581694722230033, 18.112738122086927 ], [ 41.581642373805174, 18.112845198058992 ], [ 41.581615990285272, 18.113083708695559 ], [ 41.581376326055683, 18.113647625842805 ], [ 41.581258147290157, 18.114035679250239 ], [ 41.581202766152899, 18.114303356402242 ], [ 41.58120931217637, 18.114463231650848 ], [ 41.581206933437493, 18.114610758365849 ], [ 41.581195035251561, 18.114744007864676 ], [ 41.58113554881345, 18.114848703950319 ], [ 41.581128410800197, 18.114953400827165 ], [ 41.581077388288683, 18.114976882610396 ], [ 41.581028474123151, 18.115024783628389 ], [ 41.581028474123151, 18.115100927129291 ], [ 41.581080821649707, 18.115262731211729 ], [ 41.5810522686984, 18.115400740081366 ], [ 41.580985644247043, 18.115500676764221 ], [ 41.58092139943286, 18.115686274651317 ], [ 41.580848313399663, 18.115760523313487 ], [ 41.580747697596266, 18.115848078192968 ], [ 41.580709626096201, 18.115914703338152 ], [ 41.580697728808587, 18.116000363592008 ], [ 41.58079381620464, 18.116154994203523 ], [ 41.580814701136674, 18.116224611743998 ], [ 41.580828728329841, 18.116244033615576 ], [ 41.580976125698285, 18.116362041844514 ], [ 41.581057027972768, 18.116426287301621 ], [ 41.581156964649821, 18.116476255784459 ], [ 41.58129735336243, 18.116554778998914 ], [ 41.581437742075025, 18.116630920980839 ], [ 41.581473433039584, 18.116688027872442 ], [ 41.581397290937787, 18.116761791162226 ], [ 41.581290215349171, 18.116890281759567 ], [ 41.581216451986251, 18.116987839815071 ], [ 41.581206933437493, 18.117054465380424 ], [ 41.581193083212455, 18.117148428933888 ], [ 41.581275987831702, 18.117249757132573 ], [ 41.5814091882254, 18.117232924883744 ], [ 41.581499608150331, 18.117247201772759 ], [ 41.581561473327312, 18.117301928982751 ], [ 41.581549576039684, 18.117356656175641 ], [ 41.581518642552879, 18.11747324979903 ], [ 41.581551955676879, 18.117501802682931 ], [ 41.581635235791921, 18.117537495702258 ], [ 41.581699482402719, 18.117580326291314 ], [ 41.581747071553217, 18.117680262584152 ], [ 41.581778005040029, 18.117754026309761 ], [ 41.581816075641768, 18.117813513162623 ], [ 41.581861286053382, 18.117889656304797 ], [ 41.581927911403056, 18.11796103876296 ], [ 41.581975498756925, 18.118030044282605 ], [ 41.582015950792481, 18.118137119580645 ], [ 41.582040123558457, 18.11825905133221 ], [ 41.582092284235436, 18.118431178027571 ], [ 41.582153958969577, 18.118489279831067 ], [ 41.582201549018393, 18.118613011942788 ], [ 41.582230101969692, 18.118703432361368 ], [ 41.582206308292768, 18.118808127787467 ], [ 41.582131725666308, 18.118884314039452 ], [ 41.582068299217354, 18.118938998049273 ], [ 41.582023088805734, 18.119074627980247 ], [ 41.581975498756925, 18.119200739133216 ], [ 41.581963602367615, 18.119269743310543 ], [ 41.581954084717182, 18.119353025031771 ], [ 41.581977879292431, 18.119424407747154 ], [ 41.582018330429676, 18.119505309090343 ], [ 41.58199453495611, 18.119593348744871 ], [ 41.581954084717182, 18.119659975026405 ], [ 41.581851768402956, 18.119709944294037 ], [ 41.581761347579715, 18.11976467073433 ], [ 41.581682825840723, 18.119833674689417 ], [ 41.581616201389366, 18.119916956996178 ], [ 41.581497227614818, 18.120109692799108 ], [ 41.581359219437722, 18.120316705882384 ], [ 41.581314009026102, 18.120373814133249 ], [ 41.581156964649821, 18.120540374778269 ], [ 41.5809594700346, 18.120747388206087 ], [ 41.580725364579983, 18.121095894236426 ], [ 41.580707626446383, 18.121114403752124 ], [ 41.580541065317988, 18.121459425718385 ], [ 41.580632605442069, 18.121642506389467 ], [ 41.580745319755714, 18.121708691352605 ], [ 41.58089798394667, 18.121887729227772 ], [ 41.580983266406484, 18.122067990351134 ], [ 41.581040373207408, 18.122246449013392 ], [ 41.581073685433083, 18.12239159573598 ], [ 41.581059407609963, 18.122531984372873 ], [ 41.581047511220653, 18.122629542699986 ], [ 41.580993162247651, 18.122768129729693 ], [ 41.580928880602549, 18.122891746976133 ], [ 41.580842876795572, 18.12296504577321 ], [ 41.580752456870641, 18.123055465651721 ], [ 41.580697729706905, 18.123141125827221 ], [ 41.58066003819421, 18.123291611156137 ], [ 41.580671934583513, 18.123470070278525 ], [ 41.58077901107044, 18.123743709238251 ], [ 41.580796974681171, 18.123830963021987 ], [ 41.58084763606994, 18.123895415760177 ], [ 41.580878568658434, 18.124021526855607 ], [ 41.580890466844366, 18.124133362387592 ], [ 41.580869528013416, 18.124261518883571 ], [ 41.58088570667168, 18.124314200037222 ], [ 41.580904742870864, 18.12438082622965 ], [ 41.580916640158492, 18.124468865993617 ], [ 41.580914261419622, 18.124559285095351 ], [ 41.580907123406362, 18.124640185773178 ], [ 41.58088332793281, 18.124732985873585 ], [ 41.580854774083186, 18.124823404838885 ], [ 41.580821461857504, 18.124901926871022 ], [ 41.580819083118634, 18.12498520932796 ], [ 41.580826221131886, 18.12503279770004 ], [ 41.580842876795572, 18.125082766287857 ], [ 41.58083501833346, 18.125170283209822 ], [ 41.58085039479618, 18.125218975417262 ], [ 41.580993162247651, 18.125504510196794 ], [ 41.581048777845204, 18.125708434908297 ], [ 41.581042751946285, 18.125832295954542 ], [ 41.581047511220653, 18.125965546304606 ], [ 41.581042751946285, 18.126065483787144 ], [ 41.581016577733848, 18.126163041852411 ], [ 41.58099040441973, 18.126258219650644 ], [ 41.580973746959415, 18.126358157819805 ], [ 41.580961849671795, 18.126441438730119 ], [ 41.580916640158492, 18.126574687762698 ], [ 41.58088570667168, 18.126679385311373 ], [ 41.580828599870756, 18.126769804124915 ], [ 41.580783391255764, 18.126838808733687 ], [ 41.580773872707013, 18.126957782221496 ], [ 41.580759595782212, 18.12705058109313 ], [ 41.580712006631714, 18.127152898156634 ], [ 41.580631105255534, 18.127269491232035 ], [ 41.580571618817423, 18.127381324688763 ], [ 41.580559720631491, 18.127462228330842 ], [ 41.580571618817423, 18.127535991349792 ], [ 41.580595413392672, 18.127602614608367 ], [ 41.580647761817538, 18.127678757761519 ], [ 41.58067869530435, 18.127731106640315 ], [ 41.580712008428343, 18.127800110870059 ], [ 41.580719147339913, 18.127864357252186 ], [ 41.580726283556523, 18.127926221713299 ], [ 41.580731043729209, 18.12797381099319 ], [ 41.580735802105274, 18.12801664159014 ], [ 41.580777250372478, 18.1281042868114 ], [ 41.58080956456989, 18.128199861389952 ], [ 41.580816704379757, 18.128333109937461 ], [ 41.580816704379757, 18.128428288263002 ], [ 41.580804807092143, 18.128573434981735 ], [ 41.580823842393009, 18.128701927154612 ], [ 41.580866673167435, 18.128856590941083 ], [ 41.580958764857108, 18.128981833641941 ], [ 41.581118894946393, 18.129144506789167 ], [ 41.581249766008561, 18.12925158211873 ], [ 41.581323530269806, 18.129289653767579 ], [ 41.581387775083975, 18.129330103871613 ], [ 41.581409190022036, 18.129396729862048 ], [ 41.581404430747654, 18.129468112750335 ], [ 41.581361979062279, 18.129537696823967 ], [ 41.581280698597055, 18.129618018940629 ], [ 41.581171244269569, 18.129746510346511 ], [ 41.581097480906649, 18.129853586161431 ], [ 41.581054650132216, 18.129939246424708 ], [ 41.581004681344531, 18.130048700575394 ], [ 41.58093367580954, 18.130239636688707 ], [ 41.580802805645682, 18.130751220622486 ], [ 41.580719524632322, 18.131405573261485 ], [ 41.580683832769452, 18.132143205918744 ], [ 41.580481578879869, 18.13274996879877 ], [ 41.580433989729372, 18.133047402136924 ], [ 41.580469681592241, 18.133463806594925 ], [ 41.580486911279394, 18.133571065387716 ], [ 41.580529285709659, 18.133622750887092 ], [ 41.580601124881241, 18.13368527919723 ], [ 41.580648714031732, 18.133749999782186 ], [ 41.580639197279623, 18.133860407690459 ], [ 41.580583279848128, 18.13389280124774 ], [ 41.580523079249367, 18.133894671699107 ], [ 41.580494526298061, 18.133932744045076 ], [ 41.580496428929827, 18.133991754158757 ], [ 41.580506417297471, 18.13406429619997 ], [ 41.580408864749202, 18.134086931967378 ], [ 41.580287037026991, 18.134104063950357 ], [ 41.580208991395104, 18.134109775180107 ], [ 41.580125233376329, 18.134126907160848 ], [ 41.580080296052557, 18.134255325252493 ], [ 41.580049090376221, 18.134330588765479 ], [ 41.580035765665613, 18.134412442771868 ], [ 41.579974850906197, 18.134463838620142 ], [ 41.579864444364517, 18.134494295886267 ], [ 41.579763556371589, 18.134522850262076 ], [ 41.579672510320904, 18.134548000953785 ], [ 41.579580812991651, 18.13455140292583 ], [ 41.579446513958359, 18.134498871689448 ], [ 41.579384744901105, 18.134404827812002 ], [ 41.579308601900998, 18.13430013232454 ], [ 41.57920961743816, 18.134157365339334 ], [ 41.579150607107145, 18.134048861362359 ], [ 41.579076367637121, 18.133940357318096 ], [ 41.578992609618346, 18.133852794413958 ], [ 41.578851745696959, 18.133822337036147 ], [ 41.578729916178119, 18.133797590039283 ], [ 41.578581438136389, 18.1337937833997 ], [ 41.578436767154827, 18.133797590039283 ], [ 41.578400599184853, 18.133803301279034 ], [ 41.578330167673315, 18.13379568629265 ], [ 41.578250216714714, 18.1337937833997 ], [ 41.578118871342078, 18.133797590039283 ], [ 41.578004657740223, 18.133822337036147 ], [ 41.577899961788802, 18.133856601052244 ], [ 41.577806687017912, 18.133862310582682 ], [ 41.577738158138139, 18.13383375780646 ], [ 41.577654400119371, 18.133732867764536 ], [ 41.57762204010789, 18.133652918895777 ], [ 41.577610618029055, 18.133571065387716 ], [ 41.577608713600654, 18.133493019341255 ], [ 41.577545897107775, 18.133449237355872 ], [ 41.577467850577577, 18.133435911956209 ], [ 41.577380287295263, 18.133422587409239 ], [ 41.577306047825239, 18.133445429855012 ], [ 41.577214771805842, 18.133488008124999 ], [ 41.577113786794868, 18.133538705065131 ], [ 41.57704906497527, 18.133544414605939 ], [ 41.577016021345862, 18.133519178400011 ], [ 41.576984344054004, 18.133479693944931 ], [ 41.57690058693354, 18.133468273151507 ], [ 41.576792083023633, 18.133464465651063 ], [ 41.576681677380272, 18.133456852357334 ], [ 41.576569366410183, 18.133439720310975 ], [ 41.576426598958719, 18.133416877010749 ], [ 41.576251469699123, 18.133371192108768 ], [ 41.576141063157451, 18.133327409239186 ], [ 41.576093474006953, 18.133293145119442 ], [ 41.57605920956707, 18.133220810207778 ], [ 41.576034462777628, 18.133142763151369 ], [ 41.576043981326372, 18.133062813159242 ], [ 41.57603065571746, 18.133013320654538 ], [ 41.575912635055424, 18.132965731037814 ], [ 41.575754639363254, 18.132895298893519 ], [ 41.575638521332998, 18.132841998827438 ], [ 41.575594739242675, 18.132796312921631 ], [ 41.575573800411732, 18.132750627857593 ], [ 41.575564281862974, 18.13268590604924 ], [ 41.575541438603615, 18.132647835139348 ], [ 41.575516692712483, 18.132628799254448 ], [ 41.575488138862859, 18.132632605919369 ], [ 41.575453875321294, 18.132651641803861 ], [ 41.57542722410345, 18.132680195626715 ], [ 41.575398671152136, 18.132729689079358 ], [ 41.575385347339846, 18.132784892083595 ], [ 41.575381539381361, 18.132853419661753 ], [ 41.575410351945777, 18.133002781704743 ], [ 41.575461490339954, 18.133234133916414 ], [ 41.575496933369493, 18.133442676673287 ], [ 41.575532300042227, 18.133570882696098 ], [ 41.575651273816774, 18.133808829827238 ], [ 41.575696763604448, 18.133896776917279 ], [ 41.575836492953627, 18.134220182861327 ], [ 41.575916443013917, 18.134437189681762 ], [ 41.576017331905156, 18.134745567916053 ], [ 41.576087764315005, 18.134928311138971 ], [ 41.57619548219904, 18.135118230302638 ], [ 41.576270506796632, 18.135244302577483 ], [ 41.576335227717905, 18.13544417798483 ], [ 41.576369493056106, 18.135607884917199 ], [ 41.576361878037432, 18.135750652426005 ], [ 41.576331709016941, 18.135927480251084 ], [ 41.576299060646242, 18.136055224315569 ], [ 41.576280025345376, 18.13624367733042 ], [ 41.576264796206367, 18.136369311707174 ], [ 41.576226723807999, 18.136451164759613 ], [ 41.576209592037216, 18.136517790599349 ], [ 41.576169617905393, 18.136620582751032 ], [ 41.576175327597333, 18.136730989701245 ], [ 41.57615629229646, 18.136814747151902 ], [ 41.576123932284979, 18.136930865117208 ], [ 41.576122027856577, 18.137020332753206 ], [ 41.576104896085795, 18.137081247243604 ], [ 41.576070631645912, 18.137161197106561 ], [ 41.576051596345046, 18.137227821822169 ], [ 41.576038271634431, 18.13734013295084 ], [ 41.57605920956707, 18.137458153420472 ], [ 41.576091475255453, 18.137580274887185 ], [ 41.576082719376373, 18.13769847617473 ], [ 41.576051596345046, 18.137772243414982 ], [ 41.576038271634431, 18.137884553340395 ], [ 41.576092731100218, 18.138064335292462 ], [ 41.576100785395049, 18.138116688746962 ], [ 41.576150581706194, 18.138261457786239 ], [ 41.576213399995702, 18.138415647868719 ], [ 41.576247664435577, 18.138585064811011 ], [ 41.576287638567408, 18.138777325899738 ], [ 41.576285735037324, 18.138994333042277 ], [ 41.576299060646242, 18.139114257791796 ], [ 41.576291445627589, 18.139203725164606 ], [ 41.576240050315235, 18.139323649770539 ], [ 41.576205785875352, 18.139409311372535 ], [ 41.576171521435477, 18.139553982023475 ], [ 41.5761286529318, 18.139637914831862 ], [ 41.576113636693513, 18.139716001673726 ], [ 41.576152485236292, 18.139755759602501 ], [ 41.576184846146084, 18.139765278011094 ], [ 41.576239964975279, 18.139808405359048 ], [ 41.576312784208845, 18.139839519873 ], [ 41.576350456856915, 18.139898527993982 ], [ 41.576398046007405, 18.139925177807644 ], [ 41.576495982136315, 18.139935940001404 ], [ 41.57691238810142, 18.139876453838763 ], [ 41.577078951026465, 18.139816966802218 ], [ 41.577342215795206, 18.139706268137815 ], [ 41.577484984144995, 18.139670099877538 ], [ 41.577572548325634, 18.139656774951781 ], [ 41.57769437604783, 18.139662485146559 ], [ 41.577753387277163, 18.139675810925553 ], [ 41.57780859144632, 18.139670099877538 ], [ 41.577909479439249, 18.139632027926677 ], [ 41.578019885980915, 18.139601572408832 ], [ 41.578113160751819, 18.139590150307765 ], [ 41.578238797330833, 18.139567306957069 ], [ 41.578332072101723, 18.139559693075281 ], [ 41.578400600083171, 18.139573018008434 ], [ 41.578484357203628, 18.139624414047713 ], [ 41.578554789613484, 18.139641546342006 ], [ 41.578670906745423, 18.139616800168419 ], [ 41.578760375354456, 18.139601572408832 ], [ 41.578887913666925, 18.139586342086908 ], [ 41.579017357306107, 18.139576825375915 ], [ 41.57909159587782, 18.139590150307765 ], [ 41.579171545938095, 18.139609184581449 ], [ 41.579276241889509, 18.139612992801812 ], [ 41.579401876671888, 18.139616800168419 ], [ 41.579506574419945, 18.139618703851689 ], [ 41.579681701882897, 18.139544463603382 ], [ 41.579841602003476, 18.139508297016985 ], [ 41.580047187744448, 18.139447381664542 ], [ 41.580208991395104, 18.139413117889909 ], [ 41.580287037026991, 18.139407406833314 ], [ 41.580368889719047, 18.139407406833314 ], [ 41.58046597244843, 18.139454996404883 ], [ 41.580519272189193, 18.139504488794344 ], [ 41.580559247219327, 18.139550174655501 ], [ 41.580587801068951, 18.139588245770511 ], [ 41.580616354020258, 18.139620606681273 ], [ 41.580749603821303, 18.139586342086908 ], [ 41.580919021592308, 18.139529234983826 ], [ 41.581078920814569, 18.139494971225229 ], [ 41.581162678833344, 18.139483549970873 ], [ 41.581282603025457, 18.139460706606251 ], [ 41.581423467845163, 18.139428347373244 ], [ 41.581539584977101, 18.139378854108557 ], [ 41.58166522065779, 18.139336974721679 ], [ 41.581752784838422, 18.139319843251226 ], [ 41.581844156079235, 18.139310324818389 ], [ 41.582023352910419, 18.139302565801319 ], [ 41.582369021038488, 18.13925108259297 ], [ 41.582614809083388, 18.139172886273535 ], [ 41.582632233704956, 18.139156136378336 ], [ 41.582721701415672, 18.139192303891228 ], [ 41.582778808216595, 18.139247507417036 ], [ 41.582873987415894, 18.139321746084061 ], [ 41.582906347427368, 18.139363623767238 ], [ 41.582908250957459, 18.139437863238644 ], [ 41.582889214758282, 18.139485452801924 ], [ 41.582864468867143, 18.139500681425297 ], [ 41.582755964957236, 18.139527331299583 ], [ 41.582710280235148, 18.13952733215325 ], [ 41.582660786656248, 18.139540657088872 ], [ 41.582643654885473, 18.139593956821198 ], [ 41.582611293975674, 18.139651063903145 ], [ 41.582531343915385, 18.139698653408409 ], [ 41.582453298283497, 18.139700557090794 ], [ 41.582394287952489, 18.139670099877538 ], [ 41.582314337892207, 18.139643449171341 ], [ 41.582222966651386, 18.139624414047713 ], [ 41.582131595410587, 18.139622510364504 ], [ 41.582076392139747, 18.139637738975935 ], [ 41.582005959729898, 18.139675810925553 ], [ 41.581958369681089, 18.13973482080911 ], [ 41.581861287850018, 18.139755759602501 ], [ 41.581670931248048, 18.13979573520777 ], [ 41.581610018285268, 18.139793830672758 ], [ 41.581511032025794, 18.139820482209707 ], [ 41.581398721055713, 18.139841420992841 ], [ 41.581195038844825, 18.139892816953239 ], [ 41.581042753742913, 18.139919467621439 ], [ 41.580911406573641, 18.13997847742278 ], [ 41.580715743623301, 18.140103921310011 ], [ 41.580433990627689, 18.140209578820677 ], [ 41.580250164777837, 18.140230672924556 ], [ 41.579710256630833, 18.140244976962141 ], [ 41.579428528788057, 18.140254496197773 ], [ 41.579300988678959, 18.140262109195643 ], [ 41.579162266341214, 18.140316480059198 ], [ 41.579023305949924, 18.140337418782945 ], [ 41.578893949447313, 18.140371460423339 ], [ 41.578712786203972, 18.140410588197774 ], [ 41.578625222921644, 18.140441045282067 ], [ 41.57855098255331, 18.140524801809683 ], [ 41.578480984029746, 18.140573008276959 ], [ 41.578385372740783, 18.140549548708453 ], [ 41.578322555349594, 18.140557161693476 ], [ 41.578252122939745, 18.140580004914877 ], [ 41.578179787898129, 18.140621884004094 ], [ 41.578097934307756, 18.140682798947434 ], [ 41.578107451059871, 18.140728483647109 ], [ 41.578174077307864, 18.14075323137072 ], [ 41.578246412349486, 18.140757037858837 ], [ 41.578332072101723, 18.1407779773835 ], [ 41.578396793921307, 18.140827470252219 ], [ 41.578402505409883, 18.1409112257411 ], [ 41.578292336023438, 18.140935140263569 ], [ 41.57815147210205, 18.141024606704846 ], [ 41.577898297210581, 18.141125496809209 ], [ 41.577822154210473, 18.141176893245884 ], [ 41.577848803631696, 18.141258746609331 ], [ 41.577995379041653, 18.141308239341981 ], [ 41.578012510812442, 18.141409129282703 ], [ 41.578008703752268, 18.141525246758629 ], [ 41.577945886361078, 18.141622328397624 ], [ 41.57793636781232, 18.141698471424455 ], [ 41.577934465180554, 18.141791745648113 ], [ 41.577869744259282, 18.141827914323244 ], [ 41.57781263656004, 18.14191928481965 ], [ 41.577803118011289, 18.142027789036145 ], [ 41.577799310951107, 18.142115352969636 ], [ 41.577791696830758, 18.142210530625984 ], [ 41.577755529759116, 18.142370430747626 ], [ 41.57768509734926, 18.142551270035362 ], [ 41.577537460130628, 18.142855032769202 ], [ 41.577477608976515, 18.142903430666145 ], [ 41.57732913003646, 18.14300622333289 ], [ 41.577254890566429, 18.143074751174712 ], [ 41.577172789939361, 18.143264252592981 ], [ 41.577157071218515, 18.143283207930786 ], [ 41.577115930175133, 18.143365997617419 ], [ 41.577068341024635, 18.143461176300313 ], [ 41.576982680374094, 18.143596329667833 ], [ 41.576959837114735, 18.143626787050895 ], [ 41.576956030952871, 18.143683893669479 ], [ 41.576957933584644, 18.143760035798579 ], [ 41.57691795855451, 18.143855215120627 ], [ 41.576855141163321, 18.143954199955729 ], [ 41.576805313411136, 18.143965621771738 ], [ 41.576782806121692, 18.143996079090471 ], [ 41.576782806121692, 18.144098871968492 ], [ 41.576767576982682, 18.144186435718463 ], [ 41.576805313411136, 18.144270192159372 ], [ 41.576845624411192, 18.144302553910979 ], [ 41.576872272934096, 18.144367274835275 ], [ 41.576858949121807, 18.1444358029973 ], [ 41.576834202332357, 18.144500523872278 ], [ 41.576792322873814, 18.14456905283572 ], [ 41.576718333135432, 18.144645949201589 ], [ 41.576650716045684, 18.144839140074236 ], [ 41.576642735412705, 18.144976971963434 ], [ 41.576623699213513, 18.145062633356922 ], [ 41.576588007350644, 18.145144723921284 ], [ 41.576536848295213, 18.145350547285886 ], [ 41.576482121131477, 18.145515919788298 ], [ 41.576403599392499, 18.145639652422467 ], [ 41.576392890575988, 18.14575029696584 ], [ 41.576352441235379, 18.145891874758295 ], [ 41.576264400947643, 18.145995381017105 ], [ 41.576150186447478, 18.146096508979184 ], [ 41.576072854077928, 18.146158373821301 ], [ 41.575963398852132, 18.146303522046836 ], [ 41.575906292051208, 18.146380853858126 ], [ 41.575882498374277, 18.146461756395539 ], [ 41.575850374619712, 18.146536709053731 ], [ 41.575818251763472, 18.146578349405516 ], [ 41.575794458086534, 18.146617609811745 ], [ 41.575763524599736, 18.146677097095537 ], [ 41.575749247674921, 18.146762756802346 ], [ 41.575730212374054, 18.146842469196724 ], [ 41.575705228429371, 18.146915042613745 ], [ 41.575708797435986, 18.146959062806417 ], [ 41.5757373503873, 18.147024498092126 ], [ 41.575757575955926, 18.147078036267743 ], [ 41.575765904236917, 18.147155368590049 ], [ 41.575803975736974, 18.147193439756421 ], [ 41.575859893168463, 18.147266013027732 ], [ 41.575874170093279, 18.14731598209384 ], [ 41.575881308106524, 18.14737665910264 ], [ 41.575865841812281, 18.147452801330708 ], [ 41.575815873024595, 18.147577723408904 ], [ 41.575783750168348, 18.147677659641381 ], [ 41.57577185288072, 18.147733578391055 ], [ 41.575784940436101, 18.14779068537543 ], [ 41.575825389776718, 18.147909658270748 ], [ 41.575845616243654, 18.147985801120274 ], [ 41.575845616243654, 18.148063133040996 ], [ 41.57581111375022, 18.148123808936823 ], [ 41.575770662612982, 18.14818567476874 ], [ 41.575751627312108, 18.148261818351664 ], [ 41.57581111375022, 18.148332012120751 ], [ 41.575864652442839, 18.148421241736909 ], [ 41.575882498374277, 18.148502143330006 ], [ 41.575886067380893, 18.148556871007685 ], [ 41.575924138880957, 18.148628254612429 ], [ 41.575966968757072, 18.14871272597043 ], [ 41.576024075558003, 18.148771021734458 ], [ 41.576072854976239, 18.148825751035201 ], [ 41.576121632597847, 18.148881667710349 ], [ 41.57613591042098, 18.148914978692069 ], [ 41.576143049332543, 18.148983983954395 ], [ 41.576165652741714, 18.149033953383029 ], [ 41.576215622427711, 18.149116043789732 ], [ 41.576257262934398, 18.149235018343827 ], [ 41.576272729228641, 18.149334955336027 ], [ 41.576313736423046, 18.149448137918441 ], [ 41.576311355887547, 18.14951476222048 ], [ 41.576259006564364, 18.149595665014679 ], [ 41.576162859879503, 18.149691730632011 ], [ 41.576093456938963, 18.14971651806065 ], [ 41.575925883409234, 18.149700360734467 ], [ 41.575680798745211, 18.149747950065283 ], [ 41.575514236718497, 18.149845507726134 ], [ 41.575391394798338, 18.150010844392266 ], [ 41.575080204909192, 18.150250904051539 ], [ 41.574972752926485, 18.150380587313325 ], [ 41.574957442939088, 18.150471306298328 ], [ 41.574990755164777, 18.150561724763346 ], [ 41.575047862864018, 18.150656903796563 ], [ 41.575005031191267, 18.150718769585509 ], [ 41.574900336138164, 18.150716391412917 ], [ 41.574778982726443, 18.150718769585509 ], [ 41.574655287406756, 18.150759989815956 ], [ 41.574548174987228, 18.150763978759851 ], [ 41.574502966372236, 18.150856778658628 ], [ 41.57452676004916, 18.150999547374802 ], [ 41.574502966372236, 18.151063792063969 ], [ 41.574469653248237, 18.151118518939551 ], [ 41.574355438748071, 18.151168487757925 ], [ 41.574260261345408, 18.151230355073004 ], [ 41.574222189845344, 18.151273185096382 ], [ 41.574210291659412, 18.151427850262717 ], [ 41.574191257256857, 18.151496855386544 ], [ 41.574155563597351, 18.151668176009444 ], [ 41.574138907933666, 18.151844256193421 ], [ 41.574098456796428, 18.151975125643428 ], [ 41.574043729632692, 18.152113134578038 ], [ 41.573981863557385, 18.152239245815768 ], [ 41.573903341818408, 18.152401048844375 ], [ 41.573870028694401, 18.152458156864547 ], [ 41.573767713278485, 18.152536679294801 ], [ 41.573660907184468, 18.152638052725266 ], [ 41.573586513204212, 18.152767004383062 ], [ 41.57345124488873, 18.152824593716939 ], [ 41.573256129012393, 18.152991155901361 ], [ 41.573099084636105, 18.153129164887183 ], [ 41.57302294163599, 18.153164856613063 ], [ 41.572923004958945, 18.153212445854095 ], [ 41.572787374622408, 18.153267173764014 ], [ 41.572547049232767, 18.153395664012294 ], [ 41.572442353281339, 18.153481324694397 ], [ 41.572328138781181, 18.153624092973644 ], [ 41.57223771885625, 18.153790655249622 ], [ 41.572115338670145, 18.154046936637744 ], [ 41.571903626418937, 18.154307885976934 ], [ 41.571189787364929, 18.154902751361846 ], [ 41.570820766632743, 18.155300525320122 ], [ 41.570722003155453, 18.155342063713547 ], [ 41.57051974926587, 18.155456276959303 ], [ 41.57040553386738, 18.155539559377861 ], [ 41.570315115739092, 18.155679947016772 ], [ 41.570229454190226, 18.155846509893792 ], [ 41.570139035163614, 18.15598689728607 ], [ 41.570081604969189, 18.156133543080031 ], [ 41.570066559984809, 18.156152597745688 ], [ 41.5699391600129, 18.156234361298434 ], [ 41.569877293937601, 18.156265293635148 ], [ 41.569796392561429, 18.156320022296065 ], [ 41.569741665397693, 18.156438995359995 ], [ 41.569720716685261, 18.156583629724054 ], [ 41.569695534212904, 18.156614624310752 ], [ 41.56968931697282, 18.156676941244797 ], [ 41.569701214260441, 18.156767359913186 ], [ 41.569660763123203, 18.156836364635602 ], [ 41.569582241384211, 18.156948199670332 ], [ 41.569515616034536, 18.157064793366715 ], [ 41.569439473932746, 18.15718852636051 ], [ 41.569305672566124, 18.157299107255973 ], [ 41.569155031381172, 18.157491789064483 ], [ 41.569020688330433, 18.157709627409641 ], [ 41.568920750755076, 18.15785001586557 ], [ 41.568840806982998, 18.157917551148742 ], [ 41.568799398241659, 18.157928537579913 ], [ 41.568817040255524, 18.157961806718841 ], [ 41.568799398241659, 18.158061788227833 ], [ 41.568770845290359, 18.158128411806523 ], [ 41.568713737591118, 18.158230728611588 ], [ 41.568680425365429, 18.158302113386117 ], [ 41.568607419282301, 18.158352135632775 ], [ 41.568536687733456, 18.158483840982338 ], [ 41.568500997667215, 18.158769375223848 ], [ 41.56851266498613, 18.158807293630694 ], [ 41.568570971037957, 18.158858906797736 ], [ 41.568606662900827, 18.158927910694015 ], [ 41.568639975126501, 18.159006432777435 ], [ 41.568708979215053, 18.159130165249607 ], [ 41.568761327639919, 18.159234862085349 ], [ 41.568858885578088, 18.159437116285538 ], [ 41.568918372016213, 18.159579883965904 ], [ 41.568951685140206, 18.159639371105129 ], [ 41.56901117068, 18.159648887577383 ], [ 41.569025447604815, 18.159720271772393 ], [ 41.569044483803999, 18.1597773791074 ], [ 41.569084934941245, 18.159846384348004 ], [ 41.569130145352858, 18.15989873127873 ], [ 41.569144421379356, 18.15998201157953 ], [ 41.569161077941359, 18.160091468262639 ], [ 41.569182491981095, 18.160184266621773 ], [ 41.569203907817474, 18.160281825284351 ], [ 41.569310014123886, 18.160565867965495 ], [ 41.569436595730572, 18.160716183666338 ], [ 41.569498961269169, 18.160750578128454 ], [ 41.569527514220475, 18.160793408378829 ], [ 41.569517996570042, 18.160852895104778 ], [ 41.569517996570042, 18.160900483958812 ], [ 41.569510857658479, 18.160988524969046 ], [ 41.56949658073367, 18.161093220690933 ], [ 41.569454465916522, 18.161269812903932 ], [ 41.569437095193869, 18.161359721324818 ], [ 41.569470219671651, 18.161408133729257 ], [ 41.569532274393161, 18.16152628305424 ], [ 41.569563206981663, 18.161623840967255 ], [ 41.569610795233842, 18.161690464894487 ], [ 41.569646487995023, 18.161733295767949 ], [ 41.569641727822336, 18.161776125777344 ], [ 41.569617934145391, 18.16181657690117 ], [ 41.56960365722059, 18.161883201608443 ], [ 41.569577483906471, 18.161956964617087 ], [ 41.569556068070099, 18.162092593624013 ], [ 41.569525134583287, 18.162297227651536 ], [ 41.569515616932854, 18.162366232750191 ], [ 41.569522754946107, 18.162442375274967 ], [ 41.56953465223372, 18.162475687939196 ], [ 41.569553688432904, 18.162520896632046 ], [ 41.569587000658586, 18.162551830416248 ], [ 41.569653626008268, 18.162632733148779 ], [ 41.56984388110061, 18.162820838280052 ], [ 41.569881084828097, 18.162850151107996 ], [ 41.570017992568978, 18.162929413168158 ], [ 41.570146174075184, 18.162956338582784 ], [ 41.570260387677038, 18.163003927717245 ], [ 41.570329392663901, 18.163039619986368 ], [ 41.570379360553261, 18.163111003649171 ], [ 41.570405534765698, 18.163175249006095 ], [ 41.570462643363257, 18.16323949433939 ], [ 41.570534027088989, 18.163351330395962 ], [ 41.570579236602299, 18.163417953664212 ], [ 41.570652999965219, 18.163522649636903 ], [ 41.570674175951417, 18.163633771942404 ], [ 41.570707727128962, 18.163648762027702 ], [ 41.570757695916633, 18.163691592420918 ], [ 41.570819561093629, 18.163743939906304 ], [ 41.570914740292928, 18.163784390574364 ], [ 41.571014676969966, 18.163905744229414 ], [ 41.571078922682453, 18.163989025180257 ], [ 41.571116994182518, 18.164034235188463 ], [ 41.571159824058626, 18.164119895775304 ], [ 41.571169342607377, 18.164226971022995 ], [ 41.571074164306395, 18.164388774045012 ], [ 41.570983744381472, 18.164455398624579 ], [ 41.570945672881415, 18.164514885810348 ], [ 41.570957571067353, 18.164595786779934 ], [ 41.570967087819476, 18.164660033297739 ], [ 41.570912360655733, 18.164745692724072 ], [ 41.570779110854694, 18.164738555364824 ], [ 41.570712486403345, 18.16468858616 ], [ 41.570600650642042, 18.164605304689228 ], [ 41.570554578746062, 18.164587447619454 ], [ 41.570491197212881, 18.164588649414561 ], [ 41.570412098755483, 18.164689740155769 ], [ 41.570426952398705, 18.164757590313776 ], [ 41.570448366438448, 18.164824215606178 ], [ 41.570486437938499, 18.164900358766378 ], [ 41.570488817575679, 18.164957466114735 ], [ 41.57043646915082, 18.165028848993604 ], [ 41.570348428863085, 18.165033609216835 ], [ 41.570300839712594, 18.165014572590874 ], [ 41.570238973637288, 18.164969362836466 ], [ 41.57018662611074, 18.164926532756638 ], [ 41.57012872969068, 18.164866693196483 ], [ 41.570036719747698, 18.164814697708824 ], [ 41.569991510234402, 18.164817077396599 ], [ 41.569951059097157, 18.164840871711924 ], [ 41.569893952296233, 18.164869426251709 ], [ 41.569905810057982, 18.164930995948655 ], [ 41.569936782172341, 18.164969362836466 ], [ 41.56998675096002, 18.165055022964609 ], [ 41.56998675096002, 18.16508833598402 ], [ 41.56994868035828, 18.165076439270397 ], [ 41.56991060885823, 18.165028848993604 ], [ 41.569849542283535, 18.164947227831895 ], [ 41.569791635083682, 18.16489797907974 ], [ 41.569758322858007, 18.164874184772192 ], [ 41.569701216057084, 18.164859908356817 ], [ 41.569641728720647, 18.164855148982401 ], [ 41.569584621919716, 18.164871805085195 ], [ 41.569556068968417, 18.164914635178448 ], [ 41.569539413304732, 18.16497887987185 ], [ 41.569491012077222, 18.165020336584057 ], [ 41.569432336817805, 18.165055022964609 ], [ 41.56935381507882, 18.165043126248715 ], [ 41.569298117734583, 18.165003562706133 ], [ 41.569232461667085, 18.165002675018677 ], [ 41.569137283366111, 18.164957466114735 ], [ 41.569077796927992, 18.164969362836466 ], [ 41.569039726326253, 18.165028848993604 ], [ 41.569030207777502, 18.165097853012924 ], [ 41.569013552113823, 18.165162099346009 ], [ 41.56895882495008, 18.165171617224434 ], [ 41.568906475626896, 18.165140683904276 ], [ 41.568868405025157, 18.165071679901882 ], [ 41.568846989188792, 18.165007435242618 ], [ 41.568839851175539, 18.164921773384041 ], [ 41.568851749361478, 18.164869426251709 ], [ 41.568911234901272, 18.164819457084342 ], [ 41.568975479715448, 18.164714760182008 ], [ 41.568992135379133, 18.164633859267536 ], [ 41.568983981371296, 18.164551450096553 ], [ 41.568877218396409, 18.164518086615384 ], [ 41.568761327639919, 18.164450640092689 ], [ 41.568632837113256, 18.164388774045012 ], [ 41.568521002250279, 18.16436022028018 ], [ 41.568354441121869, 18.164338805593651 ], [ 41.568244984997762, 18.16431739005095 ], [ 41.568123631586033, 18.164324529134507 ], [ 41.567968967745252, 18.164369739055854 ], [ 41.567885685833573, 18.164400671659031 ], [ 41.567757195306903, 18.164424466031097 ], [ 41.567514490280075, 18.164498229673509 ], [ 41.567443105656032, 18.164488711758381 ], [ 41.567352686629413, 18.164483953227396 ], [ 41.56728130290368, 18.164483953227396 ], [ 41.567200402425819, 18.164522024032284 ], [ 41.567095704677769, 18.164574372122296 ], [ 41.567010044925539, 18.16459102910542 ], [ 41.566910107350182, 18.164610064070448 ], [ 41.566748303699519, 18.164676689419142 ], [ 41.566638850270358, 18.16476234969085 ], [ 41.566335687726593, 18.164932178963383 ], [ 41.565954975420979, 18.165205817908038 ], [ 41.565718793061414, 18.165471522738692 ], [ 41.565653963443999, 18.165504633388917 ], [ 41.565524044596025, 18.165553175236425 ], [ 41.565439812266781, 18.165581727952652 ], [ 41.565374139131301, 18.165618847671727 ], [ 41.565327025189596, 18.165675954785119 ], [ 41.565224585806178, 18.165749472932337 ], [ 41.565169752641232, 18.165776888698723 ], [ 41.565155694905343, 18.16578358388087 ], [ 41.565048628299905, 18.165803018173431 ], [ 41.564988665754683, 18.165821576730121 ], [ 41.564917282028944, 18.165848703988164 ], [ 41.564841615135933, 18.165861552347881 ], [ 41.564770231410193, 18.165875828681362 ], [ 41.564707414019004, 18.165881539726559 ], [ 41.564646023152498, 18.16589010586722 ], [ 41.564584633184289, 18.165908666121737 ], [ 41.564548941321419, 18.16594435694363 ], [ 41.564543230731161, 18.165991470695147 ], [ 41.564546085577135, 18.166037157314111 ], [ 41.56457019995262, 18.166083163998756 ], [ 41.564506111445304, 18.166147088184736 ], [ 41.564399034958385, 18.166239886740389 ], [ 41.564291959369783, 18.166309842830941 ], [ 41.5642454580791, 18.166305355775076 ], [ 41.564194876640393, 18.166318408950602 ], [ 41.564162041420126, 18.166322692010269 ], [ 41.564074953346591, 18.166394076038117 ], [ 41.563975015771234, 18.166496867689585 ], [ 41.563821960813122, 18.166649095331024 ], [ 41.56375397361748, 18.166704879124641 ], [ 41.563391135989384, 18.166868154761747 ], [ 41.563339699354529, 18.166859498194192 ], [ 41.563294013734122, 18.166855216001224 ], [ 41.563239761779172, 18.166868065140413 ], [ 41.563209781404886, 18.16689947272079 ], [ 41.563154170298901, 18.166933608197215 ], [ 41.563049881284314, 18.166965146356809 ], [ 41.562941284847923, 18.166958652654486 ], [ 41.562784332998113, 18.166946587068129 ], [ 41.562550194305835, 18.166932309968658 ], [ 41.562327476794074, 18.166913749822946 ], [ 41.562273224839117, 18.166932309968658 ], [ 41.562220401205465, 18.166966574322604 ], [ 41.561826610327621, 18.167002311872732 ], [ 41.560981301933474, 18.167083245831314 ], [ 41.560770463743026, 18.167103185272165 ], [ 41.560734772778481, 18.167084148871833 ], [ 41.56071692684705, 18.167068682808608 ], [ 41.560711345614187, 18.167045096206021 ], [ 41.560684803990803, 18.167003248201567 ], [ 41.560659820046119, 18.166983021961226 ], [ 41.560611039729565, 18.166969934693945 ], [ 41.560559881572445, 18.166984211790343 ], [ 41.560525668336531, 18.167035183242685 ], [ 41.560441515059033, 18.167056517366191 ], [ 41.560352636643138, 18.167068664884365 ], [ 41.560228949408298, 18.167050993283734 ], [ 41.56014346482754, 18.167040211421423 ], [ 41.559994985887492, 18.167080185906649 ], [ 41.559805278767485, 18.167199392338105 ], [ 41.559542326612458, 18.167264051862237 ], [ 41.559385367576127, 18.167271493830093 ], [ 41.55924545586894, 18.167255789647299 ], [ 41.559118391866939, 18.16722152620364 ], [ 41.559036612836735, 18.167166800105026 ], [ 41.558992757084575, 18.16710588415097 ], [ 41.558937076808313, 18.167063053741661 ], [ 41.558820008360492, 18.167044493609847 ], [ 41.558664391407191, 18.16700451911645 ], [ 41.558557315818589, 18.166980249676417 ], [ 41.558447385384007, 18.166963116648095 ], [ 41.558348875231637, 18.166944557359191 ], [ 41.558256075669519, 18.166931708225633 ], [ 41.55814789605143, 18.166980793378833 ], [ 41.557876705446944, 18.166942826387892 ], [ 41.557771936731982, 18.166937836615475 ], [ 41.557675012106088, 18.166888877773591 ], [ 41.557620759252814, 18.166860324417573 ], [ 41.557569363042155, 18.166858897304451 ], [ 41.557482275866931, 18.166897443864841 ], [ 41.557360923353521, 18.166945983618078 ], [ 41.557268123791403, 18.166967399691945 ], [ 41.557079585379576, 18.167002312726265 ], [ 41.556877563255327, 18.167025621935519 ], [ 41.556792708393594, 18.167020224175374 ], [ 41.556651368365102, 18.167025935183137 ], [ 41.55655428563572, 18.167004519969986 ], [ 41.55649146734622, 18.167004519969986 ], [ 41.556429674034455, 18.167009741902234 ], [ 41.556268749834452, 18.167071620677898 ], [ 41.556068737241496, 18.167137810637968 ], [ 41.556016334917715, 18.167179470832476 ], [ 41.555813332731496, 18.1672233630105 ], [ 41.555803328194173, 18.167200111014484 ], [ 41.55576906285598, 18.1671886898637 ], [ 41.555723378133891, 18.167197255940245 ], [ 41.555684829628419, 18.167221527057176 ], [ 41.555622013135547, 18.167251508317587 ], [ 41.555523502983178, 18.167304331861526 ], [ 41.55545640242471, 18.167334313107723 ], [ 41.555329339321034, 18.167354300317808 ], [ 41.555186571869555, 18.167365720604224 ], [ 41.555036666404838, 18.167378571412918 ], [ 41.554976702961312, 18.167401413688889 ], [ 41.554996691374697, 18.167431394918417 ], [ 41.554996683289858, 18.167468750673077 ], [ 41.55498384097455, 18.167508490338509 ], [ 41.554962426036496, 18.16757273493111 ], [ 41.554948149111681, 18.167624131270991 ], [ 41.554915312993103, 18.167682665688474 ], [ 41.554855350447895, 18.167725495945799 ], [ 41.554783966722148, 18.167744056005215 ], [ 41.554716866163687, 18.167742628045787 ], [ 41.554685456569771, 18.167739772980415 ], [ 41.554616928588331, 18.167745483964637 ], [ 41.554574097813898, 18.167752622054511 ], [ 41.554529839616478, 18.167755477973202 ], [ 41.554485582317369, 18.167755477973202 ], [ 41.554384140063917, 18.16774501964311 ], [ 41.554344087778659, 18.167751695972079 ], [ 41.554195763348844, 18.167742628045787 ], [ 41.55412152387882, 18.167735489955504 ], [ 41.554038718972549, 18.167735489955504 ], [ 41.553995889096441, 18.167715502789051 ], [ 41.553928787639663, 18.167716929895171 ], [ 41.553874535684706, 18.167708363844131 ], [ 41.553823140372359, 18.167645546408146 ], [ 41.553804580280271, 18.167662677662442 ], [ 41.553788875932469, 18.167712647723242 ], [ 41.553750201662865, 18.167812068000991 ], [ 41.553617470189735, 18.168001685984727 ], [ 41.55359185562773, 18.168041012419959 ], [ 41.553500485285241, 18.168108113583067 ], [ 41.553404830877149, 18.168165220735847 ], [ 41.553323536038889, 18.168186443762366 ], [ 41.553236365320345, 18.168202339905697 ], [ 41.553147848925505, 18.16823660401041 ], [ 41.553040090617287, 18.168298231413587 ], [ 41.552982239112993, 18.16832797606147 ], [ 41.552907571146569, 18.168326884397391 ], [ 41.552815200979168, 18.168367951105392 ], [ 41.552736678341866, 18.168396505068387 ], [ 41.552656728281583, 18.168429341181174 ], [ 41.552625319585985, 18.168416492156879 ], [ 41.552597224775482, 18.168393986304153 ], [ 41.552575350798307, 18.168415064202943 ], [ 41.552535375768166, 18.16842791322734 ], [ 41.552482552134521, 18.168442190204519 ], [ 41.552442659749381, 18.168427405377653 ], [ 41.552411364241507, 18.168434173008119 ], [ 41.552352633286546, 18.168473599208792 ], [ 41.552294098164317, 18.168502152300977 ], [ 41.552214149002346, 18.168553549220796 ], [ 41.552138482109335, 18.168614939231318 ], [ 41.552050340311972, 18.168646871417064 ], [ 41.551994286336559, 18.16865634130798 ], [ 41.551930040624072, 18.168669191168149 ], [ 41.551830103947026, 18.168707737328869 ], [ 41.55157883168733, 18.168819097029296 ], [ 41.551318601427617, 18.168932687776774 ], [ 41.550983491199084, 18.168996128677243 ], [ 41.550646559187157, 18.169077507252013 ], [ 41.550185419815833, 18.16916602296741 ], [ 41.54987275938457, 18.169223129774153 ], [ 41.549648613551511, 18.169278810322389 ], [ 41.549434462374293, 18.1693344882923 ], [ 41.549198895360711, 18.169410155779769 ], [ 41.548920499369316, 18.169510093179696 ], [ 41.548630680400784, 18.169625735346973 ], [ 41.548379409039399, 18.169737092754794 ], [ 41.548260912270273, 18.169775641240307 ], [ 41.548122427986073, 18.169811332125242 ], [ 41.548011069230192, 18.169834174936454 ], [ 41.547906847589246, 18.169838458763397 ], [ 41.547771219049331, 18.169839885852166 ], [ 41.547577055387187, 18.169837030821096 ], [ 41.547324062853725, 18.169840813630568 ], [ 41.54697877291639, 18.169893358996532 ], [ 41.546961983403726, 18.169890001242024 ], [ 41.546853221677331, 18.169889855289803 ], [ 41.546774700836664, 18.169869868369986 ], [ 41.546735750784258, 18.169844754341518 ], [ 41.546713309970151, 18.16981418801026 ], [ 41.546704743635601, 18.169775641240307 ], [ 41.546696178199369, 18.169739948641023 ], [ 41.546679046428586, 18.169709967807936 ], [ 41.546649066054293, 18.169727099713185 ], [ 41.546617655562066, 18.169781352157937 ], [ 41.546622634923679, 18.169822130886864 ], [ 41.546607662702847, 18.169861300717532 ], [ 41.546584820341799, 18.169905560089184 ], [ 41.546567687672706, 18.169941250947563 ], [ 41.546554838170877, 18.16998836532759 ], [ 41.546537706400095, 18.170016918172038 ], [ 41.546503441960219, 18.17003119501927 ], [ 41.546450619224878, 18.170014063143853 ], [ 41.546412070719398, 18.17000835223384 ], [ 41.546407786653809, 18.17003119501927 ], [ 41.546402076961868, 18.170079735608308 ], [ 41.546414419813871, 18.170132356865686 ], [ 41.54637201124762, 18.170238380303701 ], [ 41.546383516869781, 18.170285321339016 ], [ 41.546382089446801, 18.170319585034918 ], [ 41.546354285690441, 18.170386091272807 ], [ 41.546347050659136, 18.170446383866988 ], [ 41.546326410068858, 18.170479485892113 ], [ 41.546300712861836, 18.170518031653135 ], [ 41.546306424350419, 18.170532309312904 ], [ 41.546336320283068, 18.170535813006726 ], [ 41.546407704008814, 18.170535813006726 ], [ 41.546566551303869, 18.170491335294052 ], [ 41.546621938729345, 18.170446649311401 ], [ 41.546697607418992, 18.170385259091471 ], [ 41.546723304625999, 18.170372410211126 ], [ 41.546754713321597, 18.170379548193598 ], [ 41.546787550338493, 18.170400962992765 ], [ 41.546828951893303, 18.170428088685778 ], [ 41.546838945650848, 18.17044950433251 ], [ 41.546844656241099, 18.170476630017976 ], [ 41.54687443269782, 18.170517206300573 ], [ 41.54689748167138, 18.170530882229791 ], [ 41.546944594714773, 18.170548014054479 ], [ 41.546984569744914, 18.17054230316193 ], [ 41.547031681889997, 18.170526598419837 ], [ 41.547073961997157, 18.17050488063693 ], [ 41.547117343438863, 18.170469491185958 ], [ 41.547153035301733, 18.170456643165338 ], [ 41.547204430614073, 18.17044950433251 ], [ 41.54725868256903, 18.170450932269802 ], [ 41.547288663841648, 18.170453787290832 ], [ 41.547335777783346, 18.170458070249055 ], [ 41.547385745672713, 18.170473774997316 ], [ 41.547447137437544, 18.170515176633145 ], [ 41.547487111569374, 18.17053944814235 ], [ 41.547501389392494, 18.170563717941132 ], [ 41.547528514022495, 18.170595128270751 ], [ 41.547561351039398, 18.170610832153166 ], [ 41.547597043800579, 18.170622253080076 ], [ 41.547654150601502, 18.170623681015957 ], [ 41.547692697310346, 18.170629391905845 ], [ 41.5477312449175, 18.170633674006243 ], [ 41.547778358859212, 18.170650805820841 ], [ 41.547836893083122, 18.170683643216663 ], [ 41.54792112631069, 18.170719334769483 ], [ 41.548029629322272, 18.17074788834789 ], [ 41.548072459198401, 18.170766448085995 ], [ 41.548113861651522, 18.170787862837706 ], [ 41.548186672800242, 18.170823555222725 ], [ 41.548245207922477, 18.170866386416531 ], [ 41.548318019969514, 18.170940625306727 ], [ 41.548367987858882, 18.171004870343374 ], [ 41.548446511394495, 18.17112765032585 ], [ 41.548503618195419, 18.171227586742567 ], [ 41.548586423101675, 18.171370355879251 ], [ 41.548746323222247, 18.171621626101132 ], [ 41.548850543066571, 18.171802941246337 ], [ 41.548937632038417, 18.171951419905572 ], [ 41.548977606170247, 18.172052784628367 ], [ 41.549034712971171, 18.172174136804095 ], [ 41.549066121666769, 18.172246948922545 ], [ 41.549073260578332, 18.172284068931525 ], [ 41.549090393247432, 18.172306912272674 ], [ 41.549111809083797, 18.172322615147579 ], [ 41.549161776973172, 18.172341176425274 ], [ 41.549204606849287, 18.172365445973561 ], [ 41.549263141971508, 18.172406848867748 ], [ 41.549361652123878, 18.172533911624896 ], [ 41.549426373045158, 18.172626472924399 ], [ 41.549513223065141, 18.172821589094688 ], [ 41.549652422408315, 18.173094036982082 ], [ 41.54977853329779, 18.173297481132483 ], [ 41.549886799154137, 18.173456904713408 ], [ 41.549980788085691, 18.173613948580876 ], [ 41.55009024241317, 18.173741250293606 ], [ 41.550228250590273, 18.173850706033207 ], [ 41.550312721871379, 18.173902750039865 ], [ 41.550440889902859, 18.173902750039865 ], [ 41.550585171015591, 18.173875689752986 ], [ 41.550704143891814, 18.173816203196225 ], [ 41.550799322192795, 18.173735896269758 ], [ 41.550942089644273, 18.173542564944679 ], [ 41.551090804841238, 18.173367079337005 ], [ 41.551205570906994, 18.173183720817065 ], [ 41.551309393695959, 18.173058041213086 ], [ 41.551371824811575, 18.172974797874897 ], [ 41.551435827978942, 18.17295959606712 ], [ 41.55151033963849, 18.172891804574579 ], [ 41.551618115913023, 18.17286486191496 ], [ 41.551795720929526, 18.172864418091216 ], [ 41.551914693805756, 18.172849545727633 ], [ 41.551986078429806, 18.172816829083803 ], [ 41.55217797294754, 18.172667086261626 ], [ 41.552241870113697, 18.172569960419512 ], [ 41.552342388899049, 18.172500679402486 ], [ 41.552423303749954, 18.172465858793231 ], [ 41.552464944256627, 18.1724301658905 ], [ 41.552518482949246, 18.172355808995956 ], [ 41.552572019845236, 18.17221601514894 ], [ 41.552637455825476, 18.172094068105189 ], [ 41.552720736838829, 18.171986991707563 ], [ 41.552831157753559, 18.171838752915527 ], [ 41.552872427256034, 18.171752019836219 ], [ 41.552899196153184, 18.171683609931289 ], [ 41.552973554200825, 18.171633046961908 ], [ 41.553083604111329, 18.171630073321822 ], [ 41.553184731056128, 18.17163602230897 ], [ 41.553279910255434, 18.171633046961908 ], [ 41.553336423269954, 18.171600329236554 ], [ 41.553395908809755, 18.171558688874285 ], [ 41.553449446604056, 18.171573559640834 ], [ 41.553491087110743, 18.171624124334471 ], [ 41.553535701939317, 18.171689558916615 ], [ 41.553660624357668, 18.171781763042123 ], [ 41.553845032315834, 18.171909659281884 ], [ 41.554005645698737, 18.171912632917206 ], [ 41.554142465404723, 18.171879916097769 ], [ 41.554365226933932, 18.171811514778089 ], [ 41.5546168441467, 18.171785028580892 ], [ 41.554964199310866, 18.171754379798649 ], [ 41.555079376805011, 18.171790685661502 ], [ 41.555141839361667, 18.171829353185249 ], [ 41.555213222189089, 18.171844224782248 ], [ 41.555302451846259, 18.171826378694995 ], [ 41.5553768098939, 18.171784738386652 ], [ 41.555420124860277, 18.171696167667218 ], [ 41.55549578277013, 18.17163602230897 ], [ 41.55558203900371, 18.17163602230897 ], [ 41.555678999562218, 18.171656119983279 ], [ 41.555808088366867, 18.171677661799276 ], [ 41.555888395058325, 18.171671712813549 ], [ 41.555962752207648, 18.17163602230897 ], [ 41.556077509290247, 18.17154081715243 ], [ 41.556234877060035, 18.171475699168223 ], [ 41.556450229284785, 18.171445788621394 ], [ 41.556566541351138, 18.171478381762675 ], [ 41.556688487650959, 18.171496227885505 ], [ 41.556771768664312, 18.171505152226505 ], [ 41.556866947863618, 18.171490278893589 ], [ 41.556959151842698, 18.171433766874372 ], [ 41.557087047684647, 18.171356435057117 ], [ 41.557214944424906, 18.171341563418558 ], [ 41.557296054210227, 18.171357921879494 ], [ 41.557378532129711, 18.171243410060203 ], [ 41.557452890177366, 18.171186898814575 ], [ 41.557545094156431, 18.171139309349815 ], [ 41.557616477882178, 18.171100643380246 ], [ 41.557690835929819, 18.171085770866377 ], [ 41.5577860142308, 18.171097668877572 ], [ 41.557866320922251, 18.171139309349815 ], [ 41.557933293919952, 18.171212798737528 ], [ 41.558055164761285, 18.171261547255682 ], [ 41.558230665025079, 18.171279700666062 ], [ 41.558437391626462, 18.17132669092522 ], [ 41.55873185039345, 18.171305871139449 ], [ 41.559014410974484, 18.171237461059675 ], [ 41.559234744357482, 18.171194307328108 ], [ 41.559482841970976, 18.171202059808003 ], [ 41.559822609964257, 18.171299959695702 ], [ 41.56001080971123, 18.17140997175051 ], [ 41.560188048215103, 18.171460249710808 ], [ 41.560293371190582, 18.171508125015205 ], [ 41.560486703012764, 18.171621148987203 ], [ 41.560617573176621, 18.171698480687191 ], [ 41.560715725799511, 18.171760941603605 ], [ 41.560822801388113, 18.171826377841484 ], [ 41.560945714275178, 18.171847474103117 ], [ 41.561112773070249, 18.171963486853059 ], [ 41.561179720016803, 18.172094067251674 ], [ 41.561242698206428, 18.172104549219537 ], [ 41.561310591078971, 18.172120835914061 ], [ 41.56144146214114, 18.172239809309414 ], [ 41.561610997591451, 18.17238852487268 ], [ 41.56169725292672, 18.172468832419078 ], [ 41.561851918564123, 18.172581856622532 ], [ 41.562024429234661, 18.172721650176541 ], [ 41.562208837192813, 18.172843596781842 ], [ 41.56237893139523, 18.173012353870902 ], [ 41.562475050232315, 18.173128086750179 ], [ 41.562470578418832, 18.173197541633314 ], [ 41.562455705910985, 18.17326297733263 ], [ 41.562414066302622, 18.173328412153907 ], [ 41.562396220371184, 18.173408719267865 ], [ 41.562387297405472, 18.173486051029393 ], [ 41.562446782945273, 18.173572306991971 ], [ 41.562506270281702, 18.173637741697284 ], [ 41.562628218378144, 18.173729947354179 ], [ 41.562747396968582, 18.173813242395866 ], [ 41.562875086198012, 18.173893533923707 ], [ 41.562884009163724, 18.173941124344555 ], [ 41.562770984931305, 18.173991686645333 ], [ 41.562649037733181, 18.173961943816 ], [ 41.562598475159092, 18.173985737738466 ], [ 41.562568731041722, 18.17403035282798 ], [ 41.562509244603604, 18.174098762666645 ], [ 41.562375400117844, 18.174176094975934 ], [ 41.562309965035922, 18.174176094975934 ], [ 41.562217760158525, 18.17413147992368 ], [ 41.562128529603044, 18.174086864860019 ], [ 41.562018479692533, 18.174066045403478 ], [ 41.562000634659405, 18.174086864860019 ], [ 41.562018479692533, 18.174167171624998 ], [ 41.562066069741341, 18.174238555859237 ], [ 41.56211960843396, 18.174336708386825 ], [ 41.562193965583283, 18.174405118105412 ], [ 41.562306989815703, 18.174503271392826 ], [ 41.562414066302622, 18.1745746546361 ], [ 41.562420014946433, 18.174669833386371 ], [ 41.562369450575716, 18.174726346064848 ], [ 41.562278709053928, 18.174699867991457 ], [ 41.562241554733774, 18.174628192902887 ], [ 41.562134479145172, 18.174544911052617 ], [ 41.562021454912752, 18.174464605314949 ], [ 41.561896533392712, 18.174419990336443 ], [ 41.561863815851751, 18.174461630016104 ], [ 41.561869848937199, 18.17455648193793 ], [ 41.561911405002242, 18.174666858944523 ], [ 41.561953046407233, 18.174744191002095 ], [ 41.561961969372959, 18.174803678096062 ], [ 41.561947096865111, 18.17488101009301 ], [ 41.561899506816303, 18.174964290929402 ], [ 41.561866790173653, 18.175035675691102 ], [ 41.56180281665069, 18.175104376177927 ], [ 41.561676432673373, 18.175199262743757 ], [ 41.561602074625732, 18.175258749682612 ], [ 41.561518793612365, 18.175362851350066 ], [ 41.561492024715221, 18.175472900958297 ], [ 41.56146228239448, 18.175609720331419 ], [ 41.561429563955194, 18.175701924092998 ], [ 41.561381974804696, 18.175814948763236 ], [ 41.561319514044683, 18.175889306744558 ], [ 41.561200541168454, 18.176008280131562 ], [ 41.561105362867472, 18.176106433370826 ], [ 41.560977466127206, 18.176189713622438 ], [ 41.560807929778591, 18.17636222539296 ], [ 41.560727623087132, 18.176412788699274 ], [ 41.560629469565932, 18.176454428756948 ], [ 41.560525369197549, 18.176567452939821 ], [ 41.560462908437529, 18.176626940265784 ], [ 41.560385576067972, 18.17664181230748 ], [ 41.56025768022603, 18.176635862637465 ], [ 41.560177372636261, 18.176659657048866 ], [ 41.560114910977923, 18.176722118750263 ], [ 41.560058399760031, 18.176814322777584 ], [ 41.560058399760031, 18.176921398774056 ], [ 41.560111937554339, 18.177010628294184 ], [ 41.560144655993618, 18.17709688336825 ], [ 41.560186297398609, 18.177198010393973 ], [ 41.560211492447387, 18.177281036639428 ], [ 41.560245782938402, 18.177394316332428 ], [ 41.560210091075533, 18.177551955802723 ], [ 41.560201168109828, 18.177653083418203 ], [ 41.56018034785648, 18.177775029991626 ], [ 41.560132757807672, 18.1778999517201 ], [ 41.560079220911689, 18.178030822128314 ], [ 41.560001887643821, 18.178108155255636 ], [ 41.55985912109066, 18.178191436258896 ], [ 41.559778814399209, 18.178283638656357 ], [ 41.55972825092681, 18.178381792322739 ], [ 41.559589919356213, 18.178578389672815 ], [ 41.55950842329532, 18.178653278193934 ], [ 41.559258307167397, 18.178816044223307 ], [ 41.559127436105229, 18.178893376149137 ], [ 41.558886516030867, 18.179036144989215 ], [ 41.55878241476416, 18.179101579352761 ], [ 41.558678312599149, 18.179181886370454 ], [ 41.558568262688645, 18.179271115588115 ], [ 41.558482008251687, 18.17930978230795 ], [ 41.558380881306888, 18.179363320828941 ], [ 41.558282727785681, 18.179461473034493 ], [ 41.55817862562067, 18.179532856809974 ], [ 41.557890116395818, 18.179675625126787 ], [ 41.557680522372046, 18.17990022773084 ], [ 41.557555479579435, 18.179970373791768 ], [ 41.557366634842097, 18.180065261125513 ], [ 41.557259559253495, 18.180139619002571 ], [ 41.557152482766568, 18.180190182921233 ], [ 41.557048382398186, 18.18022587509029 ], [ 41.556997818925787, 18.180261567252039 ], [ 41.556929408623645, 18.180294284207093 ], [ 41.556819358713128, 18.180324027664064 ], [ 41.556694437193087, 18.180356746314345 ], [ 41.556620587591887, 18.180459155069716 ], [ 41.556413338171005, 18.180541445779493 ], [ 41.556319284560765, 18.180539824187147 ], [ 41.556260186194848, 18.180490590929399 ], [ 41.556182852926995, 18.180487615733302 ], [ 41.556076283089887, 18.180535635358005 ], [ 41.555995470646927, 18.180567922966496 ], [ 41.555831690702639, 18.18053141665732 ], [ 41.555692089812545, 18.180490590929399 ], [ 41.555555270106559, 18.180457873157689 ], [ 41.555489835922955, 18.180422181036096 ], [ 41.555394656723657, 18.180437052754311 ], [ 41.555254863594079, 18.180443002294712 ], [ 41.555165633936923, 18.180472744872862 ], [ 41.555097223634768, 18.180472744872862 ], [ 41.555025839909028, 18.180460848354294 ], [ 41.554987173724257, 18.180484642244089 ], [ 41.554921738642335, 18.180579821184704 ], [ 41.554927687286138, 18.180645255822782 ], [ 41.554842429979161, 18.180844440898341 ], [ 41.554771509784104, 18.181088721240325 ], [ 41.554633230315794, 18.181246068901224 ], [ 41.554588613690584, 18.181287711219326 ], [ 41.554469640814354, 18.181359094247597 ], [ 41.554401232308834, 18.181397761358141 ], [ 41.554306054007853, 18.181460221363388 ], [ 41.554237643705697, 18.181516734403093 ], [ 41.554201951842835, 18.181597040309107 ], [ 41.554204927063054, 18.181695192111466 ], [ 41.554198978419237, 18.181748730753917 ], [ 41.554160311336148, 18.181790371245107 ], [ 41.554094877152536, 18.181861754921165 ], [ 41.554044312781826, 18.181930165103438 ], [ 41.554008620918957, 18.182034266204514 ], [ 41.553969953835875, 18.182168111239498 ], [ 41.553926800566252, 18.182456912196191 ], [ 41.553962495124061, 18.183099366041731 ], [ 41.554061190329385, 18.183441006306431 ], [ 41.554133544235626, 18.18355117286362 ], [ 41.554160312234465, 18.183711786179387 ], [ 41.5541900545552, 18.18385158020487 ], [ 41.554166260878276, 18.183979476132784 ], [ 41.554127963901081, 18.184142548702958 ], [ 41.554047288002046, 18.184354239670473 ], [ 41.554041339358236, 18.184431573408627 ], [ 41.554041339358236, 18.184523776775428 ], [ 41.554103532420299, 18.184593814296012 ], [ 41.554207902283267, 18.184639775976887 ], [ 41.554291182398316, 18.184720083005519 ], [ 41.554273337365203, 18.184803364266266 ], [ 41.554201952741138, 18.184847979150067 ], [ 41.554100825796347, 18.184913413894055 ], [ 41.554018365843163, 18.185001162008511 ], [ 41.553946161057254, 18.185103771157824 ], [ 41.553978877699905, 18.185288178838896 ], [ 41.553987800665624, 18.185359562790453 ], [ 41.553969954734185, 18.185442843745868 ], [ 41.553928315125816, 18.185520176147925 ], [ 41.553871802111289, 18.185636174686721 ], [ 41.553757610967324, 18.185908991735023 ], [ 41.553740931947445, 18.185993094293682 ], [ 41.553720111694105, 18.186120990358198 ], [ 41.553714163948605, 18.186225092371945 ], [ 41.553663599577902, 18.186403552090852 ], [ 41.553553548769074, 18.186644472336372 ], [ 41.553500011873084, 18.186751548273527 ], [ 41.553476218196145, 18.186819957391492 ], [ 41.553470268654024, 18.186870520227181 ], [ 41.553449448400684, 18.186921084755095 ], [ 41.553407807894011, 18.186986518721305 ], [ 41.553357245319916, 18.187022212060054 ], [ 41.553235297223473, 18.187144158911689 ], [ 41.553175810785362, 18.187239336778902 ], [ 41.553083605907972, 18.187310720785305 ], [ 41.553003299216513, 18.187429694064377 ], [ 41.552955710964333, 18.187507025585454 ], [ 41.552908120915532, 18.187602204961504 ], [ 41.552931916389092, 18.187667640379026 ], [ 41.552972651393965, 18.187686859729318 ], [ 41.55298565360939, 18.187790471790588 ], [ 41.552952735744114, 18.187810408011984 ], [ 41.552917043881244, 18.187822304882733 ], [ 41.552890274984094, 18.187852047909498 ], [ 41.552905145695313, 18.187875843351382 ], [ 41.552952735744114, 18.187887740217672 ], [ 41.552991401928892, 18.187852047909498 ], [ 41.553057001402514, 18.187877108140217 ], [ 41.553102848719668, 18.187932780175768 ], [ 41.553103747933271, 18.188032247820335 ], [ 41.553080631586063, 18.188194096193151 ], [ 41.55292938313999, 18.188481927062483 ], [ 41.552809968292635, 18.188684859133684 ], [ 41.552729661601177, 18.188904959395312 ], [ 41.552661252197346, 18.189092342373595 ], [ 41.552573993443907, 18.189321888701183 ], [ 41.552511902789789, 18.189426383940511 ], [ 41.552366794328691, 18.18972884815658 ], [ 41.552164540439094, 18.189895410975158 ], [ 41.55201980208389, 18.19002531398953 ], [ 41.551905774433301, 18.190032230131383 ], [ 41.551756186972192, 18.190116409216444 ], [ 41.551658904816811, 18.19017499668184 ], [ 41.551575109967104, 18.190147629126532 ], [ 41.551474496858653, 18.190085767068112 ], [ 41.55137634423577, 18.190029255098036 ], [ 41.55131983122125, 18.190005460803427 ], [ 41.551278190714562, 18.190011409164029 ], [ 41.551248448393821, 18.190061972781216 ], [ 41.551221187219895, 18.190302852128823 ], [ 41.551197884023111, 18.190371303378154 ], [ 41.551080016972996, 18.19049758411958 ], [ 41.551016450386854, 18.190582479853219 ], [ 41.551009227931978, 18.190709950962457 ], [ 41.551022399030664, 18.190832322798286 ], [ 41.550971835558279, 18.190933450395299 ], [ 41.550892991324098, 18.191058663103437 ], [ 41.550840965394421, 18.191135703706536 ], [ 41.550823120361308, 18.191224933636377 ], [ 41.550844611656153, 18.191290880598107 ], [ 41.550868843710951, 18.191386605802272 ], [ 41.550952476863898, 18.191486965856736 ], [ 41.551010500844725, 18.191581852899098 ], [ 41.551064040435669, 18.19164431437769 ], [ 41.551180442333553, 18.19166950036885 ], [ 41.551218704276458, 18.191697851672853 ], [ 41.55125737135954, 18.191781133014974 ], [ 41.551309397289216, 18.191950960741195 ], [ 41.55135552398243, 18.19209938640973 ], [ 41.551385267201489, 18.192289742656726 ], [ 41.551420959064352, 18.192423586648442 ], [ 41.551441779317692, 18.192542559852669 ], [ 41.551426906809844, 18.192625841644709 ], [ 41.55137634423577, 18.192703174274989 ], [ 41.5513406523729, 18.192721019933487 ], [ 41.551268629046675, 18.192717047309653 ], [ 41.551233575885973, 18.192670457087431 ], [ 41.551197884023111, 18.192610970112401 ], [ 41.551171116024271, 18.192610970112401 ], [ 41.551141372805219, 18.192622866655622 ], [ 41.55112352597547, 18.192652611423757 ], [ 41.551135424161409, 18.192700200140631 ], [ 41.551183013311899, 18.192777532737932 ], [ 41.551224652920261, 18.19285783857924 ], [ 41.551290485057535, 18.192941755156948 ], [ 41.5513406523729, 18.193012503599682 ], [ 41.551352549660514, 18.193128503128378 ], [ 41.551334702830772, 18.193268295579063 ], [ 41.551233575885973, 18.193422961942176 ], [ 41.551090609906822, 18.193512825635601 ], [ 41.550959739742972, 18.193600866408048 ], [ 41.550866941079178, 18.193686526135185 ], [ 41.550771762778197, 18.19372221810244 ], [ 41.55070037815414, 18.1937745659665 ], [ 41.550617098039091, 18.193762668648464 ], [ 41.550534923750163, 18.193669046686441 ], [ 41.550471950950438, 18.193572312302905 ], [ 41.550386290299883, 18.193462856990067 ], [ 41.550262558149285, 18.193353401608494 ], [ 41.550091236848189, 18.193253465065112 ], [ 41.549977023246335, 18.193210634247002 ], [ 41.55001747438358, 18.193317710419137 ], [ 41.550103134135817, 18.193441441608044 ], [ 41.550143585273055, 18.193529482416537 ], [ 41.550167379848304, 18.193608004293548 ], [ 41.550217112379066, 18.193700828354437 ], [ 41.550307767662588, 18.19384594985765 ], [ 41.550426741437136, 18.194031548179211 ], [ 41.550436258189244, 18.194091034669512 ], [ 41.550386290299883, 18.194045824768054 ], [ 41.550250660861657, 18.193948267058691 ], [ 41.550141204737557, 18.193855467878279 ], [ 41.549993678011703, 18.1937745659665 ], [ 41.549869821893587, 18.193699864859905 ], [ 41.549777148095615, 18.19368890628262 ], [ 41.549724799670749, 18.193724598249386 ], [ 41.549687207871052, 18.193845954978077 ], [ 41.549681969794626, 18.193998236418501 ], [ 41.549691487445074, 18.194131485129962 ], [ 41.549739076595564, 18.194243321016263 ], [ 41.549800941772546, 18.194352774985674 ], [ 41.54993657210909, 18.194607377917961 ], [ 41.549981780724075, 18.194721591925497 ], [ 41.54993657210909, 18.194664484931085 ], [ 41.54986518838335, 18.194569305996556 ], [ 41.549789045383243, 18.194516958371143 ], [ 41.549734318219507, 18.194481265713208 ], [ 41.549677211418576, 18.194426538777428 ], [ 41.549610585170583, 18.194338499275375 ], [ 41.54955347836966, 18.194229042736787 ], [ 41.549498751205924, 18.194091034669512 ], [ 41.549405827676296, 18.193914017390842 ], [ 41.549342536872956, 18.193719623750763 ], [ 41.549275080581637, 18.193643696276872 ], [ 41.549241769254273, 18.19355803482188 ], [ 41.549260991404715, 18.193469160249769 ], [ 41.549275080581637, 18.193393852240103 ], [ 41.549289358404764, 18.193289156267621 ], [ 41.54930839370563, 18.193234428957606 ], [ 41.549282220391518, 18.19321301269412 ], [ 41.549217974679031, 18.193174942175009 ], [ 41.549162017721663, 18.193115511697052 ], [ 41.549177524440104, 18.193039312576154 ], [ 41.549179904077292, 18.193032174667369 ], [ 41.549168004993035, 18.192956031835035 ], [ 41.549127554754101, 18.192882269127892 ], [ 41.549065688678802, 18.192832300301621 ], [ 41.548999064227445, 18.192777571994782 ], [ 41.548889609001641, 18.192753778075232 ], [ 41.548796810337848, 18.192756157381993 ], [ 41.548649283612001, 18.192815642600667 ], [ 41.548537448749016, 18.192872750200728 ], [ 41.548461305748909, 18.19293699569505 ], [ 41.548425613886046, 18.193003621322493 ], [ 41.548392633138697, 18.193073533399964 ], [ 41.548373266359491, 18.193215392848018 ], [ 41.548292364085, 18.193305812216519 ], [ 41.548247154571698, 18.193348643011248 ], [ 41.548135318810402, 18.193396233244936 ], [ 41.54803300339448, 18.193403371138814 ], [ 41.547944963106751, 18.193351023163295 ], [ 41.547799816018077, 18.193389093643955 ], [ 41.547730811929533, 18.193360541210943 ], [ 41.547597562128495, 18.193396233244936 ], [ 41.547504761668073, 18.193436683866604 ], [ 41.547440517752214, 18.193538999601039 ], [ 41.547383410052973, 18.193693665723984 ], [ 41.547333442163612, 18.193798362306939 ], [ 41.547250160251942, 18.193838812835299 ], [ 41.547097875150016, 18.193793602868428 ], [ 41.546940829875417, 18.193753152329581 ], [ 41.546859929397563, 18.193779326258934 ], [ 41.546843271937249, 18.193836432689906 ], [ 41.546890861986057, 18.19391019584674 ], [ 41.546969383725049, 18.194000615708273 ], [ 41.547007455225099, 18.194100552676755 ], [ 41.546990798663096, 18.194212387729504 ], [ 41.54697176336223, 18.194364673116837 ], [ 41.546943210410923, 18.194450334175468 ], [ 41.546886102711682, 18.19450506195718 ], [ 41.54682661627357, 18.194609758052827 ], [ 41.546817098623137, 18.194716833365597 ], [ 41.546843271937249, 18.1947786997546 ], [ 41.546928932587797, 18.194840566121652 ], [ 41.547016972875539, 18.194928606223538 ], [ 41.547021732149908, 18.195073753160006 ], [ 41.547069321300405, 18.195173690366666 ], [ 41.547112152074831, 18.195333115289269 ], [ 41.54713594665008, 18.195444948697869 ], [ 41.547133567012892, 18.195580578131874 ], [ 41.54713594665008, 18.195697171621774 ], [ 41.547131189172333, 18.195799488589632 ], [ 41.547128808636835, 18.195911323405802 ], [ 41.547133567012892, 18.196030295936545 ], [ 41.547157236722313, 18.196126916308156 ], [ 41.547120855851624, 18.196279718885652 ], [ 41.54705266563672, 18.196368178983018 ], [ 41.5470463109544, 18.196494335905772 ], [ 41.547038388711904, 18.196577572286941 ], [ 41.547021733048226, 18.196667991618263 ], [ 41.546939438385046, 18.19673861736727 ], [ 41.546896733374751, 18.196777421023658 ], [ 41.546762372357705, 18.196775068226877 ], [ 41.54685041174713, 18.196839313136405 ], [ 41.546843272835567, 18.196913075875923 ], [ 41.546809960609878, 18.196960665136498 ], [ 41.546752853808954, 18.1969892186866 ], [ 41.546681470083222, 18.197034428678048 ], [ 41.546572013959107, 18.197079637804379 ], [ 41.546441143795256, 18.197070120813191 ], [ 41.546375564982888, 18.19704879292 ], [ 41.546281719781788, 18.197027290932851 ], [ 41.546172266352627, 18.197072500061036 ], [ 41.545981356388445, 18.197200748128303 ], [ 41.545829622852118, 18.197262856851239 ], [ 41.545793916616205, 18.197344931405127 ], [ 41.545808207914064, 18.197438937123778 ], [ 41.545862935976118, 18.197569808230966 ], [ 41.54587007398937, 18.197669744859901 ], [ 41.545841760888244, 18.197822554618689 ], [ 41.545846279414121, 18.197902932380273 ], [ 41.545867694352168, 18.197979074758511 ], [ 41.545932012828203, 18.198036902629866 ], [ 41.546024738728462, 18.198131360268576 ], [ 41.546141332865815, 18.198250333844104 ], [ 41.546324550556221, 18.198452588053396 ], [ 41.546493493118447, 18.198702430812961 ], [ 41.546641018945969, 18.198978448069759 ], [ 41.5467314388709, 18.199149769876918 ], [ 41.546743336158521, 18.199223533345346 ], [ 41.546679090446034, 18.199221154126871 ], [ 41.546593429795479, 18.199125975120435 ], [ 41.546481595830819, 18.198997484403346 ], [ 41.546419728857202, 18.198923720839232 ], [ 41.546326930193409, 18.198814266326632 ], [ 41.546219853706482, 18.198735744234789 ], [ 41.546084226064885, 18.198647704349142 ], [ 41.545872452728233, 18.198554904257136 ], [ 41.545629747701405, 18.198481141359085 ], [ 41.545508396086305, 18.198485899816216 ], [ 41.545427493811815, 18.198547765720825 ], [ 41.545345747120962, 18.198655198741235 ], [ 41.545157901310212, 18.198729527356981 ], [ 41.545027744408692, 18.198733364156265 ], [ 41.54494684303252, 18.198678636848783 ], [ 41.544913530806838, 18.198619150217365 ], [ 41.544913530806838, 18.198535867875204 ], [ 41.544892114970466, 18.198419274577439 ], [ 41.54483738780673, 18.198288404961495 ], [ 41.544756486430551, 18.198190847066492 ], [ 41.544668446142822, 18.198124221714924 ], [ 41.544528058328538, 18.198062355659971 ], [ 41.544404325279615, 18.198038560755016 ], [ 41.544306768239757, 18.197990971788759 ], [ 41.544240142890082, 18.197926727303734 ], [ 41.544190174102404, 18.197836306918642 ], [ 41.544175898075913, 18.197738748770576 ], [ 41.544109271827914, 18.197686401243619 ], [ 41.544021232438496, 18.197717333913872 ], [ 41.543999818398753, 18.197843444630703 ], [ 41.543947469075569, 18.197900552290378 ], [ 41.54377614777448, 18.197848203958632 ], [ 41.543652415623868, 18.197783959420985 ], [ 41.543526304734392, 18.1977006783865 ], [ 41.543314532296051, 18.197648329994724 ], [ 41.543190801043771, 18.197541253922587 ], [ 41.543131313707335, 18.197441317219972 ], [ 41.543181281596702, 18.197284271763781 ], [ 41.543238390194261, 18.197103433693631 ], [ 41.543293282648008, 18.196984979902609 ], [ 41.54330263500843, 18.196939251037584 ], [ 41.543338327769618, 18.196853590348677 ], [ 41.543366880720924, 18.196729858168158 ], [ 41.54336926125643, 18.196610885261521 ], [ 41.543354984331614, 18.196529982921774 ], [ 41.543314532296051, 18.196487152055319 ], [ 41.543264564406691, 18.19646573789823 ], [ 41.543197939057016, 18.196451460654192 ], [ 41.543150349906519, 18.196427666382707 ], [ 41.543112278406461, 18.196380076976613 ], [ 41.543048032693974, 18.196346764811313 ], [ 41.542952855291311, 18.196332488410917 ], [ 41.542831501879576, 18.196370559093836 ], [ 41.542689249162756, 18.196466895097394 ], [ 41.542602264395477, 18.196505554591109 ], [ 41.542381717213452, 18.196739145615911 ], [ 41.542303137083962, 18.196852650766484 ], [ 41.54223196625896, 18.196936761700684 ], [ 41.542120043361081, 18.19694638878638 ], [ 41.542067694936208, 18.196955906637719 ], [ 41.541996311210468, 18.196948768035917 ], [ 41.54191065055992, 18.196915455125911 ], [ 41.541834507559813, 18.196867866706391 ], [ 41.54176550257295, 18.196813138813127 ], [ 41.541689361369464, 18.196791723842701 ], [ 41.54163463330741, 18.196808380310323 ], [ 41.541603699820605, 18.19686072810099 ], [ 41.541624989892831, 18.196924035103905 ], [ 41.541587044156913, 18.197013013734804 ], [ 41.541537075369234, 18.197084398006556 ], [ 41.541496625130314, 18.197148641948676 ], [ 41.541421655329955, 18.197206235413834 ], [ 41.541394058186114, 18.197272927680562 ], [ 41.541429998882322, 18.197346138094925 ], [ 41.541434759055008, 18.197396107334068 ], [ 41.541418101594701, 18.197469869837953 ], [ 41.541391928280575, 18.197512701316306 ], [ 41.541296749979594, 18.197581705289153 ], [ 41.541218228240602, 18.197622154939552 ], [ 41.541149223253747, 18.197657847807726 ], [ 41.541077838629697, 18.19768402200415 ], [ 41.541020731828759, 18.197731611054223 ], [ 41.540951727740207, 18.197767303046597 ], [ 41.540839892877237, 18.197793477226583 ], [ 41.540694299325878, 18.197820945987814 ], [ 41.540387671081739, 18.197947204265187 ], [ 41.540387671081739, 18.197979075611894 ], [ 41.540418729434379, 18.198043320931006 ], [ 41.540437763836934, 18.19812422342169 ], [ 41.540459178774988, 18.198212262718396 ], [ 41.540468697323746, 18.198295544361805 ], [ 41.540471076960927, 18.198395480574607 ], [ 41.540473455699797, 18.198419276284209 ], [ 41.54048059461136, 18.198488280751505 ], [ 41.540511527199854, 18.198526351816916 ], [ 41.540597188748713, 18.198578699944967 ], [ 41.54064715663808, 18.198616770990629 ], [ 41.540668571576134, 18.198669119091527 ], [ 41.540666192837264, 18.19872146803008 ], [ 41.54064715663808, 18.198814267180015 ], [ 41.54060432586364, 18.198911824726043 ], [ 41.540559117248662, 18.199011762292209 ], [ 41.540549598699911, 18.199073628010144 ], [ 41.540554357974287, 18.199123596754003 ], [ 41.540549598699911, 18.199185461578857 ], [ 41.540506768823796, 18.19925684666757 ], [ 41.540425867447624, 18.199359163252517 ], [ 41.540321169699567, 18.199494792200749 ], [ 41.540280720358957, 18.199597108645996 ], [ 41.540186655070613, 18.199797360980373 ], [ 41.540015591586005, 18.200302772684857 ], [ 41.53986646675726, 18.20055316236331 ], [ 41.539459680850527, 18.201016708989805 ], [ 41.538924302907489, 18.201540189762312 ], [ 41.53854358880524, 18.201837622850977 ], [ 41.538399259183493, 18.201907300123114 ], [ 41.538093996378592, 18.202019399829766 ], [ 41.537770389077274, 18.20219548041657 ], [ 41.537710777773334, 18.202277823163541 ], [ 41.53762048361255, 18.202390595934997 ], [ 41.537401573160963, 18.20253574263047 ], [ 41.537249288059051, 18.202640439875474 ], [ 41.537182661811059, 18.202718961914577 ], [ 41.537118416996883, 18.202845073278681 ], [ 41.537051791647208, 18.202999738823536 ], [ 41.536956139035752, 18.203085161817544 ], [ 41.536904265819672, 18.203132989186546 ], [ 41.536880471244423, 18.203168680072633 ], [ 41.536859056306376, 18.203211510150314 ], [ 41.53685976597545, 18.203307303903209 ], [ 41.536861435045239, 18.203409006252379 ], [ 41.53683526083281, 18.20350418377275 ], [ 41.536749601080572, 18.203706438710995 ], [ 41.53668059609371, 18.203880139291392 ], [ 41.536644905129158, 18.204039563076247 ], [ 41.53659969471753, 18.204196606711317 ], [ 41.536528310991805, 18.204379825955588 ], [ 41.536471203292557, 18.204548768426534 ], [ 41.536402199204005, 18.20466298189227 ], [ 41.536312538355503, 18.204825929299524 ], [ 41.536295788368712, 18.204882090011871 ], [ 41.536323676566703, 18.204948517362396 ], [ 41.536326056203897, 18.205053213157516 ], [ 41.536318918190652, 18.205115079290522 ], [ 41.536292744876533, 18.205186462803347 ], [ 41.536245154827725, 18.205272123662805 ], [ 41.5361286801663, 18.205401077387613 ], [ 41.535973771983763, 18.205739939826547 ], [ 41.535688236182494, 18.206073063716879 ], [ 41.535236139252831, 18.206429983292502 ], [ 41.534795937814152, 18.206632237394075 ], [ 41.534560280070721, 18.206857184154934 ], [ 41.534453420077782, 18.206897294582589 ], [ 41.534408210564472, 18.206952023575386 ], [ 41.534420108750417, 18.207018648111511 ], [ 41.534450917371402, 18.207096232917046 ], [ 41.534450917371402, 18.20723279963552 ], [ 41.534479595188536, 18.207320840303321 ], [ 41.534505769400958, 18.207389843805352 ], [ 41.534484353564594, 18.20746836711718 ], [ 41.534415224610221, 18.207536432742859 ], [ 41.534248664380129, 18.207667303092759 ], [ 41.533975024968164, 18.207821966916487 ], [ 41.53367759187929, 18.208000426710662 ], [ 41.533597691226333, 18.208035050784062 ], [ 41.533465945205087, 18.208065611269799 ], [ 41.533368388165236, 18.208084646610551 ], [ 41.5332755877048, 18.208129857136502 ], [ 41.533170891753386, 18.208196481222121 ], [ 41.533137655884502, 18.208246600949735 ], [ 41.533078093987911, 18.20832021294019 ], [ 41.532959120213356, 18.208351146282642 ], [ 41.532840147337133, 18.208365423404995 ], [ 41.532659992901849, 18.208354131243226 ], [ 41.532619966667731, 18.20836013615093 ], [ 41.532502264009317, 18.208315454751634 ], [ 41.532390429146332, 18.208298799383996 ], [ 41.532266696995734, 18.20824645076295 ], [ 41.532219107845236, 18.208167928655214 ], [ 41.532159621407132, 18.208139375230292 ], [ 41.532097755331826, 18.208127478039639 ], [ 41.532038991139196, 18.208138567975812 ], [ 41.531950228605972, 18.208139375230292 ], [ 41.531893121805048, 18.208101303705337 ], [ 41.531850291030615, 18.208013264285348 ], [ 41.531831255729742, 18.207925223967514 ], [ 41.531816977906615, 18.2077543280706 ], [ 41.531809840791688, 18.207515956054994 ], [ 41.531781286043753, 18.207361291106221 ], [ 41.531767010017255, 18.207280388637692 ], [ 41.531745594180883, 18.207201867801139 ], [ 41.53171228105689, 18.207113827926548 ], [ 41.531669451180768, 18.207001992619876 ], [ 41.531600447092217, 18.206942506270057 ], [ 41.531502889154048, 18.206863983574518 ], [ 41.531345844777768, 18.206756908045385 ], [ 41.53122449226435, 18.206664108858895 ], [ 41.531067447888056, 18.206526101252532 ], [ 41.53096751121101, 18.206426162876205 ], [ 41.530877091286094, 18.206319087931298 ], [ 41.530770014799174, 18.206169181873847 ], [ 41.530686733785814, 18.20606448504271 ], [ 41.530541586697154, 18.2059716863407 ], [ 41.530384542320867, 18.2059407525757 ], [ 41.53014183819235, 18.205866990244218 ], [ 41.530006207855806, 18.205814641745704 ], [ 41.529896752630009, 18.205731360282627 ], [ 41.529756364815725, 18.205595731922138 ], [ 41.529611217727066, 18.205419652211685 ], [ 41.529458931726836, 18.20526974538026 ], [ 41.529339958850606, 18.205122219264485 ], [ 41.529289990961246, 18.204934240813348 ], [ 41.529266196385997, 18.204693915884157 ], [ 41.529228124885947, 18.204413139145377 ], [ 41.52924953892569, 18.204134742812222 ], [ 41.529275713138119, 18.203875380981557 ], [ 41.529280472412495, 18.203632676286865 ], [ 41.529220985974383, 18.203406627091042 ], [ 41.529132945686648, 18.203204372658128 ], [ 41.529028248836916, 18.203035430590273 ], [ 41.528944968721866, 18.202902181006017 ], [ 41.528778405796835, 18.202773691366623 ], [ 41.528514285831939, 18.202614267276843 ], [ 41.528254925141432, 18.202395356845468 ], [ 41.528040773065896, 18.202171686929329 ], [ 41.52797414861454, 18.202076507827709 ], [ 41.527912283437544, 18.201974191131512 ], [ 41.527798068937386, 18.201857597574083 ], [ 41.527662438600835, 18.201762420007629 ], [ 41.527536326813049, 18.201700554390879 ], [ 41.52739117972439, 18.2016148926288 ], [ 41.527193561141665, 18.201587781172826 ], [ 41.526970462744224, 18.201521454945016 ], [ 41.526689239754631, 18.201412638676178 ], [ 41.52647270894024, 18.201324599289535 ], [ 41.526325182214386, 18.201277011220604 ], [ 41.526175275851351, 18.201257975136027 ], [ 41.526046785324681, 18.201267492751892 ], [ 41.52588022329796, 18.201303184873467 ], [ 41.525680348147247, 18.201355533020759 ], [ 41.525442402394788, 18.201462609309452 ], [ 41.525249666155638, 18.20157682223812 ], [ 41.525069640179439, 18.201719796088312 ], [ 41.524954612703937, 18.201805251284352 ], [ 41.524895126265818, 18.201829044821626 ], [ 41.52479711378011, 18.201822248618999 ], [ 41.524766634840844, 18.201829044821626 ], [ 41.52465479997786, 18.201921844876807 ], [ 41.524595314438066, 18.201978952053366 ], [ 41.524554863300821, 18.202045575931205 ], [ 41.524523929814009, 18.202114580669306 ], [ 41.524466823013086, 18.202266865978963 ], [ 41.524469614078676, 18.202282409990996 ], [ 41.52446232065688, 18.202452660993547 ], [ 41.52449537686271, 18.202528606817324 ], [ 41.524492997225515, 18.202590472993435 ], [ 41.524490617588327, 18.202661856687275 ], [ 41.52450013523876, 18.202721343645383 ], [ 41.52448823795114, 18.202797485625016 ], [ 41.524457305362645, 18.202878387615282 ], [ 41.524410700765714, 18.202945518045045 ], [ 41.52437164381378, 18.203014017237827 ], [ 41.524400959434772, 18.203193953147835 ], [ 41.524443028437837, 18.203261481121046 ], [ 41.524454924827147, 18.203328106215206 ], [ 41.524469201751963, 18.203387592092483 ], [ 41.524483478676764, 18.203430422116355 ], [ 41.524509652889193, 18.203480391317584 ], [ 41.524545344752063, 18.203542257155746 ], [ 41.524559621676879, 18.20359698464247 ], [ 41.524554863300821, 18.203670747935064 ], [ 41.524516790902453, 18.203761167852861 ], [ 41.524462740170122, 18.203891189390255 ], [ 41.524421612601465, 18.203937248386172 ], [ 41.524419233862588, 18.203982458281782 ], [ 41.524443028437837, 18.203994354902164 ], [ 41.52448080529048, 18.203986300085539 ], [ 41.524526310349515, 18.203996734055476 ], [ 41.524559621676879, 18.204027667312303 ], [ 41.524585795889315, 18.204089533809483 ], [ 41.524585795889315, 18.204153777729154 ], [ 41.524571519862818, 18.204225163342567 ], [ 41.524542965114883, 18.204360791916709 ], [ 41.52452933138381, 18.204379966758829 ], [ 41.524480752289882, 18.204528202638855 ], [ 41.524476212204426, 18.204564517039486 ], [ 41.52449537686271, 18.204622533022867 ], [ 41.52448823795114, 18.20469153674037 ], [ 41.524435890424591, 18.204843823211068 ], [ 41.524305710166885, 18.205103782651307 ], [ 41.524183541983184, 18.205383022250526 ], [ 41.524168119706381, 18.205408314631516 ], [ 41.524057555061212, 18.205638563109861 ], [ 41.523901656935237, 18.205875369245231 ], [ 41.523779158171514, 18.206166802750207 ], [ 41.523729190282147, 18.206290534203312 ], [ 41.523681037887975, 18.206321024167604 ], [ 41.523660061327782, 18.206572751771333 ], [ 41.523671820274842, 18.206621091894771 ], [ 41.523664400190597, 18.206774507355863 ], [ 41.52371198844277, 18.206947017880744 ], [ 41.523806054629432, 18.207108085804478 ], [ 41.523923166196397, 18.207238503353221 ], [ 41.523967780126668, 18.207330705750095 ], [ 41.523973729668796, 18.207416961185146 ], [ 41.523982652634508, 18.207553781093374 ], [ 41.523973729668796, 18.207756034743461 ], [ 41.52396480670307, 18.207880957177863 ], [ 41.52395885805926, 18.207952340410628 ], [ 41.523964214713303, 18.208032008644558 ], [ 41.524045114292839, 18.208115929008713 ], [ 41.524095677765239, 18.208205158778068 ], [ 41.524117530182842, 18.208348756948801 ], [ 41.524231132930304, 18.208761856922997 ], [ 41.524229522251005, 18.208999303076816 ], [ 41.524171645593874, 18.209202056806056 ], [ 41.524064570005272, 18.209487591662537 ], [ 41.524001896344522, 18.209693521759554 ], [ 41.524059985004058, 18.209775602404505 ], [ 41.524104600730958, 18.209876729248919 ], [ 41.524113523696677, 18.209977856034609 ], [ 41.524113523696677, 18.21009385536313 ], [ 41.524131369628108, 18.210203905236561 ], [ 41.524173010134795, 18.210293134789556 ], [ 41.524205727675749, 18.210421031796216 ], [ 41.524214650641468, 18.21059651595176 ], [ 41.524208701997658, 18.210730361242359 ], [ 41.524205727675749, 18.210822565204051 ], [ 41.524220599285286, 18.210902872115852 ], [ 41.524235470894816, 18.210938563969954 ], [ 41.524283060045299, 18.210965332642399 ], [ 41.524321727128395, 18.211027793999865 ], [ 41.524345520805326, 18.211114049310659 ], [ 41.524351470347455, 18.211191382269298 ], [ 41.524360392414849, 18.211265739669464 ], [ 41.524390134735597, 18.211340097891199 ], [ 41.524409592244638, 18.211486339616823 ], [ 41.524477611779645, 18.211545290237787 ], [ 41.524637005250398, 18.211589941795676 ], [ 41.524779772701869, 18.211595891126166 ], [ 41.524985000913361, 18.211640505125121 ], [ 41.525089103078379, 18.211679170638526 ], [ 41.525270536714629, 18.21179219502536 ], [ 41.525490637433968, 18.211967680359201 ], [ 41.525657198562378, 18.212086653019195 ], [ 41.525823760589098, 18.212193728685019 ], [ 41.52599329693772, 18.212279984271639 ], [ 41.526252063841831, 18.212398956718268 ], [ 41.526475138883079, 18.212526853031711 ], [ 41.526862969439009, 18.212832252650994 ], [ 41.527309117724869, 18.213099943105881 ], [ 41.527477486263614, 18.213231769248519 ], [ 41.527581588428639, 18.213267459771988 ], [ 41.527691638339149, 18.213267459771988 ], [ 41.527846303078242, 18.213261512205229 ], [ 41.527926609769693, 18.213225819973921 ], [ 41.527997992597122, 18.213136590216951 ], [ 41.52808722315261, 18.21299977128124 ], [ 41.528163703020951, 18.212828742127233 ], [ 41.528430880851069, 18.212676069260802 ], [ 41.528847286816188, 18.212450020707788 ], [ 41.529050905246699, 18.212348393609044 ], [ 41.529143185582569, 18.212354910367363 ], [ 41.529184748834133, 18.212279984271639 ], [ 41.529247211390782, 18.212211574907361 ], [ 41.529351311759171, 18.212196703339973 ], [ 41.52949407921065, 18.212184806426475 ], [ 41.529675513745211, 18.212172907805535 ], [ 41.529815306874774, 18.21217588331416 ], [ 41.529961048648168, 18.212205625597907 ], [ 41.530118687709162, 18.212247267346552 ], [ 41.53029417359992, 18.212318649643056 ], [ 41.530570786435469, 18.212473316162757 ], [ 41.530826578119353, 18.212705313124808 ], [ 41.531144830563271, 18.213074129615865 ], [ 41.531446329427126, 18.213598686868004 ], [ 41.531614538964078, 18.213893053916554 ], [ 41.531724825131512, 18.214240065959359 ], [ 41.531828926398212, 18.214552369209496 ], [ 41.532069847370892, 18.215046106762745 ], [ 41.532438317435819, 18.215742227231949 ], [ 41.532618733280849, 18.216233362274806 ], [ 41.532904269082117, 18.21667356289673 ], [ 41.533142214834569, 18.217268428079013 ], [ 41.53330877686129, 18.217768114728955 ], [ 41.533487237073949, 18.218101238649854 ], [ 41.533519947428388, 18.218387451780458 ], [ 41.533564222693798, 18.218430143296658 ], [ 41.533592701983252, 18.21843981271201 ], [ 41.533693828928037, 18.218448736356585 ], [ 41.533717624401604, 18.218496325706798 ], [ 41.533702751893756, 18.218537965950926 ], [ 41.533670035251113, 18.218579606185088 ], [ 41.533696804148271, 18.218618272717379 ], [ 41.533693828928037, 18.218665862021243 ], [ 41.533670035251113, 18.21872534863278 ], [ 41.533678958216832, 18.218793757997599 ], [ 41.533664701953271, 18.218883327021278 ], [ 41.533625420422524, 18.21895437211073 ], [ 41.533580804695625, 18.219052524206223 ], [ 41.533509420969892, 18.219156626171795 ], [ 41.533366654416731, 18.219242880868755 ], [ 41.53324173199838, 18.219341033654846 ], [ 41.533198903020569, 18.219476114597651 ], [ 41.533206446174013, 18.219633586310803 ], [ 41.533279614852226, 18.219763295644281 ], [ 41.53341126924532, 18.219909130108089 ], [ 41.533548088052974, 18.220063795004396 ], [ 41.533705054275835, 18.220325272738972 ], [ 41.533856053888577, 18.220492598145686 ], [ 41.534117794216272, 18.220992284073123 ], [ 41.534272459853696, 18.221444381741357 ], [ 41.534427123694471, 18.221991657597183 ], [ 41.534498509216832, 18.222479447277166 ], [ 41.534581790230199, 18.222800675379197 ], [ 41.53460558390713, 18.22319328584544 ], [ 41.534581790230199, 18.223526409622366 ], [ 41.534464180996572, 18.223906624889938 ], [ 41.534398745016325, 18.223969085017352 ], [ 41.534261926208671, 18.224037494880914 ], [ 41.534139979010533, 18.22405831519464 ], [ 41.533940699442851, 18.224094006911443 ], [ 41.533806854957092, 18.224129700327431 ], [ 41.533714650978013, 18.224132673925183 ], [ 41.533662739134378, 18.224102005336285 ], [ 41.533532840947665, 18.224105224672318 ], [ 41.533423165634623, 18.224117801669664 ], [ 41.533378551704352, 18.224153494227515 ], [ 41.533335063363133, 18.224255913081887 ], [ 41.533304192758393, 18.224340876836454 ], [ 41.533301219334803, 18.224471747354102 ], [ 41.53329229636909, 18.224555028386231 ], [ 41.533283373403371, 18.224656155178337 ], [ 41.533253630184319, 18.224733487240897 ], [ 41.53316737484905, 18.224816768147758 ], [ 41.533057324938532, 18.224882204093188 ], [ 41.532979991670672, 18.22492681810019 ], [ 41.532881839047782, 18.224920870078535 ], [ 41.532804505779914, 18.224905997890378 ], [ 41.532750968883931, 18.224911946765793 ], [ 41.532679585158199, 18.224968460218843 ], [ 41.532581431636991, 18.225048765724704 ], [ 41.532471381726474, 18.225182610996281 ], [ 41.532307794021662, 18.225301584010563 ], [ 41.532218565262809, 18.225420556943497 ], [ 41.532043079372052, 18.225563324355644 ], [ 41.531763492214601, 18.225780449677064 ], [ 41.531451189312818, 18.225982704337913 ], [ 41.531085346820099, 18.226190906742108 ], [ 41.530761144834059, 18.226330699962052 ], [ 41.530273888742485, 18.226578272346732 ], [ 41.530203582096775, 18.226631606925057 ], [ 41.529489743941085, 18.227202678722016 ], [ 41.52921551343767, 18.227382347315572 ], [ 41.529000343570928, 18.227466894015745 ], [ 41.528583937605816, 18.227734583295437 ], [ 41.528192937793555, 18.228059284609412 ], [ 41.528146712285661, 18.228073657384495 ], [ 41.528045585340877, 18.22826401271184 ], [ 41.52800609540099, 18.228422589091625 ], [ 41.528009892579689, 18.228531703324776 ], [ 41.527926611566336, 18.228665546770316 ], [ 41.527672338035266, 18.229094971199441 ], [ 41.52765536436798, 18.229208125060996 ], [ 41.527599436156706, 18.229340719709743 ], [ 41.527572668157866, 18.229397231724288 ], [ 41.527557795650026, 18.22945374372048 ], [ 41.527608359122425, 18.22946861637314 ], [ 41.527679742848157, 18.229397231724288 ], [ 41.527788430014375, 18.229320399168081 ], [ 41.527876048992248, 18.229284206823603 ], [ 41.527956355683706, 18.229325847899375 ], [ 41.528033688053249, 18.229426975331535 ], [ 41.528069379916118, 18.229501332620945 ], [ 41.528084252423966, 18.229584614658584 ], [ 41.528060457848724, 18.229685741940319 ], [ 41.528024765087544, 18.229760099972353 ], [ 41.527986098902758, 18.229855277592652 ], [ 41.527968252971327, 18.229950456014105 ], [ 41.52794743271798, 18.230060506132308 ], [ 41.527924314574143, 18.230237968744401 ], [ 41.527990683903973, 18.230414950809585 ], [ 41.528063148302991, 18.230538140295558 ], [ 41.528185379368765, 18.230679166344096 ], [ 41.528229994197346, 18.230765422155468 ], [ 41.528265686060216, 18.230881421282628 ], [ 41.528277583347837, 18.23102121414653 ], [ 41.528292454957366, 18.231125314924569 ], [ 41.528283531991647, 18.231443568096637 ], [ 41.528277583347837, 18.231675566222361 ], [ 41.528238590176301, 18.231856847045059 ], [ 41.528216734165433, 18.232330416674355 ], [ 41.528148186421056, 18.232688384767059 ], [ 41.528057482628498, 18.232844475968978 ], [ 41.527902818787723, 18.232996167013013 ], [ 41.527837382807476, 18.23306755103815 ], [ 41.527765999980055, 18.233275754348554 ], [ 41.527676770322877, 18.233588058420239 ], [ 41.527490997823811, 18.234031732062991 ], [ 41.527467203248563, 18.234412444827118 ], [ 41.527490997823811, 18.234733672226682 ], [ 41.527562380651233, 18.234876441380976 ], [ 41.527623231630258, 18.234893787006587 ], [ 41.527664873035263, 18.234893787006587 ], [ 41.527697589677913, 18.234869992869054 ], [ 41.527716273737497, 18.234804989841983 ], [ 41.527895505602991, 18.234721775147367 ], [ 41.527935327919536, 18.234706360305942 ], [ 41.528111022219434, 18.234590406389955 ], [ 41.528203226198514, 18.234560662812434 ], [ 41.528295430177586, 18.234539842049184 ], [ 41.528399532342604, 18.234545790595163 ], [ 41.528509582253115, 18.234578507594428 ], [ 41.528668831095111, 18.234638493862981 ], [ 41.528706211790713, 18.234655109169228 ], [ 41.528818911731307, 18.234667738302559 ], [ 41.528979525114217, 18.234712353212849 ], [ 41.529095522770227, 18.234780762264695 ], [ 41.529113368701658, 18.234843221900828 ], [ 41.529003318791148, 18.234884864205394 ], [ 41.52879397180407, 18.234907284683562 ], [ 41.528649871252718, 18.234964926236795 ], [ 41.528456042662178, 18.234983016699747 ], [ 41.528280558568063, 18.235027630675962 ], [ 41.528140765438494, 18.235110912627206 ], [ 41.528015843020135, 18.235215014370272 ], [ 41.527935536328684, 18.235310193271655 ], [ 41.527771948623865, 18.235432139589829 ], [ 41.527705487665884, 18.235541623127574 ], [ 41.527682718966688, 18.23561357433903 ], [ 41.527682718966688, 18.235667111768187 ], [ 41.527712462185747, 18.2357533668123 ], [ 41.527774054274893, 18.235812938020953 ], [ 41.527868970267811, 18.235794979890166 ], [ 41.527969551935229, 18.235775951845913 ], [ 41.528102099253715, 18.235661163260563 ], [ 41.528238917163058, 18.235592752848635 ], [ 41.528334096362364, 18.235565983698066 ], [ 41.528384659834757, 18.235586804338467 ], [ 41.528385630015265, 18.235635894045675 ], [ 41.528366813005007, 18.235726599392855 ], [ 41.528292455855677, 18.235780135934021 ], [ 41.528212149164226, 18.23588423727648 ], [ 41.528099124033488, 18.235985364308323 ], [ 41.528036663273468, 18.236104336759986 ], [ 41.527962306124138, 18.236270899591318 ], [ 41.527920664719147, 18.236375002346382 ], [ 41.527789793656979, 18.236461257039373 ], [ 41.527655950069537, 18.236514795060756 ], [ 41.527483439399006, 18.236553460166885 ], [ 41.527419067922381, 18.236654407638657 ], [ 41.527371468890422, 18.236697284082009 ], [ 41.527361491302564, 18.236767612039962 ], [ 41.5272629056917, 18.236805846226911 ], [ 41.527108673940567, 18.236818175732971 ], [ 41.527010521317692, 18.236812227264721 ], [ 41.526811240851686, 18.236818175732971 ], [ 41.526683345009737, 18.236862790091568 ], [ 41.526501911373494, 18.236934175089171 ], [ 41.526362118243917, 18.237014481896662 ], [ 41.526234220605346, 18.237094787813863 ], [ 41.526100377017904, 18.237231606575804 ], [ 41.525874327654755, 18.237395194956381 ], [ 41.525692894018512, 18.237520116594084 ], [ 41.525478742841294, 18.237627192821535 ], [ 41.525356794744845, 18.237701550871133 ], [ 41.525318130356695, 18.237805651916503 ], [ 41.525347872677443, 18.237921650613949 ], [ 41.525395460929623, 18.238016828887062 ], [ 41.525338949711717, 18.238114982173183 ], [ 41.525228899801213, 18.238189340014173 ], [ 41.525086132349742, 18.238260723613994 ], [ 41.524999877912784, 18.23832615876805 ], [ 41.524943364898263, 18.238418362613061 ], [ 41.52488090413825, 18.238501644646753 ], [ 41.524773827651323, 18.238581950730303 ], [ 41.524663777740813, 18.238570053914273 ], [ 41.524580497625763, 18.238495696236097 ], [ 41.524446652241686, 18.238510568115547 ], [ 41.524223578098763, 18.238578977379557 ], [ 41.524122451153964, 18.238671181090499 ], [ 41.524083784969193, 18.238772308207906 ], [ 41.524021323310862, 18.238915075752747 ], [ 41.52390235133295, 18.239039998004852 ], [ 41.523792301422439, 18.239048920592833 ], [ 41.52365548171646, 18.239105432012451 ], [ 41.523438356217341, 18.239188713717041 ], [ 41.523149846094171, 18.239269021189614 ], [ 41.522810773396913, 18.239370147959299 ], [ 41.522650159115692, 18.23941773670591 ], [ 41.522349752603219, 18.23954563363748 ], [ 41.522082062733382, 18.239608094121632 ], [ 41.521972012822879, 18.239628914278029 ], [ 41.521740015714236, 18.239700298139997 ], [ 41.521582375754903, 18.23973896509731 ], [ 41.521394994373161, 18.239786554596147 ], [ 41.521237354413842, 18.239828194863708 ], [ 41.521121355859528, 18.239872810156324 ], [ 41.520993460017579, 18.239950142279255 ], [ 41.520877460564932, 18.240060192042023 ], [ 41.520770384976331, 18.240128602402667 ], [ 41.52057705405246, 18.240205935265003 ], [ 41.520386696552173, 18.240265421336854 ], [ 41.520199314272119, 18.240342753285145 ], [ 41.520011931992059, 18.240405215189277 ], [ 41.51974424302054, 18.240461726168046 ], [ 41.519607424212886, 18.240628289091134 ], [ 41.519458707219279, 18.240726441756159 ], [ 41.519286197447066, 18.240863261073024 ], [ 41.51905122511819, 18.241006027754015 ], [ 41.518929277021748, 18.241071463581186 ], [ 41.518860867617917, 18.241172591008787 ], [ 41.518876262046938, 18.241259890163999 ], [ 41.518860867617917, 18.241348074867613 ], [ 41.518789483892178, 18.241389715614332 ], [ 41.518753792029301, 18.241389715614332 ], [ 41.51867943398166, 18.241419458876859 ], [ 41.518535163648721, 18.241474194076901 ], [ 41.518468257126365, 18.241470022923384 ], [ 41.518349284250128, 18.241490843709972 ], [ 41.518310618065364, 18.241496792018154 ], [ 41.518227336153679, 18.241588995888005 ], [ 41.518188669968907, 18.241657404793891 ], [ 41.518135132174606, 18.241758531880635 ], [ 41.51807564483817, 18.241871557205812 ], [ 41.518007236332657, 18.242002428183941 ], [ 41.517903135065957, 18.242079760212729 ], [ 41.517778212647599, 18.242168989630855 ], [ 41.517638418619718, 18.242264168138274 ], [ 41.517603669987899, 18.242293324272243 ], [ 41.517519445743481, 18.242403961236612 ], [ 41.517388575579638, 18.242499139615376 ], [ 41.517284475211248, 18.242543755075694 ], [ 41.517128445931235, 18.242573998095867 ], [ 41.516972171411147, 18.242573498140764 ], [ 41.516808582808018, 18.242615137740792 ], [ 41.516683661287978, 18.242722214242967 ], [ 41.516600380274625, 18.242835238088411 ], [ 41.516506066152942, 18.2429918073382 ], [ 41.516407049350747, 18.243022621046798 ], [ 41.516314845371667, 18.243076159607206 ], [ 41.516192897275218, 18.243129697297963 ], [ 41.516067975755178, 18.243162415241514 ], [ 41.516035258214217, 18.24322487527936 ], [ 41.516053103247337, 18.243299234347464 ], [ 41.516124600160808, 18.24331258377488 ], [ 41.516131802852748, 18.243336597725989 ], [ 41.516207768884755, 18.243361694336148 ], [ 41.516268077281346, 18.243466547040079 ], [ 41.516474094213663, 18.243573371335355 ], [ 41.516837001012036, 18.244155933287836 ], [ 41.516897811566878, 18.244328349594724 ], [ 41.516942429090406, 18.244512759400553 ], [ 41.516966222767337, 18.244619833880609 ], [ 41.517031657849266, 18.244831011958485 ], [ 41.517082222219983, 18.244967830604157 ], [ 41.517193481262858, 18.245136323307669 ], [ 41.517254732890514, 18.245155212969824 ], [ 41.517284476109566, 18.245187931385253 ], [ 41.517293399075278, 18.245241469278714 ], [ 41.517253548012654, 18.245341736009294 ], [ 41.517274186806304, 18.245527486746756 ], [ 41.517245914129369, 18.245668678946856 ], [ 41.517152241404801, 18.245821961870963 ], [ 41.517056608556281, 18.24601676741673 ], [ 41.516924583158975, 18.24615161265049 ], [ 41.516662841932956, 18.246466892404239 ], [ 41.516528997447196, 18.246704837383675 ], [ 41.516439766891708, 18.246886270606154 ], [ 41.516401100706936, 18.247002270069398 ], [ 41.516332691303106, 18.247225344889486 ], [ 41.516246435967837, 18.247481135700646 ], [ 41.516186950428043, 18.247653647673108 ], [ 41.516100694194463, 18.24788564464458 ], [ 41.516059052789458, 18.248076002171434 ], [ 41.516029309570406, 18.248236614839499 ], [ 41.516011463638975, 18.248441843864807 ], [ 41.516002540673256, 18.248748199080193 ], [ 41.515995747613083, 18.249130544080025 ], [ 41.515807846106782, 18.249581509867831 ], [ 41.515593694929571, 18.250081196680206 ], [ 41.515583666137744, 18.250105970686874 ], [ 41.515422547003325, 18.250363257908909 ], [ 41.515342242108495, 18.250571460980609 ], [ 41.515285729093982, 18.251023559390106 ], [ 41.515285729093982, 18.251136582955542 ], [ 41.515331954601869, 18.251496477064233 ], [ 41.515331954601869, 18.2516278458423 ], [ 41.515235389302084, 18.251780743871219 ], [ 41.5151310652532, 18.251853395597518 ], [ 41.515035886053894, 18.251966420329364 ], [ 41.514896092026014, 18.25203483026916 ], [ 41.514726555677385, 18.252112162952503 ], [ 41.514515378822075, 18.252198418367477 ], [ 41.514342868151552, 18.252326314425297 ], [ 41.5142096470966, 18.25248992016461 ], [ 41.514131691296242, 18.252599951749783 ], [ 41.513938358575743, 18.252668362293235 ], [ 41.513797202701888, 18.252674809291772 ], [ 41.513617131809916, 18.252659438698203 ], [ 41.513483288222481, 18.252656463882051 ], [ 41.513179122260539, 18.252744343359208 ], [ 41.51299549763332, 18.252653490772083 ], [ 41.512692116798924, 18.252492877068153 ], [ 41.512486888587432, 18.252320365634652 ], [ 41.512317352238803, 18.252213290780706 ], [ 41.512195405040671, 18.252070523068632 ], [ 41.512088328553752, 18.251847447643801 ], [ 41.512016944828019, 18.251645194061997 ], [ 41.512005046642081, 18.251148482323941 ], [ 41.5120080218623, 18.250738025305843 ], [ 41.512067508300412, 18.250306747590109 ], [ 41.512097250621153, 18.250143159416933 ], [ 41.512186481176641, 18.249946853576439 ], [ 41.512439297640313, 18.249753522380068 ], [ 41.512754576660633, 18.249435268599068 ], [ 41.512983600345692, 18.249286553122296 ], [ 41.513066881359052, 18.249030762409266 ], [ 41.513150162372412, 18.248849328013204 ], [ 41.513230469063863, 18.24866789257457 ], [ 41.513322673941261, 18.248459689781363 ], [ 41.513438671597271, 18.24829312924409 ], [ 41.513510055323003, 18.248126565987761 ], [ 41.513572516981341, 18.247882672306112 ], [ 41.513521952610624, 18.247716108656356 ], [ 41.513382160379372, 18.247609032671328 ], [ 41.513203700166713, 18.247617955672599 ], [ 41.51299549763332, 18.247722056751492 ], [ 41.512858677927333, 18.247802365400499 ], [ 41.512709961832044, 18.247852927590163 ], [ 41.512528528195801, 18.247796415601826 ], [ 41.512347093661234, 18.247665545573739 ], [ 41.512234069428814, 18.247510879627093 ], [ 41.512126993840212, 18.247365139116475 ], [ 41.512216224395701, 18.247207498846159 ], [ 41.512317351340492, 18.246963603874633 ], [ 41.512353043203362, 18.246800016819883 ], [ 41.512385760744323, 18.246582891294263 ], [ 41.512445247182441, 18.246440123221745 ], [ 41.512567195278884, 18.24632412423643 ], [ 41.512695091120833, 18.246237869318012 ], [ 41.512846780639713, 18.246044538260964 ], [ 41.51291816526377, 18.245922590001939 ], [ 41.512867600893053, 18.245851206988856 ], [ 41.512686168155113, 18.245904743824841 ], [ 41.512540424585104, 18.246002896923056 ], [ 41.512323299085992, 18.246175407803463 ], [ 41.512129968162121, 18.24633602137494 ], [ 41.512046688047072, 18.246437149152264 ], [ 41.511990175032544, 18.246570993319505 ], [ 41.511981252066832, 18.246752426681724 ], [ 41.511975303423021, 18.246966578788253 ], [ 41.511868227834412, 18.247296729044439 ], [ 41.511692741943655, 18.247534674593954 ], [ 41.511451821869301, 18.247716108656356 ], [ 41.511204953151122, 18.247817235630588 ], [ 41.51104731319181, 18.247852927590163 ], [ 41.510836136336501, 18.247841029702361 ], [ 41.510517484142284, 18.24779205008409 ], [ 41.510324552070401, 18.247683392423166 ], [ 41.510086606317948, 18.247546573355876 ], [ 41.50978619890715, 18.247451394328539 ], [ 41.50956312476422, 18.24732944705671 ], [ 41.509435228922278, 18.247228319798623 ], [ 41.509337076299389, 18.247112321339404 ], [ 41.509319230367957, 18.247005244982354 ], [ 41.50936681862013, 18.24689221958284 ], [ 41.509387639771788, 18.246791093776615 ], [ 41.50938466634819, 18.246684018074784 ], [ 41.509319230367957, 18.246645350956072 ], [ 41.509262718251748, 18.246657248925732 ], [ 41.509235949354597, 18.246746479406536 ], [ 41.509188360204107, 18.246802990883157 ], [ 41.509146718799109, 18.246707813154863 ], [ 41.509135218566833, 18.246581740400281 ], [ 41.509154253867706, 18.24651035680478 ], [ 41.509142356580085, 18.24637710723432 ], [ 41.509142356580085, 18.246272409852786 ], [ 41.509154253867706, 18.24616295610771 ], [ 41.509161392779269, 18.245977357056788 ], [ 41.509169076968206, 18.245598636982621 ], [ 41.50921404213976, 18.245385807282222 ], [ 41.50941123581935, 18.245013675678493 ], [ 41.509563520921262, 18.244668653999685 ], [ 41.509663459394936, 18.244430707938868 ], [ 41.509784810111725, 18.244149931321694 ], [ 41.509850270346476, 18.243859899178219 ], [ 41.509906162625136, 18.243555066769655 ], [ 41.509943209147451, 18.243176426733719 ], [ 41.509988081792528, 18.24302565574931 ], [ 41.510084621939484, 18.242567589968218 ], [ 41.510153626028035, 18.242303470134765 ], [ 41.510207188975151, 18.242177358352446 ], [ 41.510207188975151, 18.241813563023708 ], [ 41.510207188975151, 18.241397156976056 ], [ 41.510282201894647, 18.241097103989532 ], [ 41.510334465877875, 18.240742542869519 ], [ 41.510370157740752, 18.24059977597215 ], [ 41.510379675391178, 18.240506976060907 ], [ 41.510369950229915, 18.240414829633174 ], [ 41.510315430577009, 18.240392763080173 ], [ 41.510213113364465, 18.240402281115827 ], [ 41.510119234925689, 18.240495298642806 ], [ 41.510048930974925, 18.240595016106621 ], [ 41.509984685262438, 18.240756819894081 ], [ 41.509910921899504, 18.240882931853744 ], [ 41.509839538173772, 18.240980488859886 ], [ 41.509699148562866, 18.241185123260252 ], [ 41.5096039720585, 18.241356445335068 ], [ 41.509523068885699, 18.241477797018391 ], [ 41.509437409133461, 18.241618185408857 ], [ 41.509335091920924, 18.241791884840392 ], [ 41.50930415933243, 18.241908478949689 ], [ 41.509244672894319, 18.242006037086654 ], [ 41.509187566093395, 18.242120250713832 ], [ 41.509159012243771, 18.242241604423473 ], [ 41.509135217668522, 18.242327264108223 ], [ 41.509085248880844, 18.242417684419692 ], [ 41.509013865155104, 18.242522380710518 ], [ 41.508913927579748, 18.242750808064486 ], [ 41.508859200416012, 18.242831710253522 ], [ 41.508656945628111, 18.24293640714815 ], [ 41.508488003964203, 18.243003030705573 ], [ 41.508216745986061, 18.243098209609489 ], [ 41.507865938596247, 18.243211454179555 ], [ 41.507605224144598, 18.243386124623392 ], [ 41.507462455794808, 18.243500339050115 ], [ 41.507129331741375, 18.243681179258768 ], [ 41.506912800926969, 18.243816807798755 ], [ 41.506831898652486, 18.243904847874511 ], [ 41.506789068776357, 18.243988128986203 ], [ 41.506793828050746, 18.244021442272864 ], [ 41.506843796838417, 18.243997646825001 ], [ 41.506929456590655, 18.243931021942487 ], [ 41.506986564289896, 18.24389295142274 ], [ 41.507036533077574, 18.243881054116997 ], [ 41.507083267930227, 18.243896261680483 ], [ 41.507065086028881, 18.243942919244805 ], [ 41.507036533077574, 18.244016681647871 ], [ 41.506996081940329, 18.244097584100889 ], [ 41.506986564289896, 18.244152311632387 ], [ 41.507005599590762, 18.244211798060118 ], [ 41.507036533975885, 18.244233214022273 ], [ 41.507088880604122, 18.244190383801637 ], [ 41.507119814090935, 18.24416420891956 ], [ 41.507160264329862, 18.244152311632387 ], [ 41.507222131303479, 18.244140415197556 ], [ 41.507260201905218, 18.244080927892231 ], [ 41.507312550330091, 18.244011923582214 ], [ 41.507343482918579, 18.243938161177134 ], [ 41.507379175679766, 18.243871535418663 ], [ 41.507417247179816, 18.243802531025516 ], [ 41.507450559405505, 18.243738284678255 ], [ 41.507524322768425, 18.24369307572503 ], [ 41.507609983418973, 18.243652623982506 ], [ 41.507659952206652, 18.243588377579833 ], [ 41.507738473945636, 18.24356934271006 ], [ 41.507769407432448, 18.243547928372429 ], [ 41.507786063096127, 18.243462266729711 ], [ 41.507805099295318, 18.243414678237105 ], [ 41.507869344109494, 18.243388504091378 ], [ 41.507919312897172, 18.243383745155366 ], [ 41.508009732822089, 18.243352812068125 ], [ 41.508069219260214, 18.2433361557881 ], [ 41.508093012937138, 18.243357571004985 ], [ 41.508128705698319, 18.243367088878308 ], [ 41.508188192136437, 18.243321878975379 ], [ 41.50822150526043, 18.243238598397628 ], [ 41.508242920198491, 18.243157697251128 ], [ 41.508288128813483, 18.243133901685017 ], [ 41.508361893074721, 18.243124383798925 ], [ 41.50842375915002, 18.243131522213542 ], [ 41.508492763238571, 18.243169593753215 ], [ 41.508554629313878, 18.243200526873068 ], [ 41.508597459189986, 18.24323383860435 ], [ 41.508652187252039, 18.243269530652036 ], [ 41.508725949716656, 18.243279047677017 ], [ 41.50879019632746, 18.243279047677017 ], [ 41.50883778457964, 18.243286186938445 ], [ 41.50883778457964, 18.243317120037545 ], [ 41.508811610367204, 18.243340914725415 ], [ 41.508778299039832, 18.243407539834116 ], [ 41.508780677778709, 18.243464647049819 ], [ 41.508806851991139, 18.243509856915615 ], [ 41.508859200416012, 18.243540789974912 ], [ 41.508904409929315, 18.243590757898218 ], [ 41.508892511743376, 18.243652623982506 ], [ 41.508840165115139, 18.243685937333474 ], [ 41.508780677778709, 18.24362883019047 ], [ 41.508675981827288, 18.243624071261038 ], [ 41.508623633402429, 18.243650245371292 ], [ 41.508578422990801, 18.243712110581253 ], [ 41.50854190467787, 18.243783775162434 ], [ 41.508535816795188, 18.243869000682281 ], [ 41.50858794243787, 18.24387153371234 ], [ 41.50862601303961, 18.243902468413591 ], [ 41.508623633402429, 18.243954815693158 ], [ 41.508599838827173, 18.244009544122761 ], [ 41.508571284977556, 18.24405951191131 ], [ 41.50847384202374, 18.244111390759763 ], [ 41.508478486313756, 18.244218935576924 ], [ 41.508442796247515, 18.244330770854511 ], [ 41.508409483123522, 18.244395016129623 ], [ 41.508392826561526, 18.244464020287548 ], [ 41.508380930172223, 18.244542543080197 ], [ 41.508357133800345, 18.244628203337363 ], [ 41.508267929295997, 18.244775992008567 ], [ 41.508217375705065, 18.244940289939489 ], [ 41.508188193034748, 18.244954190378355 ], [ 41.508140603884257, 18.245044609323312 ], [ 41.508121567685073, 18.245144545997224 ], [ 41.508134390237444, 18.245209992210622 ], [ 41.508181054123185, 18.245263519006297 ], [ 41.508231022910863, 18.24529445260665 ], [ 41.508311925185353, 18.245318247023828 ], [ 41.508390446924338, 18.2453253862015 ], [ 41.508402344211966, 18.245365835848411 ], [ 41.508383308911093, 18.245432461034081 ], [ 41.508347617048223, 18.245510983389206 ], [ 41.508309546446483, 18.245591885146677 ], [ 41.508261956397675, 18.245672786866489 ], [ 41.508228644172, 18.245734653062854 ], [ 41.508178675384322, 18.245810795846648 ], [ 41.508128706596644, 18.245858383683213 ], [ 41.508021631008027, 18.245941666418304 ], [ 41.507851631128716, 18.246015069650621 ], [ 41.507733026561759, 18.24609261915332 ], [ 41.507698023706709, 18.246170094397531 ], [ 41.507638537268598, 18.246243856708542 ], [ 41.507513163895972, 18.246304081246059 ], [ 41.507463195108294, 18.246354050081237 ], [ 41.507438663016195, 18.246415178916223 ], [ 41.507431524104632, 18.246488941976359 ], [ 41.507419626817011, 18.246567463854152 ], [ 41.507374417303708, 18.24667929932685 ], [ 41.507269721352287, 18.24678161618861 ], [ 41.50718644033892, 18.246860137934171 ], [ 41.507100779688379, 18.246879174149829 ], [ 41.506950873325337, 18.246876793876485 ], [ 41.506812864249923, 18.246850621105274 ], [ 41.506519025320493, 18.246786636093962 ], [ 41.506162105793493, 18.246715252582622 ], [ 41.506031109865496, 18.246675384241911 ], [ 41.505682621027439, 18.246536531333533 ], [ 41.505156758938213, 18.246424696622114 ], [ 41.504402471441921, 18.24634141582478 ], [ 41.503917059591615, 18.246322380403367 ], [ 41.503750497564894, 18.246329518686643 ], [ 41.503445927361078, 18.246362830671387 ], [ 41.50305093633402, 18.246419937769232 ], [ 41.502848683342741, 18.246477045701464 ], [ 41.502699989705334, 18.246560588349666 ], [ 41.502591699594468, 18.246636468855851 ], [ 41.502484624904177, 18.246774477923903 ], [ 41.502410862439568, 18.24687203588913 ], [ 41.502358513116384, 18.246971973218521 ], [ 41.502325200890702, 18.247083807577763 ], [ 41.502341944589283, 18.247189551276989 ], [ 41.502403722629694, 18.24729082103244 ], [ 41.502525076041415, 18.247462142208011 ], [ 41.502665463855713, 18.247640602297256 ], [ 41.502753504143449, 18.247726262733735 ], [ 41.502755882882319, 18.247802404644943 ], [ 41.50269401680702, 18.247854753309287 ], [ 41.502577423567978, 18.247852373902447 ], [ 41.502503660205051, 18.24780002609052 ], [ 41.502463209966123, 18.247723883325133 ], [ 41.502410862439568, 18.247645360263565 ], [ 41.502368030766824, 18.247593013242419 ], [ 41.50230140631546, 18.247528766590047 ], [ 41.50223038820404, 18.247459774739784 ], [ 41.502139602664798, 18.247381239614882 ], [ 41.50206108092582, 18.247288440764734 ], [ 41.501994455576146, 18.247174227121054 ], [ 41.501918312576024, 18.247052874295896 ], [ 41.501808858248545, 18.246869657321977 ], [ 41.50165657314664, 18.246596017798378 ], [ 41.501444655181217, 18.24626896057724 ], [ 41.501404805915215, 18.246119528305655 ], [ 41.501425763610797, 18.245932147832818 ], [ 41.50149238985879, 18.245675167156325 ], [ 41.501513803898533, 18.245501467339583 ], [ 41.501535219734897, 18.245420564686871 ], [ 41.501537600270417, 18.24531824787698 ], [ 41.501559014310153, 18.245227828221228 ], [ 41.501594707071341, 18.245104097151966 ], [ 41.501618500748265, 18.244977984842116 ], [ 41.501673228810326, 18.244849493845958 ], [ 41.501718439221946, 18.244723382204526 ], [ 41.501723196699686, 18.244592512421828 ], [ 41.501689883575686, 18.244485437071788 ], [ 41.501670849173131, 18.244411674014493 ], [ 41.501649434235077, 18.244273663923369 ], [ 41.501625638761517, 18.244121378681918 ], [ 41.501597084911893, 18.243983370919768 ], [ 41.501594706173023, 18.243847740803425 ], [ 41.501601844186268, 18.243702593579982 ], [ 41.501599465447391, 18.243588379286155 ], [ 41.501594706173023, 18.243455129181843 ], [ 41.501578048712709, 18.243290946730287 ], [ 41.501539978110969, 18.243141040952409 ], [ 41.50151618263741, 18.243031586088545 ], [ 41.501482871310039, 18.242884058708722 ], [ 41.501482871310039, 18.242748430294103 ], [ 41.501487629686096, 18.242643733286251 ], [ 41.501525702084471, 18.242529519149855 ], [ 41.501513803898533, 18.242372475123002 ], [ 41.501495825914759, 18.242164468695247 ], [ 41.501639542885485, 18.24170252213419 ], [ 41.501732715248437, 18.241475419230589 ], [ 41.501785061876674, 18.241365963317957 ], [ 41.501942107151265, 18.241135156351795 ], [ 41.502115808089556, 18.240875794199965 ], [ 41.502201467841793, 18.240749683088293 ], [ 41.502239539341844, 18.240683056960918 ], [ 41.50230140541715, 18.240649745594009 ], [ 41.502320440718016, 18.240664021773014 ], [ 41.502306164691518, 18.240756820747251 ], [ 41.50225619590384, 18.240859137682598 ], [ 41.502213365129414, 18.240961455410897 ], [ 41.502151499054108, 18.241073289371545 ], [ 41.502106288642487, 18.241154192341288 ], [ 41.502094392253184, 18.241199400248465 ], [ 41.502127705377177, 18.241216056733229 ], [ 41.502294267403904, 18.241078049223976 ], [ 41.502384686430503, 18.240994766718078 ], [ 41.502477485992621, 18.240813928833763 ], [ 41.502527454780299, 18.240654503751692 ], [ 41.502601218143219, 18.240380866388055 ], [ 41.502644048019334, 18.240216682739323 ], [ 41.502689258430955, 18.239943046392931 ], [ 41.502672601868959, 18.239716996574199 ], [ 41.502610734895335, 18.239474290664695 ], [ 41.502567905019227, 18.239336282625981 ], [ 41.502467968342181, 18.239043608675434 ], [ 41.502425137567748, 18.238896083030458 ], [ 41.502360891855254, 18.238798524001499 ], [ 41.502313302704778, 18.238698587092021 ], [ 41.502265712655969, 18.238591510671164 ], [ 41.502234408164938, 18.238477297285307 ], [ 41.502187191815295, 18.238348806603295 ], [ 41.502122946102801, 18.238225074050508 ], [ 41.50202776780182, 18.238151310896409 ], [ 41.50190879492559, 18.238051373614933 ], [ 41.501768405314671, 18.237932400789042 ], [ 41.501708918876552, 18.237841980704363 ], [ 41.501737471827866, 18.237742044098287 ], [ 41.501818374102349, 18.23773490460918 ], [ 41.501894517102471, 18.237763459151079 ], [ 41.501930208965334, 18.237822945205405 ], [ 41.502030145642372, 18.237891950265645 ], [ 41.50214436104087, 18.237977611240336 ], [ 41.50223002169141, 18.238032338138897 ], [ 41.502389072904045, 18.238109536276792 ], [ 41.502527454780299, 18.238129895891387 ], [ 41.502610734895335, 18.23808468718606 ], [ 41.50264880459877, 18.237965714382959 ], [ 41.502655944408644, 18.237865776141618 ], [ 41.502655944408644, 18.237753940970968 ], [ 41.502655944408644, 18.237658763407143 ], [ 41.502665462059078, 18.237544547702214 ], [ 41.502679738983886, 18.237432714031346 ], [ 41.502705913196323, 18.237354192293243 ], [ 41.502741605059192, 18.237306602128651 ], [ 41.502770158010506, 18.237249494596497 ], [ 41.502777296922055, 18.237156697163034 ], [ 41.502758260722878, 18.237071035783927 ], [ 41.502720190121138, 18.236892576788204 ], [ 41.5027082919352, 18.236759326671002 ], [ 41.502689256634326, 18.236647491641929 ], [ 41.502644047121024, 18.236549933910926 ], [ 41.502584560682905, 18.236447616999317 ], [ 41.50243465431987, 18.236147804604652 ], [ 41.502351374204828, 18.235928895387801 ], [ 41.502289507231211, 18.235757573937324 ], [ 41.502251435731154, 18.23563146167297 ], [ 41.502201466943475, 18.235488694844914 ], [ 41.502151498155797, 18.235350686202469 ], [ 41.502099150629242, 18.235253127743952 ], [ 41.502037283655625, 18.235162707972513 ], [ 41.501992075040633, 18.235103221861358 ], [ 41.501927829328153, 18.234979490411948 ], [ 41.501896319122928, 18.234854664214328 ], [ 41.501927829328153, 18.234701094328919 ], [ 41.501927829328153, 18.234577361740204 ], [ 41.501930208965334, 18.234465527014326 ], [ 41.50191117276615, 18.234375106833383 ], [ 41.501899274580218, 18.234289446643707 ], [ 41.501901655115716, 18.234177612585892 ], [ 41.501915932040525, 18.234122883620991 ], [ 41.501920691314901, 18.234006291116593 ], [ 41.501908794027273, 18.233918251147699 ], [ 41.501880240177655, 18.233851625815554 ], [ 41.501858825239594, 18.233787380910485 ], [ 41.501858825239594, 18.233704100031858 ], [ 41.501804097177541, 18.233549433608879 ], [ 41.501777923863429, 18.233449497095584 ], [ 41.501730683259268, 18.233327241377999 ], [ 41.501710925712899, 18.233076975621412 ], [ 41.501682744664123, 18.233028333128484 ], [ 41.501585186725954, 18.232980744339731 ], [ 41.501463834212537, 18.232930775073665 ], [ 41.501340102061931, 18.232899840979961 ], [ 41.501192576234402, 18.232868907733973 ], [ 41.501080741371418, 18.232821319754809 ], [ 41.500937973021628, 18.232764213309409 ], [ 41.500907041331452, 18.232695207920894 ], [ 41.500933214645563, 18.232652378270846 ], [ 41.500959388858, 18.232654757032517 ], [ 41.501080741371418, 18.232666654253226 ], [ 41.501199714247647, 18.232697588388405 ], [ 41.501321065862747, 18.232704726377879 ], [ 41.501418624699234, 18.232728520811648 ], [ 41.501532839199406, 18.232709484752966 ], [ 41.5015590116152, 18.232661895023753 ], [ 41.501523320650648, 18.232569096848753 ], [ 41.501461454575356, 18.232428707978009 ], [ 41.50144717765054, 18.232338289297804 ], [ 41.50148049077454, 18.23222645398539 ], [ 41.501466213849724, 18.232116999076524 ], [ 41.501442419274476, 18.23202658023428 ], [ 41.501423383973616, 18.231905227074442 ], [ 41.501449558186039, 18.231812427642527 ], [ 41.501501904814276, 18.231676799124052 ], [ 41.501511423363034, 18.231586379199761 ], [ 41.501575668177203, 18.231493581304175 ], [ 41.50164943064182, 18.231443611610867 ], [ 41.501761266403108, 18.231422196633069 ], [ 41.501863582717341, 18.231436474422857 ], [ 41.501927828429828, 18.231472164626091 ], [ 41.501973037943138, 18.231531651979157 ], [ 41.501975416682008, 18.231598277346766 ], [ 41.50196114065551, 18.231695833589313 ], [ 41.501956381381142, 18.2317529412387 ], [ 41.502013489080376, 18.23178387468316 ], [ 41.502082494067245, 18.23182670540028 ], [ 41.502094391354859, 18.231905227074442 ], [ 41.502034904916755, 18.231957575406341 ], [ 41.502061079129177, 18.232009923722483 ], [ 41.502115807191238, 18.232081307299165 ], [ 41.502161016704541, 18.232197901093986 ], [ 41.50221812440379, 18.23233353005935 ], [ 41.502249056992284, 18.23244060521418 ], [ 41.502256195005522, 18.232519128317641 ], [ 41.502244297717901, 18.232580994075317 ], [ 41.502222881881536, 18.23262144498085 ], [ 41.502156258328483, 18.23267141433578 ], [ 41.502115807191238, 18.232735658799857 ], [ 41.502137222129299, 18.232795144867595 ], [ 41.502182430744291, 18.232854631768191 ], [ 41.502230020793085, 18.23287842703467 ], [ 41.502313301806453, 18.232876045716417 ], [ 41.502389444806568, 18.232878426181458 ], [ 41.502456070156242, 18.23290697896114 ], [ 41.502551247558905, 18.23297836302288 ], [ 41.502605974722648, 18.233037849860821 ], [ 41.502653564771457, 18.233128269030566 ], [ 41.502703533559135, 18.233228205728437 ], [ 41.5027082919352, 18.233313867294012 ], [ 41.502672600970641, 18.233435220324253 ], [ 41.502613113634212, 18.233437599075213 ], [ 41.502513176957166, 18.233401906715638 ], [ 41.502477485094303, 18.233451875846349 ], [ 41.502491761120794, 18.23355895201912 ], [ 41.50250603804561, 18.233694579923142 ], [ 41.502534591895227, 18.233787380057276 ], [ 41.50258931905897, 18.233927767831336 ], [ 41.502651185134269, 18.234091949739319 ], [ 41.502746364333561, 18.23419664677747 ], [ 41.502843922271737, 18.234298964160242 ], [ 41.502886752147859, 18.23437034765066 ], [ 41.503039038148081, 18.234615431740192 ], [ 41.503077108749821, 18.234701092622508 ], [ 41.50310566170112, 18.234791511780756 ], [ 41.50312707843581, 18.234874792991871 ], [ 41.503141353563997, 18.234972351662627 ], [ 41.503148493373871, 18.235074667735827 ], [ 41.503172287050809, 18.23523171238201 ], [ 41.503229393851733, 18.235343548321588 ], [ 41.503262706975732, 18.235431588422152 ], [ 41.503260327338538, 18.23555769912506 ], [ 41.503231774387231, 18.2356719127222 ], [ 41.503169908311932, 18.23578374837869 ], [ 41.503100904223373, 18.235819439396234 ], [ 41.50304379742245, 18.235752814792438 ], [ 41.503046176161327, 18.23566001485387 ], [ 41.503005725024089, 18.23538399773139 ], [ 41.502991448099273, 18.235245989005865 ], [ 41.502929582023967, 18.235048494040942 ], [ 41.502851060284982, 18.234874792991871 ], [ 41.50275588108569, 18.234708231382967 ], [ 41.502655944408644, 18.234646364675548 ], [ 41.502658324045832, 18.234734405129057 ], [ 41.502679738983886, 18.234805789293954 ], [ 41.502717809585626, 18.234886690913918 ], [ 41.50275588108569, 18.234979490411948 ], [ 41.502805850771686, 18.235188881650203 ], [ 41.502836784258491, 18.235291199302413 ], [ 41.502836784258491, 18.235410172228981 ], [ 41.502790815668774, 18.235610006257215 ], [ 41.50291255266113, 18.235944225654237 ], [ 41.502981931347158, 18.236012176054231 ], [ 41.503034277975388, 18.236045488309632 ], [ 41.503114808347355, 18.236039404156507 ], [ 41.503191547828806, 18.235935579343177 ], [ 41.503255568064162, 18.235912238396526 ], [ 41.503312674865093, 18.235897961827366 ], [ 41.503353126900656, 18.235845613828289 ], [ 41.50337692057758, 18.235814681106241 ], [ 41.503405474427197, 18.23578374837869 ], [ 41.5034221309892, 18.235736157784302 ], [ 41.503434028276821, 18.235657636133311 ], [ 41.503434028276821, 18.235574355297089 ], [ 41.503436407015691, 18.235479175687086 ], [ 41.503443545927261, 18.235414931383247 ], [ 41.503462581228135, 18.23533878831217 ], [ 41.503393577139583, 18.235219815336766 ], [ 41.503360264913901, 18.235162707972513 ], [ 41.503355505639519, 18.235098462698563 ], [ 41.503343608351905, 18.234969972079458 ], [ 41.503298397940277, 18.234850998851737 ], [ 41.50323228103705, 18.234758252183799 ], [ 41.503243670776541, 18.234641606353456 ], [ 41.503241291139354, 18.234470285341231 ], [ 41.503241291139354, 18.234365589321015 ], [ 41.503241291139354, 18.234141918671767 ], [ 41.503248430050917, 18.23400390981379 ], [ 41.50325794770135, 18.233896834768164 ], [ 41.503288881188162, 18.233825451936607 ], [ 41.503341228714717, 18.233804036398855 ], [ 41.503381679851955, 18.233830210281031 ], [ 41.503419038987992, 18.23389845586388 ], [ 41.503447932400796, 18.23405255459349 ], [ 41.50347263696942, 18.234098434114795 ], [ 41.503476858152936, 18.234172851691351 ], [ 41.503481617427312, 18.23424899527291 ], [ 41.503479237790131, 18.234325137967932 ], [ 41.503464960865315, 18.234389382674355 ], [ 41.50341261333876, 18.234465526161117 ], [ 41.503417371714825, 18.234532151258083 ], [ 41.503514929652994, 18.234520253311779 ], [ 41.5035767957283, 18.234489321207192 ], [ 41.503598210666354, 18.234505976628345 ], [ 41.503591072653109, 18.234563085061456 ], [ 41.503581554104358, 18.234663021788066 ], [ 41.5035767957283, 18.234734405129057 ], [ 41.503579175365488, 18.234789133048317 ], [ 41.503610107953982, 18.234829582587068 ], [ 41.503657697104472, 18.234841481365414 ], [ 41.503714803905396, 18.234865276360051 ], [ 41.503740978117833, 18.234915245070308 ], [ 41.503764772693074, 18.234991386620429 ], [ 41.50376953196745, 18.235043734876648 ], [ 41.503750496666576, 18.235110359752102 ], [ 41.503700527878898, 18.235165088406251 ], [ 41.503667214754906, 18.235205538710762 ], [ 41.503688629692959, 18.235229332802383 ], [ 41.503762393954204, 18.23524836858526 ], [ 41.503836157317124, 18.235255508176454 ], [ 41.503862744754592, 18.235262385834471 ], [ 41.5038581902961, 18.235421815007367 ], [ 41.503881366830427, 18.235502970594471 ], [ 41.50393609399417, 18.23556245827529 ], [ 41.503940853268553, 18.235636220821174 ], [ 41.503909919781734, 18.235721882053888 ], [ 41.503911928414709, 18.235837150096856 ], [ 41.503957509830549, 18.235883685257036 ], [ 41.50413720612503, 18.235895101906124 ], [ 41.504323947007975, 18.235926514964518 ], [ 41.504468755431773, 18.235901511986103 ], [ 41.504502406322324, 18.235864648690505 ], [ 41.504533338910825, 18.2358075423912 ], [ 41.504490509034696, 18.235781367953422 ], [ 41.504407227123025, 18.235767091373514 ], [ 41.504340602671661, 18.235714743335038 ], [ 41.504271597684799, 18.235621944229354 ], [ 41.504226388171489, 18.235522006347395 ], [ 41.504195455583009, 18.235433966292604 ], [ 41.504233527083059, 18.235376858998674 ], [ 41.504252563282243, 18.23530785464677 ], [ 41.504238286357435, 18.235241230700176 ], [ 41.504185937932562, 18.235172226294459 ], [ 41.504178799919316, 18.235117499348963 ], [ 41.504243043835181, 18.235086564791001 ], [ 41.504288254246795, 18.235110359752102 ], [ 41.504323947007975, 18.235179365035574 ], [ 41.504350120322101, 18.235250748164628 ], [ 41.504366776884098, 18.235322132117577 ], [ 41.504362017609722, 18.23540303435054 ], [ 41.504373914897343, 18.23548155611649 ], [ 41.504428642959404, 18.235533904225168 ], [ 41.504502406322324, 18.235579113593662 ], [ 41.50456427239763, 18.235598149338252 ], [ 41.504585687335684, 18.235650498265027 ], [ 41.504592826247247, 18.235733779064784 ], [ 41.504680865636665, 18.235855132112853 ], [ 41.50471893713673, 18.235924136247601 ], [ 41.504754628999592, 18.235974104653611 ], [ 41.504780803212022, 18.236033591320069 ], [ 41.504802218150083, 18.236116871936357 ], [ 41.504826012725331, 18.23616922070698 ], [ 41.504875980614692, 18.236281055190453 ], [ 41.504909293738685, 18.236497586108108 ], [ 41.504916432650255, 18.236592764307506 ], [ 41.504911673375872, 18.236697460693279 ], [ 41.504897397349389, 18.236816434364133 ], [ 41.504911673375872, 18.236894956345072 ], [ 41.504949743977612, 18.23695444184332 ], [ 41.504985436738806, 18.237063897973663 ], [ 41.505028266614914, 18.237194768304736 ], [ 41.505090132690221, 18.237275669666488 ], [ 41.505130583827466, 18.237330396785978 ], [ 41.505173413703581, 18.237382745191276 ], [ 41.505223383389577, 18.237432714031346 ], [ 41.505263832730186, 18.237511236587178 ], [ 41.50526859290288, 18.237615932419935 ], [ 41.505247177066501, 18.237725388133885 ], [ 41.505263832730186, 18.237794392379655 ], [ 41.505299526389692, 18.237811048337445 ], [ 41.505339975730301, 18.237818186970234 ], [ 41.505397083429543, 18.23789670935199 ], [ 41.505392324155167, 18.237979989929165 ], [ 41.505370910115424, 18.238079927251672 ], [ 41.505339976628619, 18.238158450368417 ], [ 41.505311423677313, 18.238239351281795 ], [ 41.505270973438385, 18.238322633401229 ], [ 41.505285250363194, 18.23836308297124 ], [ 41.505342357164118, 18.238374980654619 ], [ 41.50541374088985, 18.238346427066332 ], [ 41.505454191128791, 18.23830121671093 ], [ 41.505517983192057, 18.238160624289808 ], [ 41.50556565229261, 18.237502772936821 ], [ 41.505529961328058, 18.237014983574127 ], [ 41.505477984805715, 18.23671411675614 ], [ 41.505339603827771, 18.236301145409051 ], [ 41.505273351278944, 18.236157322872682 ], [ 41.505128204190271, 18.235907479255875 ], [ 41.504940227225497, 18.235645739117206 ], [ 41.504642794136608, 18.235310235078519 ], [ 41.504504785959512, 18.235157948811345 ], [ 41.504435780972642, 18.235034218254075 ], [ 41.504442919884205, 18.234958075016305 ], [ 41.504485749760327, 18.234874792991871 ], [ 41.50449489460992, 18.234730701369749 ], [ 41.504492887773573, 18.234570222121171 ], [ 41.504423883685021, 18.234287066197986 ], [ 41.504224009432619, 18.233880179288683 ], [ 41.50389088358255, 18.233311486834939 ], [ 41.503733468202057, 18.233065077575553 ], [ 41.503498273989315, 18.232669033014698 ], [ 41.503357885276714, 18.232352563599534 ], [ 41.503210357652549, 18.232028958151293 ], [ 41.503146113736683, 18.231840980597205 ], [ 41.503081867125879, 18.231643486031864 ], [ 41.503089006037442, 18.231481682296792 ], [ 41.503153250851611, 18.231488820336164 ], [ 41.503229392953415, 18.231519753827598 ], [ 41.503307915590725, 18.231507855675222 ], [ 41.503369781666017, 18.231481682296792 ], [ 41.503412612440449, 18.231522132604752 ], [ 41.503436407015691, 18.231574481051943 ], [ 41.503522066767921, 18.231672039014278 ], [ 41.503595830130855, 18.231726767043927 ], [ 41.503669594392086, 18.23180053036339 ], [ 41.503679112940844, 18.231881430821613 ], [ 41.503714803905396, 18.23190046697092 ], [ 41.503752876303764, 18.231898088198939 ], [ 41.503788568166634, 18.231917122639985 ], [ 41.503836157317124, 18.232014681263358 ], [ 41.503864710268438, 18.232102721342596 ], [ 41.503886126104803, 18.232178864124016 ], [ 41.503924196706549, 18.232264523646748 ], [ 41.503983684042979, 18.232324010728831 ], [ 41.504040790843909, 18.232388257027658 ], [ 41.50409313837045, 18.232442983978743 ], [ 41.504116932945706, 18.232490572914635 ], [ 41.504112173671331, 18.232578613606215 ], [ 41.50405268813153, 18.232645239426006 ], [ 41.504040790843909, 18.23271186266064 ], [ 41.504097134975154, 18.23272114989571 ], [ 41.504190697206944, 18.232645239426006 ], [ 41.504212111246687, 18.23255957838434 ], [ 41.504204973233435, 18.232340667210554 ], [ 41.504126450596132, 18.232067030415529 ], [ 41.503990822056231, 18.231862396376659 ], [ 41.503731459569082, 18.231560204126708 ], [ 41.50354110296712, 18.231331775723213 ], [ 41.50326984409066, 18.230946303765222 ], [ 41.503122317364806, 18.230710737337763 ], [ 41.50295813497528, 18.230579867246856 ], [ 41.502736844886506, 18.230406165147908 ], [ 41.501724368102813, 18.229757937891154 ], [ 41.501437660000107, 18.229504351348066 ], [ 41.50097366398618, 18.229102221963355 ], [ 41.500592950782249, 18.22879289188813 ], [ 41.500357383768666, 18.228688195863576 ], [ 41.500140853852585, 18.228566842934537 ], [ 41.500009981892099, 18.228521632596628 ], [ 41.499950496352298, 18.22853353010002 ], [ 41.499898147927432, 18.228669160215983 ], [ 41.499819626188447, 18.228728645967884 ], [ 41.499736345175094, 18.228704851840206 ], [ 41.499714929338708, 18.228635848254296 ], [ 41.499755381374271, 18.228528771610701 ], [ 41.49982914383888, 18.228400281257876 ], [ 41.499929081414244, 18.228331275844685 ], [ 41.499995705865601, 18.228278928981243 ], [ 41.500095644339275, 18.228224199866876 ], [ 41.500157508617946, 18.228114745852682 ], [ 41.500236031255248, 18.228067155719692 ], [ 41.500319312268601, 18.228093329611855 ], [ 41.500385937618283, 18.228188508997274 ], [ 41.500433526768774, 18.228307481662664 ], [ 41.500483494658141, 18.228317000359745 ], [ 41.500533464344137, 18.22826465178553 ], [ 41.50065957523362, 18.228228960070997 ], [ 41.500754754432904, 18.228278928981243 ], [ 41.500802343583402, 18.228343174214327 ], [ 41.500849931835575, 18.228428834772622 ], [ 41.500878485685206, 18.228464525592916 ], [ 41.50093797212331, 18.228416937262068 ], [ 41.500995079822559, 18.228364588717927 ], [ 41.50106408391111, 18.228336036045878 ], [ 41.501116432335969, 18.22836934806497 ], [ 41.501152124198846, 18.228393143091765 ], [ 41.501180678048463, 18.228409799096642 ], [ 41.501233024676701, 18.22836934806497 ], [ 41.501252060875885, 18.228312241011274 ], [ 41.501235405212199, 18.228243236416393 ], [ 41.501211610636958, 18.228157575766719 ], [ 41.501199713349337, 18.22807667357668 ], [ 41.501192575336077, 18.228010049420028 ], [ 41.501230646836142, 18.227967218616442 ], [ 41.501344860438003, 18.227974356800026 ], [ 41.501437660000107, 18.228060018393148 ], [ 41.501490006628345, 18.228126643383899 ], [ 41.50151856137628, 18.228190888673225 ], [ 41.501535217039958, 18.228255133938823 ], [ 41.501542355053203, 18.2283193791807 ], [ 41.501554253239149, 18.22838124472554 ], [ 41.501532838301088, 18.228450250118915 ], [ 41.501499525177096, 18.228540669113602 ], [ 41.501497146438219, 18.228581120105442 ], [ 41.501539976314334, 18.228571602276045 ], [ 41.501599462752452, 18.228521632596628 ], [ 41.501682743765812, 18.228485941788048 ], [ 41.501754128389862, 18.228478802772219 ], [ 41.501787439717233, 18.228416937262068 ], [ 41.50184216777928, 18.228395521911679 ], [ 41.501894516204146, 18.228428834772622 ], [ 41.501906412593463, 18.228516874960221 ], [ 41.50192544879264, 18.228685816194439 ], [ 41.501939725717449, 18.228873792891878 ], [ 41.501882618018215, 18.22904987277218 ], [ 41.501863582717341, 18.229147432150381 ], [ 41.501858824341276, 18.229230712650978 ], [ 41.501837407606594, 18.229309234643743 ], [ 41.501851686328031, 18.22934016766953 ], [ 41.501880656995944, 18.229354949036228 ], [ 41.501913396994787, 18.229312385624965 ], [ 41.501976510830019, 18.229239913042338 ], [ 41.501997543984089, 18.229155934602758 ], [ 41.502052511896323, 18.22911189931806 ], [ 41.502076307369883, 18.229054790801637 ], [ 41.502091638916831, 18.228960508637492 ], [ 41.502123895622056, 18.228840639670725 ], [ 41.502133414170814, 18.228636006102594 ], [ 41.502123895622056, 18.22847420298309 ], [ 41.502042994245883, 18.228267190162313 ], [ 41.501864534931542, 18.228045899881554 ], [ 41.501476681917737, 18.227796057411894 ], [ 41.501219700864404, 18.227634252657978 ], [ 41.50101880792247, 18.227495343588437 ], [ 41.500932357652786, 18.227382292708196 ], [ 41.500901908357918, 18.227199707736457 ], [ 41.500822331098476, 18.226901380255043 ], [ 41.500741428823993, 18.226751473147591 ], [ 41.500636731974254, 18.226603947315123 ], [ 41.500446376270602, 18.226437383759297 ], [ 41.500225086181821, 18.226289857660518 ], [ 41.500015693380668, 18.226201818052488 ], [ 41.499751468312887, 18.22609459571224 ], [ 41.499565975189881, 18.226070947129511 ], [ 41.499370859313537, 18.226101879877806 ], [ 41.498933154293034, 18.226253010246108 ], [ 41.498528374324323, 18.226432985281985 ], [ 41.498164473090931, 18.226661054076295 ], [ 41.497674303762899, 18.22696324459762 ], [ 41.497267504381426, 18.227189056727212 ], [ 41.496987695340096, 18.227366269709254 ], [ 41.49683718530919, 18.227538280309886 ], [ 41.496727278230807, 18.227743707827695 ], [ 41.496515505792473, 18.22806969409935 ], [ 41.496297650861344, 18.228401335003383 ], [ 41.495714682869504, 18.228984305289899 ], [ 41.495515133807231, 18.22913950904185 ], [ 41.495256771145002, 18.229273702697697 ], [ 41.495054517255411, 18.229409332236607 ], [ 41.494890333967568, 18.22961872420796 ], [ 41.494683320803603, 18.229875705578557 ], [ 41.494538033577761, 18.23001452571831 ], [ 41.494457272338764, 18.230073201297728 ], [ 41.494148199778742, 18.230315019321171 ], [ 41.493875397596625, 18.230500884232942 ], [ 41.493543559032368, 18.230760865941203 ], [ 41.493446001992503, 18.230858424359855 ], [ 41.493286577979035, 18.231072576419692 ], [ 41.493165224567299, 18.231241516878406 ], [ 41.493022458014138, 18.231419975700327 ], [ 41.492679816310257, 18.231774515727668 ], [ 41.492387143394069, 18.2320933641107 ], [ 41.49200880803069, 18.232493112936183 ], [ 41.491873178592463, 18.232612086070425 ], [ 41.491754205716241, 18.232747716419247 ], [ 41.491594781702766, 18.232957107784848 ], [ 41.491425840038858, 18.233180778251395 ], [ 41.491297348613877, 18.233390169948848 ], [ 41.491190273923593, 18.233647151720067 ], [ 41.491083198334977, 18.233956481695063 ], [ 41.491007055334869, 18.234220602263193 ], [ 41.490911877033888, 18.234510896209944 ], [ 41.490776246697344, 18.235048655296236 ], [ 41.490666792369858, 18.235396055167175 ], [ 41.490462157944769, 18.236119411904941 ], [ 41.490371738019853, 18.236535817794838 ], [ 41.490240867856002, 18.237090232618606 ], [ 41.490179002679007, 18.237366249592419 ], [ 41.490114756966527, 18.23758040131769 ], [ 41.49000292300186, 18.23785166013235 ], [ 41.489874431576872, 18.238141953989956 ], [ 41.489786392187455, 18.238379900126763 ], [ 41.489717388098903, 18.238670193955631 ], [ 41.489667419311225, 18.238879586721978 ], [ 41.489662660935167, 18.239072323400791 ], [ 41.489667419311225, 18.239276956634416 ], [ 41.48968169623604, 18.239581527792971 ], [ 41.48968407497491, 18.239769504658693 ], [ 41.489690939002003, 18.240039364258667 ], [ 41.48973408508509, 18.240338369663487 ], [ 41.489784013448585, 18.240554728306059 ], [ 41.489795910736213, 18.240795053203801 ], [ 41.489797701976876, 18.240909238618684 ], [ 41.489817365200139, 18.241099782952553 ], [ 41.489824463687512, 18.241132936396266 ], [ 41.489841120249508, 18.241278084059015 ], [ 41.489833982236263, 18.241435128221369 ], [ 41.489829222063577, 18.2416112081813 ], [ 41.48984587862558, 18.241758734935022 ], [ 41.489888709399999, 18.241934815420347 ], [ 41.489938678187684, 18.242187038392242 ], [ 41.489971991311677, 18.242444019106866 ], [ 41.489993405351427, 18.242715278011644 ], [ 41.489988646077045, 18.242908013850712 ], [ 41.489998164625796, 18.243160237116854 ], [ 41.490033855590355, 18.243557606629576 ], [ 41.490079066001968, 18.243800311957212 ], [ 41.490079066900286, 18.243997807218836 ], [ 41.490090965086225, 18.24421195930692 ], [ 41.49009810309947, 18.244473700199993 ], [ 41.490157588639271, 18.244835376697448 ], [ 41.490219454714577, 18.24521609139957 ], [ 41.490250388201382, 18.245458796117656 ], [ 41.490288458803121, 18.245661050074879 ], [ 41.490343186865182, 18.245860926068922 ], [ 41.490433605891781, 18.246103629886523 ], [ 41.490535923104332, 18.246310642802477 ], [ 41.490690588741742, 18.246570005376345 ], [ 41.490833356193221, 18.246822227594116 ], [ 41.490976122746375, 18.247062553211009 ], [ 41.491228346321961, 18.247388539098516 ], [ 41.491570988924153, 18.247814462925707 ], [ 41.491877938765157, 18.248192797671528 ], [ 41.491996911641387, 18.248340323957724 ], [ 41.49217061257967, 18.248490228663677 ], [ 41.492363348818827, 18.248630618215177 ], [ 41.492558464695158, 18.248749591397139 ], [ 41.492810688270751, 18.24888046060882 ], [ 41.492972491023096, 18.24898515812535 ], [ 41.493141433585308, 18.249075576679328 ], [ 41.49330323723597, 18.249099372285063 ], [ 41.493417450837832, 18.249087473629469 ], [ 41.493638740926606, 18.249127924106993 ], [ 41.493810062227695, 18.249161237261575 ], [ 41.494009937378415, 18.249218344292949 ], [ 41.494188395794446, 18.249265932902667 ], [ 41.494340680896357, 18.249334936832831 ], [ 41.494583386821503, 18.249458670008615 ], [ 41.494773744321783, 18.249563366323628 ], [ 41.495018828087488, 18.249722790059128 ], [ 41.49527818967632, 18.249860798382329 ], [ 41.495475684291534, 18.249979770721996 ], [ 41.495666040893497, 18.250091605704892 ], [ 41.495849260380538, 18.250191543742066 ], [ 41.496065792093255, 18.250260548157776 ], [ 41.496479818421172, 18.250415213363258 ], [ 41.496722561177258, 18.250524550111024 ], [ 41.496834358310991, 18.250560360099087 ], [ 41.497081820815566, 18.25068171303414 ], [ 41.497364976979647, 18.250843515962568 ], [ 41.497533586266904, 18.250910784010451 ], [ 41.497874181608566, 18.250991043410746 ], [ 41.498002673033533, 18.250991043410746 ], [ 41.498112129157647, 18.250998180649116 ], [ 41.498173994334635, 18.250979144884685 ], [ 41.498278690286057, 18.250917278849187 ], [ 41.498336074666398, 18.250859251001174 ], [ 41.498385765874659, 18.250824480181198 ], [ 41.498457149600391, 18.250814962716294 ], [ 41.498523774950066, 18.25081734208257 ], [ 41.498697475888356, 18.250838757230699 ], [ 41.498942559654054, 18.250848273841175 ], [ 41.499140056065897, 18.250883966884413 ], [ 41.499323273756303, 18.250936313767269 ], [ 41.499485077406973, 18.251019595774956 ], [ 41.499613567933629, 18.251126672217705 ], [ 41.499758715022296, 18.251274199425453 ], [ 41.499871605405737, 18.251453553084033 ], [ 41.50010135762448, 18.251747710189328 ], [ 41.500198915562656, 18.251876201203597 ], [ 41.500277438199959, 18.251976138214278 ], [ 41.500372615602622, 18.252080834718569 ], [ 41.500465415164733, 18.252178392263932 ], [ 41.500534419253285, 18.252275950607636 ], [ 41.500596285328591, 18.252392543655088 ], [ 41.500641494841886, 18.252480583651753 ], [ 41.500689084890695, 18.252580521167889 ], [ 41.500696222903947, 18.252654285023276 ], [ 41.500743812054438, 18.252868435827807 ], [ 41.500798539218174, 18.252999307055816 ], [ 41.500874682218281, 18.253149212007745 ], [ 41.500931789019212, 18.253246770659391 ], [ 41.500981757806898, 18.253349087066368 ], [ 41.50101744966976, 18.253498994275809 ], [ 41.501065038820258, 18.253708386238905 ], [ 41.501061335964657, 18.253813979171515 ], [ 41.501055522068128, 18.253917777949606 ], [ 41.501105490855807, 18.254005818026421 ], [ 41.501129285431062, 18.254053407884154 ], [ 41.501134043807113, 18.254124790940082 ], [ 41.501134043807113, 18.254203313632694 ], [ 41.501136423444308, 18.254274698333241 ], [ 41.501136423444308, 18.254336564026257 ], [ 41.501162597656744, 18.254431741841241 ], [ 41.501179254218741, 18.254607822282388 ], [ 41.501181632957611, 18.254683964590264 ], [ 41.501186392231986, 18.254736312887442 ], [ 41.501188770970856, 18.254791041333803 ], [ 41.501203047895665, 18.254845768056708 ], [ 41.501226841572596, 18.254919530950229 ], [ 41.501248258307285, 18.25501709031386 ], [ 41.501274431621404, 18.255150340083176 ], [ 41.501279190895779, 18.255255036380664 ], [ 41.501295846559458, 18.255402562641887 ], [ 41.50132915878514, 18.255523913900721 ], [ 41.501355333895894, 18.25563099012648 ], [ 41.501391024860439, 18.255714270736675 ], [ 41.501457651108431, 18.255776136770081 ], [ 41.501545691396174, 18.255845142379982 ], [ 41.501586140736791, 18.2559284228875 ], [ 41.501607555674845, 18.25599266899312 ], [ 41.501621834396289, 18.256061672810805 ], [ 41.501628972409542, 18.256128297307573 ], [ 41.501638489161657, 18.256206819947604 ], [ 41.501655144825335, 18.256316275896438 ], [ 41.501681319037765, 18.256430488648924 ], [ 41.501738427635324, 18.256549463314254 ], [ 41.501809812259381, 18.256642262336424 ], [ 41.501838365210681, 18.256730301885444 ], [ 41.501859780148742, 18.256846895355558 ], [ 41.501897851648799, 18.256970626593485 ], [ 41.501947820436477, 18.257087219902271 ], [ 41.50199302994978, 18.257215712085582 ], [ 41.502013120771117, 18.257383170053263 ], [ 41.502018001318049, 18.25744498601285 ], [ 41.50206203493665, 18.257546456238774 ], [ 41.502083260330181, 18.257695029856237 ], [ 41.502164352149194, 18.258031865864062 ], [ 41.502259528653546, 18.258219844098853 ], [ 41.502380882065275, 18.258445892881912 ], [ 41.502495095667129, 18.258636249074662 ], [ 41.502625965830987, 18.258857538803529 ], [ 41.502761596167524, 18.259066931984531 ], [ 41.502888762577463, 18.259277220650922 ], [ 41.502980008054131, 18.25965049810333 ], [ 41.50307860174982, 18.259905379150613 ], [ 41.503140318704794, 18.260034992755166 ], [ 41.503247395191707, 18.260280077335064 ], [ 41.503311640904201, 18.260425224358649 ], [ 41.503375885718377, 18.260627477953861 ], [ 41.503418715594492, 18.260720277356199 ], [ 41.50345678799286, 18.260803558085186 ], [ 41.503494858594607, 18.260858286325828 ], [ 41.503559105205412, 18.260910633615083 ], [ 41.50360907399309, 18.260934429305753 ], [ 41.503654282608075, 18.260974879583792 ], [ 41.503697114280826, 18.261029606917361 ], [ 41.503573381231909, 18.261272312576587 ], [ 41.503551966293841, 18.261331799114011 ], [ 41.503551966293841, 18.261381767038994 ], [ 41.503573381231909, 18.261407941033223 ], [ 41.503616212006335, 18.261436495097392 ], [ 41.503701871758565, 18.261488843065411 ], [ 41.503794671320676, 18.261541191017646 ], [ 41.503875571798531, 18.261567365840921 ], [ 41.503937438772148, 18.261564985768828 ], [ 41.5039778899094, 18.261538811798271 ], [ 41.50400644375901, 18.26147694611155 ], [ 41.503687594833757, 18.261293727288813 ], [ 41.50368283735601, 18.261260414754815 ], [ 41.503818465895925, 18.261010571399215 ], [ 41.503847018847232, 18.260991535878976 ], [ 41.503894607997722, 18.260970121129489 ], [ 41.503965991723462, 18.260958223287005 ], [ 41.504044515259075, 18.260965361821981 ], [ 41.50413493428568, 18.261012950625826 ], [ 41.504223506376064, 18.261080033883559 ], [ 41.504280595210687, 18.261090606039502 ], [ 41.504370501299263, 18.261058161043746 ], [ 41.504460921224194, 18.261051023365663 ], [ 41.504508510374677, 18.26102484761148 ], [ 41.504558478264045, 18.261005812945889 ], [ 41.504637000901347, 18.261010571399215 ], [ 41.504713143003137, 18.261031986996787 ], [ 41.504865428105049, 18.2610724372521 ], [ 41.504965365680405, 18.261120026879681 ], [ 41.505055784707018, 18.261167615641138 ], [ 41.505131927707126, 18.261222343767038 ], [ 41.505203312331183, 18.261277071022612 ], [ 41.505260420030424, 18.261322279665617 ], [ 41.505306295195354, 18.261390180901142 ], [ 41.505468097947698, 18.261285484889829 ], [ 41.505576886623558, 18.261236619108821 ], [ 41.505622097035165, 18.261238999185409 ], [ 41.505674444561727, 18.261246136855764 ], [ 41.505741069911402, 18.261277070169537 ], [ 41.50586242332313, 18.261343695224742 ], [ 41.506121784013644, 18.261534051653278 ], [ 41.506428733854662, 18.261826726110492 ], [ 41.506559604916816, 18.261998046599583 ], [ 41.506630988642563, 18.262076569144817 ], [ 41.506678577793053, 18.262136056259777 ], [ 41.506733305855107, 18.26222647479285 ], [ 41.506826070382914, 18.262432832960229 ], [ 41.506842629926872, 18.262456015939424 ], [ 41.506926042094257, 18.262504871993514 ], [ 41.506976009983617, 18.262573875782827 ], [ 41.507033116784555, 18.262645261308169 ], [ 41.507075947558981, 18.262749955646502 ], [ 41.507130992726331, 18.263015590151195 ], [ 41.507162274759473, 18.263112911227015 ], [ 41.507247936308332, 18.263560250172194 ], [ 41.50726499531558, 18.263713784317577 ], [ 41.507318654382438, 18.263880201255855 ], [ 41.507347207333751, 18.263939686899789 ], [ 41.507413867717723, 18.263982688834911 ], [ 41.507437627258668, 18.2639825182228 ], [ 41.507509010984407, 18.263989654927311 ], [ 41.507575636334082, 18.263994415004984 ], [ 41.507651778435886, 18.26401345104906 ], [ 41.507692229573124, 18.264046763054854 ], [ 41.507735060347557, 18.264134803115198 ], [ 41.507765992936058, 18.26425377591433 ], [ 41.507780269860859, 18.264346575084645 ], [ 41.507789786612982, 18.26442509742078 ], [ 41.507804064436108, 18.264489342942117 ], [ 41.507818341360924, 18.264553587586615 ], [ 41.507839756298978, 18.264624972297966 ], [ 41.507875448161847, 18.26470349365513 ], [ 41.507973006100016, 18.26480819101759 ], [ 41.508172001800062, 18.265003582646887 ], [ 41.508294899415773, 18.265083103613449 ], [ 41.508446213438866, 18.265234419323669 ], [ 41.508548836078603, 18.265303118340871 ], [ 41.508686844255713, 18.265426850377743 ], [ 41.508765365994684, 18.265531547303947 ], [ 41.508857487328761, 18.265715603616933 ], [ 41.508955722596653, 18.265852774331631 ], [ 41.50906517782245, 18.266014576775071 ], [ 41.50918415069868, 18.266164483288094 ], [ 41.509267432610358, 18.26625728314313 ], [ 41.509310263384791, 18.266302492195418 ], [ 41.509362610911339, 18.266335803761972 ], [ 41.509417338973392, 18.266361978715437 ], [ 41.509464927225572, 18.266388152811913 ], [ 41.509510136738868, 18.266421465215075 ], [ 41.50958627973899, 18.266473813386138 ], [ 41.50966004310191, 18.266485709997593 ], [ 41.509729047190454, 18.266504745768493 ], [ 41.509774256703764, 18.266514264079685 ], [ 41.509845642226132, 18.266514264079685 ], [ 41.509905127765926, 18.266507125772865 ], [ 41.509957476190792, 18.266507125772865 ], [ 41.51001696262891, 18.266509505777201 ], [ 41.510090725991837, 18.26652140323926 ], [ 41.510140694779516, 18.26653091984344 ], [ 41.510219217416818, 18.266523782390351 ], [ 41.510300118792991, 18.26651188407541 ], [ 41.510357225593914, 18.26651188407541 ], [ 41.510409573120469, 18.26652140323926 ], [ 41.510484517767985, 18.266569506614136 ], [ 41.510579181334315, 18.266558370074108 ], [ 41.510634127686984, 18.26655503977506 ], [ 41.51069510892173, 18.266480950841284 ], [ 41.510778389935091, 18.266473813386138 ], [ 41.510847394921953, 18.266478571689596 ], [ 41.510947331598999, 18.266495228309829 ], [ 41.511035371886727, 18.266466674224606 ], [ 41.511118652900095, 18.26642860267237 ], [ 41.511249583251072, 18.266360752884211 ], [ 41.511369163388437, 18.266263315908262 ], [ 41.511582648015697, 18.266138309157895 ], [ 41.511713518179555, 18.266121651650366 ], [ 41.511768246241601, 18.266104995847343 ], [ 41.511844389241723, 18.26606216590104 ], [ 41.511896735869961, 18.266026473417998 ], [ 41.511953843569202, 18.265995540097368 ], [ 41.512010951268444, 18.265971745953408 ], [ 41.512084714631364, 18.265938432610888 ], [ 41.512158477994298, 18.265900361795854 ], [ 41.512258414671329, 18.265843255131117 ], [ 41.512294107432524, 18.26580994261699 ], [ 41.512325039122693, 18.265752835922513 ], [ 41.512325039122693, 18.265714764213719 ], [ 41.512310763096195, 18.265669554155313 ], [ 41.512329799295387, 18.265605309070743 ], [ 41.51238690609631, 18.265548202308942 ], [ 41.51245591108318, 18.265495853858756 ], [ 41.512565365410659, 18.265426848671638 ], [ 41.512689097561257, 18.265374501037908 ], [ 41.51285848119629, 18.265338859596707 ], [ 41.512917007335361, 18.265336691986743 ], [ 41.513086468225502, 18.265369742704181 ], [ 41.51321971712823, 18.265400676136327 ], [ 41.513305377778785, 18.265398296116782 ], [ 41.513324413977962, 18.26537688020472 ], [ 41.513274690430357, 18.265327362988966 ], [ 41.513229234778663, 18.265279323248944 ], [ 41.513148334300801, 18.26519604210764 ], [ 41.513076948778441, 18.265127036801346 ], [ 41.512881833800414, 18.264955715987593 ], [ 41.512793794410996, 18.264884333118353 ], [ 41.512712892136513, 18.264801050934501 ], [ 41.512641508410766, 18.264713011212031 ], [ 41.512565365410659, 18.264622591414739 ], [ 41.512474946384046, 18.264529793245021 ], [ 41.512329799295387, 18.264456030168187 ], [ 41.512172754919092, 18.264403681388664 ], [ 41.512049021870183, 18.264363230203323 ], [ 41.511887219117831, 18.26429660630679 ], [ 41.511801557568972, 18.264220463095196 ], [ 41.511689722705988, 18.264132423078298 ], [ 41.51151840230321, 18.264037244608371 ], [ 41.51132566606406, 18.264018209419959 ], [ 41.511168621687773, 18.263992034966165 ], [ 41.511049648811543, 18.263913513287214 ], [ 41.510745077709409, 18.263758848158698 ], [ 41.510678453258045, 18.263687463944283 ], [ 41.510585653695941, 18.263518521755266 ], [ 41.510478578107325, 18.263282955969409 ], [ 41.510409573120469, 18.263149705615547 ], [ 41.51032629300542, 18.262997420712157 ], [ 41.510190662668883, 18.262828478704755 ], [ 41.510069310155465, 18.262747578149821 ], [ 41.509936060354427, 18.262638121989195 ], [ 41.509840882053439, 18.262516768876942 ], [ 41.509762359416136, 18.262159850929443 ], [ 41.50971952864171, 18.261841002255657 ], [ 41.509698113703642, 18.261579261935516 ], [ 41.509724287916086, 18.261353212965826 ], [ 41.509840882053439, 18.261167614788064 ], [ 41.50999554589422, 18.261055780111601 ], [ 41.51021207760693, 18.2610272268379 ], [ 41.510430988058516, 18.261015328999331 ], [ 41.510621344660493, 18.261003432013023 ], [ 41.510707005311041, 18.261003432013023 ], [ 41.510861670948451, 18.261003432013023 ], [ 41.511037750625604, 18.260991535025905 ], [ 41.511204311754007, 18.260946324590638 ], [ 41.511361357028612, 18.260896355687276 ], [ 41.511587406391762, 18.260863043930119 ], [ 41.511763486068915, 18.260855906244018 ], [ 41.511906254418705, 18.260844009246789 ], [ 41.512056159883421, 18.260829732166577 ], [ 41.512201306972095, 18.260841628311709 ], [ 41.512298864910257, 18.260901114996674 ], [ 41.512394044109556, 18.261017708225882 ], [ 41.512420217423681, 18.261086711753137 ], [ 41.51242497669805, 18.26121282431264 ], [ 41.512370247737685, 18.261386524628943 ], [ 41.512334556773133, 18.261545947750157 ], [ 41.512327417861563, 18.261669680758541 ], [ 41.512332177135939, 18.261760100387551 ], [ 41.512410699773241, 18.261883832390257 ], [ 41.512513016985793, 18.262002805025716 ], [ 41.512615333300019, 18.262076568291747 ], [ 41.51267006136208, 18.262074189079708 ], [ 41.512753342375433, 18.262143193893255 ], [ 41.512822347362295, 18.262219336309727 ], [ 41.512891350552529, 18.262324031757952 ], [ 41.512934181326969, 18.262450144271856 ], [ 41.512908007114532, 18.262597670392488 ], [ 41.512846141039233, 18.262695228002094 ], [ 41.51275572111431, 18.26276423342189 ], [ 41.512605815649586, 18.262918896877245 ], [ 41.512477325122923, 18.263097357295198 ], [ 41.512253656295272, 18.263351960302554 ], [ 41.512187030945597, 18.263470932785083 ], [ 41.512198928233218, 18.263568489904003 ], [ 41.512248897020896, 18.263654151016489 ], [ 41.512336937308632, 18.263723155202097 ], [ 41.512467808370801, 18.26378502094153 ], [ 41.512579642335467, 18.263854025928186 ], [ 41.512679579012506, 18.263930167594374 ], [ 41.512772377676306, 18.264020587752302 ], [ 41.51282710573836, 18.264099110235883 ], [ 41.512886592176478, 18.264170494281046 ], [ 41.51293418222528, 18.264227600642982 ], [ 41.512991289026203, 18.264303743851446 ], [ 41.513048395827127, 18.264379887026518 ], [ 41.513100744252, 18.264441753384986 ], [ 41.513169748340552, 18.264484582878016 ], [ 41.513224476402605, 18.264534550748706 ], [ 41.51330061940272, 18.264596417052061 ], [ 41.51337438186733, 18.264663043392709 ], [ 41.513395796805383, 18.264762979870032 ], [ 41.513388658792138, 18.264834363642223 ], [ 41.513379141141705, 18.26487957306508 ], [ 41.513362484579709, 18.264953336815008 ], [ 41.513379141141705, 18.265017582140853 ], [ 41.513433868305434, 18.265062792369054 ], [ 41.513514770579924, 18.265110380902886 ], [ 41.513638501832219, 18.265205559637533 ], [ 41.513826185047897, 18.265366112107408 ], [ 41.51387235486024, 18.26537815722612 ], [ 41.514262586612929, 18.265578031859071 ], [ 41.514457486893598, 18.265714462233291 ], [ 41.514702120603346, 18.265919397630942 ], [ 41.51476636721415, 18.26598364259927 ], [ 41.514806818351389, 18.266035991755416 ], [ 41.514856787139067, 18.266100236680597 ], [ 41.514894857740813, 18.266169241600032 ], [ 41.514942446891304, 18.266228728165718 ], [ 41.514982898028549, 18.266243004801964 ], [ 41.515066179041909, 18.266273937225446 ], [ 41.515154219329645, 18.266316767972548 ], [ 41.515229483777411, 18.266345036311026 ], [ 41.515266054192629, 18.266388151958864 ], [ 41.515275570944745, 18.266461915067772 ], [ 41.515275570944745, 18.266535678145335 ], [ 41.515244638356251, 18.266618958643956 ], [ 41.515194576143784, 18.266678212173609 ], [ 41.515167173036041, 18.266718593722707 ], [ 41.515178013904887, 18.266761727191746 ], [ 41.515175634267699, 18.266809316112884 ], [ 41.515151839692457, 18.266859285020516 ], [ 41.515101870904779, 18.266914012205291 ], [ 41.515049523378224, 18.266944946215297 ], [ 41.514970005407591, 18.266996039398194 ], [ 41.514900281768497, 18.267081850661462 ], [ 41.514861903044618, 18.267143258824863 ], [ 41.514856787139067, 18.267235240086894 ], [ 41.514866303891196, 18.267297106280804 ], [ 41.51487582243994, 18.267358971599624 ], [ 41.514861544616814, 18.267451770816074 ], [ 41.514809197090258, 18.267606436066572 ], [ 41.514778263603453, 18.267689716051468 ], [ 41.514749710652154, 18.267763480313363 ], [ 41.514702120603346, 18.267813448946313 ], [ 41.514678326926415, 18.267853899327676 ], [ 41.514673590109922, 18.267932410693867 ], [ 41.514747331014966, 18.267975252121278 ], [ 41.514799680338143, 18.268018081595542 ], [ 41.514849648227511, 18.268053775375147 ], [ 41.514966240568228, 18.268153711606487 ], [ 41.515047142842725, 18.268227474818158 ], [ 41.515080455966725, 18.26828458240459 ], [ 41.515109009816335, 18.268341689119193 ], [ 41.51512566458171, 18.268410694000611 ], [ 41.515130423856078, 18.268451145095824 ], [ 41.515132804391584, 18.268515389127113 ], [ 41.51516135734289, 18.268579634840698 ], [ 41.515194669568572, 18.268620085896533 ], [ 41.515197050104078, 18.268662916064724 ], [ 41.515192289931385, 18.268710505317646 ], [ 41.515189911192508, 18.268779510052433 ], [ 41.515123390047407, 18.268931135604745 ], [ 41.515119193118402, 18.268975902087952 ], [ 41.515153504270678, 18.269039622161081 ], [ 41.515223224316507, 18.269110255209529 ], [ 41.515239880878504, 18.269162604275756 ], [ 41.515254156905002, 18.269231607977758 ], [ 41.515251778166132, 18.269305370731331 ], [ 41.515251778166132, 18.269371995264553 ], [ 41.515242259617381, 18.269481450591424 ], [ 41.515223579151041, 18.269693328638326 ], [ 41.515233407618574, 18.269880096590825 ], [ 41.515278740201062, 18.269948094283734 ], [ 41.515346955568802, 18.269985897212241 ], [ 41.515420718931722, 18.270028727043378 ], [ 41.51546592934335, 18.270073936819408 ], [ 41.515475446993776, 18.270159597280685 ], [ 41.51546592934335, 18.270226222339012 ], [ 41.515454032055715, 18.270297606423554 ], [ 41.515456410794592, 18.270373747822379 ], [ 41.515454032055715, 18.27048558417335 ], [ 41.515423765118847, 18.270602176936606 ], [ 41.515423765118847, 18.270717666657021 ], [ 41.515433828944978, 18.270778055019615 ], [ 41.515477826630963, 18.270844882007879 ], [ 41.515508759219458, 18.270906747768162 ], [ 41.515511138856638, 18.270980510662792 ], [ 41.51550637958227, 18.271047137112017 ], [ 41.51546830898053, 18.271156591382404 ], [ 41.515392165980415, 18.271342189969779 ], [ 41.515392165980415, 18.271427849805054 ], [ 41.5154112021796, 18.271470680133348 ], [ 41.515425478206097, 18.271511131368371 ], [ 41.515437374595408, 18.271558719840296 ], [ 41.5154706877194, 18.271608689086609 ], [ 41.515553968732767, 18.271694349643361 ], [ 41.515594419870006, 18.271768113056236 ], [ 41.51561583480806, 18.271810943300551 ], [ 41.515630111732868, 18.271851393603239 ], [ 41.515620594082442, 18.271927536879407 ], [ 41.51561583480806, 18.272008439127042 ], [ 41.515611077330313, 18.27205840739083 ], [ 41.515590480757481, 18.272267534714654 ], [ 41.51559508641995, 18.272364255195647 ], [ 41.515607095996977, 18.272472347217224 ], [ 41.515651526670936, 18.272591405574445 ], [ 41.515665803595738, 18.272700862282861 ], [ 41.515653907206435, 18.272800799250309 ], [ 41.515639630281626, 18.272886460071604 ], [ 41.515611077330313, 18.272988775994623 ], [ 41.515551589993891, 18.273081575612849 ], [ 41.515428502833657, 18.2732214599183 ], [ 41.515376175968363, 18.273401699367668 ], [ 41.515385692720479, 18.273715788319983 ], [ 41.515358061440651, 18.273827813591819 ], [ 41.515352111898522, 18.274006273882797 ], [ 41.515355086220431, 18.274199605373219 ], [ 41.515295598884009, 18.274315603652266 ], [ 41.515200420583021, 18.274455397396906 ], [ 41.515048731064141, 18.274571394651932 ], [ 41.514864322207671, 18.27466062529097 ], [ 41.514712631790481, 18.27465170282624 ], [ 41.51460258187997, 18.274624933723267 ], [ 41.514489556749233, 18.274782572989068 ], [ 41.514430071209439, 18.274880725119903 ], [ 41.514358685687071, 18.275020518409221 ], [ 41.514254585318682, 18.275115696827115 ], [ 41.514090999410506, 18.275222772911334 ], [ 41.513969051314049, 18.275273337353024 ], [ 41.513814385676639, 18.27533579693176 ], [ 41.513677566868978, 18.275425027177668 ], [ 41.513539232603428, 18.275628874618434 ], [ 41.513406902677239, 18.275993123713061 ], [ 41.513228444261216, 18.276543373653787 ], [ 41.513130290740008, 18.277135265114666 ], [ 41.513115419130479, 18.277414852212345 ], [ 41.513120447899439, 18.277817978668104 ], [ 41.513158519399504, 18.278455674729905 ], [ 41.513425018103263, 18.279436012698945 ], [ 41.513748625404581, 18.28013081502975 ], [ 41.514043677957964, 18.280654295614667 ], [ 41.514386320560156, 18.281054046137097 ], [ 41.514776553211156, 18.2813015098377 ], [ 41.51575689096893, 18.281644152285985 ], [ 41.515595088216578, 18.281844026948111 ], [ 41.515100159614157, 18.281777402086327 ], [ 41.514614749560486, 18.281615598987724 ], [ 41.514157893356455, 18.281349099036028 ], [ 41.51373910685583, 18.280816099610089 ], [ 41.513396465151956, 18.280245029172338 ], [ 41.513181040163666, 18.279791098734933 ], [ 41.513055932692367, 18.279377905672412 ], [ 41.513002393999749, 18.279199448348109 ], [ 41.512948857103758, 18.2790685772523 ], [ 41.512865576090398, 18.27891986071479 ], [ 41.512815012618006, 18.278788990261027 ], [ 41.512749576637759, 18.278640274336801 ], [ 41.512660346980589, 18.278426122055976 ], [ 41.51265737265868, 18.278298225606541 ], [ 41.512648449692975, 18.27809597213092 ], [ 41.51265737265868, 18.277926435784547 ], [ 41.512616001646585, 18.277332568927815 ], [ 41.512673109345833, 18.276942336951059 ], [ 41.512697571369337, 18.276575400344601 ], [ 41.512832857651119, 18.275728408135087 ], [ 41.512895319309465, 18.275481540410716 ], [ 41.512981573746401, 18.275261439637951 ], [ 41.513058906115951, 18.275020518409221 ], [ 41.513148135773129, 18.274746880593444 ], [ 41.513267108649359, 18.274470267903695 ], [ 41.513299826190313, 18.27427991116058 ], [ 41.513308749156039, 18.274122272291098 ], [ 41.513222494719088, 18.273982479131071 ], [ 41.51305593179405, 18.273854582817773 ], [ 41.51285070268424, 18.273741557832459 ], [ 41.512544348426268, 18.273640430600562 ], [ 41.512255838303098, 18.273506586823359 ], [ 41.512014917330426, 18.273369767628626 ], [ 41.511687741920788, 18.27329540863925 ], [ 41.511458719134055, 18.273262692106893 ], [ 41.5112951296326, 18.273351921712926 ], [ 41.511196977908035, 18.273393561611361 ], [ 41.51101256994987, 18.273426279825067 ], [ 41.510834109737218, 18.273470895018264 ], [ 41.510634830169536, 18.273566074286219 ], [ 41.510506934327587, 18.273711814986672 ], [ 41.510414730348508, 18.273887300944548 ], [ 41.510292783150376, 18.274077658118397 ], [ 41.510191656205585, 18.274059812275503 ], [ 41.510072683329355, 18.274047915330225 ], [ 41.509885300150977, 18.274140118980572 ], [ 41.509706839938318, 18.27416093926297 ], [ 41.509558123843036, 18.27412524759248 ], [ 41.509489714439205, 18.274027095034267 ], [ 41.509439150966806, 18.273922992663991 ], [ 41.509364792919165, 18.273830788898255 ], [ 41.509251767788427, 18.27380699497548 ], [ 41.509153615165545, 18.273682072988802 ], [ 41.509106026913358, 18.273652329279805 ], [ 41.509070335050495, 18.273396537778257 ], [ 41.509046539576929, 18.273167515231577 ], [ 41.509100078269547, 18.272923620038515 ], [ 41.509156590385764, 18.272760031846452 ], [ 41.509189307926725, 18.272477469595259 ], [ 41.509208611823873, 18.271935952789462 ], [ 41.509308280802955, 18.271635736740386 ], [ 41.509323152412485, 18.271501892269931 ], [ 41.509332075378204, 18.271379943972239 ], [ 41.509314230345083, 18.271210407887477 ], [ 41.509299357837229, 18.271124153386125 ], [ 41.509263665974366, 18.271070614087662 ], [ 41.509204180434566, 18.271020050980336 ], [ 41.509153615165545, 18.270987333165966 ], [ 41.509070335050495, 18.270936770034375 ], [ 41.509004899968566, 18.270889179685842 ], [ 41.508882951872117, 18.27085943720418 ], [ 41.508752081708266, 18.270844566387947 ], [ 41.508606339934886, 18.270856462699825 ], [ 41.508514135057496, 18.270886206035023 ], [ 41.508407060367198, 18.270963538853287 ], [ 41.508282137948846, 18.27105276878854 ], [ 41.508246446984295, 18.271070614087662 ], [ 41.508169113716434, 18.271064665939164 ], [ 41.508103677736187, 18.271043846138291 ], [ 41.508017424197561, 18.271023026334916 ], [ 41.507840093167218, 18.271062115392141 ], [ 41.507654555128418, 18.271222305880322 ], [ 41.507541530896006, 18.271359124209184 ], [ 41.507360097259763, 18.271522712015855 ], [ 41.507241124383533, 18.271638711231386 ], [ 41.507125124930894, 18.271742812413031 ], [ 41.506961538124393, 18.271840965410334 ], [ 41.506720616253396, 18.271974809619266 ], [ 41.506446978638074, 18.272084860419056 ], [ 41.506265545001817, 18.272177064259509 ], [ 41.506090060009385, 18.272322806126596 ], [ 41.505917549338854, 18.27249531730693 ], [ 41.505682577009992, 18.272685672595781 ], [ 41.505456527646835, 18.272849261710967 ], [ 41.505295915162243, 18.272938492382615 ], [ 41.505099609018153, 18.272983105995202 ], [ 41.504885456942624, 18.272974182591188 ], [ 41.504811098894983, 18.272908747693144 ], [ 41.504724843559721, 18.272855209798291 ], [ 41.504602897259893, 18.272742185868044 ], [ 41.504534486957752, 18.272661879368997 ], [ 41.504415514081522, 18.272584545601532 ], [ 41.504317360560314, 18.272545879984403 ], [ 41.504186491294789, 18.272507214358658 ], [ 41.5040972607393, 18.272444752908683 ], [ 41.503966390575442, 18.272385266767444 ], [ 41.503895006849703, 18.272316857168004 ], [ 41.503808750616123, 18.272212756330728 ], [ 41.503770086227981, 18.272087834902358 ], [ 41.503689778638218, 18.272004553615805 ], [ 41.503663009741061, 18.271927221261443 ], [ 41.503743316432512, 18.271888554644828 ], [ 41.503841469055402, 18.271888554644828 ], [ 41.503987210828782, 18.271924245922371 ], [ 41.5040972607393, 18.271948040103318 ], [ 41.504198388582402, 18.271933169380375 ], [ 41.50434413035579, 18.271903426224618 ], [ 41.504495820772974, 18.27185286335995 ], [ 41.504620743191332, 18.271799324286302 ], [ 41.504721870136123, 18.27177850372054 ], [ 41.504796228183764, 18.27177850372054 ], [ 41.504944944279053, 18.27177850372054 ], [ 41.505126377915303, 18.271733888945231 ], [ 41.505239402147723, 18.271686299668321 ], [ 41.50540001642895, 18.271573275829748 ], [ 41.505510066339454, 18.271451329288265 ], [ 41.505632012639275, 18.271293688702123 ], [ 41.505733139584066, 18.27109738288593 ], [ 41.505804525106441, 18.270930821028266 ], [ 41.505920522762452, 18.270829693864393 ], [ 41.505980009200556, 18.270746412827076 ], [ 41.506075188399862, 18.27067205441962 ], [ 41.506203085140122, 18.270609594015163 ], [ 41.506325032338253, 18.270556056264013 ], [ 41.506494567788572, 18.27051144117442 ], [ 41.506604617699075, 18.270517390194907 ], [ 41.506723590575305, 18.270550107244851 ], [ 41.506818768876293, 18.270559029920484 ], [ 41.506958562904174, 18.270553080901429 ], [ 41.507071588034911, 18.270502517643312 ], [ 41.507226251875686, 18.27041031376617 ], [ 41.507360097259763, 18.270350826927551 ], [ 41.507398764342852, 18.27024077673417 ], [ 41.507374968869293, 18.270142623684833 ], [ 41.507312508109266, 18.270047446804327 ], [ 41.507214354588065, 18.269982010802696 ], [ 41.507062665069185, 18.269964165391631 ], [ 41.506988306123233, 18.270062317688861 ], [ 41.506913948075592, 18.27016939433231 ], [ 41.506797948622946, 18.27025267479349 ], [ 41.506711694186002, 18.270309187152019 ], [ 41.506589746089539, 18.270315136179438 ], [ 41.506429132706636, 18.270338929727984 ], [ 41.506310159830413, 18.270341904241214 ], [ 41.506197134699676, 18.270324058867153 ], [ 41.506131699617754, 18.270243751249073 ], [ 41.506146572125601, 18.270160470783608 ], [ 41.506206058563713, 18.270053394987688 ], [ 41.506241750426575, 18.269937396418566 ], [ 41.506223905393469, 18.269860063996081 ], [ 41.506203085140122, 18.269773807970555 ], [ 41.506152520769405, 18.269675654657128 ], [ 41.506101957297012, 18.269613193894063 ], [ 41.506051392926302, 18.269523964924719 ], [ 41.506015701961744, 18.269440684113857 ], [ 41.505977034878661, 18.269309814187483 ], [ 41.505991907386495, 18.269241404228733 ], [ 41.506057341570113, 18.269214635144191 ], [ 41.506179288768237, 18.269202737866735 ], [ 41.506304211186603, 18.269178943309388 ], [ 41.506408311554992, 18.269161096962716 ], [ 41.506488619144754, 18.269193815121376 ], [ 41.506497542110473, 18.269235455164509 ], [ 41.506527286227843, 18.269309814187483 ], [ 41.506571901056432, 18.269390119678619 ], [ 41.506604617699075, 18.269440684113857 ], [ 41.506658156391694, 18.269497195883755 ], [ 41.506762257658394, 18.26953288765311 ], [ 41.506854461637474, 18.269535862180149 ], [ 41.506943691294644, 18.269535862180149 ], [ 41.507003177732756, 18.269500170411408 ], [ 41.507092408288237, 18.269464477782289 ], [ 41.507148918607825, 18.269473401366774 ], [ 41.507196508656634, 18.269485297772643 ], [ 41.507220304130193, 18.269506118613528 ], [ 41.507247072129026, 18.269541811234077 ], [ 41.507285739212115, 18.26959237391906 ], [ 41.507345224751916, 18.269634014719603 ], [ 41.507389841377133, 18.269660783739461 ], [ 41.507434455307404, 18.269696476328207 ], [ 41.507485018779803, 18.269761910731436 ], [ 41.507514761998863, 18.26983924405069 ], [ 41.507520710642673, 18.2699433446057 ], [ 41.507544505217915, 18.270047446804327 ], [ 41.507586145724588, 18.270086112978131 ], [ 41.507633734875085, 18.270160470783608 ], [ 41.507657528552016, 18.270249700278736 ], [ 41.507666452416046, 18.270315136179438 ], [ 41.507702145177234, 18.270344878754386 ], [ 41.507758657293436, 18.270386520227412 ], [ 41.507850861272523, 18.270440057177833 ], [ 41.507928193642066, 18.270466826073367 ], [ 41.508002550791396, 18.270466826073367 ], [ 41.508073935415446, 18.27046087705115 ], [ 41.508142344819284, 18.270466826073367 ], [ 41.508166139394525, 18.2704876467965 ], [ 41.508146925328916, 18.27055163075336 ], [ 41.508181011004062, 18.270562003576909 ], [ 41.508225625832644, 18.270547132735196 ], [ 41.508305931625777, 18.270502517643312 ], [ 41.508377317148145, 18.270440057177833 ], [ 41.508389214435773, 18.270383544861922 ], [ 41.508347573929093, 18.270324058867153 ], [ 41.508285112270755, 18.270294316288638 ], [ 41.508195881715267, 18.270270521027914 ], [ 41.508149629257922, 18.270274428756743 ], [ 41.508049879430459, 18.270262332796019 ], [ 41.507975781894245, 18.270225905864926 ], [ 41.507919270676354, 18.27016939433231 ], [ 41.507871680627545, 18.270092061160167 ], [ 41.507856809018023, 18.270005806102972 ], [ 41.50787910071179, 18.269835930022197 ], [ 41.507901424744922, 18.269767859777613 ], [ 41.507904399066817, 18.269723245338433 ], [ 41.507874654949447, 18.269678630034754 ], [ 41.507821118053464, 18.269607245695617 ], [ 41.507752707751315, 18.269544784907929 ], [ 41.507693222211522, 18.269503144085974 ], [ 41.507520710642673, 18.269384170619492 ], [ 41.507231551037549, 18.269210375941135 ], [ 41.507131051116822, 18.269134240003158 ], [ 41.507035895273731, 18.269009406780587 ], [ 41.506723590575305, 18.268807151860788 ], [ 41.506455900705483, 18.268610846644187 ], [ 41.506200109021584, 18.268441310413507 ], [ 41.506001098948488, 18.268347725224043 ], [ 41.50576315229771, 18.2683191722966 ], [ 41.50528725989448, 18.2683191722966 ], [ 41.504817048437111, 18.268298542394142 ], [ 41.504522588771813, 18.268319361671313 ], [ 41.504421461827022, 18.268307465185533 ], [ 41.504376846998433, 18.268289618749257 ], [ 41.504332232169851, 18.268247979332241 ], [ 41.50428761823958, 18.268170647863087 ], [ 41.504213259293621, 18.268126032160296 ], [ 41.504100235061195, 18.268099262903728 ], [ 41.503936645559754, 18.268090340101633 ], [ 41.503798109173268, 18.268117638244529 ], [ 41.503665983164652, 18.268173622413467 ], [ 41.503422540620974, 18.268213099392518 ], [ 41.502463601631582, 18.268511211798575 ], [ 41.502139995228582, 18.268599252153795 ], [ 41.501854504343079, 18.268674595001578 ], [ 41.501713768880776, 18.268664669909938 ], [ 41.501635548975734, 18.268644462302184 ], [ 41.501576063435927, 18.268634943254767 ], [ 41.501533231763183, 18.268620666815259 ], [ 41.501480884236628, 18.268592113079681 ], [ 41.501430916347267, 18.268549282894018 ], [ 41.501380946661278, 18.268508831821681 ], [ 41.501342876059532, 18.268492176247722 ], [ 41.501283388723103, 18.268489796270565 ], [ 41.501173934395624, 18.268525489100124 ], [ 41.501112067422014, 18.268554041993628 ], [ 41.50103592532021, 18.268611148619573 ], [ 41.50096615856198, 18.268680850325477 ], [ 41.500900548308572, 18.268715998877948 ], [ 41.500800359204938, 18.268742019072768 ], [ 41.500745631142884, 18.26875153726127 ], [ 41.500702800368451, 18.268772952756986 ], [ 41.500650452841903, 18.268811023795021 ], [ 41.500612382240156, 18.268865752070493 ], [ 41.500576690377294, 18.268932375919437 ], [ 41.500557654178102, 18.268982345068913 ], [ 41.500531479965673, 18.26904658975662 ], [ 41.500536240138359, 18.269110836126611 ], [ 41.50055527543924, 18.269144148860274 ], [ 41.500612382240156, 18.269175081619785 ], [ 41.500676627054332, 18.269172701651996 ], [ 41.500717078191578, 18.269191737128217 ], [ 41.500757529328823, 18.269234568008372 ], [ 41.500757534718716, 18.269302447382405 ], [ 41.500718696057405, 18.269394689381627 ], [ 41.500687575721024, 18.26940311735699 ], [ 41.500600484054225, 18.269479652396715 ], [ 41.500531479965673, 18.269512965059594 ], [ 41.500462475877121, 18.26954865597267 ], [ 41.500405368177887, 18.269605763124396 ], [ 41.500353020651332, 18.269636695801633 ], [ 41.500267360000784, 18.269667630179434 ], [ 41.50020311428829, 18.26969142466978 ], [ 41.500115074000554, 18.269727116399189 ], [ 41.500029414248317, 18.269755669948044 ], [ 41.49997706492514, 18.26977232625379 ], [ 41.499912821009289, 18.269777085319856 ], [ 41.499886646796853, 18.269750910881388 ], [ 41.499874748610914, 18.269700941953193 ], [ 41.499862851323286, 18.269636695801633 ], [ 41.499843816022413, 18.269541518643678 ], [ 41.499836678009174, 18.269512965059594 ], [ 41.499796226871922, 18.269539138680909 ], [ 41.499786709221489, 18.269612902156812 ], [ 41.499776054303901, 18.269701736126407 ], [ 41.499757392702193, 18.269708777909184 ], [ 41.499627285208028, 18.269722357331755 ], [ 41.499603490632772, 18.269703321913735 ], [ 41.499558281119469, 18.269696182885031 ], [ 41.499505931796286, 18.269719978224504 ], [ 41.499467617751108, 18.269818422396735 ], [ 41.499420272044055, 18.269910334851591 ], [ 41.499372681995247, 18.27001027172 ], [ 41.499313195557136, 18.27006737871983 ], [ 41.499267986942144, 18.270124485700869 ], [ 41.499208499605714, 18.270179212709134 ], [ 41.499110941667553, 18.27025297676602 ], [ 41.499056213605492, 18.270338637991959 ], [ 41.498931196864028, 18.270484610867712 ], [ 41.498806370565411, 18.270555169114619 ], [ 41.498792093640596, 18.270612275935154 ], [ 41.498815415702005, 18.270701541025137 ], [ 41.498777055842744, 18.270774775983167 ], [ 41.498744505388423, 18.270840703882381 ], [ 41.498651705826305, 18.270881155264252 ], [ 41.498520834764143, 18.270900191406113 ], [ 41.498397104410174, 18.270888293391181 ], [ 41.498339234041254, 18.270984169291999 ], [ 41.498244056638583, 18.271203078696185 ], [ 41.498223859816051, 18.271337722680983 ], [ 41.498269745760773, 18.271389560966874 ], [ 41.498349515259683, 18.271352288072237 ], [ 41.498404242423426, 18.271345149111372 ], [ 41.498468488135913, 18.271347529049368 ], [ 41.498527973675706, 18.271354668010137 ], [ 41.498611254689074, 18.271385601228683 ], [ 41.498689778224687, 18.271435568818795 ], [ 41.498756401777733, 18.271502194240288 ], [ 41.498813508578657, 18.271583095833197 ], [ 41.498846821702656, 18.271652101131867 ], [ 41.498875374653956, 18.271728242789436 ], [ 41.498882513565519, 18.2717877291559 ], [ 41.498901548866392, 18.271873389624275 ], [ 41.49891106741515, 18.271947153814068 ], [ 41.498913447052331, 18.272025675270871 ], [ 41.498915825791201, 18.272080404238643 ], [ 41.498920585065576, 18.272151786707472 ], [ 41.498955627446499, 18.272266476117021 ], [ 41.49903403689607, 18.272373774038517 ], [ 41.49917680524586, 18.272764006054576 ], [ 41.49937668039658, 18.273154237193054 ], [ 41.499567036998542, 18.273420736939052 ], [ 41.499957268751231, 18.273772896659434 ], [ 41.500318945755971, 18.273972771860922 ], [ 41.500956641809864, 18.274229754168243 ], [ 41.501308802062489, 18.274324932166916 ], [ 41.501708552363922, 18.274572396083929 ], [ 41.50222251626721, 18.275076842406687 ], [ 41.502574675621524, 18.275476592134186 ], [ 41.502919440942726, 18.275866719076664 ], [ 41.503165703298087, 18.276195760931586 ], [ 41.503351300625681, 18.276409910847761 ], [ 41.503544036864831, 18.276624063058588 ], [ 41.503802477680502, 18.276989928198361 ], [ 41.504040425229583, 18.277170766800879 ], [ 41.504430656083947, 18.277418230923672 ], [ 41.504544731345256, 18.277516008804991 ], [ 41.504629070574019, 18.277637713098873 ], [ 41.504693317184824, 18.277726943013814 ], [ 41.504764700910556, 18.277801896345732 ], [ 41.504832515629673, 18.277901832933924 ], [ 41.504974617429525, 18.278002451004873 ], [ 41.504992209137733, 18.278027372860052 ], [ 41.5052396716423, 18.27816062287997 ], [ 41.505620386642867, 18.278569889975515 ], [ 41.505946103188478, 18.279233142135404 ], [ 41.506024625825781, 18.279379477723545 ], [ 41.506149547345821, 18.27956507604452 ], [ 41.506317298741976, 18.279743536404585 ], [ 41.506488620043065, 18.279921994875068 ], [ 41.506627819386239, 18.280014795049595 ], [ 41.506709910131853, 18.280100454867906 ], [ 41.506752740007961, 18.280196822965916 ], [ 41.506745601994716, 18.280278914677126 ], [ 41.506652803330915, 18.280350298037611 ], [ 41.506599266434932, 18.280443097982989 ], [ 41.50660997255649, 18.280596571983793 ], [ 41.506649234324286, 18.280657248626579 ], [ 41.506742032988086, 18.280746478694184 ], [ 41.506820554727078, 18.280789309280927 ], [ 41.50696332307686, 18.280857124426049 ], [ 41.50709181270522, 18.280907091847219 ], [ 41.507152490309394, 18.280992752930796 ], [ 41.507052552734038, 18.281071275411414 ], [ 41.506920493200752, 18.281110536211905 ], [ 41.506884800439565, 18.281174782379686 ], [ 41.506938339132184, 18.281231889116643 ], [ 41.507070399563787, 18.281303272084919 ], [ 41.507195321083827, 18.281413918314552 ], [ 41.507273842822812, 18.281506715984882 ], [ 41.507395196234548, 18.281620930927364 ], [ 41.507448734028841, 18.281717299033531 ], [ 41.507523686761203, 18.281874344156122 ], [ 41.507537963686012, 18.281981418627357 ], [ 41.507505840829779, 18.28210277092273 ], [ 41.50746657996028, 18.282188432268729 ], [ 41.507416611172602, 18.282249108354602 ], [ 41.507263135802944, 18.282349044939373 ], [ 41.507191752077205, 18.282495382163436 ], [ 41.507166767234203, 18.282645288085579 ], [ 41.507123937358088, 18.282780917750834 ], [ 41.507052553632349, 18.282930824279124 ], [ 41.506963323975178, 18.283109283734863 ], [ 41.506884801337868, 18.283241344228024 ], [ 41.506781294755896, 18.283355558028106 ], [ 41.506670650160672, 18.283459063633046 ], [ 41.506620681372993, 18.283559001226489 ], [ 41.506488620941383, 18.283651800307904 ], [ 41.506343982299171, 18.283761451336883 ], [ 41.506099580354771, 18.283705338282505 ], [ 41.505956811106657, 18.283701770335732 ], [ 41.505789059710509, 18.283701770335732 ], [ 41.505678415115284, 18.283737460888752 ], [ 41.505535646765487, 18.283823120574318 ], [ 41.505344370288668, 18.284042650087134 ], [ 41.505125906299781, 18.284345137422669 ], [ 41.505089497581316, 18.284444160985338 ], [ 41.504961007054646, 18.284465576249904 ], [ 41.504846794351117, 18.284454869044431 ], [ 41.504725440939382, 18.284419176933149 ], [ 41.504557687746598, 18.28436920796501 ], [ 41.504339967562757, 18.28431923983543 ], [ 41.504186492193099, 18.284297823699834 ], [ 41.503894811016977, 18.284238020056897 ], [ 41.503630691052081, 18.284238020056897 ], [ 41.503391555031875, 18.28424872812872 ], [ 41.503122873421965, 18.284212164248753 ], [ 41.502947983114247, 18.284251424338191 ], [ 41.502740969950281, 18.284347792688543 ], [ 41.502587494580624, 18.284472713817877 ], [ 41.502622712133025, 18.284609138717727 ], [ 41.502618480169723, 18.284701559376458 ], [ 41.502609902157069, 18.28475198372864 ], [ 41.50246398611052, 18.2847730424186 ], [ 41.502381473156731, 18.284673462061622 ], [ 41.502349350300491, 18.284619924385911 ], [ 41.502299382411124, 18.28460921633701 ], [ 41.502185167910959, 18.284705585341481 ], [ 41.502060246390919, 18.284684170106555 ], [ 41.5020067076983, 18.284591370724655 ], [ 41.501978154746993, 18.284466449680799 ], [ 41.501931754965938, 18.284384358245827 ], [ 41.5018853560832, 18.284337958907344 ], [ 41.501799695432645, 18.284305836412337 ], [ 41.501760433664842, 18.284266573776339 ], [ 41.501760433664842, 18.284202328753938 ], [ 41.501756864658219, 18.284120238046892 ], [ 41.501699757857288, 18.284034576802167 ], [ 41.501621236118311, 18.283995315810674 ], [ 41.501503451713198, 18.28394891722105 ], [ 41.501428498980836, 18.283859687095202 ], [ 41.501385669104728, 18.283759749675045 ], [ 41.501353546248474, 18.283620551120951 ], [ 41.501317854385611, 18.283509906299159 ], [ 41.50129643944755, 18.283409968677425 ], [ 41.501217916810248, 18.283352860951741 ], [ 41.50109656429683, 18.283331447255687 ], [ 41.501003765633037, 18.283360000271443 ], [ 41.500985918803288, 18.283399261406771 ], [ 41.500989488708221, 18.283481353308087 ], [ 41.500985918803288, 18.283567013120166 ], [ 41.500860997283247, 18.283584858837944 ], [ 41.500764629612831, 18.283517043906471 ], [ 41.500689675982152, 18.283452798606383 ], [ 41.500639707194473, 18.28337427720404 ], [ 41.500614723249797, 18.28327434035711 ], [ 41.500561186353806, 18.28308517292821 ], [ 41.500521923687685, 18.282910282263757 ], [ 41.500521923687685, 18.282788929680457 ], [ 41.500493370736372, 18.282692561316793 ], [ 41.500439832942078, 18.282571207728175 ], [ 41.500425556017262, 18.282492686779626 ], [ 41.500325619340217, 18.282442718109344 ], [ 41.500182850990427, 18.28238204123824 ], [ 41.500104329251442, 18.282346350406264 ], [ 41.500015099594272, 18.282307088179589 ], [ 41.49994371586854, 18.282314226689376 ], [ 41.499854486211362, 18.282335642216971 ], [ 41.499775962675749, 18.282335642216971 ], [ 41.499679595903643, 18.282296380840844 ], [ 41.499572520315041, 18.282274966161367 ], [ 41.499461873923174, 18.282257120308799 ], [ 41.499304830445212, 18.282253550626283 ], [ 41.499076408631396, 18.282288543747431 ], [ 41.498890804117273, 18.282332073389043 ], [ 41.498712343904621, 18.282346350406264 ], [ 41.498651888184312, 18.282284423046558 ], [ 41.498523176672094, 18.282167890165429 ], [ 41.49844108592648, 18.282103645218502 ], [ 41.498266194720443, 18.282046537915615 ], [ 41.498148412111966, 18.282025122352316 ], [ 41.498009213667117, 18.282000137951616 ], [ 41.497841462270969, 18.281978723235564 ], [ 41.497670140969873, 18.28196087735251 ], [ 41.497498818770453, 18.28191804705509 ], [ 41.497356052217299, 18.28188592411184 ], [ 41.497227560792311, 18.281882355274657 ], [ 41.497095501259025, 18.28183238728149 ], [ 41.496970578840674, 18.28185380116264 ], [ 41.496917041046366, 18.281882355274657 ], [ 41.496877780176874, 18.28196087735251 ], [ 41.496831381294143, 18.282082229662258 ], [ 41.496817104369327, 18.282164321334044 ], [ 41.49682424238258, 18.282249980943693 ], [ 41.496863504150383, 18.282346350406264 ], [ 41.496924179059612, 18.282456994264486 ], [ 41.497101917026797, 18.282614974424213 ], [ 41.497444558730663, 18.283033758649744 ], [ 41.497644433881383, 18.283452545275829 ], [ 41.497644433881383, 18.284166383261159 ], [ 41.497634916230943, 18.284699381772882 ], [ 41.49761588093007, 18.285118167788283 ], [ 41.497520701730771, 18.285632131410097 ], [ 41.49738745192974, 18.286231755415962 ], [ 41.49719709532777, 18.286612468048343 ], [ 41.49687348892477, 18.287002701296636 ], [ 41.496775640830755, 18.287071193810732 ], [ 41.496419733705082, 18.287190932181293 ], [ 41.495886736297557, 18.287343218027392 ], [ 41.495553611345798, 18.287409841603658 ], [ 41.495077718942575, 18.287619235302738 ], [ 41.494858807592671, 18.287685862184706 ], [ 41.494592308888905, 18.287685862184706 ], [ 41.49427822013633, 18.287485985726708 ], [ 41.494106897936923, 18.287314664814602 ], [ 41.493926058985394, 18.287086237237091 ], [ 41.493783290635598, 18.286829255212943 ], [ 41.493592934033636, 18.286581790871086 ], [ 41.493459684232597, 18.286343845105232 ], [ 41.493269326732324, 18.286305773650042 ], [ 41.493164630780896, 18.286353363180964 ], [ 41.493021863329425, 18.286524684190006 ], [ 41.492869578227513, 18.286791183864334 ], [ 41.492783916678654, 18.286991059417446 ], [ 41.492631633373371, 18.28729562876817 ], [ 41.492441274974773, 18.287400326144766 ], [ 41.492155740970148, 18.287333700006009 ], [ 41.491794062168765, 18.287219487120357 ], [ 41.491460937217006, 18.287029129869214 ], [ 41.491280098265477, 18.286905397885079 ], [ 41.491023117212151, 18.286753113360316 ], [ 41.490728062862132, 18.286762629707681 ], [ 41.490471080910496, 18.286838773262026 ], [ 41.490309278158144, 18.286952987251418 ], [ 41.490128439206615, 18.287095755272066 ], [ 41.489919047303779, 18.287314664814602 ], [ 41.489614476201645, 18.287257558374915 ], [ 41.489405081603856, 18.287162379796371 ], [ 41.488948226298128, 18.287019611830583 ], [ 41.488577029846319, 18.28693395201822 ], [ 41.488243905792878, 18.286943470061559 ], [ 41.488177281341514, 18.287038647907327 ], [ 41.488234389040755, 18.287190933887192 ], [ 41.488405710341858, 18.287362254921554 ], [ 41.488481853341966, 18.287505021752242 ], [ 41.488453298594031, 18.287714415336364 ], [ 41.488415227093981, 18.287876217861843 ], [ 41.488310532040877, 18.288057057054175 ], [ 41.488167763691081, 18.288171271946883 ], [ 41.487882228788138, 18.28816175397095 ], [ 41.487444406986647, 18.287999950859025 ], [ 41.487082729981893, 18.287857182730004 ], [ 41.486958996932977, 18.287790557619761 ], [ 41.486778157981448, 18.287590683841294 ], [ 41.486435516277574, 18.287485986579654 ], [ 41.485921553272597, 18.287428880196394 ], [ 41.485636016573025, 18.287371772941377 ], [ 41.485350481670068, 18.287295629621113 ], [ 41.484998322315761, 18.287238523175152 ], [ 41.48478892861629, 18.287305147644592 ], [ 41.484703267965742, 18.287447916228199 ], [ 41.484693751213626, 18.287685862184706 ], [ 41.484693751213626, 18.287876218714786 ], [ 41.484769894213734, 18.288057057907121 ], [ 41.484807964815481, 18.288085610997641 ], [ 41.484941214616512, 18.288095128977751 ], [ 41.485112535917615, 18.288142718870468 ], [ 41.485226750417787, 18.288218860965753 ], [ 41.485302893417895, 18.288285485911398 ], [ 41.485379034621374, 18.288352110831447 ], [ 41.485455177621489, 18.288428253687709 ], [ 41.485578909772087, 18.288494879405825 ], [ 41.4857026419227, 18.288494879405825 ], [ 41.485873964122106, 18.288437771649008 ], [ 41.486102391325822, 18.288304521849152 ], [ 41.486378410374954, 18.288142718870468 ], [ 41.486730569729268, 18.288066575888799 ], [ 41.486968516380045, 18.288066575888799 ], [ 41.487206461234187, 18.288085610997641 ], [ 41.487396818734467, 18.288133200040026 ], [ 41.487615729186054, 18.288218860965753 ], [ 41.487748978987092, 18.288314039817244 ], [ 41.487882228788138, 18.288418735725887 ], [ 41.488034513890042, 18.288599575205261 ], [ 41.488101139239724, 18.288713788887605 ], [ 41.488196316642387, 18.288875592186237 ], [ 41.488291495841679, 18.289046913261714 ], [ 41.488348602642617, 18.289237269150274 ], [ 41.488386674142667, 18.28941810862873 ], [ 41.488707179561317, 18.28977239379007 ], [ 41.488735733410927, 18.290153107176614 ], [ 41.488735733410927, 18.290217607579308 ], [ 41.48865793301912, 18.290303268327996 ], [ 41.488596066943813, 18.290431758945193 ], [ 41.48861986241738, 18.290560250320077 ], [ 41.488700762895242, 18.290688740746781 ], [ 41.488781665169725, 18.290798197122271 ], [ 41.48886732582028, 18.290888615217959 ], [ 41.489039671200793, 18.290954379386182 ], [ 41.489214725900204, 18.290988552793586 ], [ 41.489357927237968, 18.29113997214154 ], [ 41.489478123619612, 18.291200070222228 ], [ 41.489773177969631, 18.291276212680476 ], [ 41.4899604551468, 18.291309655066687 ], [ 41.490090367706557, 18.291397820318675 ], [ 41.490252172255531, 18.291397820318675 ], [ 41.490323555082952, 18.291369266920782 ], [ 41.490347349658201, 18.291297882979013 ], [ 41.490287141872912, 18.291104892102378 ], [ 41.490372801625149, 18.290981159615519 ], [ 41.49061074917423, 18.290857427893261 ], [ 41.490905801727621, 18.290866945721184 ], [ 41.491200855179322, 18.290838393088773 ], [ 41.491438800033464, 18.290743213917402 ], [ 41.491705299635541, 18.290571892812512 ], [ 41.492009871635986, 18.290514785739919 ], [ 41.492247818286764, 18.290552857123739 ], [ 41.492476246388783, 18.290695623885654 ], [ 41.492904548743212, 18.291190553265519 ], [ 41.493094905345174, 18.291666444812805 ], [ 41.493216980104087, 18.292225872781877 ], [ 41.49319318463052, 18.292378157616596 ], [ 41.493059934829475, 18.292573274257961 ], [ 41.492926685926747, 18.292668453277336 ], [ 41.492807713050532, 18.292835013876719 ], [ 41.492722052399976, 18.29303489013752 ], [ 41.492655427050302, 18.293172898136906 ], [ 41.492522178147574, 18.293244282159367 ], [ 41.492355615222536, 18.29335849619299 ], [ 41.492231883970256, 18.293429880139016 ], [ 41.492117670368408, 18.293572647089938 ], [ 41.491960625992114, 18.293834388611106 ], [ 41.491779786142267, 18.293967639277504 ], [ 41.491627501040362, 18.294019985958812 ], [ 41.491470455765764, 18.294053299025794 ], [ 41.491218233088489, 18.294053299025794 ], [ 41.490875592282933, 18.294024746065372 ], [ 41.490485359631933, 18.294029503613068 ], [ 41.490176030153734, 18.294029503613068 ], [ 41.489804833701925, 18.294072334330128 ], [ 41.489538334099848, 18.294134200334149 ], [ 41.489333699674752, 18.294200826417807 ], [ 41.489119549395859, 18.29429124529717 ], [ 41.488976781046063, 18.294434013244349 ], [ 41.488843531245024, 18.294548227346827 ], [ 41.488681727594368, 18.294652922901623 ], [ 41.488577031642947, 18.294648163665219 ], [ 41.488500890439468, 18.294600574705679 ], [ 41.488364537857436, 18.294457806895714 ], [ 41.488443782740227, 18.294329315851481 ], [ 41.488448541116291, 18.294205583960665 ], [ 41.488434264191476, 18.294091369632369 ], [ 41.488372398116169, 18.294029503613068 ], [ 41.488267702164755, 18.293986673738335 ], [ 41.488210595363832, 18.293962879169374 ], [ 41.488134453262028, 18.293901013104197 ], [ 41.488053550987537, 18.293862941602889 ], [ 41.487944094863437, 18.293810594021235 ], [ 41.487806086686341, 18.293801076354956 ], [ 41.487606212433938, 18.293724933300069 ], [ 41.487477721008958, 18.293620237184665 ], [ 41.48739206125672, 18.293496505640523 ], [ 41.487301641331804, 18.293377533279472 ], [ 41.487135078406773, 18.293215729918579 ], [ 41.487020863906601, 18.293106274216825 ], [ 41.486862896062199, 18.29280312239127 ], [ 41.486782917255816, 18.292544721053709 ], [ 41.486725809556582, 18.292359123832032 ], [ 41.486702015879651, 18.29222111518467 ], [ 41.486673462928344, 18.292135453677915 ], [ 41.486568766078619, 18.292016481235517 ], [ 41.486487863804129, 18.291954615328489 ], [ 41.486430757003191, 18.291873713855665 ], [ 41.486302267374846, 18.291773775937465 ], [ 41.486145222100248, 18.291673838814567 ], [ 41.485935830197413, 18.291592937210694 ], [ 41.48578354419719, 18.291550106733837 ], [ 41.485585326438162, 18.291714034578007 ], [ 41.485488975835743, 18.291795172385257 ], [ 41.485179161267297, 18.291735704821807 ], [ 41.48502211689101, 18.291692875233156 ], [ 41.484812724089849, 18.291621491424664 ], [ 41.484608089664768, 18.291540588943427 ], [ 41.484470080589347, 18.291454927953271 ], [ 41.48435586788581, 18.291369267773707 ], [ 41.484241654283956, 18.291283606698887 ], [ 41.484151234359032, 18.291221741383211 ], [ 41.484079848836664, 18.29113608108841 ], [ 41.484046538407618, 18.291036142744911 ], [ 41.483956117584377, 18.29095048235839 ], [ 41.483875216208205, 18.290888616070891 ], [ 41.483794314832032, 18.290817232784104 ], [ 41.483699135632726, 18.290674465269415 ], [ 41.483622992632625, 18.290522178937881 ], [ 41.48357064510607, 18.290379412033111 ], [ 41.483565885831688, 18.290312787039277 ], [ 41.483489743729898, 18.290189054839935 ], [ 41.483366011579299, 18.290060564895768 ], [ 41.483327940079235, 18.289974903174215 ], [ 41.4831185481764, 18.289813100048704 ], [ 41.482971020552235, 18.289803582162914 ], [ 41.48288060242394, 18.289803582162914 ], [ 41.482785423224641, 18.289784546389772 ], [ 41.482714038600598, 18.289746474837212 ], [ 41.482633138122729, 18.289694126865257 ], [ 41.482566512773055, 18.289537082854544 ], [ 41.482623618675667, 18.28940859157419 ], [ 41.482633138122729, 18.289308654793551 ], [ 41.482585548073928, 18.289265823752288 ], [ 41.482466575197698, 18.289289618966063 ], [ 41.482404709122392, 18.28940383304672 ], [ 41.482376156171092, 18.289532322624733 ], [ 41.482357119971901, 18.28961798541793 ], [ 41.482361175865414, 18.2896784183765 ], [ 41.482271459321353, 18.289717603875847 ], [ 41.482164382834441, 18.289708086837749 ], [ 41.482112036206196, 18.289684291681418 ], [ 41.48205968778133, 18.289627185169348 ], [ 41.482038271944965, 18.289570077785534 ], [ 41.482062067418518, 18.28951535092456 ], [ 41.482111313062397, 18.289505895286684 ], [ 41.482157244821181, 18.28944396707227 ], [ 41.482150106807936, 18.289398757227083 ], [ 41.482097759281388, 18.289334510694616 ], [ 41.481981165144028, 18.289246470627774 ], [ 41.481838005128779, 18.289146926104618 ], [ 41.481738460117199, 18.289141775219015 ], [ 41.481583795378107, 18.289106083219629 ], [ 41.481399346995758, 18.289036087780865 ], [ 41.481121457654197, 18.288896753580861 ], [ 41.480502797799488, 18.288582664825419 ], [ 41.479950763294461, 18.288354237212705 ], [ 41.479570049192212, 18.288268576353865 ], [ 41.479217888939587, 18.288335201280411 ], [ 41.478976554741884, 18.28842570083717 ], [ 41.478785549556278, 18.28845173172267 ], [ 41.478418390133349, 18.288554111816758 ], [ 41.477913944778813, 18.288792057960897 ], [ 41.477590502767498, 18.288962763297882 ], [ 41.477436394983883, 18.289056114749322 ], [ 41.477262694045599, 18.289151293141138 ], [ 41.476872462292924, 18.289429690639459 ], [ 41.476467953615419, 18.289746159251674 ], [ 41.476075343123874, 18.290093559727122 ], [ 41.475661315897625, 18.290574211075747 ], [ 41.475359125330989, 18.290878781807752 ], [ 41.475040278202371, 18.291178595231706 ], [ 41.47482374559133, 18.291456991179984 ], [ 41.474669081750555, 18.291673522379615 ], [ 41.47450965773708, 18.291866257599018 ], [ 41.474221743196942, 18.292375464092274 ], [ 41.473764886992903, 18.293172584263438 ], [ 41.473303272412792, 18.293986359013431 ], [ 41.473153366049758, 18.294288550949666 ], [ 41.473070085036397, 18.294433697667348 ], [ 41.472922558310543, 18.29470257674069 ], [ 41.472784550133447, 18.294885795249488 ], [ 41.472763134297075, 18.294933384983622 ], [ 41.472779790859072, 18.294992871066775 ], [ 41.472786927974006, 18.295023804333685 ], [ 41.472775030686378, 18.295099946817899 ], [ 41.472765513934263, 18.295173709657654 ], [ 41.472758375022693, 18.29523319736413 ], [ 41.47276789267314, 18.29525937136853 ], [ 41.472796447421075, 18.295297443415969 ], [ 41.472844035673248, 18.295337893358017 ], [ 41.472865450611309, 18.29536882571044 ], [ 41.47287496916006, 18.295418794919591 ], [ 41.472867831146807, 18.295475901229267 ], [ 41.472858312598056, 18.295533009225938 ], [ 41.472841656934378, 18.295613910696424 ], [ 41.472802863188832, 18.295730566739586 ], [ 41.472893221130001, 18.295925503055653 ], [ 41.472911067061432, 18.29604745115147 ], [ 41.472931887314772, 18.29613370605054 ], [ 41.47299137375289, 18.296222935828915 ], [ 41.473053835411221, 18.296294320300849 ], [ 41.473083577731963, 18.296356780836771 ], [ 41.473116296171234, 18.296484676758809 ], [ 41.473110346629113, 18.296615548354854 ], [ 41.473125218238643, 18.296737495112151 ], [ 41.473095475019591, 18.296865390753197 ], [ 41.473053835411221, 18.297070619416949 ], [ 41.472940811178802, 18.29754353697626 ], [ 41.4729378368569, 18.297721996740865 ], [ 41.472893221130001, 18.297873687396262 ], [ 41.472881323842373, 18.298022403880456 ], [ 41.47287240087666, 18.298180043197281 ], [ 41.472869426554752, 18.298435834814089 ], [ 41.472875375198562, 18.298531014025119 ], [ 41.472875375198562, 18.298667832130366 ], [ 41.472857530165449, 18.298798702930366 ], [ 41.472812914438549, 18.299087212975852 ], [ 41.472789120761611, 18.29956607902513 ], [ 41.472783172117808, 18.299928947332859 ], [ 41.472711788392061, 18.30038996706978 ], [ 41.472613634870861, 18.300845039305795 ], [ 41.47256604572037, 18.301035395881332 ], [ 41.472461945351988, 18.301392315709059 ], [ 41.47227456217361, 18.301889026895804 ], [ 41.472066358741891, 18.302373843362417 ], [ 41.471971181339221, 18.302555277229278 ], [ 41.471884926003966, 18.302727788180515 ], [ 41.471789747702978, 18.302995477423927 ], [ 41.471712415333428, 18.303337525183501 ], [ 41.471635082065568, 18.303623059697795 ], [ 41.471554775374116, 18.303893724053871 ], [ 41.471516109189331, 18.304054337933014 ], [ 41.471459597073128, 18.304161413201125 ], [ 41.471452450076733, 18.304202585154126 ], [ 41.47148934029218, 18.304322025979172 ], [ 41.47152503215505, 18.304396385307314 ], [ 41.471596415880782, 18.304518331704855 ], [ 41.471697542825581, 18.304720585907873 ], [ 41.471760003585601, 18.304839559008641 ], [ 41.471941438120169, 18.305089402339537 ], [ 41.472033642099248, 18.305238118599259 ], [ 41.472105025824987, 18.305401706849182 ], [ 41.472125846976638, 18.305526628154208 ], [ 41.472116924010919, 18.30568426831795 ], [ 41.472125846976638, 18.305886522012255 ], [ 41.472131795620456, 18.3060976997285 ], [ 41.47214369290807, 18.30633564480917 ], [ 41.47218533341475, 18.306484360851602 ], [ 41.472259692360716, 18.30670148732349 ], [ 41.472417329625081, 18.307010815894849 ], [ 41.472679071749411, 18.307456966163844 ], [ 41.472908095434477, 18.307885268658413 ], [ 41.473077631783106, 18.308185676082207 ], [ 41.473244313285754, 18.308400779185302 ], [ 41.473482259038207, 18.308646338676034 ], [ 41.473744950681798, 18.308882380980815 ], [ 41.473927694061736, 18.309082255784205 ], [ 41.474007644122025, 18.309200278385376 ], [ 41.474295082555059, 18.309525787625166 ], [ 41.474517800965131, 18.309750409265391 ], [ 41.474573004235971, 18.309815130079315 ], [ 41.474652953397936, 18.309879851721874 ], [ 41.474706253138699, 18.309917923114526 ], [ 41.474797625277823, 18.309973127088053 ], [ 41.474862346199096, 18.310018811710219 ], [ 41.474930874180551, 18.310064498025991 ], [ 41.475010824240833, 18.310108279952196 ], [ 41.475102194583329, 18.310155868915711 ], [ 41.475210699391546, 18.310212976336924 ], [ 41.475290648553511, 18.310266275840608 ], [ 41.475343949192585, 18.310300540103182 ], [ 41.475383924222733, 18.31033480435897 ], [ 41.475431514271534, 18.310346226344613 ], [ 41.475477198993623, 18.310346226344613 ], [ 41.475519076655544, 18.310346226344613 ], [ 41.475576185253104, 18.310367165938981 ], [ 41.47564661586631, 18.310382394113056 ], [ 41.475739890637215, 18.310391911721165 ], [ 41.475857648092862, 18.310391516007002 ], [ 41.475937862257844, 18.310370972129792 ], [ 41.475975932859583, 18.31032909379228 ], [ 41.47595689755871, 18.310281504876382 ], [ 41.475865527216229, 18.310262468794658 ], [ 41.475749410084276, 18.310237722141146 ], [ 41.475610448794669, 18.310249144133195 ], [ 41.475477198993623, 18.310275794307938 ], [ 41.475442934553747, 18.310252952032268 ], [ 41.47541247807235, 18.310203457866141 ], [ 41.475397635208914, 18.310130984940756 ], [ 41.475496414855868, 18.310092992908494 ], [ 41.475593317023879, 18.310060690975611 ], [ 41.475677073246025, 18.310001679978317 ], [ 41.475722758866432, 18.309954090972429 ], [ 41.475751311817739, 18.30988746583051 ], [ 41.475709435054135, 18.30980561329233 ], [ 41.475604738204403, 18.309790384214693 ], [ 41.475503849313156, 18.30980561329233 ], [ 41.475408670113858, 18.309790384214693 ], [ 41.475353466843025, 18.309735180182901 ], [ 41.475336335072242, 18.309649519660468 ], [ 41.475338238602326, 18.309577183809864 ], [ 41.475334430643834, 18.309440126999139 ], [ 41.475323008564999, 18.309331623933524 ], [ 41.47527732384291, 18.309249770279745 ], [ 41.475132652861348, 18.309192664246524 ], [ 41.475016534831084, 18.309162205982098 ], [ 41.474894706210577, 18.309126037958784 ], [ 41.474757650247675, 18.309068931031913 ], [ 41.474647242807677, 18.309006114328728 ], [ 41.474595845698701, 18.30894329589708 ], [ 41.474550160976612, 18.308832888981438 ], [ 41.474548257446521, 18.308735806774347 ], [ 41.47458061835632, 18.308659664313687 ], [ 41.474677700187385, 18.308585425360988 ], [ 41.474820466740553, 18.308534028881908 ], [ 41.475022246319668, 18.308501667812124 ], [ 41.475132652861348, 18.308534028881908 ], [ 41.475233541752587, 18.308598750150487 ], [ 41.475332528012061, 18.308657759920223 ], [ 41.475441031023657, 18.308712964295516 ], [ 41.475507656373331, 18.308739613853859 ], [ 41.475618062915011, 18.308771974879171 ], [ 41.475715144746083, 18.308771974879171 ], [ 41.475812226577148, 18.308760553642518 ], [ 41.475920729588744, 18.308653952838913 ], [ 41.476038752047401, 18.308589231590961 ], [ 41.476173905378531, 18.30853593242389 ], [ 41.476309058709653, 18.308505474896783 ], [ 41.476427079371682, 18.3084902457048 ], [ 41.476522257672663, 18.308492150100111 ], [ 41.476630760684259, 18.308514992608067 ], [ 41.476831532353629, 18.308588320756641 ], [ 41.476942946805053, 18.308627304120229 ], [ 41.477062871895484, 18.308655857232417 ], [ 41.477163760786731, 18.308692023648263 ], [ 41.477239903786838, 18.308718674915507 ], [ 41.477361912070421, 18.308808084130476 ], [ 41.477754280016853, 18.309052223919778 ], [ 41.47854153029418, 18.309569503166358 ], [ 41.478804636959431, 18.309799901002517 ], [ 41.478947405309221, 18.309904596720873 ], [ 41.479124437200582, 18.309973126235224 ], [ 41.479219614603245, 18.310018810857382 ], [ 41.479390935904341, 18.310152061014506 ], [ 41.479602232235585, 18.310351935205073 ], [ 41.479794493265956, 18.310568943400874 ], [ 41.479973427789083, 18.310824020812426 ], [ 41.480127586776675, 18.31109980538449 ], [ 41.480108582018524, 18.311191409402802 ], [ 41.480070511416784, 18.311337984941826 ], [ 41.480060991969715, 18.311450294622851 ], [ 41.480047667259107, 18.311534051598176 ], [ 41.479996271048442, 18.31168253035451 ], [ 41.479942972206004, 18.311817683589922 ], [ 41.479834468296097, 18.312097508964222 ], [ 41.479826855074059, 18.312175555120646 ], [ 41.479792590634176, 18.312268830102852 ], [ 41.479720253795918, 18.312392561883492 ], [ 41.479617462272905, 18.31248202889882 ], [ 41.479467079802767, 18.312598147390819 ], [ 41.479364288279761, 18.312712360603243 ], [ 41.479253879941453, 18.31279231168331 ], [ 41.479097787779367, 18.312887488974539 ], [ 41.479040680978436, 18.312940790213315 ], [ 41.47894550177913, 18.312992186237064 ], [ 41.478795120207309, 18.312999800208825 ], [ 41.478703748966502, 18.312980764425983 ], [ 41.478557173556545, 18.312986474905209 ], [ 41.478475319966172, 18.313015029004148 ], [ 41.478382045195268, 18.313066425005861 ], [ 41.478292578382863, 18.313114014009074 ], [ 41.478166942702174, 18.313121628828291 ], [ 41.478113642961418, 18.313114014861892 ], [ 41.47803749996131, 18.313051197920696 ], [ 41.477961356961195, 18.31297695914537 ], [ 41.477875696310647, 18.312927464905158 ], [ 41.477807168329207, 18.312862744401876 ], [ 41.477700567949377, 18.312799925663857 ], [ 41.477649171738712, 18.312613376221478 ], [ 41.477613003768738, 18.312480126253043 ], [ 41.477592064937788, 18.312339263034396 ], [ 41.477559704027989, 18.312186976984851 ], [ 41.477477851335927, 18.312086087946934 ], [ 41.477401708335819, 18.311987103207095 ], [ 41.477340792678092, 18.311916670132284 ], [ 41.477293205324223, 18.31192428500416 ], [ 41.477200109318069, 18.312072704580959 ], [ 41.477143003415463, 18.312415345884961 ], [ 41.477085895716222, 18.312777024876596 ], [ 41.477034318944185, 18.31297124781301 ], [ 41.477026704823835, 18.313214904153579 ], [ 41.477028608353926, 18.313390032016486 ], [ 41.477030511884003, 18.313469981930758 ], [ 41.477038126004352, 18.313542317860552 ], [ 41.477095413366655, 18.313652666339973 ], [ 41.477247699366877, 18.313795433679694 ], [ 41.477292648368753, 18.313924288080873 ], [ 41.477352214756927, 18.314197145975143 ], [ 41.477432164817209, 18.314446513579718 ], [ 41.477456910708341, 18.314587376789284 ], [ 41.477517826366082, 18.314785349208403 ], [ 41.477527343118197, 18.314895755739318 ], [ 41.477542572257207, 18.315015680406535 ], [ 41.477563511088164, 18.315120377234706 ], [ 41.477578739328862, 18.315226976615158 ], [ 41.477605389648396, 18.31532786467535 ], [ 41.477689145870542, 18.315464921941764 ], [ 41.477717699720159, 18.315558196857186 ], [ 41.477732928859183, 18.315641955256197 ], [ 41.477809139232932, 18.315776252594613 ], [ 41.477875875973702, 18.316146340033097 ], [ 41.477990091372192, 18.316508018904422 ], [ 41.478189964726269, 18.316993428923098 ], [ 41.478224050401415, 18.317166711770344 ], [ 41.478189964726269, 18.317326552641269 ], [ 41.478138388852557, 18.317442730137643 ], [ 41.478094606762234, 18.317526486771879 ], [ 41.478052728202002, 18.317591208089762 ], [ 41.478026077882468, 18.317648314763709 ], [ 41.478001331991344, 18.317747301383019 ], [ 41.477947308208471, 18.317954841106204 ], [ 41.477873037297407, 18.318071959665843 ], [ 41.477769096829142, 18.318055678967038 ], [ 41.477670112366297, 18.318089943393385 ], [ 41.477546380215699, 18.318185121182808 ], [ 41.477455008974893, 18.318318371876209 ], [ 41.477329373294197, 18.318405935806393 ], [ 41.477253231192392, 18.318464947349888 ], [ 41.477192316432983, 18.318546800910315 ], [ 41.477099040763775, 18.318661015314298 ], [ 41.476960080372471, 18.318830433350175 ], [ 41.476899167409684, 18.318933225295893 ], [ 41.476840156180359, 18.319032211180268 ], [ 41.47680018115021, 18.319133098727903 ], [ 41.476764013180244, 18.319264446120172 ], [ 41.476727193931694, 18.319608414621392 ], [ 41.476676628662666, 18.319801192947914 ], [ 41.476476754410264, 18.32019142477121 ], [ 41.476354642820432, 18.320340082007853 ], [ 41.476204363656549, 18.320410393970946 ], [ 41.476101571235226, 18.320465598009367 ], [ 41.475964514374006, 18.320516994356993 ], [ 41.475821746024216, 18.320543643803653 ], [ 41.475686592693094, 18.320537932720981 ], [ 41.47555524732045, 18.320532221638118 ], [ 41.475404864850319, 18.320516994356993 ], [ 41.475174533218208, 18.320496055137681 ], [ 41.475024150748069, 18.320446562194849 ], [ 41.474740519375203, 18.320389454738741 ], [ 41.474614883694521, 18.320358997591661 ], [ 41.474502572724433, 18.320317119965061 ], [ 41.474403588261595, 18.320263820145072 ], [ 41.474251303159683, 18.320212422869467 ], [ 41.474083788918769, 18.320178158863367 ], [ 41.473885817298132, 18.320220037376387 ], [ 41.47377160279796, 18.320301890959431 ], [ 41.473744585067479, 18.320424886162673 ], [ 41.47375447012886, 18.320507477305604 ], [ 41.473714495997037, 18.320547452329041 ], [ 41.473615510635874, 18.320587425637676 ], [ 41.473527945556931, 18.320593136718717 ], [ 41.473401941566976, 18.320596206733828 ], [ 41.473240687685269, 18.32067683469182 ], [ 41.472960682811198, 18.320768265643821 ], [ 41.472753194438454, 18.320827276381735 ], [ 41.472539993678815, 18.320905322012891 ], [ 41.472262072896214, 18.321017632308276 ], [ 41.472128823095176, 18.321131846787022 ], [ 41.472014608595003, 18.321202278670224 ], [ 41.471898490564747, 18.321259385858081 ], [ 41.471753819583185, 18.321320299829903 ], [ 41.471649122733446, 18.321312686224186 ], [ 41.471588209770665, 18.321244156935382 ], [ 41.471574884161747, 18.321158496991771 ], [ 41.471586306240582, 18.32101572890355 ], [ 41.471572980631656, 18.320829178935757 ], [ 41.47154442768035, 18.320701640400387 ], [ 41.471580594752005, 18.320560776197755 ], [ 41.471531102969742, 18.320522704587567 ], [ 41.471388334619952, 18.320574100918233 ], [ 41.471327420758854, 18.320648339846059 ], [ 41.471258891879089, 18.320775879273494 ], [ 41.471167520638282, 18.32088248028716 ], [ 41.471119932386102, 18.320956719082684 ], [ 41.471072342337294, 18.321021439970455 ], [ 41.471022849656713, 18.321109004238419 ], [ 41.47097716403632, 18.321217507596607 ], [ 41.470971454344365, 18.321306975166891 ], [ 41.471009524946105, 18.321364083172977 ], [ 41.471106605878859, 18.321392635889776 ], [ 41.471262698939256, 18.32140596139897 ], [ 41.471310288089747, 18.3214288030556 ], [ 41.47134074636778, 18.321455454067383 ], [ 41.471363588728828, 18.321482103369508 ], [ 41.471380721397914, 18.32153920961224 ], [ 41.47134074636778, 18.321607738784184 ], [ 41.471239855679904, 18.321691495960874 ], [ 41.47118846036755, 18.321737181754052 ], [ 41.471114220897526, 18.321771446304208 ], [ 41.471030462878751, 18.321839973678625 ], [ 41.470952418145181, 18.321910406126353 ], [ 41.470904828096373, 18.321980839398194 ], [ 41.470908635156547, 18.322028427655805 ], [ 41.470933381945997, 18.322081727785008 ], [ 41.470918152806973, 18.322161677948028 ], [ 41.470847721295442, 18.322256856056235 ], [ 41.470746832404203, 18.322338708675758 ], [ 41.470687822073195, 18.322378684128896 ], [ 41.470664978813829, 18.322435790928481 ], [ 41.470676399994346, 18.322466249415541 ], [ 41.470765867705069, 18.322473862970508 ], [ 41.47076777213347, 18.322523356186224 ], [ 41.470699243253705, 18.322584269713065 ], [ 41.470571704042932, 18.322696579771431 ], [ 41.470371828892219, 18.32285457696057 ], [ 41.470081818582521, 18.323035220165632 ], [ 41.47001216591034, 18.323085658942368 ], [ 41.469905090321724, 18.323139196668556 ], [ 41.469786117445501, 18.323192734378175 ], [ 41.469687963924301, 18.323267093275614 ], [ 41.46964037477381, 18.323335503228368 ], [ 41.469622528842372, 18.323389040024473 ], [ 41.469631451808091, 18.323421758179045 ], [ 41.469705809855732, 18.323454476327431 ], [ 41.469812886342659, 18.323490167217876 ], [ 41.469854525951014, 18.323597243256096 ], [ 41.469824782731962, 18.323713240872504 ], [ 41.469768270615752, 18.323808419832705 ], [ 41.469667142772643, 18.323856010145935 ], [ 41.46954519737114, 18.323921443713974 ], [ 41.469467864103272, 18.323986879815561 ], [ 41.46940540424157, 18.324076109737963 ], [ 41.469357814192769, 18.324168314056454 ], [ 41.469265611112, 18.324299184342603 ], [ 41.46920315035198, 18.324388414103918 ], [ 41.46917935487842, 18.324447900301642 ], [ 41.469209098097473, 18.324519284223562 ], [ 41.469241815638441, 18.324578770376288 ], [ 41.469244789960342, 18.324685845740746 ], [ 41.46918827784414, 18.324789946607545 ], [ 41.4691168941184, 18.324864305671248 ], [ 41.469006844207883, 18.324911895694015 ], [ 41.468944383447869, 18.324908921264676 ], [ 41.468887871331653, 18.324879176968494 ], [ 41.468834332639034, 18.324876203391355 ], [ 41.468777821421149, 18.324897022694053 ], [ 41.46872428272853, 18.324974356139993 ], [ 41.468676693578033, 18.325066559979746 ], [ 41.468620180563519, 18.325182559169249 ], [ 41.46860233642871, 18.325274762898026 ], [ 41.46862613010564, 18.325337224065752 ], [ 41.468673720154449, 18.325352096175102 ], [ 41.468733205694242, 18.325363993008907 ], [ 41.46883730696095, 18.325384813105657 ], [ 41.468947357769778, 18.325432402132478 ], [ 41.46904848471457, 18.325515683324287 ], [ 41.469131765727923, 18.325613835710097 ], [ 41.469185304420542, 18.325726860117346 ], [ 41.469191888173263, 18.32580592940413 ], [ 41.469146992171993, 18.325899313014723 ], [ 41.46906335722241, 18.326003472844164 ], [ 41.468908690686689, 18.326167061082874 ], [ 41.46869156608588, 18.326333622719012 ], [ 41.468513105873221, 18.326491261841294 ], [ 41.46841197892843, 18.326663772816492 ], [ 41.468321971330219, 18.327000369929735 ], [ 41.468275160120768, 18.32703259024791 ], [ 41.468162134990038, 18.327124793843325 ], [ 41.468147264278826, 18.327231869337336 ], [ 41.468179980921462, 18.327374638265066 ], [ 41.468245416901709, 18.32753227558587 ], [ 41.46845956807892, 18.327892170589692 ], [ 41.468510319299213, 18.328081718867796 ], [ 41.468681640600309, 18.328538574730402 ], [ 41.468805372750914, 18.328909770722497 ], [ 41.468938621653635, 18.329252412797615 ], [ 41.469087150899334, 18.329682713892424 ], [ 41.469099048186962, 18.329792764706486 ], [ 41.46909607386506, 18.329864148128141 ], [ 41.469084176577432, 18.329941481058803 ], [ 41.469054434256691, 18.330057480389968 ], [ 41.469059272582811, 18.330184444106482 ], [ 41.469072121186322, 18.330270103844374 ], [ 41.469067838917361, 18.330325783972988 ], [ 41.46906212832711, 18.33040145130845 ], [ 41.469026435565915, 18.330452847262336 ], [ 41.468960763328759, 18.330502814872947 ], [ 41.468923643144592, 18.330545645947449 ], [ 41.468993600345655, 18.330725533274681 ], [ 41.468999310037603, 18.330781213256664 ], [ 41.468996455191622, 18.330849741325537 ], [ 41.468970757086296, 18.330929690847029 ], [ 41.468942204134997, 18.330996792238611 ], [ 41.468882239793146, 18.331079596633145 ], [ 41.468809428644427, 18.331159546901091 ], [ 41.468749466997522, 18.331239497132078 ], [ 41.468678083271783, 18.331318019004843 ], [ 41.468620975572541, 18.33139511422679 ], [ 41.46849676821315, 18.331445083270605 ], [ 41.468415390729881, 18.331477919283319 ], [ 41.468292610793476, 18.331515037690586 ], [ 41.468172684804728, 18.331569289951908 ], [ 41.46805989862586, 18.331629252060175 ], [ 41.467951394715953, 18.331696353180313 ], [ 41.467857168629173, 18.331754887779592 ], [ 41.467734388692769, 18.33181056657742 ], [ 41.467588766395316, 18.331843404226195 ], [ 41.467523092361525, 18.331819133069477 ], [ 41.467500249102173, 18.331772019916077 ], [ 41.467495966833212, 18.331722050966736 ], [ 41.467464558137614, 18.331687786682171 ], [ 41.467423154786168, 18.331687786682171 ], [ 41.467377469165768, 18.331709202926731 ], [ 41.467293235938207, 18.331766310056835 ], [ 41.467235968338848, 18.331790769673578 ], [ 41.46717769013479, 18.33174077003148 ], [ 41.4670977400745, 18.331714119751606 ], [ 41.466970200863727, 18.331733155178949 ], [ 41.466836951062682, 18.331767418601803 ], [ 41.466730351581177, 18.331822623279592 ], [ 41.466680858002285, 18.331877827087027 ], [ 41.466629461791626, 18.331946355574065 ], [ 41.466595198250054, 18.332041534267468 ], [ 41.466590581807807, 18.332110119822211 ], [ 41.466586054298773, 18.33212144315987 ], [ 41.466584490331861, 18.332190488301602 ], [ 41.466584490331861, 18.332267583134573 ], [ 41.466561647970813, 18.33233896638739 ], [ 41.466521672940672, 18.33240606808485 ], [ 41.466451715739609, 18.332527419158826 ], [ 41.466326080957231, 18.332674470350693 ], [ 41.466189024096018, 18.332835797683607 ], [ 41.466091942264953, 18.33293573492416 ], [ 41.465994860433881, 18.332999980628042 ], [ 41.465900633448783, 18.333051376662329 ], [ 41.465776425191081, 18.333068508670362 ], [ 41.465710752055607, 18.333092779651711 ], [ 41.465643650598828, 18.33314560311187 ], [ 41.465604219049425, 18.333216812900108 ], [ 41.465619087065697, 18.333323290277029 ], [ 41.465645855962848, 18.33340657108004 ], [ 41.465651804606658, 18.333504723251252 ], [ 41.465639907319037, 18.333570159138066 ], [ 41.465565550169714, 18.333635595000118 ], [ 41.465470085306151, 18.333680077865118 ], [ 41.465426540371062, 18.333725799716827 ], [ 41.465294885977976, 18.333817027646639 ], [ 41.465198111370732, 18.333811461111345 ], [ 41.465036119972176, 18.333811079094211 ], [ 41.464893351622386, 18.333817027646639 ], [ 41.464826914918916, 18.333897120757989 ], [ 41.464667303157555, 18.334022255990902 ], [ 41.464595919431815, 18.334090665953337 ], [ 41.464506689774645, 18.334173948092168 ], [ 41.464408130214927, 18.334220728885064 ], [ 41.463998862263061, 18.334334943172905 ], [ 41.46366573820962, 18.334430119698805 ], [ 41.463199364355141, 18.334468191658836 ], [ 41.462833923409356, 18.334488126395719 ], [ 41.462496044573122, 18.334539788886893 ], [ 41.462356251443545, 18.334569532374342 ], [ 41.462138091085215, 18.334644986380049 ], [ 41.462000115247477, 18.334715655783846 ], [ 41.461876315723224, 18.334796765764292 ], [ 41.461737591588843, 18.334938349999774 ], [ 41.461672157405232, 18.33498891321193 ], [ 41.461562106596411, 18.335045425772172 ], [ 41.461327714579213, 18.335147547231909 ], [ 41.460914946790993, 18.335388329409344 ], [ 41.460585865156332, 18.335651557931502 ], [ 41.460340402301583, 18.335893611645176 ], [ 41.460083866812631, 18.336211362215771 ], [ 41.459929202073539, 18.336419565360121 ], [ 41.459732896827759, 18.336654536301928 ], [ 41.459477104245551, 18.336978737864008 ], [ 41.459067840785259, 18.337520829861358 ], [ 41.458925852173138, 18.337742331803629 ], [ 41.458534840682788, 18.33836657937924 ], [ 41.45818101225867, 18.339087714277003 ], [ 41.458050142094827, 18.33937324863798 ], [ 41.457983778154897, 18.339399578831458 ], [ 41.457921650669846, 18.339420838078631 ], [ 41.457930526024853, 18.33950501979437 ], [ 41.457954962895528, 18.339568365176106 ], [ 41.457802677793616, 18.339877694677899 ], [ 41.457495727952612, 18.340689090863773 ], [ 41.45739341074006, 18.34100079989885 ], [ 41.45727443786383, 18.341233986774956 ], [ 41.457036492111378, 18.341662290068765 ], [ 41.456777131420857, 18.34229522674055 ], [ 41.456629603796692, 18.342875816414416 ], [ 41.456379760756612, 18.343720525053925 ], [ 41.456272686066328, 18.34412027322573 ], [ 41.456170368853776, 18.344615201622489 ], [ 41.456096441099156, 18.344927171311856 ], [ 41.456065672902362, 18.345081576390417 ], [ 41.45608953574957, 18.34517576814433 ], [ 41.456151332654592, 18.345310004180103 ], [ 41.456196543066206, 18.345438494892264 ], [ 41.4562274756547, 18.345564605738073 ], [ 41.456232234030765, 18.345697855798914 ], [ 41.456191783791837, 18.345762101875383 ], [ 41.456120400066098, 18.345819208626189 ], [ 41.45602359491614, 18.345836451919563 ], [ 41.455908696798041, 18.34589912393934 ], [ 41.45586817738883, 18.345992909382975 ], [ 41.455880327103053, 18.34610778096372 ], [ 41.455889593225201, 18.346173748399888 ], [ 41.455865796853324, 18.346328414129591 ], [ 41.455796792764779, 18.346504494132333 ], [ 41.455720649764665, 18.346725784187154 ], [ 41.455673719079279, 18.346940058337637 ], [ 41.455680268696007, 18.347031747398635 ], [ 41.455665922600929, 18.347125533080117 ], [ 41.455663543862059, 18.347185019981449 ], [ 41.455727857846504, 18.34719355075288 ], [ 41.455858659738389, 18.347168362593855 ], [ 41.455913386902132, 18.34715408665889 ], [ 41.455968114065875, 18.347137430120966 ], [ 41.456020463389052, 18.347144567662959 ], [ 41.456075189654477, 18.347161225052847 ], [ 41.456101363866907, 18.347196917018199 ], [ 41.456144193743029, 18.347280197957794 ], [ 41.456158470667845, 18.347384894012269 ], [ 41.456184645778592, 18.347511005142692 ], [ 41.456208440353834, 18.347665671380579 ], [ 41.456217958004274, 18.347751330982273 ], [ 41.456220336743151, 18.347832232767701 ], [ 41.456217958004274, 18.347925030649208 ], [ 41.456206059818335, 18.348003554321387 ], [ 41.456179887402527, 18.348091594344218 ], [ 41.456170368853776, 18.348170116235405 ], [ 41.456160851203343, 18.348255777292273 ], [ 41.456146575176845, 18.348339057721443 ], [ 41.456125160238784, 18.348443753986881 ], [ 41.456101364765225, 18.348519896840557 ], [ 41.456072811813925, 18.348565106590758 ], [ 41.45599999886857, 18.348571169742335 ], [ 41.455899180045918, 18.348602190633478 ], [ 41.45588332927273, 18.348625969163379 ], [ 41.455891971964071, 18.348672183299872 ], [ 41.45591338780045, 18.348731668816001 ], [ 41.455934801840193, 18.348803052943076 ], [ 41.455934801840193, 18.348869676737507 ], [ 41.45591338780045, 18.348948199980317 ], [ 41.455891971964071, 18.348998169065528 ], [ 41.455842004074711, 18.34906479363735 ], [ 41.455792171830957, 18.349101742855467 ], [ 41.455694478247175, 18.34913519112089 ], [ 41.455623161895083, 18.34913519112089 ], [ 41.455544305982819, 18.349116265042827 ], [ 41.455473188158408, 18.349060034192089 ], [ 41.455413700821978, 18.348995789341995 ], [ 41.455368491308668, 18.348905370055181 ], [ 41.455306625233376, 18.348803052943076 ], [ 41.455232861870442, 18.348695977167726 ], [ 41.455156718870334, 18.348650766599128 ], [ 41.455137683569454, 18.348688838837184 ], [ 41.455139248434683, 18.348808594268895 ], [ 41.455113888994212, 18.348941060807558 ], [ 41.455109128821519, 18.349000547936388 ], [ 41.455082956405718, 18.349067173359931 ], [ 41.455038630834657, 18.349147840905481 ], [ 41.455036245807577, 18.349236073894598 ], [ 41.454990156843614, 18.349302740154048 ], [ 41.454987778104744, 18.349374123192504 ], [ 41.455013952317174, 18.34942647187215 ], [ 41.45507789170415, 18.349462988724628 ], [ 41.455159099405833, 18.349504994009227 ], [ 41.455235240609319, 18.349547823785691 ], [ 41.455297107582929, 18.349554962933375 ], [ 41.455375629321914, 18.349557341796569 ], [ 41.455442254671595, 18.349571619238215 ], [ 41.455492224357592, 18.349635863874155 ], [ 41.455516018034515, 18.349690592188473 ], [ 41.455542192246959, 18.349776253344039 ], [ 41.455542192246959, 18.349811943916478 ], [ 41.455542192246959, 18.349921400416203 ], [ 41.455530294959331, 18.349999922328312 ], [ 41.45548270491053, 18.350076063643431 ], [ 41.455428613754009, 18.35012228762362 ], [ 41.455389906246729, 18.350168862877517 ], [ 41.455403053090912, 18.350218040363551 ], [ 41.455427977746787, 18.35025928320826 ], [ 41.455432737021162, 18.350309251914219 ], [ 41.455427977746787, 18.35035684004831 ], [ 41.455423219370729, 18.350418707246192 ], [ 41.455416081357477, 18.350475814163026 ], [ 41.455416081357477, 18.350540059315321 ], [ 41.455416081357477, 18.350620960647376 ], [ 41.455416081357477, 18.350668550400858 ], [ 41.455416081357477, 18.350720898688227 ], [ 41.455408942445914, 18.350780385204136 ], [ 41.455397045158293, 18.350877942602509 ], [ 41.455328109341707, 18.350991169618368 ], [ 41.454928359938584, 18.351381401815587 ], [ 41.454604754433895, 18.351733562425206 ], [ 41.454549999422376, 18.351793010224096 ], [ 41.454216832249806, 18.352246132862369 ], [ 41.453862292359993, 18.352674436141729 ], [ 41.453512511744549, 18.353126534174386 ], [ 41.453224597204418, 18.353566734426366 ], [ 41.452972373628832, 18.354009314063454 ], [ 41.452858194162964, 18.354213967637591 ], [ 41.452843883102176, 18.354297228141768 ], [ 41.452756330599634, 18.354376947694337 ], [ 41.452665423787828, 18.354428097786158 ], [ 41.452648768124142, 18.354506621059897 ], [ 41.452691667170541, 18.354684094423419 ], [ 41.452739257219349, 18.354864932015207 ], [ 41.452843953170763, 18.355045771975469 ], [ 41.452876559320622, 18.35525771329285 ], [ 41.452915267726219, 18.355291843307413 ], [ 41.452946201213031, 18.355306120275035 ], [ 41.452974754164345, 18.355322776025254 ], [ 41.452998548739579, 18.355394159986147 ], [ 41.452998548739579, 18.355444128059126 ], [ 41.45296999578828, 18.355517890750953 ], [ 41.45293668266428, 18.355622587780619 ], [ 41.452823354801303, 18.355809406289325 ], [ 41.452539382068629, 18.356102253107437 ], [ 41.452275210899771, 18.356379971651084 ], [ 41.452139564393548, 18.356612444601556 ], [ 41.452011072968567, 18.356890840996584 ], [ 41.451906377017146, 18.357152583075838 ], [ 41.451764568966396, 18.357417967066951 ], [ 41.451668430366375, 18.3574833273954 ], [ 41.451587528091892, 18.357535676174923 ], [ 41.451511385091777, 18.35758088612295 ], [ 41.451444760640413, 18.357583264875593 ], [ 41.451375756551869, 18.357588024085981 ], [ 41.451370998175804, 18.357649890398655 ], [ 41.451406690038667, 18.357718893794182 ], [ 41.451451899551977, 18.357835488351078 ], [ 41.451480453401601, 18.357921148024619 ], [ 41.451499487804149, 18.357980633765607 ], [ 41.451525662914896, 18.35803298324695 ], [ 41.451566114052149, 18.358071054269402 ], [ 41.451606564291069, 18.358116264077246 ], [ 41.45163749687957, 18.358199545719966 ], [ 41.451630357968007, 18.358254273025743 ], [ 41.451627980127448, 18.358339933344112 ], [ 41.451597046640643, 18.358413697356681 ], [ 41.451587528091892, 18.358485080039767 ], [ 41.451589907729073, 18.358623088693459 ], [ 41.451537560202524, 18.358787271861171 ], [ 41.451504247078532, 18.358903865696604 ], [ 41.451475694127218, 18.359022839038701 ], [ 41.451437621728857, 18.359170365596203 ], [ 41.451378205359326, 18.359224106145998 ], [ 41.451380514927934, 18.359322651190219 ], [ 41.45143286425111, 18.359453522141379 ], [ 41.45146141720241, 18.359708123313233 ], [ 41.451456657928041, 18.359786645891027 ], [ 41.451437621728857, 18.359838993972186 ], [ 41.451366238003118, 18.359865167580523 ], [ 41.451382865819028, 18.359904810371319 ], [ 41.451413828051926, 18.359984141112754 ], [ 41.451409985059136, 18.360075462604531 ], [ 41.451501936611621, 18.360280587289818 ], [ 41.451539939839712, 18.360424341787034 ], [ 41.451537561100835, 18.360650390184443 ], [ 41.451511455160365, 18.36088021096668 ], [ 41.451511385990088, 18.361133421178462 ], [ 41.451485211777658, 18.361257152093323 ], [ 41.451459039361865, 18.361480822406467 ], [ 41.451399552025421, 18.361792532288653 ], [ 41.451340064688992, 18.362070928003998 ], [ 41.451254507344707, 18.362356820823273 ], [ 41.451178706602718, 18.362691719145552 ], [ 41.451153857405323, 18.362799995192464 ], [ 41.45114732934816, 18.362951328670874 ], [ 41.451161606272969, 18.363001297966978 ], [ 41.451204436149084, 18.363077441222487 ], [ 41.451235368737578, 18.363148823682302 ], [ 41.451252025299574, 18.36320355197681 ], [ 41.451275819874823, 18.363241624416727 ], [ 41.451344824861692, 18.363282073817214 ], [ 41.45138527510062, 18.363317765861073 ], [ 41.451413828950237, 18.363355837423217 ], [ 41.451440003162666, 18.3633986671746 ], [ 41.451463797737915, 18.363429600145128 ], [ 41.45150662761403, 18.363436737866333 ], [ 41.451549458388463, 18.363489085693182 ], [ 41.451578012238087, 18.363550953301427 ], [ 41.451618461578704, 18.363579505869541 ], [ 41.451680327654003, 18.363593783004394 ], [ 41.451730297339999, 18.363627094609324 ], [ 41.451746953901996, 18.363684202273337 ], [ 41.451749331742548, 18.363765104267681 ], [ 41.451732676078869, 18.363846006224108 ], [ 41.451696985114317, 18.363967358235072 ], [ 41.451604184653888, 18.364150575848907 ], [ 41.451486356231328, 18.364319434348246 ], [ 41.451425726237865, 18.364512254031425 ], [ 41.451363860162559, 18.364633607279085 ], [ 41.451263921688884, 18.364795410339823 ], [ 41.451135432060539, 18.365014321325354 ], [ 41.451068806710857, 18.365140433222173 ], [ 41.451016459184309, 18.365204678033557 ], [ 41.451024234103095, 18.365256356063334 ], [ 41.451093021697659, 18.365279000950792 ], [ 41.451168814354801, 18.365296491249058 ], [ 41.451199421753167, 18.365316894747579 ], [ 41.451287718060755, 18.365330788938717 ], [ 41.451330547936877, 18.365402173024286 ], [ 41.451330547936877, 18.36548545370966 ], [ 41.451325788662501, 18.365547319749741 ], [ 41.451325788662501, 18.365597289146834 ], [ 41.451340064688992, 18.365632979859356 ], [ 41.451373377812992, 18.365654396158956 ], [ 41.451444762437049, 18.365697226192506 ], [ 41.451494731224727, 18.365721020272076 ], [ 41.451542318578582, 18.365742435708196 ], [ 41.451570873326524, 18.365780506735504 ], [ 41.451585150251333, 18.365820958098659 ], [ 41.451592288264578, 18.365866167581931 ], [ 41.451587528990203, 18.365939930936108 ], [ 41.45157116707562, 18.366029094863418 ], [ 41.451611323565452, 18.366135045598128 ], [ 41.451639878313387, 18.366175497730737 ], [ 41.451675569277938, 18.366196913110457 ], [ 41.451725538065617, 18.366204050717219 ], [ 41.451801681065731, 18.366218327634961 ], [ 41.451880202804716, 18.366232605404086 ], [ 41.45190875665434, 18.366254019924163 ], [ 41.451932551229589, 18.3662873318682 ], [ 41.451944447618885, 18.366327783112556 ], [ 41.451944447618885, 18.366377752283675 ], [ 41.45193493086677, 18.366461033350831 ], [ 41.451915894667593, 18.366530038339572 ], [ 41.451903998278276, 18.366610938999923 ], [ 41.451873065689782, 18.366696598581605 ], [ 41.451827856176479, 18.366841745923498 ], [ 41.451761230826804, 18.3670440014007 ], [ 41.451601806813329, 18.367405678634853 ], [ 41.451470936649478, 18.367662661184166 ], [ 41.451385275998931, 18.367841121062693 ], [ 41.451163985910156, 18.368214694772437 ], [ 41.450990285870191, 18.368521647224895 ], [ 41.450849897157582, 18.368888083670981 ], [ 41.450573879905079, 18.369535297803651 ], [ 41.450352589816298, 18.370039744410359 ], [ 41.450176510139137, 18.370510876714903 ], [ 41.450105126413405, 18.370670300807888 ], [ 41.450019465762864, 18.370846380710979 ], [ 41.450005188838048, 18.371036736953439 ], [ 41.449948082037125, 18.371143813366487 ], [ 41.449905251262692, 18.371236612359176 ], [ 41.449819590612144, 18.371379379877194 ], [ 41.449610979345287, 18.371758015066643 ], [ 41.449386528983339, 18.372340682181385 ], [ 41.449293730319553, 18.372602422997112 ], [ 41.449198552018565, 18.372852265590062 ], [ 41.449165239792883, 18.372906994217239 ], [ 41.449131927567201, 18.372992654083344 ], [ 41.449096234806021, 18.373104488917463 ], [ 41.449020091805906, 18.373235359648046 ], [ 41.448917776389983, 18.37344237322392 ], [ 41.448877325252752, 18.373544689373603 ], [ 41.44881307864194, 18.373661282617004 ], [ 41.448765491288086, 18.373777875781602 ], [ 41.44872741888971, 18.373892090339567 ], [ 41.448667931553281, 18.374061032230436 ], [ 41.448617963663906, 18.374149072605356 ], [ 41.44859654872586, 18.37420617934464 ], [ 41.448579892163863, 18.374270425043129 ], [ 41.448575133787799, 18.374341808840324 ], [ 41.44859654872586, 18.374425090325975 ], [ 41.448629860951534, 18.374572615652319 ], [ 41.448658414801159, 18.374682071797707 ], [ 41.448684589013588, 18.374739179213055 ], [ 41.448698865040086, 18.374786768285141 ], [ 41.448698865040086, 18.374831977976712 ], [ 41.448686967752465, 18.374865289969623 ], [ 41.448653656425101, 18.374915259225705 ], [ 41.44860844601348, 18.374977125294713 ], [ 41.448430858963278, 18.375216880931948 ], [ 41.448344326048584, 18.3753959101468 ], [ 41.448161108358185, 18.375771864755063 ], [ 41.448077826446507, 18.375995534157113 ], [ 41.448011201096833, 18.376064538742504 ], [ 41.44788271057017, 18.376240619107186 ], [ 41.447849020153754, 18.376292067064611 ], [ 41.447780394255943, 18.376450010978953 ], [ 41.447723285658377, 18.376599918178947 ], [ 41.447704251255828, 18.376718891256086 ], [ 41.447677017031353, 18.37680675124842 ], [ 41.447711389269081, 18.376868795664869 ], [ 41.447763662235452, 18.376877780206708 ], [ 41.447830362145297, 18.376880694065989 ], [ 41.447888298989547, 18.376834321242907 ], [ 41.447930298822342, 18.376773617803959 ], [ 41.447963611946335, 18.376749822691139 ], [ 41.448034995672081, 18.376735545792378 ], [ 41.448108759035001, 18.37675458222547 ], [ 41.448194418787239, 18.376799792253756 ], [ 41.448265804309607, 18.376852141141448 ], [ 41.448320530575032, 18.37692114538412 ], [ 41.448349085322967, 18.376968733854184 ], [ 41.448413331035454, 18.37707342980611 ], [ 41.448463298924814, 18.377218576942855 ], [ 41.448482335124005, 18.377366104142407 ], [ 41.448491851876128, 18.37743748836342 ], [ 41.448489473137251, 18.377561218669836 ], [ 41.448472816575254, 18.377761094188088 ], [ 41.448392498205699, 18.377941442987868 ], [ 41.448370569431297, 18.378021848110411 ], [ 41.448339137379513, 18.378123130873458 ], [ 41.448336832302495, 18.37815277819486 ], [ 41.448305257418561, 18.37834372823729 ], [ 41.448317909291028, 18.378429381140904 ], [ 41.448334808398158, 18.378451137703085 ], [ 41.448372878999898, 18.378498726603464 ], [ 41.448429985800821, 18.378553455144036 ], [ 41.448529924274489, 18.378586767270669 ], [ 41.44855847812412, 18.378620080243362 ], [ 41.448565616137373, 18.378665289782621 ], [ 41.44856323560186, 18.378753330364791 ], [ 41.448530474043451, 18.378804183383878 ], [ 41.448494301581903, 18.379021222420807 ], [ 41.448436999846557, 18.379130094342717 ], [ 41.448427607960262, 18.379264914361041 ], [ 41.448420469048706, 18.379410061358325 ], [ 41.448422848685887, 18.379519516138675 ], [ 41.448425229221392, 18.379624213099532 ], [ 41.448408571761078, 18.379786015741075 ], [ 41.448410952296584, 18.379852640364195 ], [ 41.448418090309829, 18.380035859010668 ], [ 41.448429986699132, 18.380123898893107 ], [ 41.448384778084147, 18.380283322626095 ], [ 41.448315773097285, 18.380506992996953 ], [ 41.448277701597227, 18.380687830809073 ], [ 41.44827532196004, 18.380775871211117 ], [ 41.448256285760849, 18.380863910715728 ], [ 41.448118277583752, 18.381239866191127 ], [ 41.448042134583645, 18.381444500260393 ], [ 41.44791840333135, 18.381701482354888 ], [ 41.447823225030369, 18.381868044145367 ], [ 41.447768496968315, 18.382027467970715 ], [ 41.447694733605395, 18.382224963309181 ], [ 41.447549352954745, 18.382484245926914 ], [ 41.447485409974512, 18.382676074337471 ], [ 41.447323607222174, 18.383113894978823 ], [ 41.447161802673193, 18.383608823248867 ], [ 41.447147814107588, 18.383644263870742 ], [ 41.447087971038307, 18.383914380945324 ], [ 41.447049900436568, 18.384257022154205 ], [ 41.447054658812625, 18.384492588655856 ], [ 41.447028484600196, 18.384609183022196 ], [ 41.446970424686754, 18.384719091423538 ], [ 41.446844241033737, 18.385011366616421 ], [ 41.446803437756898, 18.385073934050784 ], [ 41.446550214356407, 18.385530033900743 ], [ 41.446321785356069, 18.385858400017252 ], [ 41.445955349076947, 18.386334291854279 ], [ 41.445698523432171, 18.386623288320198 ], [ 41.445448592357188, 18.386949585152259 ], [ 41.44489510976792, 18.387758520697382 ], [ 41.444741823942785, 18.388009433318913 ], [ 41.444506256929202, 18.388361593340424 ], [ 41.444275449189988, 18.388649507210641 ], [ 41.444133024894953, 18.388814856930505 ], [ 41.444120785349206, 18.388868418609054 ], [ 41.444120785349206, 18.38894218235512 ], [ 41.444104127888892, 18.389032601122949 ], [ 41.444077953676462, 18.389080189659879 ], [ 41.443980395738286, 18.389227716939164 ], [ 41.443856665384317, 18.389365725720168 ], [ 41.443782901123079, 18.3894704218161 ], [ 41.443723414684953, 18.389560842011679 ], [ 41.443735311972581, 18.389620327924685 ], [ 41.443766244561075, 18.389675056344515 ], [ 41.443799557685075, 18.389722644704051 ], [ 41.443816213348754, 18.389774993077772 ], [ 41.443820971724818, 18.389841618102707 ], [ 41.443806695698321, 18.389910622261226 ], [ 41.443778141848696, 18.38997724723373 ], [ 41.443711517397332, 18.390084322967542 ], [ 41.443663928246849, 18.390184260315909 ], [ 41.44366630788403, 18.390215192744947 ], [ 41.443682962649397, 18.390250885182624 ], [ 41.443680583910535, 18.390310371709884 ], [ 41.443663928246849, 18.390350821581961 ], [ 41.443661548609654, 18.390384134838779 ], [ 41.443659168972474, 18.390446001324431 ], [ 41.443673445897275, 18.390512626089954 ], [ 41.44366630788403, 18.390593528286978 ], [ 41.443682962649397, 18.390653013843533 ], [ 41.443701998848589, 18.390724397677698 ], [ 41.443730552698213, 18.390788643188408 ], [ 41.443759105649512, 18.390890960126576 ], [ 41.443804316061133, 18.390983758721365 ], [ 41.443820971724818, 18.391038485855777 ], [ 41.443825731897505, 18.391128906081072 ], [ 41.443823353158635, 18.391224085393798 ], [ 41.443804316959444, 18.391304986404386 ], [ 41.443759107446148, 18.391421578719768 ], [ 41.443701999746906, 18.391561968290155 ], [ 41.443514022782125, 18.391914127871857 ], [ 41.443342700582711, 18.392221079056622 ], [ 41.443085720427696, 18.392649381982832 ], [ 41.442840635763687, 18.393106238343762 ], [ 41.442633622599715, 18.393617822365869 ], [ 41.442593170564159, 18.393755831040686 ], [ 41.442502750639228, 18.394129407426284 ], [ 41.442469440210182, 18.394481566875236 ], [ 41.442445643838305, 18.394838486344266 ], [ 41.442407573236565, 18.395104986130111 ], [ 41.442345707161259, 18.395285823970223 ], [ 41.442250528860285, 18.395533288706837 ], [ 41.442212457360228, 18.395654640583231 ], [ 41.442105380873308, 18.395959211995397 ], [ 41.442012583107825, 18.396406550120972 ], [ 41.441941199382086, 18.396765848928709 ], [ 41.441917404806844, 18.3972726750501 ], [ 41.44188647221835, 18.397548692400537 ], [ 41.441865057280289, 18.397950821077245 ], [ 41.441865057280289, 18.398645622820794 ], [ 41.441862677643101, 18.39899064531247 ], [ 41.441857919267036, 18.399492711948348 ], [ 41.441872195293534, 18.399690206877064 ], [ 41.441905508417527, 18.399954326955687 ], [ 41.441950717930837, 18.400239862042749 ], [ 41.441962615218458, 18.40067530422748 ], [ 41.441957855944082, 18.400765722804586 ], [ 41.441969754130021, 18.400989393016708 ], [ 41.441941200280397, 18.401410556746779 ], [ 41.441915026067967, 18.401696092829123 ], [ 41.441915026067967, 18.401960213241193 ], [ 41.441919785342343, 18.402119637231237 ], [ 41.441929302094465, 18.402219574417202 ], [ 41.441917404806844, 18.402338546857294 ], [ 41.441898368607646, 18.402421827601696 ], [ 41.441850781253791, 18.402605046972841 ], [ 41.441796052293427, 18.402869166843256 ], [ 41.441650906103071, 18.403454514350948 ], [ 41.441591419664967, 18.403928027206341 ], [ 41.44152003593922, 18.404475302673923 ], [ 41.441527174850791, 18.404663280328556 ], [ 41.441462929138297, 18.404753700221274 ], [ 41.441474826425925, 18.404860776146737 ], [ 41.441643768089833, 18.404929780255809 ], [ 41.441743705665189, 18.405013060599394 ], [ 41.441853160890979, 18.405122516165193 ], [ 41.441941201178714, 18.40523673040915 ], [ 41.442022101656576, 18.405329528947131 ], [ 41.442048275869013, 18.405446122850918 ], [ 41.442091106643439, 18.405674550833762 ], [ 41.442143455068297, 18.405848251839785 ], [ 41.442167248745235, 18.405917256405477 ], [ 41.442188664581607, 18.405945808776327 ], [ 41.442262427944534, 18.405950569209057 ], [ 41.442355226608328, 18.405931532591495 ], [ 41.442452785444814, 18.405919636196074 ], [ 41.442566999046669, 18.405943430690805 ], [ 41.442657418971592, 18.405986260943514 ], [ 41.442745459259328, 18.406031470974614 ], [ 41.442821602259436, 18.406090957166647 ], [ 41.442907262011673, 18.406159960782709 ], [ 41.442966749348109, 18.406200412047227 ], [ 41.443038132175523, 18.406224207355514 ], [ 41.443119033551696, 18.406271796257514 ], [ 41.443159484688941, 18.406345559370553 ], [ 41.443209454374937, 18.406374111670377 ], [ 41.443314149428033, 18.406393148239012 ], [ 41.443418846277766, 18.406424082019281 ], [ 41.443492608742382, 18.406457393872447 ], [ 41.44356875174249, 18.406504982709986 ], [ 41.443621101065681, 18.406576366793995 ], [ 41.443663930941788, 18.406645371067874 ], [ 41.443683763946638, 18.406794874408632 ], [ 41.443832915724833, 18.406914195710417 ], [ 41.443910962255032, 18.406986633135844 ], [ 41.443987537344789, 18.407021325695382 ], [ 41.444063680344911, 18.407080812397769 ], [ 41.444168376296325, 18.407145057774599 ], [ 41.444339697597421, 18.407252133917613 ], [ 41.44444439444716, 18.407309240768893 ], [ 41.44455622841182, 18.407354451304951 ], [ 41.44467758092523, 18.407409178352314 ], [ 41.444772760124536, 18.40748294097806 ], [ 41.444854070234165, 18.407606493731567 ], [ 41.444925114396725, 18.407650896159915 ], [ 41.445079709965547, 18.4076542629501 ], [ 41.445205820855023, 18.407689955183717 ], [ 41.445346209567617, 18.407742303211414 ], [ 41.445403317266866, 18.407792270606155 ], [ 41.445436628594237, 18.407856517422196 ], [ 41.445462802806659, 18.407930279856284 ], [ 41.445481838107533, 18.408034976601947 ], [ 41.445527047620836, 18.408120636908425 ], [ 41.445565120019204, 18.408163466619509 ], [ 41.445631745368885, 18.408182502990289 ], [ 41.445710267107877, 18.40818726080413 ], [ 41.445807825046046, 18.408203917413292 ], [ 41.445903004245338, 18.40824674710365 ], [ 41.445983904723199, 18.40828957763571 ], [ 41.446026734599315, 18.408358582927622 ], [ 41.44605528934725, 18.408413309655778 ], [ 41.446079083922491, 18.408446622828745 ], [ 41.44611477488705, 18.408496590871412 ], [ 41.446221672609234, 18.408566426266727 ], [ 41.446257612407123, 18.408574127225496 ], [ 41.446438451358652, 18.408593162698523 ], [ 41.446533559591039, 18.408579872046754 ], [ 41.446650153728399, 18.408544179997637 ], [ 41.446757230215319, 18.408570353883594 ], [ 41.446809577741867, 18.408625082249131 ], [ 41.446795300817065, 18.408686948149715 ], [ 41.446776266414503, 18.408777366781667 ], [ 41.446783404427748, 18.408891582010437 ], [ 41.446818713608309, 18.409030210034192 ], [ 41.446952415261933, 18.409259410599418 ], [ 41.447152290412646, 18.40948784034153 ], [ 41.447342647014622, 18.409716267223502 ], [ 41.447561558364519, 18.409763856864892 ], [ 41.447670944420032, 18.409802915409291 ], [ 41.447920786561802, 18.409810052915166 ], [ 41.448049277986783, 18.409802915409291 ], [ 41.448213461274626, 18.409791017576701 ], [ 41.448294362650799, 18.409776741710733 ], [ 41.448368126013733, 18.409738670171986 ], [ 41.448463304314707, 18.409726772334967 ], [ 41.448532309301577, 18.409726772334967 ], [ 41.448587035567002, 18.409700598624827 ], [ 41.448596554115746, 18.409636353349342 ], [ 41.448513273102385, 18.409614938252187 ], [ 41.448437130102278, 18.409622075765856 ], [ 41.448330053615351, 18.409648250340275 ], [ 41.448170631398511, 18.40967918268332 ], [ 41.448058795637216, 18.409695839148124 ], [ 41.447992171185852, 18.409662527069248 ], [ 41.447985033172607, 18.409622075765856 ], [ 41.448030242685917, 18.409529276984575 ], [ 41.448108764424894, 18.409448376010356 ], [ 41.448218218752373, 18.409372232779205 ], [ 41.448322914703795, 18.409269915738754 ], [ 41.448391919690657, 18.409146184334368 ], [ 41.4484466468544, 18.408986760031343 ], [ 41.448460923779201, 18.408855890025947 ], [ 41.448522789854508, 18.408760711080333 ], [ 41.448615589416612, 18.408720260417383 ], [ 41.448744079943289, 18.408651256122798 ], [ 41.448867812093887, 18.408541801095659 ], [ 41.448965370032056, 18.408353823413808 ], [ 41.44907720489504, 18.40822295292725 ], [ 41.449312771010305, 18.408108738959573 ], [ 41.449503127612275, 18.408015940214852 ], [ 41.449743453001915, 18.407949316252846 ], [ 41.449943328152635, 18.407944555875378 ], [ 41.450119407829796, 18.40796835094261 ], [ 41.450335938644194, 18.408073046812774 ], [ 41.450590541856961, 18.408180123230967 ], [ 41.450880836034287, 18.408244369049921 ], [ 41.451228237012536, 18.408296716056682 ], [ 41.451444767826935, 18.408382377085278 ], [ 41.451639883703287, 18.408496590871412 ], [ 41.451768375128253, 18.408629840903089 ], [ 41.451908762942544, 18.408834473979347 ], [ 41.452003941243532, 18.408993899275753 ], [ 41.452068186956019, 18.409129526964033 ], [ 41.452139189796078, 18.409242929675262 ], [ 41.452265681571234, 18.40943885619053 ], [ 41.452391795155656, 18.40958638308048 ], [ 41.45268215760494, 18.409954212741862 ], [ 41.45292010425571, 18.410258783582318 ], [ 41.452982037704665, 18.410342259090676 ], [ 41.453160361373399, 18.410531028979925 ], [ 41.453226984926438, 18.410592895047866 ], [ 41.453348338338174, 18.41069045440976 ], [ 41.453359678670317, 18.410783329275329 ], [ 41.453334061413372, 18.410854635727386 ], [ 41.453343579063798, 18.410902225054055 ], [ 41.453384029302732, 18.410923640843396 ], [ 41.453457792665652, 18.410918881400516 ], [ 41.453567247891442, 18.410895086741125 ], [ 41.453768634906787, 18.410919582020515 ], [ 41.453936064706078, 18.411040234367924 ], [ 41.454045519931867, 18.411097340814898 ], [ 41.454133560219596, 18.411185381019983 ], [ 41.454252533095833, 18.411325769822682 ], [ 41.454452477416829, 18.411543692675046 ], [ 41.45470945757183, 18.412152835010698 ], [ 41.454744084032775, 18.412412522616016 ], [ 41.454640385211327, 18.412586884195779 ], [ 41.454533309622718, 18.412693960363136 ], [ 41.454473823184607, 18.412767723281302 ], [ 41.45445002771104, 18.412836726778007 ], [ 41.454447648073852, 18.412922387251943 ], [ 41.454492857587162, 18.413027084370583 ], [ 41.454611369627649, 18.413108091908047 ], [ 41.454693619375064, 18.41320209224201 ], [ 41.454728424600745, 18.413319757298861 ], [ 41.454735564410619, 18.413379244381641 ], [ 41.454633247198075, 18.413441110278146 ], [ 41.454490478848292, 18.413395899636065 ], [ 41.454269188759511, 18.41337210617144 ], [ 41.454036002281434, 18.413474423330385 ], [ 41.453836127130714, 18.413638606254011 ], [ 41.453726671904917, 18.413781372737585 ], [ 41.453533934767449, 18.41395507408663 ], [ 41.453424481338288, 18.414047873038722 ], [ 41.453355476351419, 18.414216813914773 ], [ 41.453236502576885, 18.41434530613628 ], [ 41.453110391687403, 18.414457139702463 ], [ 41.453081837837786, 18.414630840369433 ], [ 41.453141325174208, 18.414726018625981 ], [ 41.453243640590131, 18.414854509614969 ], [ 41.453198431975139, 18.415025831920808 ], [ 41.453124667713901, 18.415113871820946 ], [ 41.45298190116074, 18.415209049810333 ], [ 41.452950967673928, 18.415223326078046 ], [ 41.452977211056641, 18.415293722976042 ], [ 41.452981965839442, 18.415369808187172 ], [ 41.453084218373284, 18.415418442054005 ], [ 41.453096114762587, 18.415475548752884 ], [ 41.452970003873112, 18.415516000385182 ], [ 41.452855789372947, 18.415487446192508 ], [ 41.452717781195844, 18.415470790288193 ], [ 41.452641638195729, 18.415463652164746 ], [ 41.452563114660116, 18.415532656285126 ], [ 41.452508388394691, 18.415642111980478 ], [ 41.452441763943341, 18.415834847828116 ], [ 41.452401312806089, 18.415999031056717 ], [ 41.452291857580299, 18.416206044395384 ], [ 41.452177643978445, 18.416272669422938 ], [ 41.4520753267659, 18.416322637750518 ], [ 41.451970629916161, 18.416427333652834 ], [ 41.45189924708874, 18.416520132124042 ], [ 41.451884970163931, 18.416622449115906 ], [ 41.451920732095388, 18.416711881721252 ], [ 41.451994426288039, 18.416774735095533 ], [ 41.452163367053629, 18.416867534231688 ], [ 41.452310892881172, 18.416931779364802 ], [ 41.452417969368085, 18.416950814765787 ], [ 41.452646398368429, 18.41701744120958 ], [ 41.452596428682433, 18.417098342035118 ], [ 41.452451281593767, 18.417143551704495 ], [ 41.45221809511569, 18.417195899413866 ], [ 41.451989666115352, 18.417217315272342 ], [ 41.451794550239008, 18.417191140996753 ], [ 41.451601813999858, 18.417157827811707 ], [ 41.451463805822762, 18.417179243674919 ], [ 41.451330556021723, 18.417245868325654 ], [ 41.451263930672042, 18.417343425620757 ], [ 41.451180649658681, 18.417476677326189 ], [ 41.451156855981743, 18.417626582921084 ], [ 41.451121163220563, 18.417778868864307 ], [ 41.45104264058326, 18.417862148957315 ], [ 41.450954601193843, 18.417962087231693 ], [ 41.450864181268926, 18.418071542233971 ], [ 41.450821351392804, 18.418183375935346 ], [ 41.450835696589579, 18.418301363164424 ], [ 41.451016536439418, 18.418653522609382 ], [ 41.451349659594541, 18.419119896592683 ], [ 41.451616160094936, 18.419481575331631 ], [ 41.451920732095388, 18.420128787795107 ], [ 41.452015910396369, 18.420319144991463 ], [ 41.452253856148836, 18.420499983621532 ], [ 41.452291926750576, 18.420671305419898 ], [ 41.452279960292678, 18.420822197736175 ], [ 41.452284719567047, 18.420903100181789 ], [ 41.452341827266295, 18.420991139631486 ], [ 41.452422728642468, 18.421057765362939 ], [ 41.452553598806311, 18.42112914937692 ], [ 41.452667813306476, 18.421229085753527 ], [ 41.452830209845231, 18.421371613265606 ], [ 41.452920105154028, 18.421499357805246 ], [ 41.452967694304519, 18.421708750064138 ], [ 41.453005764906258, 18.421775376369936 ], [ 41.453215157707419, 18.421784892950463 ], [ 41.453405515207692, 18.421756339798179 ], [ 41.453453036086223, 18.421828709612246 ], [ 41.453455415723411, 18.421902472875907 ], [ 41.453431620249852, 18.422000031791882 ], [ 41.453337114787018, 18.422223724696561 ], [ 41.453299404409705, 18.422346285893862 ], [ 41.453305509360369, 18.422456887830645 ], [ 41.453288852798373, 18.422554445579902 ], [ 41.453250782196633, 18.422635348063103 ], [ 41.453167500284955, 18.422751941322552 ], [ 41.453063719716823, 18.422827125788 ], [ 41.452979824255799, 18.422955301350743 ], [ 41.452920036882063, 18.423092204119044 ], [ 41.452843893881955, 18.423242109934431 ], [ 41.452758233231414, 18.423380118726172 ], [ 41.452646399266733, 18.423506229670622 ], [ 41.452491005993949, 18.423620141941633 ], [ 41.452477552824263, 18.423637438818403 ], [ 41.452456040868142, 18.423720381984538 ], [ 41.452441764841645, 18.423858391244799 ], [ 41.45240845261597, 18.423965466363583 ], [ 41.452346587438974, 18.42409633595738 ], [ 41.452287100102552, 18.424136788119526 ], [ 41.452215716376813, 18.424115372270162 ], [ 41.452075327664211, 18.424070161876131 ], [ 41.451977769726042, 18.424043987790899 ], [ 41.451915903650736, 18.424020194094261 ], [ 41.45188735069943, 18.424036850023164 ], [ 41.451884971062249, 18.424089198191808 ], [ 41.45196825297392, 18.424122510886914 ], [ 41.452208578363567, 18.424186755867524 ], [ 41.45225140823969, 18.424243863064994 ], [ 41.452265685164491, 18.424403286869129 ], [ 41.452279961190989, 18.424503224752574 ], [ 41.45228234082817, 18.424598401808911 ], [ 41.452277583350423, 18.424731652156094 ], [ 41.452215550188491, 18.424879834964063 ], [ 41.452160988314759, 18.425000532067497 ], [ 41.452137193739517, 18.42511950495328 ], [ 41.452153850301514, 18.425233718709844 ], [ 41.452213336739625, 18.425271791081524 ], [ 41.452241889690939, 18.425312241262674 ], [ 41.452241889690939, 18.425393141596437 ], [ 41.452177714047032, 18.425430227863515 ], [ 41.452101501876648, 18.425452628766084 ], [ 41.452044395075717, 18.425519253621665 ], [ 41.45198735744507, 18.425658655740346 ], [ 41.452034877425291, 18.425811928310583 ], [ 41.452027737615403, 18.425890449747158 ], [ 41.452027737615403, 18.425968972000145 ], [ 41.45198735744507, 18.426211677074036 ], [ 41.451949216774736, 18.426285441014794 ], [ 41.451851657938249, 18.426490074400753 ], [ 41.451775515836445, 18.426701846905168 ], [ 41.451668440247843, 18.426882684790499 ], [ 41.451656542960222, 18.426989760583162 ], [ 41.451647025309796, 18.427163461380015 ], [ 41.4516622957713, 18.427419033804458 ], [ 41.451699372836345, 18.427570349736708 ], [ 41.451711270123958, 18.427720255910117 ], [ 41.451716030296659, 18.4278630226394 ], [ 41.451689856084215, 18.428010549924867 ], [ 41.451635128022168, 18.428122383982362 ], [ 41.451541871217572, 18.428206073261098 ], [ 41.451426442195142, 18.428511402678716 ], [ 41.4513829053449, 18.428553067404096 ], [ 41.451311521619168, 18.428579240803057 ], [ 41.451316280893536, 18.428636349098674 ], [ 41.451354867128252, 18.42870072960492 ], [ 41.45137338769446, 18.428800531188205 ], [ 41.451347214380348, 18.428855259084706 ], [ 41.4512901066811, 18.428957576409712 ], [ 41.451171755439056, 18.429018592128102 ], [ 41.451111647366758, 18.429088445613573 ], [ 41.451030745092275, 18.429224075358945 ], [ 41.450997432866593, 18.429345427346082 ], [ 41.450987915216153, 18.429435847053082 ], [ 41.450838008853118, 18.429531025640653 ], [ 41.450773764038949, 18.429545302424248 ], [ 41.450747588928195, 18.429630963100905 ], [ 41.450726174888452, 18.429754695114067 ], [ 41.45075955628441, 18.430036863837092 ], [ 41.450255110929874, 18.430674558843155 ], [ 41.450025209590784, 18.430941886061778 ], [ 41.449890983321033, 18.431020567932926 ], [ 41.449760113157183, 18.43109433236749 ], [ 41.449622104980079, 18.431172853948613 ], [ 41.449493612656788, 18.431270411866834 ], [ 41.449329430267248, 18.431410799619311 ], [ 41.449212837028213, 18.431532152619752 ], [ 41.449027238802302, 18.431643987795642 ], [ 41.448780152691832, 18.431786535652172 ], [ 41.448713791446849, 18.431792065788024 ], [ 41.448577520611508, 18.431741546298749 ], [ 41.448503757248581, 18.43171299224289 ], [ 41.448403819673224, 18.431627331751319 ], [ 41.448249155832443, 18.431522634874142 ], [ 41.448175391571205, 18.431432216264589 ], [ 41.448094490195032, 18.431329898707745 ], [ 41.448027865743668, 18.431246616613365 ], [ 41.447923169792247, 18.431179993124626 ], [ 41.447780402340769, 18.431177612831164 ], [ 41.447687602778664, 18.431241858584954 ], [ 41.447682844402614, 18.431315622072336 ], [ 41.447799436743324, 18.431320380950936 ], [ 41.447856544442573, 18.431270411866834 ], [ 41.447913651243496, 18.431289448237685 ], [ 41.447927929066623, 18.431320380950936 ], [ 41.447975517318802, 18.43141555934751 ], [ 41.448023107367611, 18.43149408163416 ], [ 41.448077833633036, 18.43157974219212 ], [ 41.448120664407469, 18.431677299879453 ], [ 41.448277708783749, 18.431889071960846 ], [ 41.448284846797002, 18.431991389184898 ], [ 41.448291985708558, 18.43214129491275 ], [ 41.448277708783749, 18.432284063084481 ], [ 41.448249155832443, 18.432472040186816 ], [ 41.44821584270845, 18.432624325769019 ], [ 41.448074632037361, 18.4328520375925 ], [ 41.447928757313321, 18.43293160490521 ], [ 41.447797058004461, 18.432947931863687 ], [ 41.447682844402614, 18.432978865130764 ], [ 41.447609080141369, 18.433102598143389 ], [ 41.447459173778327, 18.433300091998412 ], [ 41.447344960176473, 18.43344286091223 ], [ 41.447230745676308, 18.433564213330467 ], [ 41.447014214861902, 18.43378788181785 ], [ 41.44682623789712, 18.43388306140497 ], [ 41.446562117932238, 18.433973479577695 ], [ 41.446443145056016, 18.434025828130164 ], [ 41.446338449104587, 18.434123386133798 ], [ 41.446178574136844, 18.434348571696862 ], [ 41.44606957076364, 18.434389884745443 ], [ 41.445791172975618, 18.434520755779701 ], [ 41.445474704585862, 18.434654006107461 ], [ 41.445317661107893, 18.434694456638052 ], [ 41.44511778595718, 18.434708733845067 ], [ 41.44500119181982, 18.43471111323742 ], [ 41.444858425266659, 18.434772979131427 ], [ 41.444746590403682, 18.434839603784351 ], [ 41.44457288856708, 18.434849122198528 ], [ 41.444427742376739, 18.434787254627491 ], [ 41.444313527876567, 18.434723011050902 ], [ 41.444175518801153, 18.434684939067523 ], [ 41.444030371712493, 18.434639728895899 ], [ 41.443901882084134, 18.434575484411955 ], [ 41.44372818024754, 18.434480305208236 ], [ 41.443563996959696, 18.434294707995615 ], [ 41.44341409239329, 18.433937787683586 ], [ 41.443359363432918, 18.433716497945152 ], [ 41.443342706870922, 18.433385753360934 ], [ 41.443345085609792, 18.433109736387042 ], [ 41.443359363432918, 18.432636222874702 ], [ 41.443409332220604, 18.432062772921718 ], [ 41.443428368419781, 18.431784376095301 ], [ 41.443428368419781, 18.431503600233579 ], [ 41.443428368419781, 18.431363211704646 ], [ 41.443397434932976, 18.431270411866834 ], [ 41.443359363432918, 18.431182371713586 ], [ 41.44333556885767, 18.431110989315687 ], [ 41.443290359344374, 18.431001533236778 ], [ 41.443230872007945, 18.430934908800833 ], [ 41.443116658406083, 18.430834971246266 ], [ 41.442952475118233, 18.430675546586869 ], [ 41.442823984591577, 18.430625579019825 ], [ 41.442756551656458, 18.430527084125458 ], [ 41.442647904914416, 18.430418566842373 ], [ 41.442545587701865, 18.430318628987678 ], [ 41.442486101263761, 18.430211552711196 ], [ 41.44247658271501, 18.430137789602373 ], [ 41.442514655113385, 18.430083062114086 ], [ 41.442571761914309, 18.430080682657678 ], [ 41.442688355153351, 18.430073544288259 ], [ 41.442678838401221, 18.429992642747447 ], [ 41.442662180940914, 18.429904602792135 ], [ 41.442633627989601, 18.429859393067836 ], [ 41.442586038839117, 18.429842736850624 ], [ 41.442462305790194, 18.429847494917752 ], [ 41.442362369113148, 18.429835597619082 ], [ 41.442224679837977, 18.429777451690605 ], [ 41.442155425119466, 18.429722776926663 ], [ 41.442138700285511, 18.429640481803474 ], [ 41.442069695298642, 18.429619066639496 ], [ 41.441993553196838, 18.429573857692358 ], [ 41.441886476709925, 18.429500094309962 ], [ 41.441783199198341, 18.429397624756071 ], [ 41.441731811970826, 18.429274045037779 ], [ 41.44169373957245, 18.429197902058135 ], [ 41.441634254032657, 18.429133657245075 ], [ 41.441553351758166, 18.429090826788201 ], [ 41.441489176114267, 18.429085081799535 ], [ 41.441417723218251, 18.429105103608347 ], [ 41.441393996914975, 18.429151706100036 ], [ 41.441408214550968, 18.42925833986919 ], [ 41.441481968930745, 18.429416813885975 ], [ 41.441522419169672, 18.429609549640226 ], [ 41.441543834107726, 18.429861771675064 ], [ 41.441574766696228, 18.430021197089026 ], [ 41.441589043621036, 18.43019727683517 ], [ 41.441560489771412, 18.430382874210213 ], [ 41.441517659895304, 18.430649374359252 ], [ 41.441472450381994, 18.430899217128097 ], [ 41.441422481594316, 18.431084814597646 ], [ 41.441372512806637, 18.431332279851329 ], [ 41.441265437218028, 18.431993770319327 ], [ 41.441217848965849, 18.432364966103734 ], [ 41.441189295116232, 18.432631464884754 ], [ 41.441172638554235, 18.432931276797927 ], [ 41.441179776567488, 18.433254884019231 ], [ 41.441213088793162, 18.433604664969728 ], [ 41.441253539930408, 18.433904476037803 ], [ 41.441339200580948, 18.434425579102335 ], [ 41.441365375691703, 18.434665904777113 ], [ 41.441384410992576, 18.434746805823174 ], [ 41.441405826828955, 18.434818189268011 ], [ 41.441417724116569, 18.434894332315082 ], [ 41.441434379780254, 18.435027582353246 ], [ 41.441462933629879, 18.435134658186694 ], [ 41.441498736883837, 18.435446335374316 ], [ 41.441514252585428, 18.43549993623278 ], [ 41.441558112829171, 18.435715246254016 ], [ 41.441574767594538, 18.435981745806444 ], [ 41.441574767594538, 18.436248244945663 ], [ 41.441567629581293, 18.436576610620897 ], [ 41.441558112829171, 18.436697964235542 ], [ 41.441558112829171, 18.436824074786326 ], [ 41.441612839992914, 18.436938289289674 ], [ 41.441765125094818, 18.437102471972636 ], [ 41.44179605768332, 18.437185753786547 ], [ 41.441810334608128, 18.437276172778525 ], [ 41.44179367894445, 18.437440355138701 ], [ 41.441757987081573, 18.437704476074142 ], [ 41.44176036582045, 18.43784010498711 ], [ 41.441769884369201, 18.437921007095692 ], [ 41.441784161294002, 18.438009047206382 ], [ 41.441786540032879, 18.438120880724913 ], [ 41.44179367894445, 18.438556321637222 ], [ 41.441781780758504, 18.438853754959354 ], [ 41.441757987081573, 18.439191638091042 ], [ 41.441708863608575, 18.439510735645182 ], [ 41.441727053594775, 18.439622320198158 ], [ 41.441738950882389, 18.439729395725568 ], [ 41.441734193404642, 18.439831713395623 ], [ 41.441724673957573, 18.439941168112497 ], [ 41.441696121904585, 18.440053002930238 ], [ 41.441633227258286, 18.44023506159499 ], [ 41.441590996558467, 18.440305444845634 ], [ 41.441542500109527, 18.440424847721879 ], [ 41.441522420966308, 18.440495582848932 ], [ 41.441496246753871, 18.440569346626013 ], [ 41.441485830788153, 18.440658919319009 ], [ 41.441573739921857, 18.440722852184624 ], [ 41.441811684775999, 18.440794235703859 ], [ 41.441874581218926, 18.440814430847269 ], [ 41.441915032356171, 18.440835844616455 ], [ 41.441993554095163, 18.440833466161088 ], [ 41.442079214745711, 18.44082156877063 ], [ 41.442172014307815, 18.440814430847269 ], [ 41.442279089896431, 18.44082394807835 ], [ 41.442312402122106, 18.440862018701772 ], [ 41.442293366821232, 18.440919127177654 ], [ 41.442143461356515, 18.440919127177654 ], [ 41.442053041431585, 18.440945301250281 ], [ 41.441989930291307, 18.441031895355355 ], [ 41.442010210657159, 18.441138036860725 ], [ 41.44202448668365, 18.441197523695227 ], [ 41.442000693006719, 18.441287943132924 ], [ 41.44194834458186, 18.441404537377892 ], [ 41.441943585307484, 18.441490198109758 ], [ 41.44198403734304, 18.441506854050481 ], [ 41.442045901621711, 18.441473541315229 ], [ 41.442112526971393, 18.441406915825358 ], [ 41.442226740573233, 18.441318875751136 ], [ 41.442312402122106, 18.441283183678113 ], [ 41.442395684033784, 18.441311737848437 ], [ 41.442466037391888, 18.441436690303373 ], [ 41.44245041119752, 18.441573477797238 ], [ 41.44239092386109, 18.44161154995896 ], [ 41.442279089896431, 18.441647241963771 ], [ 41.442219602559987, 18.441751937786705 ], [ 41.442255295321175, 18.441816183848854 ], [ 41.442226740573233, 18.441906603813162 ], [ 41.442216194351808, 18.442007761219671 ], [ 41.442164875396259, 18.442139791384356 ], [ 41.442143461356515, 18.442225450897482 ], [ 41.442095871307707, 18.442289696782563 ], [ 41.442045901621711, 18.442356321077948 ], [ 41.442012590294347, 18.442470535313042 ], [ 41.44202448668365, 18.442563334216629 ], [ 41.442057799807642, 18.442656133922267 ], [ 41.442124425157317, 18.44272751663831 ], [ 41.442205327431815, 18.442794141616094 ], [ 41.44222436183437, 18.442846490038288 ], [ 41.442174393944995, 18.442905977133464 ], [ 41.4421291844317, 18.442979739875746 ], [ 41.442041144143971, 18.44309633382484 ], [ 41.441965001143856, 18.443141544328263 ], [ 41.441934067657044, 18.443198650342129 ], [ 41.442014969931535, 18.443217686243983 ], [ 41.442160117020201, 18.443231962742903 ], [ 41.442274330622048, 18.443274793084715 ], [ 41.442340955073405, 18.443331899906461 ], [ 41.442381407108968, 18.443417561381757 ], [ 41.442409960060282, 18.44351511831476 ], [ 41.442407581321397, 18.443569846639139 ], [ 41.442383785847845, 18.443686440187758 ], [ 41.44239092386109, 18.443745926992104 ], [ 41.442493241073628, 18.443838726058978 ], [ 41.442469447396704, 18.443910109988011 ], [ 41.442262434232738, 18.444012426020656 ], [ 41.442169633772316, 18.444086189992234 ], [ 41.442141080821003, 18.444198023816362 ], [ 41.442155357745818, 18.444283684007626 ], [ 41.442186291232623, 18.444400277923954 ], [ 41.44222436183437, 18.444476420986142 ], [ 41.442257674060045, 18.444543046137866 ], [ 41.442307642847723, 18.444604911900964 ], [ 41.442381407108968, 18.444645362645719 ], [ 41.442478964148819, 18.444700089757873 ], [ 41.442580627387841, 18.444763135717146 ], [ 41.442750223025278, 18.444788129803783 ], [ 41.442942960162746, 18.444807166381686 ], [ 41.443173767003643, 18.444809545634207 ], [ 41.443340329928674, 18.444797647666913 ], [ 41.443480716844647, 18.444780992045221 ], [ 41.443592552605949, 18.444790509908742 ], [ 41.443675832720992, 18.444847617078821 ], [ 41.443735320057428, 18.444916621337629 ], [ 41.443818601070788, 18.44500466127257 ], [ 41.443937573947011, 18.445128393296169 ], [ 41.444018476221501, 18.445211673776594 ], [ 41.444180278973846, 18.445278298643164 ], [ 41.444306389863321, 18.44533540565109 ], [ 41.444401569062613, 18.445366339244909 ], [ 41.444534818863659, 18.445404409713959 ], [ 41.444644274089455, 18.445406789810377 ], [ 41.444756108952426, 18.445385374906568 ], [ 41.444875081828656, 18.445330647160571 ], [ 41.445020228917322, 18.445237848899609 ], [ 41.445246277382154, 18.445152188331956 ], [ 41.445481844395751, 18.445090321913781 ], [ 41.445624611847215, 18.445047492024599 ], [ 41.445795933148311, 18.44500466127257 ], [ 41.446071950400828, 18.444961831362029 ], [ 41.446326552715284, 18.444940416402755 ], [ 41.446531186242055, 18.44488330926352 ], [ 41.446838136981377, 18.44480002691957 ], [ 41.446988043344419, 18.444769094075941 ], [ 41.447202195419941, 18.444711986879756 ], [ 41.447390172384715, 18.444673916257262 ], [ 41.447575769712316, 18.444662019132739 ], [ 41.447725676075351, 18.444669156044082 ], [ 41.447887478827703, 18.444676294659462 ], [ 41.448173014628964, 18.444669156044082 ], [ 41.448334818279626, 18.444671536150686 ], [ 41.448544211080772, 18.444621566687562 ], [ 41.448736947319929, 18.444588255408409 ], [ 41.448817847797784, 18.44457873668151 ], [ 41.448841644169661, 18.444619188284598 ], [ 41.448817847797784, 18.444669156044082 ], [ 41.448732188045547, 18.444704849118029 ], [ 41.448686977633933, 18.444735781973225 ], [ 41.448694117443807, 18.444766714822855 ], [ 41.448734567682742, 18.444807164677346 ], [ 41.448836883996975, 18.444847616226653 ], [ 41.448913026997083, 18.444888066914267 ], [ 41.449034378612183, 18.444952311803657 ], [ 41.449105764134558, 18.445002281170581 ], [ 41.449093865948612, 18.445049870421631 ], [ 41.448979652346758, 18.445073664616128 ], [ 41.448841644169661, 18.44503083472279 ], [ 41.448622731921446, 18.444995143420908 ], [ 41.448370510142496, 18.444959450407278 ], [ 41.448173014628964, 18.444954691906343 ], [ 41.447980278389807, 18.444957072008993 ], [ 41.447739952101841, 18.444971348363367 ], [ 41.447551975137067, 18.444978486966189 ], [ 41.447264060596936, 18.445047492024599 ], [ 41.446949971844361, 18.44510459910925 ], [ 41.446795306206951, 18.445135531892468 ], [ 41.446593052317361, 18.445171223165179 ], [ 41.446424110653453, 18.445223571715214 ], [ 41.446283722839162, 18.445268781658832 ], [ 41.44614095538769, 18.44531875008153 ], [ 41.445969633188284, 18.445378237172818 ], [ 41.445826865736805, 18.445451999705778 ], [ 41.445674579736583, 18.445528143153954 ], [ 41.445534191922292, 18.445604285716225 ], [ 41.445372389169947, 18.445635219261629 ], [ 41.445260554306962, 18.445680429096907 ], [ 41.445074956081058, 18.445747052929509 ], [ 41.444939326642832, 18.445782744927332 ], [ 41.444808457377299, 18.44581367758844 ], [ 41.444672827040755, 18.445823196246906 ], [ 41.44451102428841, 18.44581367758844 ], [ 41.444332564075751, 18.445792262735356 ], [ 41.444220730111084, 18.445754192352261 ], [ 41.444023233699248, 18.445668531189927 ], [ 41.443849533659275, 18.445620942110263 ], [ 41.44371628385823, 18.445575732259332 ], [ 41.443583034057191, 18.445501968927339 ], [ 41.443433127694156, 18.445459139140787 ], [ 41.443278462955057, 18.445406789810377 ], [ 41.443104762915091, 18.445385374906568 ], [ 41.442954856552056, 18.445368719341854 ], [ 41.442783535250967, 18.445390134247742 ], [ 41.442548463209093, 18.445393912746972 ], [ 41.442431374998336, 18.445406789810377 ], [ 41.442381407108968, 18.445409169906764 ], [ 41.442359991272603, 18.445428206415841 ], [ 41.442403119389382, 18.445464938120672 ], [ 41.442468555369629, 18.445583912181405 ], [ 41.44250547073792, 18.445698181365692 ], [ 41.442551834586361, 18.44585457458178 ], [ 41.442522092265619, 18.446077649306869 ], [ 41.442477478335348, 18.44628287779809 ], [ 41.442420966219139, 18.446476209045244 ], [ 41.442352556815308, 18.446595182405567 ], [ 41.44226332715813, 18.446663592007827 ], [ 41.442171123179058, 18.446714154831316 ], [ 41.442077092026693, 18.446707669906107 ], [ 41.441995637288308, 18.446714154831316 ], [ 41.441961944176938, 18.446783276790303 ], [ 41.44193020310469, 18.446818257021015 ], [ 41.441793383398718, 18.44701753742482 ], [ 41.441478561620876, 18.447444828790147 ], [ 41.441269900946679, 18.44788009098 ], [ 41.441023033126811, 18.448189421232769 ], [ 41.440823916154201, 18.448459175396707 ], [ 41.440678010887439, 18.448742646168565 ], [ 41.440621497872918, 18.448891362171956 ], [ 41.440520536218131, 18.449194123113905 ], [ 41.440410321017609, 18.449465407003871 ], [ 41.440214227774241, 18.449918841124745 ], [ 41.440029607813678, 18.450316065166962 ], [ 41.439770746586461, 18.450879704044443 ], [ 41.439491711892906, 18.451418530310679 ], [ 41.439218657284201, 18.451793979735491 ], [ 41.438958851029305, 18.452085789928837 ], [ 41.438791795827491, 18.452302507335386 ], [ 41.438503778879408, 18.452710397922818 ], [ 41.438164706182157, 18.453132752389411 ], [ 41.437616460771004, 18.453759221873089 ], [ 41.437381030301339, 18.454157645339819 ], [ 41.437195076342576, 18.454536635296986 ], [ 41.437022563875416, 18.454777554885592 ], [ 41.436793541088683, 18.455128525030645 ], [ 41.436576415589556, 18.455354574374191 ], [ 41.436323598227581, 18.455536008410714 ], [ 41.436061857001555, 18.455693647831456 ], [ 41.435758476167173, 18.455866158183152 ], [ 41.435446172367072, 18.456035695342411 ], [ 41.435098174907466, 18.456163591356209 ], [ 41.434910792627413, 18.456229025835267 ], [ 41.434720436923762, 18.456279589250787 ], [ 41.434559821744216, 18.456330152651415 ], [ 41.434363517396761, 18.456327178785259 ], [ 41.434134493711703, 18.45639856178407 ], [ 41.434039315410722, 18.456449126001765 ], [ 41.433902495704736, 18.456520509801976 ], [ 41.433700241815153, 18.456591894424616 ], [ 41.433447425351481, 18.456687071603003 ], [ 41.433185684125462, 18.456734661024509 ], [ 41.432944763152783, 18.456806044705996 ], [ 41.432825791174871, 18.45680901941596 ], [ 41.432757380872722, 18.456847684676084 ], [ 41.432709791722232, 18.456936915705739 ], [ 41.432620562065061, 18.456978557348307 ], [ 41.432540255373603, 18.457023171982808 ], [ 41.432474820291681, 18.457070761311151 ], [ 41.432459947783833, 18.457118350626303 ], [ 41.432471845071461, 18.457154041964923 ], [ 41.432513485578134, 18.457168913779878 ], [ 41.432578920660063, 18.457168913779878 ], [ 41.432644355741992, 18.457154041964923 ], [ 41.432706818298641, 18.457159989668533 ], [ 41.432751432228912, 18.457168912927774 ], [ 41.432801995701311, 18.457186758592755 ], [ 41.432888251036566, 18.457162964372369 ], [ 41.432959634762319, 18.4571451178528 ], [ 41.43302209642065, 18.4571451178528 ], [ 41.433099427891882, 18.4571451178528 ], [ 41.433149992262592, 18.457121323626641 ], [ 41.433200554836674, 18.457091580839304 ], [ 41.433265990816921, 18.457067785753615 ], [ 41.433346298406683, 18.457014247863885 ], [ 41.433390912336961, 18.457020197276556 ], [ 41.4334563483172, 18.457043990664623 ], [ 41.433530704568213, 18.457070761311151 ], [ 41.433605064412482, 18.457085632281213 ], [ 41.433649679241071, 18.457127272183492 ], [ 41.433703216137054, 18.45717486233508 ], [ 41.433744856643735, 18.457204605107989 ], [ 41.433801368759944, 18.457246244981409 ], [ 41.433854906554252, 18.457287887401041 ], [ 41.433929264601893, 18.457323577852311 ], [ 41.434021468580973, 18.457356295299942 ], [ 41.434075008171909, 18.457377114793459 ], [ 41.434125570745984, 18.45731168075201 ], [ 41.434179109438602, 18.457281937997653 ], [ 41.434214801301472, 18.457237321726186 ], [ 41.434256440909842, 18.457148091704788 ], [ 41.434315928246271, 18.457067785753615 ], [ 41.434342697143421, 18.45704994007626 ], [ 41.434333774177695, 18.457118349774191 ], [ 41.434312953924362, 18.457228400174714 ], [ 41.434289159349113, 18.45734142435332 ], [ 41.434295107992924, 18.457400910688378 ], [ 41.434298082314832, 18.457442551366285 ], [ 41.434336747601293, 18.457415781629841 ], [ 41.434378388107973, 18.457433628121269 ], [ 41.434378388107973, 18.457466344695813 ], [ 41.434348644888914, 18.457552600706865 ], [ 41.434318901669855, 18.457606139280788 ], [ 41.434256440909842, 18.457635881978977 ], [ 41.434199928793625, 18.457707266137813 ], [ 41.434202904013844, 18.457784597948923 ], [ 41.434220749046972, 18.457906545834319 ], [ 41.434232647232903, 18.457942237861168 ], [ 41.434304030958643, 18.45795710960784 ], [ 41.434333774177695, 18.457921417584085 ], [ 41.434330798957483, 18.457873827639464 ], [ 41.434333774177695, 18.457826239385856 ], [ 41.434384336751783, 18.457790547334891 ], [ 41.434455721375834, 18.457748906741401 ], [ 41.434515207813952, 18.457683471137457 ], [ 41.434592540183502, 18.45753772977725 ], [ 41.434631207266584, 18.457409833935095 ], [ 41.434687717586165, 18.457323577852311 ], [ 41.434732334211375, 18.457273013892181 ], [ 41.434759102210222, 18.457302758352299 ], [ 41.434782896785464, 18.457359270000371 ], [ 41.434803717038797, 18.457406859235537 ], [ 41.434836434579772, 18.457466344695813 ], [ 41.434866177798824, 18.457507987062058 ], [ 41.434943511066685, 18.457505012364205 ], [ 41.435002996606492, 18.45747229409281 ], [ 41.435077354654133, 18.457394962141009 ], [ 41.435151713600085, 18.457243271131123 ], [ 41.435232020291544, 18.457121323626641 ], [ 41.435303404017276, 18.457035068250999 ], [ 41.435392633674454, 18.45699640218097 ], [ 41.435481864229942, 18.456954761394844 ], [ 41.435499710161373, 18.456999376887641 ], [ 41.435511607448994, 18.457064811048127 ], [ 41.435526478160213, 18.457127272183492 ], [ 41.435547298413546, 18.457171886779342 ], [ 41.435574068209014, 18.457201631256982 ], [ 41.435627605105005, 18.45718973414823 ], [ 41.435681143797623, 18.457157014964647 ], [ 41.435871500399585, 18.456990453619586 ], [ 41.435960730056756, 18.456877429209904 ], [ 41.436017243071284, 18.456803070848085 ], [ 41.436055908357744, 18.45682091740321 ], [ 41.436067805645365, 18.456859584364867 ], [ 41.436088625898705, 18.456880403918632 ], [ 41.436115394795856, 18.456895274905182 ], [ 41.436174881233974, 18.456776301864036 ], [ 41.436213548317063, 18.45671086674146 ], [ 41.436249240179926, 18.456684097743029 ], [ 41.436299802754014, 18.456663278165458 ], [ 41.436338469837104, 18.456687071603003 ], [ 41.436412827884745, 18.45671086674146 ], [ 41.436454468391425, 18.456749532875801 ], [ 41.436516930049763, 18.456764404725799 ], [ 41.436579389911465, 18.456725737742701 ], [ 41.436644824993394, 18.456642456881148 ], [ 41.436701337109596, 18.456585944997105 ], [ 41.436778670377464, 18.456520509801976 ], [ 41.436847079781302, 18.456395587919101 ], [ 41.436909539642997, 18.456306358312293 ], [ 41.437022563875416, 18.456220103379284 ], [ 41.437177230411152, 18.456101129018105 ], [ 41.437394355910257, 18.455982157130812 ], [ 41.437715582676077, 18.455851286255342 ], [ 41.437899990634236, 18.455794774962968 ], [ 41.438191475079314, 18.455744211404657 ], [ 41.438346139818407, 18.455762056365629 ], [ 41.438450241983425, 18.45581559464587 ], [ 41.438438343797493, 18.455931592775578 ], [ 41.438384806003178, 18.456056514996092 ], [ 41.438405626256518, 18.456258768772049 ], [ 41.438575620745944, 18.4568912895968 ], [ 41.438647003573365, 18.457462361104902 ], [ 41.438742182772657, 18.458188095710927 ], [ 41.438658901759304, 18.458723475308368 ], [ 41.438492340630901, 18.459330238424037 ], [ 41.437909371740751, 18.460151152319693 ], [ 41.437481069386322, 18.460448584032729 ], [ 41.43696948512023, 18.460686530906642 ], [ 41.436362722553149, 18.460960167997875 ], [ 41.435734977137656, 18.461165809005031 ], [ 41.435686418704968, 18.461234361065177 ], [ 41.435668572773537, 18.461330728589534 ], [ 41.435725679574468, 18.461452080904191 ], [ 41.43579706419851, 18.461544879775396 ], [ 41.435982662424422, 18.461734046746397 ], [ 41.436054046150161, 18.461851831103427 ], [ 41.435939831649989, 18.461941061235812 ], [ 41.435779217368768, 18.461969613675464 ], [ 41.43563644991729, 18.461933923338183 ], [ 41.435507959390634, 18.461933923338183 ], [ 41.435450851691385, 18.4619803217977 ], [ 41.435425867746702, 18.462026721096763 ], [ 41.435261685357176, 18.462019583202689 ], [ 41.435097502967636, 18.462001737188089 ], [ 41.434933319679793, 18.462051705853874 ], [ 41.434865504062358, 18.462187335137976 ], [ 41.434733443630762, 18.462283702979295 ], [ 41.434622799933848, 18.46223730374972 ], [ 41.434455047639368, 18.462190903655511 ], [ 41.434294434256458, 18.462165919770747 ], [ 41.434123112955369, 18.462119519657243 ], [ 41.434008899353508, 18.462058843746611 ], [ 41.433834008147471, 18.462019583202689 ], [ 41.433651979826514, 18.461930353111129 ], [ 41.433544904237912, 18.461876815886008 ], [ 41.43343068973774, 18.461826847169299 ], [ 41.433298630204455, 18.46178758572022 ], [ 41.4332129695539, 18.461816139037484 ], [ 41.433102324060357, 18.461851831103427 ], [ 41.433023802321372, 18.461908937711833 ], [ 41.432966694622131, 18.461948199133154 ], [ 41.432913156827823, 18.461866107757313 ], [ 41.432841774000401, 18.461705494267555 ], [ 41.432841774000401, 18.461609126101546 ], [ 41.432818202207351, 18.461573082074182 ], [ 41.432766820369729, 18.461523466032173 ], [ 41.432713281677103, 18.46166266426226 ], [ 41.432666882794372, 18.461773309059808 ], [ 41.432688297732433, 18.46185539962795 ], [ 41.432770390274669, 18.461912507087252 ], [ 41.432852481020277, 18.462033859842617 ], [ 41.432888172883146, 18.462173059362893 ], [ 41.432791804314412, 18.462269426360155 ], [ 41.432659743882809, 18.46233367241507 ], [ 41.432541961274332, 18.462394349080611 ], [ 41.432434884787412, 18.462512132132385 ], [ 41.432438454692353, 18.462658469132524 ], [ 41.432606206986819, 18.462861912299168 ], [ 41.432863188040145, 18.463036802967284 ], [ 41.433102324060357, 18.463101047882837 ], [ 41.433416412812925, 18.463151017080609 ], [ 41.433716224640683, 18.463240245685405 ], [ 41.433962499572459, 18.463297352683874 ], [ 41.43412668286031, 18.463375875734318 ], [ 41.434187357769545, 18.463447260062065 ], [ 41.434105267023931, 18.463525782191837 ], [ 41.433905392771536, 18.463554336071972 ], [ 41.433780471251495, 18.463600734945452 ], [ 41.433666256751323, 18.463672119179662 ], [ 41.433530627313097, 18.463754209691579 ], [ 41.433455673682424, 18.463750641206545 ], [ 41.433334321168999, 18.463697102845146 ], [ 41.433220107567152, 18.463693534358931 ], [ 41.432998818376689, 18.463639995979715 ], [ 41.432941710677447, 18.463590026924326 ], [ 41.432702574657235, 18.463615012305915 ], [ 41.432377777986488, 18.463700672183371 ], [ 41.432120796933148, 18.463836301868369 ], [ 41.431949474733742, 18.463950516301647 ], [ 41.431785292344209, 18.464061161328253 ], [ 41.431528311290883, 18.46417537561187 ], [ 41.431314159215354, 18.464286019641413 ], [ 41.43116782275726, 18.46436454309152 ], [ 41.43108216300503, 18.464457342091929 ], [ 41.431025056204106, 18.46457869389976 ], [ 41.430985795334607, 18.464707185108487 ], [ 41.430939394655233, 18.464846383312324 ], [ 41.430925118628743, 18.46501056572956 ], [ 41.430928686737047, 18.465139056614888 ], [ 41.430971518409791, 18.465306808908949 ], [ 41.431057179060346, 18.465421023215502 ], [ 41.431153545832444, 18.465531668998025 ], [ 41.431203514620123, 18.465567360291168 ], [ 41.431271330237557, 18.465581636635928 ], [ 41.431353421881475, 18.46557449888973 ], [ 41.43143551262709, 18.465563791843838 ], [ 41.431467636381647, 18.465592345384835 ], [ 41.431456927565151, 18.465645883154895 ], [ 41.431421235702274, 18.465663728790517 ], [ 41.431350132250905, 18.465737520099182 ], [ 41.431568110251227, 18.465873755695313 ], [ 41.432162974632369, 18.466325853047131 ], [ 41.432650765221545, 18.466754156317045 ], [ 41.432876812788059, 18.467218151171608 ], [ 41.433079067575967, 18.467931989908475 ], [ 41.43312665582814, 18.468467368076997 ], [ 41.432745942624209, 18.468978951992636 ], [ 41.432448510433645, 18.469300179689963 ], [ 41.432519894159377, 18.469621406785777 ], [ 41.432781635385389, 18.46994263413211 ], [ 41.433090964863595, 18.470240066765637 ], [ 41.433507371727025, 18.470561293805474 ], [ 41.433840495780466, 18.470953904856398 ], [ 41.434173619833899, 18.471287029247748 ], [ 41.434649512237137, 18.471762922425757 ], [ 41.435065918202255, 18.472357785976424 ], [ 41.435232481127287, 18.472738501144629 ], [ 41.43529196666708, 18.473273878795911 ], [ 41.435422837729249, 18.473702181758497 ], [ 41.435720269919827, 18.474011512336066 ], [ 41.436017702110391, 18.474451711925258 ], [ 41.43619616232305, 18.474975194316908 ], [ 41.436255648761176, 18.475831800046571 ], [ 41.436291340624038, 18.476260102584785 ], [ 41.4362675469471, 18.476795481170175 ], [ 41.436148574070877, 18.477295168386533 ], [ 41.435684578955275, 18.477485526133737 ], [ 41.435101611861747, 18.477426039094183 ], [ 41.434673308609014, 18.477259476977654 ], [ 41.434328286369634, 18.476962043737426 ], [ 41.43398326323193, 18.476509946303054 ], [ 41.433495474439397, 18.476236307601386 ], [ 41.432948198310434, 18.476248205093498 ], [ 41.432436614044335, 18.47634338414866 ], [ 41.432103489092576, 18.476331486663153 ], [ 41.431698981313396, 18.476176820980463 ], [ 41.431330163600457, 18.475950772655153 ], [ 41.430961347684146, 18.475689032296103 ], [ 41.430509250754483, 18.475439188233775 ], [ 41.430164227616785, 18.475284525154343 ], [ 41.429747823448302, 18.475070373226629 ], [ 41.429355212058425, 18.475141756948243 ], [ 41.429045881681922, 18.475522471048357 ], [ 41.42889121694283, 18.476034055221273 ], [ 41.428819834115394, 18.476569433660426 ], [ 41.428569991075321, 18.476962044589435 ], [ 41.428213072446638, 18.477235682984951 ], [ 41.427630102658171, 18.477307066657179 ], [ 41.427344568653531, 18.47724758040772 ], [ 41.427070930139891, 18.477009634351504 ], [ 41.426928162688412, 18.476664611685269 ], [ 41.426737805188132, 18.476319590880845 ], [ 41.426523653112604, 18.475843698418764 ], [ 41.426464165776174, 18.475641443871552 ], [ 41.426452269386871, 18.475248833326965 ], [ 41.42641657842232, 18.474903811377981 ], [ 41.426535550400232, 18.474213767101595 ], [ 41.426773496152691, 18.473666492157864 ], [ 41.427189902117803, 18.473166803740167 ], [ 41.427641999945784, 18.472512453399368 ], [ 41.4282011742607, 18.471774820228209 ], [ 41.428641373902749, 18.470858727070354 ], [ 41.428950703380934, 18.470144888583505 ], [ 41.429212442810318, 18.469347769021972 ], [ 41.429486081323965, 18.468681520580684 ], [ 41.429997665590058, 18.467967682406393 ], [ 41.430330789643506, 18.46746799528038 ], [ 41.430402174267563, 18.467063486643532 ], [ 41.430247508630138, 18.466599492222748 ], [ 41.430033356554617, 18.466052215991279 ], [ 41.430033356554617, 18.465488838243566 ], [ 41.43009706597288, 18.464974875172661 ], [ 41.43013632684238, 18.464500172251796 ], [ 41.430194286144506, 18.4635473686564 ], [ 41.430211815868958, 18.463422911156393 ], [ 41.430245147857583, 18.463279582636925 ], [ 41.430407584820514, 18.46286905101028 ], [ 41.430660997765536, 18.462437179755383 ], [ 41.430853734004685, 18.462080259979285 ], [ 41.43102159140205, 18.461697436109411 ], [ 41.431267759434299, 18.46137356123392 ], [ 41.431528311290883, 18.461145132269536 ], [ 41.431746030576406, 18.461023778885757 ], [ 41.43196732066518, 18.460948826710815 ], [ 41.43219574966551, 18.460923841793146 ], [ 41.432413470747669, 18.460920273249254 ], [ 41.432638329843066, 18.460938117672136 ], [ 41.432924401040246, 18.460983963396064 ], [ 41.432983888376668, 18.460853092925639 ], [ 41.433030392362298, 18.460378750966651 ], [ 41.432973834432012, 18.460220711104977 ], [ 41.432966694622131, 18.460149327139323 ], [ 41.432959556608886, 18.460077943143986 ], [ 41.432963124717183, 18.460006559118963 ], [ 41.432966694622131, 18.459942313897102 ], [ 41.432991680363436, 18.459867361249888 ], [ 41.433023802321372, 18.459774560619572 ], [ 41.433095186047112, 18.459681763347454 ], [ 41.433145153936479, 18.45961394772878 ], [ 41.433195122724157, 18.459574686625576 ], [ 41.43323081458702, 18.459574686625576 ], [ 41.4332665073482, 18.459621086574998 ], [ 41.43331385664851, 18.459694545609093 ], [ 41.433340807005351, 18.459639567647326 ], [ 41.433339466718948, 18.459588639672987 ], [ 41.433298630204455, 18.459446195834509 ], [ 41.433280784273016, 18.459346257823324 ], [ 41.433284353279639, 18.459285581784357 ], [ 41.433328909717737, 18.459187470574467 ], [ 41.4333057682177, 18.459107122120429 ], [ 41.433270077253141, 18.459046446849026 ], [ 41.433220107567152, 18.458989339288191 ], [ 41.433141584929849, 18.458950078042115 ], [ 41.433077340115673, 18.458921525100141 ], [ 41.432960093801427, 18.458913832361254 ], [ 41.432866757945085, 18.458867986936472 ], [ 41.4328274970756, 18.458832295102113 ], [ 41.432806081239221, 18.458785894939467 ], [ 41.432795374219353, 18.458746635351059 ], [ 41.43278823530779, 18.458714512081293 ], [ 41.432763251363106, 18.458671681329619 ], [ 41.432655788600613, 18.458584007135325 ], [ 41.432543687836308, 18.458545015912126 ], [ 41.43221056378286, 18.458485529973547 ], [ 41.43207757718821, 18.458430987899849 ], [ 41.431924221294473, 18.458352364595427 ], [ 41.431899506844381, 18.458330865243827 ], [ 41.431813846193833, 18.45828621004835 ], [ 41.431692493680416, 18.458261224743083 ], [ 41.43152117237932, 18.458271933096686 ], [ 41.431332005146793, 18.45829334809768 ], [ 41.430900519162996, 18.458388843870367 ], [ 41.430621735997725, 18.458411132259592 ], [ 41.430443275785066, 18.458489653285106 ], [ 41.430332632088152, 18.458564605681829 ], [ 41.430125476990369, 18.458786477774805 ], [ 41.429866795426214, 18.459020908643289 ], [ 41.429769039858684, 18.459121625660366 ], [ 41.42954027129516, 18.459421212402283 ], [ 41.429340396144454, 18.459710317015059 ], [ 41.429040700199366, 18.460069693188711 ], [ 41.428700859442536, 18.460579455663691 ], [ 41.428342204370402, 18.461130720925961 ], [ 41.428137578928471, 18.461516328117167 ], [ 41.428084961907331, 18.461588383808952 ], [ 41.42782688401104, 18.462050449032574 ], [ 41.427725837914622, 18.462267337909232 ], [ 41.427769952381603, 18.462326533681679 ], [ 41.427794936326279, 18.462394349932694 ], [ 41.427794936326279, 18.462447886996365 ], [ 41.42776281436835, 18.462515700643177 ], [ 41.427734259620415, 18.46257637809644 ], [ 41.427680722724432, 18.462676315078831 ], [ 41.427612907106997, 18.462826221295376 ], [ 41.427541524279576, 18.462993973294246 ], [ 41.427495123600202, 18.463083202832777 ], [ 41.427495123600202, 18.463165293626414 ], [ 41.427520109341515, 18.463229540198014 ], [ 41.42752724735476, 18.463286647200047 ], [ 41.42752724735476, 18.463365169403307 ], [ 41.42752724735476, 18.463479383298086 ], [ 41.427516540334892, 18.463654274188986 ], [ 41.42753081636139, 18.463800610215166 ], [ 41.427512970429952, 18.463886270852047 ], [ 41.427438016799279, 18.464021900390353 ], [ 41.427334511115603, 18.46417537561187 ], [ 41.427295250246125, 18.464268173862507 ], [ 41.427270267199752, 18.464396666155828 ], [ 41.427220298412074, 18.464532295290713 ], [ 41.427119773338518, 18.464719500914093 ], [ 41.427134636863208, 18.464835676220996 ], [ 41.427106083911902, 18.464974875172661 ], [ 41.427027561274599, 18.465106935393688 ], [ 41.426963314663794, 18.465214010367951 ], [ 41.426815521138309, 18.465432785979392 ], [ 41.426725907002201, 18.465612016148313 ], [ 41.42667831785171, 18.465826167103764 ], [ 41.426734888358403, 18.465927848922625 ], [ 41.426727749446847, 18.466013509349615 ], [ 41.426671970355912, 18.466149021326057 ], [ 41.426666419665771, 18.466254469916926 ], [ 41.426618831413585, 18.466528108354332 ], [ 41.42647606396212, 18.466777951763863 ], [ 41.426331380404136, 18.46689507572189 ], [ 41.426295877187478, 18.467045006370714 ], [ 41.426299446194101, 18.467127096973069 ], [ 41.426317292125539, 18.46719848059227 ], [ 41.426320861132162, 18.46728771135259 ], [ 41.426306585105671, 18.467384078885658 ], [ 41.426229111700621, 18.467536169918638 ], [ 41.426190528160845, 18.467705941793522 ], [ 41.426225928969565, 18.467783824638168 ], [ 41.426385106844656, 18.467837365984654 ], [ 41.426445782652202, 18.467865919147275 ], [ 41.426481475413382, 18.467951581162787 ], [ 41.426445782652202, 18.468037240579367 ], [ 41.426399383769464, 18.468087209191665 ], [ 41.426345845076845, 18.468162161656792 ], [ 41.42622554988052, 18.468224254927161 ], [ 41.426119144435113, 18.468348396241772 ], [ 41.42589309507197, 18.468586342385862 ], [ 41.425852466068292, 18.468649133331219 ], [ 41.42571766757171, 18.468772493861621 ], [ 41.425621299002962, 18.468893846877631 ], [ 41.425574901018543, 18.469086582641374 ], [ 41.425546346270615, 18.469254335335929 ], [ 41.425517793319308, 18.469404240917662 ], [ 41.425521362325931, 18.469479193659406 ], [ 41.425564192202039, 18.469582700949374 ], [ 41.42563889610107, 18.469678145281275 ], [ 41.425696251735324, 18.469721900309818 ], [ 41.425714098565081, 18.469771867579361 ], [ 41.42571766757171, 18.469818267327561 ], [ 41.425764068251077, 18.469875373840683 ], [ 41.425810467133815, 18.469928912830305 ], [ 41.425814036140437, 18.469968174120577 ], [ 41.425685544715456, 18.470139494305247 ], [ 41.425656991764157, 18.470203739969413 ], [ 41.425607022976479, 18.470271553958998 ], [ 41.425553485182171, 18.470332231225562 ], [ 41.425453549403443, 18.470474999175067 ], [ 41.425231887412146, 18.470880529882091 ], [ 41.425114316806066, 18.47105035297761 ], [ 41.42486106286286, 18.471499356579823 ], [ 41.42457195895328, 18.471945506399869 ], [ 41.424325684021511, 18.472231041198523 ], [ 41.424150793713792, 18.472459469036007 ], [ 41.423908088686964, 18.47278069703156 ], [ 41.423661813755189, 18.473066232995869 ], [ 41.423288644603012, 18.473451199051386 ], [ 41.422823054079458, 18.474129852302962 ], [ 41.422602361370352, 18.474386223049631 ], [ 41.422507212713768, 18.474650344236085 ], [ 41.422501827313646, 18.474697352710447 ], [ 41.422494688402075, 18.474761599223406 ], [ 41.422498258307016, 18.47485082860543 ], [ 41.422533950169885, 18.47495790431379 ], [ 41.422576780046008, 18.475047133593677 ], [ 41.422626748833686, 18.475150640079551 ], [ 41.422626748833686, 18.475264854648024 ], [ 41.422605333895625, 18.475429038169935 ], [ 41.422583918059253, 18.475521836296934 ], [ 41.422576780046008, 18.475625343348302 ], [ 41.422548227094694, 18.47570743495633 ], [ 41.422512535231832, 18.475810941043651 ], [ 41.422494688402075, 18.475910877984401 ], [ 41.422462566444153, 18.475989401225302 ], [ 41.422398320731659, 18.476100045302953 ], [ 41.422181136842056, 18.476331489219184 ], [ 41.421836116399305, 18.476652715926072 ], [ 41.421499552696638, 18.476926173337453 ], [ 41.421373379823407, 18.477050628708614 ], [ 41.421249042208302, 18.477099418924659 ], [ 41.421215085890566, 18.47722158567959 ], [ 41.421179739879079, 18.477377610221666 ], [ 41.421163381557754, 18.47749559939535 ], [ 41.421177657584252, 18.477545567808086 ], [ 41.421277595159616, 18.477563413909678 ], [ 41.421334701960539, 18.477620521251886 ], [ 41.421398947673026, 18.477727596934766 ], [ 41.421445348352393, 18.477806119343708 ], [ 41.42149531624176, 18.477948887035478 ], [ 41.421516732078125, 18.478080946639825 ], [ 41.421541716022809, 18.478202299033494 ], [ 41.421577407885685, 18.478330790260937 ], [ 41.421609529843614, 18.478405743361478 ], [ 41.42165236061804, 18.478491404372825 ], [ 41.421716606330527, 18.478602047687986 ], [ 41.421759436206649, 18.478712694339734 ], [ 41.421802266082764, 18.478837615309505 ], [ 41.421809874813221, 18.479074105320858 ], [ 41.421871808262168, 18.479282019892818 ], [ 41.421918630251412, 18.479457606087998 ], [ 41.422040624161937, 18.479666553664497 ], [ 41.422102078808834, 18.479808436289268 ], [ 41.422144908684963, 18.479890526746537 ], [ 41.422202016384198, 18.479990463865462 ], [ 41.422273399211619, 18.480054710099143 ], [ 41.422380474800228, 18.480047571251255 ], [ 41.422469705355716, 18.479933357312635 ], [ 41.422537520074826, 18.479815574295117 ], [ 41.422658871689926, 18.479687083328443 ], [ 41.422930667758919, 18.479496170820418 ], [ 41.423201390341156, 18.479408685335617 ], [ 41.42334772679925, 18.479405116324259 ], [ 41.42350477117553, 18.47945508418049 ], [ 41.423693938408064, 18.479487206974653 ], [ 41.42382599794135, 18.479512191744622 ], [ 41.423940212441515, 18.479551453396923 ], [ 41.424068703866503, 18.479604990217766 ], [ 41.424207839429279, 18.47968374691742 ], [ 41.424263166667629, 18.479698425080642 ], [ 41.424667674446809, 18.479781705826444 ], [ 41.425345820739622, 18.479627040700048 ], [ 41.425750330315438, 18.479472376286118 ], [ 41.426166735382239, 18.479389095390058 ], [ 41.426595037736661, 18.479460479017728 ], [ 41.426777720031154, 18.479562160421633 ], [ 41.426934764407441, 18.479594283195734 ], [ 41.427134638659844, 18.479597852203153 ], [ 41.427373774680049, 18.479597852203153 ], [ 41.427620048713507, 18.479555022405236 ], [ 41.427830630884095, 18.479465792063209 ], [ 41.428026936129875, 18.479344439711845 ], [ 41.428162565568094, 18.479283763077948 ], [ 41.428348162895688, 18.479219517407362 ], [ 41.42849807015704, 18.47922308727458 ], [ 41.428630129690333, 18.479251640245661 ], [ 41.428765759128559, 18.479258779126692 ], [ 41.428894249655215, 18.479258779126692 ], [ 41.429040587011642, 18.479233794319796 ], [ 41.429154800613489, 18.479119579839036 ], [ 41.429251169182223, 18.478969674229326 ], [ 41.429347537750957, 18.478819769340536 ], [ 41.429461752251129, 18.478666292737955 ], [ 41.429568827839731, 18.478544939820694 ], [ 41.429708026284587, 18.478398603592932 ], [ 41.429829377899679, 18.478312943387216 ], [ 41.429957869324667, 18.478245129169341 ], [ 41.430068513919892, 18.478213005290456 ], [ 41.430211282269688, 18.478195159256476 ], [ 41.430354048822842, 18.478170175146584 ], [ 41.430457556303139, 18.478159467182941 ], [ 41.430596754747988, 18.478123775101981 ], [ 41.430789490987145, 18.478066667927386 ], [ 41.431025058000728, 18.477995283719395 ], [ 41.431399136247975, 18.477805867150529 ], [ 41.431782263225067, 18.477640189783965 ], [ 41.432281950203553, 18.477652087178665 ], [ 41.432710252557968, 18.477782957613897 ], [ 41.433400297036734, 18.478127979733788 ], [ 41.434459157431796, 18.478651461978405 ], [ 41.435208686552038, 18.479103558878148 ], [ 41.435886832844865, 18.479591348072606 ], [ 41.436315136097598, 18.479972061664927 ], [ 41.436517390885498, 18.480317082787444 ], [ 41.43655308185005, 18.480840564311855 ], [ 41.436434108973828, 18.48145922386087 ], [ 41.436136675884946, 18.481899424776955 ], [ 41.435672681667647, 18.482077884585109 ], [ 41.434958842613639, 18.482137370862549 ], [ 41.434352080944876, 18.482137370862549 ], [ 41.433792906629975, 18.482065988349522 ], [ 41.432722149845596, 18.481863734326598 ], [ 41.432198668291875, 18.481756657819037 ], [ 41.431853646950806, 18.481792349143674 ], [ 41.431496728322124, 18.481994604102809 ], [ 41.431187397945621, 18.482208755049811 ], [ 41.430878067569104, 18.482458597767163 ], [ 41.430652020002583, 18.482744133802754 ], [ 41.430378382387261, 18.482851209693475 ], [ 41.430104743873613, 18.482851209693475 ], [ 41.429927913204878, 18.482782759138338 ], [ 41.4298322354406, 18.482700272191558 ], [ 41.429728134173907, 18.482637810995438 ], [ 41.429644852262228, 18.482631863323171 ], [ 41.429522905064097, 18.482649708043322 ], [ 41.429414700293172, 18.482696545632493 ], [ 41.429334242684753, 18.482945961649648 ], [ 41.42935336781715, 18.483069088677279 ], [ 41.429371213748581, 18.483194010732447 ], [ 41.429397982645739, 18.483324880344998 ], [ 41.429433675406919, 18.483473597047933 ], [ 41.429525879385999, 18.483539032185956 ], [ 41.429615109043162, 18.483649081824662 ], [ 41.429680544125098, 18.483726413868837 ], [ 41.429740030563217, 18.483830515756559 ], [ 41.429745979207013, 18.483934616729076 ], [ 41.429740030563217, 18.484029795776816 ], [ 41.429724029771364, 18.484159913311561 ], [ 41.429677569803189, 18.484315330898966 ], [ 41.429603210857231, 18.484407534651975 ], [ 41.429531828029816, 18.484496764977564 ], [ 41.429403932187867, 18.484556252119475 ], [ 41.429281984091418, 18.484571123262743 ], [ 41.429141061779532, 18.48457632028186 ], [ 41.428996449188467, 18.484556252971444 ], [ 41.428936961852031, 18.484574098343217 ], [ 41.428871526770116, 18.484666302808993 ], [ 41.428761476859592, 18.484755532147894 ], [ 41.428690093133859, 18.48482989032081 ], [ 41.428681171066465, 18.484880453825888 ], [ 41.42873768228435, 18.484925068871384 ], [ 41.42886260380439, 18.48493101731605 ], [ 41.428936961852031, 18.484904247609496 ], [ 41.429005372154187, 18.484898300015875 ], [ 41.429147491920332, 18.484951435593597 ], [ 41.429231420619018, 18.484975632348384 ], [ 41.429287931836903, 18.4850142972236 ], [ 41.429335521885712, 18.485070809966054 ], [ 41.429409880831678, 18.485148142220719 ], [ 41.429454494761941, 18.485207629136546 ], [ 41.42947234069338, 18.485302806625377 ], [ 41.429448547016456, 18.485365267702289 ], [ 41.429433675406919, 18.485442599824097 ], [ 41.429442598372638, 18.485508035914318 ], [ 41.42945746908385, 18.485582393760751 ], [ 41.429487212302909, 18.485641879673885 ], [ 41.429487212302909, 18.485716239166177 ], [ 41.429448547016456, 18.485778699240445 ], [ 41.42934741917334, 18.485832236672266 ], [ 41.42922844629711, 18.485853057821412 ], [ 41.429035115373239, 18.485876853173924 ], [ 41.428824148723713, 18.485866638978791 ], [ 41.428755244348153, 18.485946799393282 ], [ 41.428736554000359, 18.486027791286279 ], [ 41.428755528215788, 18.486215925938655 ], [ 41.428752553893887, 18.486364642688905 ], [ 41.42874957867366, 18.486441976063684 ], [ 41.42873768228435, 18.486522281894327 ], [ 41.42871686203101, 18.486602589391268 ], [ 41.428684145388367, 18.486694792765707 ], [ 41.428593785650563, 18.486848706050608 ], [ 41.428391531760973, 18.487158035910703 ], [ 41.427820461056761, 18.487407879080987 ], [ 41.427368364127091, 18.487514953761934 ], [ 41.427038811775219, 18.487507942166168 ], [ 41.426721089337327, 18.487426477285076 ], [ 41.426545604344895, 18.487369965319424 ], [ 41.426399861673197, 18.487277759752381 ], [ 41.426283863118876, 18.48720042931064 ], [ 41.426227351900984, 18.4871320188306 ], [ 41.426150018633116, 18.48711417287322 ], [ 41.426034020078788, 18.4871320188306 ], [ 41.425941816099709, 18.487045763210709 ], [ 41.425858535086348, 18.486986276932917 ], [ 41.425787151360616, 18.486992226158002 ], [ 41.425686024415825, 18.486995200344484 ], [ 41.425474846662205, 18.486962481734452 ], [ 41.425242848655238, 18.486882176110083 ], [ 41.425034646121837, 18.4868435091004 ], [ 41.424879981382738, 18.4868435091004 ], [ 41.424639061308376, 18.486846483289469 ], [ 41.424350551185206, 18.486831612343629 ], [ 41.424222655343257, 18.48680484293395 ], [ 41.424032297842984, 18.4867721259915 ], [ 41.423717019720975, 18.486718587149383 ], [ 41.423410663666367, 18.486617460356975 ], [ 41.423116205797697, 18.486557973930513 ], [ 41.422893130756457, 18.486549051348142 ], [ 41.422494571621087, 18.486537152867008 ], [ 41.422182267820986, 18.486531206182015 ], [ 41.421748015924443, 18.486439001015636 ], [ 41.421385147753632, 18.486373566984796 ], [ 41.421060945767593, 18.486287310983155 ], [ 41.420655607945086, 18.486309920344667 ], [ 41.420628937862624, 18.486308304173281 ], [ 41.420471040086809, 18.486292751611305 ], [ 41.420153776688032, 18.486180234683196 ], [ 41.419960445764154, 18.486055313952608 ], [ 41.419805781025062, 18.485951211712297 ], [ 41.419716551367891, 18.485707318243914 ], [ 41.419680858606704, 18.485424757098652 ], [ 41.419682793577827, 18.485186162117774 ], [ 41.419781985551502, 18.484939940834622 ], [ 41.419838498566023, 18.484749585401079 ], [ 41.41995747234057, 18.484585996108674 ], [ 41.420043726777514, 18.484490818221772 ], [ 41.420037778133711, 18.484309384136875 ], [ 41.420028855167992, 18.484124975623672 ], [ 41.420061572708953, 18.483988157292856 ], [ 41.420189468550902, 18.483907850274793 ], [ 41.420245980667111, 18.483824568977646 ], [ 41.420129982112783, 18.483717492843002 ], [ 41.419972343051782, 18.483649084380591 ], [ 41.419805781025062, 18.48355687936759 ], [ 41.41967788518312, 18.483580675038898 ], [ 41.419490502004734, 18.483589597775801 ], [ 41.419323939978021, 18.48355687936759 ], [ 41.419121686088424, 18.483583649284579 ], [ 41.418995346128554, 18.483682411933163 ], [ 41.418984867280763, 18.483869184298001 ], [ 41.41896999477293, 18.483985182202218 ], [ 41.418949175417893, 18.484095232406439 ], [ 41.418856969642185, 18.484202308305104 ], [ 41.418746919731682, 18.484211231009649 ], [ 41.418693382835691, 18.484116052914636 ], [ 41.418681486446388, 18.483940567764037 ], [ 41.418657690972822, 18.483699648234015 ], [ 41.418657690972822, 18.483586622678242 ], [ 41.418651742329004, 18.483455752413558 ], [ 41.418602111307884, 18.483395383946306 ], [ 41.418613013262167, 18.483322342306824 ], [ 41.418627602800697, 18.483224591599512 ], [ 41.418681486446388, 18.48311667930005 ], [ 41.418717177410933, 18.482985808676549 ], [ 41.418677231126885, 18.482892081672791 ], [ 41.41863984504139, 18.482834118143735 ], [ 41.418621999109952, 18.482765709328763 ], [ 41.41863984504139, 18.482688375999171 ], [ 41.418702305801411, 18.482572378069317 ], [ 41.418814199953196, 18.482363422106864 ], [ 41.418837181553108, 18.482345849138987 ], [ 41.419011635279603, 18.482167869275841 ], [ 41.4192079414237, 18.482025101689523 ], [ 41.419493475428332, 18.481912076733533 ], [ 41.419597576695033, 18.481810949661103 ], [ 41.419698703639824, 18.481617619028803 ], [ 41.419776036907692, 18.481504593804139 ], [ 41.419865265666544, 18.481403467343309 ], [ 41.419924753002974, 18.481335057105408 ], [ 41.419957471442252, 18.481260699972342 ], [ 41.419999111050615, 18.481159573367631 ], [ 41.420034802913477, 18.481058445851275 ], [ 41.420082392063975, 18.480978139164606 ], [ 41.420177394295166, 18.480869250775786 ], [ 41.420360850039117, 18.480769182962803 ], [ 41.420705872278496, 18.480662106623548 ], [ 41.420872435203535, 18.480507443143416 ], [ 41.420926414070635, 18.480429472357816 ], [ 41.421075817377115, 18.480127481345367 ], [ 41.421176944321921, 18.479954969828121 ], [ 41.421162072712384, 18.479719999285997 ], [ 41.421156124068574, 18.47960102588479 ], [ 41.421132330391643, 18.479413643100372 ], [ 41.421072843055214, 18.479258977641937 ], [ 41.421019305260906, 18.47914297994754 ], [ 41.420974690432324, 18.479032929971996 ], [ 41.420995510685664, 18.479006161048343 ], [ 41.421022279582814, 18.479047800742446 ], [ 41.421057971445691, 18.479089441278422 ], [ 41.421141251560726, 18.479169747997826 ], [ 41.421179917745505, 18.479214362825687 ], [ 41.421231352583725, 18.479254428831165 ], [ 41.421316738349795, 18.47927682441718 ], [ 41.42130781538409, 18.479175696642212 ], [ 41.421278071266705, 18.479050775066778 ], [ 41.421245353725745, 18.478937750705811 ], [ 41.421206688439284, 18.478824727122326 ], [ 41.421153149746665, 18.478676009794341 ], [ 41.421087713766426, 18.478568933851754 ], [ 41.420980638177824, 18.478444012686218 ], [ 41.420944947213265, 18.478381551643317 ], [ 41.420873562589215, 18.478310168418428 ], [ 41.420820024794907, 18.478247707326766 ], [ 41.420763512678704, 18.478155502816538 ], [ 41.420724847392243, 18.47804247786539 ], [ 41.420644539802474, 18.477944326261898 ], [ 41.420551206641086, 18.477866240994139 ], [ 41.420436337269081, 18.477762892064245 ], [ 41.420367402350806, 18.477767268809743 ], [ 41.420177571263274, 18.477739098141392 ], [ 41.419851170201419, 18.477711814405048 ], [ 41.419594808985636, 18.477675190989842 ], [ 41.419172247764202, 18.477513047615602 ], [ 41.418803431847891, 18.477358383850685 ], [ 41.418583332026863, 18.477260231003587 ], [ 41.418381078137273, 18.477138284094075 ], [ 41.418238309787483, 18.476995515727356 ], [ 41.418009286102432, 18.476781365084424 ], [ 41.417934928953102, 18.47671890428785 ], [ 41.417943851918821, 18.476686186272374 ], [ 41.417964672172154, 18.47665346825065 ], [ 41.417994415391213, 18.476602904874991 ], [ 41.417994415391213, 18.476525572173486 ], [ 41.41797359513788, 18.476442290698099 ], [ 41.417958721731722, 18.476332240693161 ], [ 41.417976567663146, 18.476266806212426 ], [ 41.418009286102432, 18.476210293975686 ], [ 41.418044977965302, 18.476165679218163 ], [ 41.418115368154332, 18.476142874259896 ], [ 41.418161750867398, 18.476069986300764 ], [ 41.418182774139993, 18.476022685110259 ], [ 41.41826507778633, 18.475933682121507 ], [ 41.418285898039663, 18.47586824578466 ], [ 41.418279949395846, 18.475773068169797 ], [ 41.418256154820604, 18.475645172288004 ], [ 41.418259129142513, 18.475591633378723 ], [ 41.418250207075111, 18.475523225081922 ], [ 41.418226411601545, 18.475466711748112 ], [ 41.418199641806076, 18.475419123261865 ], [ 41.418166925163433, 18.475365585134025 ], [ 41.418134207622472, 18.475303124673768 ], [ 41.418089591895573, 18.47523174016731 ], [ 41.417905184835725, 18.474996769116562 ], [ 41.417833801109992, 18.474895642225345 ], [ 41.417774313773563, 18.474830206344407 ], [ 41.417738621910686, 18.474755848946344 ], [ 41.417717801657354, 18.474657696313592 ], [ 41.417708878691634, 18.474589285940187 ], [ 41.417714828233763, 18.474523849942354 ], [ 41.417696982302331, 18.474464363579408 ], [ 41.417625597678274, 18.474321596394546 ], [ 41.417524470733483, 18.474178829090842 ], [ 41.417405497857253, 18.474053907283089 ], [ 41.417295447946735, 18.473943856597426 ], [ 41.417176475070512, 18.473869499667078 ], [ 41.417009912145474, 18.473798116267911 ], [ 41.416920681589993, 18.473759449715111 ], [ 41.416810631679475, 18.47374755290236 ], [ 41.4166559678387, 18.473744577634005 ], [ 41.41654294270797, 18.473750527318632 ], [ 41.416397200934583, 18.473810013929182 ], [ 41.416275252838133, 18.473887346151244 ], [ 41.416159511201982, 18.4740468371992 ], [ 41.416114640353541, 18.474196676394836 ], [ 41.416043813583279, 18.474320330290897 ], [ 41.416043255729491, 18.474446518859331 ], [ 41.41605217869521, 18.474574414783071 ], [ 41.416075973270452, 18.474702310611431 ], [ 41.416105717387822, 18.474892667828929 ], [ 41.416129511963071, 18.475103845585814 ], [ 41.416147357894495, 18.475291227968107 ], [ 41.41613843492879, 18.475359637209472 ], [ 41.416129511963071, 18.475588659846398 ], [ 41.416120588997352, 18.475671941736376 ], [ 41.416141409250692, 18.47576117064472 ], [ 41.41613843492879, 18.4759128623236 ], [ 41.416114640353541, 18.476091322399174 ], [ 41.416067051203044, 18.476245985602947 ], [ 41.416031360238492, 18.476436342810892 ], [ 41.416028385916583, 18.476501778930952 ], [ 41.416004591341341, 18.47657613727597 ], [ 41.415971872902063, 18.476668340079474 ], [ 41.415918134783453, 18.476753836669037 ], [ 41.415895669714828, 18.476862419244476 ], [ 41.415924283751572, 18.476953876386855 ], [ 41.415933206717298, 18.477031208895191 ], [ 41.415918336006079, 18.47711746529443 ], [ 41.415906437820141, 18.477197771233456 ], [ 41.41585290002584, 18.477343512933714 ], [ 41.415725004183891, 18.477694482929643 ], [ 41.415597108341942, 18.478066275154148 ], [ 41.415504904362862, 18.478253656003144 ], [ 41.41539782787595, 18.478494578074947 ], [ 41.415280167438347, 18.478699690271227 ], [ 41.415219368561601, 18.478908008292535 ], [ 41.41513608664993, 18.479041853797614 ], [ 41.414996294418678, 18.479253030704434 ], [ 41.414924909794621, 18.479383900769662 ], [ 41.414785116665058, 18.47963671765822 ], [ 41.414657220823102, 18.479949022062769 ], [ 41.414562043420432, 18.480225635106997 ], [ 41.41441332732515, 18.480534964992188 ], [ 41.41424973782371, 18.480853218050559 ], [ 41.414056122133893, 18.481187031212666 ], [ 41.414013682126615, 18.481285311313673 ], [ 41.413970151564577, 18.481483774682712 ], [ 41.413916613770269, 18.481953719129745 ], [ 41.413857128230468, 18.482533712643246 ], [ 41.41384523094284, 18.483152372045453 ], [ 41.413851178688347, 18.483479548098906 ], [ 41.413833333655219, 18.483782928739892 ], [ 41.4138244106895, 18.484041696135971 ], [ 41.413836307977128, 18.484303435670636 ], [ 41.413889845771429, 18.484803123154375 ], [ 41.413940409243828, 18.485079736033253 ], [ 41.41399394793644, 18.485341475686617 ], [ 41.414008818647659, 18.485519936170835 ], [ 41.414044511408839, 18.485856034583559 ], [ 41.414050459154339, 18.48618915898869 ], [ 41.414059382120058, 18.486477668968551 ], [ 41.414074253729588, 18.486587719276226 ], [ 41.414074253729588, 18.486656128269622 ], [ 41.414092099661026, 18.486739409042798 ], [ 41.414115895134586, 18.486819717289951 ], [ 41.41415158609913, 18.486920843963006 ], [ 41.414199176147946, 18.487063610879133 ], [ 41.414217022079377, 18.487129047202366 ], [ 41.414219996401279, 18.487200430162595 ], [ 41.414222970723195, 18.487259917218001 ], [ 41.414228919367005, 18.487325351762362 ], [ 41.414243790976521, 18.487405658031008 ], [ 41.414255688264149, 18.487462170836853 ], [ 41.414291380127018, 18.487578169717029 ], [ 41.414306251736548, 18.487664425068935 ], [ 41.414324097667979, 18.48776257792235 ], [ 41.41432112334607, 18.487884524941332 ], [ 41.414309226058457, 18.488048112789002 ], [ 41.414280483562628, 18.488124212628524 ], [ 41.414333020633698, 18.488184932138367 ], [ 41.414377634563969, 18.488235494653551 ], [ 41.414446044866111, 18.488286059709672 ], [ 41.414508504727827, 18.488333648031816 ], [ 41.414630453722587, 18.488437749676791 ], [ 41.414717532812965, 18.48854858763195 ], [ 41.414782919385871, 18.488585950772784 ], [ 41.415284806338477, 18.48894041118584 ], [ 41.415484085906158, 18.489145638674248 ], [ 41.415713108692891, 18.489425224651669 ], [ 41.415995669273947, 18.489740504102009 ], [ 41.416194948841628, 18.489987372780202 ], [ 41.416316896938078, 18.490115269036362 ], [ 41.416400177951438, 18.490195575701364 ], [ 41.41646561393167, 18.490255061716972 ], [ 41.416566740876469, 18.490326445930773 ], [ 41.416685713752699, 18.49041567573023 ], [ 41.416768994766066, 18.490478135795453 ], [ 41.416846327135609, 18.490555469017682 ], [ 41.416959351368021, 18.490662545139489 ], [ 41.417224066915956, 18.490959977608117 ], [ 41.417512577039119, 18.491325819245311 ], [ 41.417887340700929, 18.491807661229753 ], [ 41.418080673421429, 18.492057503583805 ], [ 41.41819369675553, 18.492155657328375 ], [ 41.418327541241297, 18.49233709077307 ], [ 41.41852979602919, 18.492580985028056 ], [ 41.41872610127497, 18.49282190570246 ], [ 41.418987841602672, 18.493235337139716 ], [ 41.41922281393154, 18.493589281890024 ], [ 41.419371530026822, 18.493758818392507 ], [ 41.419555937984981, 18.493940252695062 ], [ 41.41984742332837, 18.494237684584583 ], [ 41.42000314897782, 18.494354700331623 ], [ 41.420186496025622, 18.494374504102652 ], [ 41.42028167432661, 18.494422094141342 ], [ 41.420469055708352, 18.494588655764964 ], [ 41.420695486855493, 18.494837639588013 ], [ 41.420831924777481, 18.494909883182387 ], [ 41.420915205790841, 18.494930703228416 ], [ 41.421034179565389, 18.494978293112577 ], [ 41.421111511036621, 18.495037779171316 ], [ 41.421173972694952, 18.49512998311787 ], [ 41.421246101124069, 18.495281611650789 ], [ 41.421290745597055, 18.495343619277918 ], [ 41.421516794960198, 18.495641052138286 ], [ 41.421814227150776, 18.495974176260567 ], [ 41.421935400001132, 18.496046075202614 ], [ 41.422012733269, 18.496087715015928 ], [ 41.422087091316641, 18.496114483827103 ], [ 41.422134679568813, 18.496153151300163 ], [ 41.422173345753592, 18.496209662072488 ], [ 41.422204884704904, 18.496284809256601 ], [ 41.422283395664103, 18.496331609894135 ], [ 41.422405343760552, 18.496382173412591 ], [ 41.422491599095814, 18.496432736916127 ], [ 41.422568932363681, 18.496492224173554 ], [ 41.422640316089421, 18.49654873568592 ], [ 41.422684930019685, 18.49660524803155 ], [ 41.422708724594933, 18.496658786339854 ], [ 41.42274739167803, 18.49670042600421 ], [ 41.422780109218991, 18.496718271814952 ], [ 41.422833647013292, 18.496745041379487 ], [ 41.422899082095221, 18.496777758973209 ], [ 41.422961542855241, 18.49683129722759 ], [ 41.423033611995535, 18.496918646883366 ], [ 41.423122930585919, 18.496961652094271 ], [ 41.423148430163572, 18.496972469631213 ], [ 41.423148925135301, 18.496926475074641 ], [ 41.423086465273592, 18.496852117040063 ], [ 41.423009132005724, 18.496771810939837 ], [ 41.422922875772144, 18.496718271814952 ], [ 41.422794979930202, 18.496626067871496 ], [ 41.422678982274192, 18.496518992069596 ], [ 41.422637340869194, 18.496459505673382 ], [ 41.422794979930202, 18.496480326382954 ], [ 41.422961542855241, 18.496572531256781 ], [ 41.423142975593173, 18.496673658136519 ], [ 41.423217335437435, 18.496691503950053 ], [ 41.423291692586773, 18.496715297797259 ], [ 41.423339281737263, 18.496777758973209 ], [ 41.423401743395601, 18.496801553660344 ], [ 41.423449331647781, 18.496828322359953 ], [ 41.423493947374666, 18.496902681256767 ], [ 41.423571278845905, 18.496965142364377 ], [ 41.423639689148061, 18.497003807941567 ], [ 41.423714047195702, 18.497057345273383 ], [ 41.423776507955722, 18.497104935418566 ], [ 41.423853840325272, 18.497158471866861 ], [ 41.423987684811024, 18.49713467808122 ], [ 41.424005531640773, 18.497107908577586 ], [ 41.423954968168374, 18.497078165910281 ], [ 41.423880609222415, 18.497072217887347 ], [ 41.423815175038811, 18.496997859064141 ], [ 41.423824097106205, 18.496914578166116 ], [ 41.423922249729102, 18.496890782642772 ], [ 41.424088811755823, 18.496908629285592 ], [ 41.424249426037044, 18.496959192633696 ], [ 41.424555782091652, 18.49696811637773 ], [ 41.424856188604124, 18.496959192633696 ], [ 41.425016801987034, 18.497027601745387 ], [ 41.425144697828976, 18.49717631933369 ], [ 41.425230954062556, 18.497333957962098 ], [ 41.425204185165413, 18.497438059249351 ], [ 41.425076289323464, 18.497577851917534 ], [ 41.424975162378665, 18.497604622199621 ], [ 41.424728291863865, 18.497634364775493 ], [ 41.424531986618092, 18.497652211340828 ], [ 41.424329732728495, 18.497696824764354 ], [ 41.424234555325832, 18.497830670928533 ], [ 41.424216709394393, 18.497955591592188 ], [ 41.424228605783703, 18.498083487862516 ], [ 41.424297015187534, 18.498134051715663 ], [ 41.424445732181134, 18.498193538382161 ], [ 41.424579575768583, 18.498196512374182 ], [ 41.424713421152653, 18.498214358029035 ], [ 41.424710445932433, 18.498264921843546 ], [ 41.424534961838305, 18.498377947087377 ], [ 41.424401115555924, 18.498383895064968 ], [ 41.424222657139893, 18.498449329619994 ], [ 41.424011480284584, 18.498535584609744 ], [ 41.423776507955722, 18.498615891586724 ], [ 41.423705125128301, 18.498711070997697 ], [ 41.423711072873786, 18.498833017890131 ], [ 41.423776507955722, 18.498954964695734 ], [ 41.423824097106205, 18.499059066701431 ], [ 41.423895480831952, 18.499225629778916 ], [ 41.423892475967321, 18.499369019399946 ], [ 41.423951992948155, 18.4994992666999 ], [ 41.423981736167207, 18.499576600108853 ], [ 41.424041222605332, 18.499653932630991 ], [ 41.424118555873193, 18.499722342370049 ], [ 41.424178042311304, 18.499781827632937 ], [ 41.424252400358945, 18.499850238172797 ], [ 41.424297015187534, 18.499885929987862 ], [ 41.424311885898746, 18.499942442084169 ], [ 41.424317835440874, 18.500022749253294 ], [ 41.424311885898746, 18.500117927030431 ], [ 41.424252400358945, 18.500174439902061 ], [ 41.424154247736055, 18.500204182883508 ], [ 41.42402040325031, 18.500171465092496 ], [ 41.423954968168374, 18.50015064483167 ], [ 41.423880609222415, 18.500055467072716 ], [ 41.42380107777705, 18.499947876315399 ], [ 41.42353933565272, 18.499733723687072 ], [ 41.4232181088869, 18.499555265230608 ], [ 41.42298016313444, 18.499436291119185 ], [ 41.422720621882554, 18.499487369970097 ], [ 41.42255108643225, 18.499558753744061 ], [ 41.422402369438643, 18.499624190405864 ], [ 41.422313139781473, 18.499686649668991 ], [ 41.422226884446211, 18.499769930922771 ], [ 41.422167397109781, 18.499882956025186 ], [ 41.422119808857602, 18.49999003057572 ], [ 41.422075193130702, 18.500061414992039 ], [ 41.421994887337561, 18.500180387817249 ], [ 41.421935400001132, 18.500263669682798 ], [ 41.421887810850642, 18.500299361411695 ], [ 41.421831298734432, 18.500314232892215 ], [ 41.421801556413691, 18.500314232892215 ], [ 41.421748016822761, 18.500296386604298 ], [ 41.421721248823921, 18.500272593254635 ], [ 41.421700428570574, 18.500242848581291 ], [ 41.42168258263915, 18.500198234117256 ], [ 41.421673659673424, 18.50015064483167 ], [ 41.421655812843674, 18.50015064483167 ], [ 41.421593352981972, 18.500174439902061 ], [ 41.421536839967452, 18.500177413859682 ], [ 41.421459419563007, 18.500184238372377 ], [ 41.421402996380017, 18.500165517176999 ], [ 41.421319713570021, 18.500213105606555 ], [ 41.421243955048844, 18.500236977338588 ], [ 41.421108536714712, 18.500263669682798 ], [ 41.421010384091822, 18.500296386604298 ], [ 41.420890591053741, 18.500356958681785 ], [ 41.420623723142398, 18.500442129104776 ], [ 41.420507297888307, 18.500528384794546 ], [ 41.420362757162458, 18.500590330889668 ], [ 41.420240799184548, 18.500656000575226 ], [ 41.420132958231328, 18.500748485176398 ], [ 41.420079422233648, 18.500793100348957 ], [ 41.420011011931507, 18.50090314997917 ], [ 41.419963421882699, 18.501025097866219 ], [ 41.419874968369932, 18.501149504214961 ], [ 41.419506150656986, 18.501423143172911 ], [ 41.418994568187514, 18.502018007704809 ], [ 41.418554366748843, 18.502624770090144 ], [ 41.418443541592247, 18.502898922929166 ], [ 41.418431645202929, 18.503035743194552 ], [ 41.41842866998271, 18.503136868813122 ], [ 41.418424936584387, 18.503265262117441 ], [ 41.418467180758945, 18.503334691814249 ], [ 41.418535745571319, 18.503365892659968 ], [ 41.418589284263938, 18.503440250421686 ], [ 41.418636873414428, 18.503529480204254 ], [ 41.418672565277305, 18.503627633337292 ], [ 41.418696359852547, 18.503704965733558 ], [ 41.418740974681128, 18.503791222335227 ], [ 41.418779640865907, 18.503913169017139 ], [ 41.41880046111924, 18.504052962362294 ], [ 41.418848050269737, 18.504377162948771 ], [ 41.418874819166888, 18.504534802614909 ], [ 41.418937970731356, 18.504733976770414 ], [ 41.419085498355521, 18.505194401706984 ], [ 41.419125948594456, 18.505334791164739 ], [ 41.419191383676377, 18.505562029115808 ], [ 41.419241915707737, 18.50572039433186 ], [ 41.419285372607924, 18.505776181269102 ], [ 41.419309167183172, 18.505815442013816 ], [ 41.419366273984096, 18.505930844937456 ], [ 41.419416390993796, 18.506037895260981 ], [ 41.419516439061937, 18.50623604117321 ], [ 41.419592819217286, 18.506433298364406 ], [ 41.419628987187252, 18.506558935129839 ], [ 41.419687996619956, 18.506734062328007 ], [ 41.419739393728932, 18.506848277140104 ], [ 41.419785080247657, 18.506924418886076 ], [ 41.419847896740528, 18.507021501841781 ], [ 41.419933558289387, 18.507189016364993 ], [ 41.419973533319535, 18.507249930154337 ], [ 41.42000018274075, 18.507293712219859 ], [ 41.420024928631889, 18.507322265623706 ], [ 41.420045869259475, 18.507369853767681 ], [ 41.420042061300983, 18.507402214958773 ], [ 41.420049676319636, 18.507457418678033 ], [ 41.420070614252289, 18.507514524574496 ], [ 41.420099168101913, 18.507565922165032 ], [ 41.420141046662138, 18.507621125831495 ], [ 41.420203864053327, 18.507666810847233 ], [ 41.420266682342834, 18.507691558099129 ], [ 41.420321885613674, 18.50767823337705 ], [ 41.420352342993375, 18.507611608047359 ], [ 41.420340921812858, 18.507583054691779 ], [ 41.42030094678271, 18.507544982691737 ], [ 41.42027049030132, 18.50750310373747 ], [ 41.420281910583526, 18.507451707831784 ], [ 41.420278102625041, 18.507388890214163 ], [ 41.420302850312801, 18.507366046818873 ], [ 41.420361860643816, 18.507367950719214 ], [ 41.420441810704105, 18.507381276317311 ], [ 41.420476075143981, 18.507398408010683 ], [ 41.420538988654904, 18.507438803056338 ], [ 41.420563245862517, 18.507521272979513 ], [ 41.420598937725387, 18.507640245731885 ], [ 41.420575143150145, 18.507788962620872 ], [ 41.420545399931093, 18.507923006192513 ], [ 41.420431186329232, 18.508065772639235 ], [ 41.420259865028143, 18.508346549285204 ], [ 41.420121855952722, 18.508582116044021 ], [ 41.420000503439304, 18.508829580263757 ], [ 41.419986227412814, 18.508981866218289 ], [ 41.419998123802124, 18.509088941892802 ], [ 41.420041531294963, 18.509193638289197 ], [ 41.420067128788986, 18.509250745310073 ], [ 41.420130668425664, 18.509358982735765 ], [ 41.420203004365597, 18.509435125920362 ], [ 41.420284857057652, 18.509486522082302 ], [ 41.420400007602353, 18.509500318586486 ], [ 41.420479021618114, 18.509518882021339 ], [ 41.420522802810112, 18.509537918228801 ], [ 41.42053643025298, 18.50956651129502 ], [ 41.420551356659743, 18.509652132021735 ], [ 41.420547549599561, 18.509732082824016 ], [ 41.42053993637753, 18.50982345427191 ], [ 41.420509706271588, 18.509904738130569 ], [ 41.420426427054856, 18.50995030583411 ], [ 41.420257485390955, 18.51003834560489 ], [ 41.420140892151913, 18.510090694798457 ], [ 41.420095681740293, 18.510150180717869 ], [ 41.42005998987743, 18.510250118072207 ], [ 41.4200058394321, 18.510430958203479 ], [ 41.419976708864063, 18.510523756964201 ], [ 41.419976708864063, 18.510597519587122 ], [ 41.4200058394321, 18.510706975144597 ], [ 41.420050472226983, 18.510745047293103 ], [ 41.420083785350982, 18.510771220931961 ], [ 41.420069508426167, 18.510849741824526 ], [ 41.420036196200485, 18.510921126823501 ], [ 41.419998123802124, 18.511025822099043 ], [ 41.41996719211194, 18.511154314262086 ], [ 41.419936257726818, 18.511278045408869 ], [ 41.419882005771868, 18.511484268331163 ], [ 41.419895806589572, 18.511542165091662 ], [ 41.419902946399461, 18.51165638010249 ], [ 41.419907704775518, 18.511737280616536 ], [ 41.419914842788756, 18.511820562822486 ], [ 41.419910084412706, 18.511922880078231 ], [ 41.419900565863948, 18.512044232349645 ], [ 41.419864874899396, 18.512148927789895 ], [ 41.419817274070809, 18.512263468647621 ], [ 41.419768074241006, 18.51262016636452 ], [ 41.419777227175445, 18.512839338889208 ], [ 41.419807767200155, 18.512893700098978 ], [ 41.419831562673714, 18.512969843414481 ], [ 41.419817285748906, 18.513050744159379 ], [ 41.419783974421541, 18.513126887405004 ], [ 41.41967271627697, 18.513344240629525 ], [ 41.419422872338572, 18.513641673734874 ], [ 41.418982671798219, 18.514022388309307 ], [ 41.418613855881908, 18.514486383796886 ], [ 41.41859600725553, 18.514511078953323 ], [ 41.418538123411878, 18.514591164628609 ], [ 41.418339077406166, 18.514787009241967 ], [ 41.418195119686942, 18.514991642700053 ], [ 41.418005953352726, 18.515284316392364 ], [ 41.417909583885674, 18.515415187037675 ], [ 41.417844148803752, 18.515525832056337 ], [ 41.417773956244083, 18.515648435645218 ], [ 41.417710899901031, 18.515793521101809 ], [ 41.417653793100101, 18.515916064020033 ], [ 41.417590736757049, 18.516077866944482 ], [ 41.417486039907303, 18.516292017864085 ], [ 41.417355169743459, 18.516522825688337 ], [ 41.417239765873852, 18.516698906087495 ], [ 41.417018475785078, 18.517022512006175 ], [ 41.416880466709671, 18.517223577974274 ], [ 41.416749597444124, 18.517352068038402 ], [ 41.416749597444124, 18.517409174891878 ], [ 41.416686541101079, 18.517516251255529 ], [ 41.416642520957211, 18.51756265085033 ], [ 41.416580339573244, 18.517599344103004 ], [ 41.416516410067729, 18.517581687014715 ], [ 41.416475958930491, 18.517566219918361 ], [ 41.416434318423811, 18.517574548027415 ], [ 41.416452164355235, 18.517614997741862 ], [ 41.416477148299919, 18.517655450002174 ], [ 41.416462872273428, 18.517725643893201 ], [ 41.41642836978, 18.517788699628856 ], [ 41.416423178415975, 18.517862419936812 ], [ 41.416368114383992, 18.517955419951843 ], [ 41.415746520631579, 18.519017640423851 ], [ 41.415653245860689, 18.519215611168377 ], [ 41.415533321668562, 18.519362185948388 ], [ 41.41525730261943, 18.519866632319196 ], [ 41.414817816239704, 18.520411434261874 ], [ 41.414804413375677, 18.520429992253941 ], [ 41.414653872802042, 18.52059379517328 ], [ 41.414481002805402, 18.520877788913602 ], [ 41.41417554506608, 18.521212076015036 ], [ 41.414001854009264, 18.521436431728958 ], [ 41.413957166417141, 18.521505603628018 ], [ 41.413791555706304, 18.521655985631867 ], [ 41.413609145601342, 18.521785830111995 ], [ 41.413450816634203, 18.521893931839902 ], [ 41.413252845911884, 18.522072867851687 ], [ 41.412874444073182, 18.522429972709812 ], [ 41.412510161055792, 18.522740509992197 ], [ 41.412171229394048, 18.522994650421175 ], [ 41.411790673395288, 18.523337620663426 ], [ 41.411735787229738, 18.523401538883949 ], [ 41.41169010071102, 18.523432947311434 ], [ 41.411650125680879, 18.523451506679184 ], [ 41.411601731639891, 18.523446820202643 ], [ 41.411570177417225, 18.523425809420136 ], [ 41.411531629810064, 18.523421525833438 ], [ 41.411500220216148, 18.52344579636679 ], [ 41.411465955776272, 18.52348577195664 ], [ 41.411235605279543, 18.523702883743148 ], [ 41.411201678606204, 18.523726611655555 ], [ 41.410919155754407, 18.523982603228056 ], [ 41.410613633336389, 18.524178195185122 ], [ 41.410273321862363, 18.524375891647804 ], [ 41.410107282655133, 18.524492017983466 ], [ 41.409883333553118, 18.524637762023527 ], [ 41.409102081326928, 18.525111420139293 ], [ 41.408822256115926, 18.525282741387748 ], [ 41.408697380409969, 18.525386283950329 ], [ 41.408539705416345, 18.52543138331707 ], [ 41.408371954020197, 18.525524180754701 ], [ 41.408286293369649, 18.525559874029074 ], [ 41.408215017441755, 18.525613962038157 ], [ 41.407786714189008, 18.525189465977107 ], [ 41.407767678888135, 18.525206597590802 ], [ 41.407750547117352, 18.525265608078154 ], [ 41.408116059030043, 18.525692706946263 ], [ 41.40811140306193, 18.525709779737699 ], [ 41.408061434274252, 18.525752609916022 ], [ 41.40801860439813, 18.525781163646212 ], [ 41.407516862074282, 18.526158527620034 ], [ 41.407086601392542, 18.526409119638505 ], [ 41.406715847810162, 18.526573524136509 ], [ 41.406401747379498, 18.526775019236137 ], [ 41.405015238162648, 18.52741875463861 ], [ 41.404724239706141, 18.527526499326484 ], [ 41.40359994422915, 18.528111846750033 ], [ 41.403025238941296, 18.528429480733109 ], [ 41.402663831431127, 18.528600089999742 ], [ 41.402506786156536, 18.528682894680543 ], [ 41.402299298682102, 18.528827613048076 ], [ 41.401771904066997, 18.529103220423664 ], [ 41.401721564275107, 18.529068366861715 ], [ 41.40169729269445, 18.529066940182286 ], [ 41.401685872412244, 18.529095494210683 ], [ 41.401624480647406, 18.529148317106443 ], [ 41.401509787345191, 18.529240196897472 ], [ 41.401243292234689, 18.529421004175763 ], [ 41.400906360222756, 18.529610884915428 ], [ 41.400660181410728, 18.529684185326747 ], [ 41.400601337268036, 18.529714935904199 ], [ 41.398531207425023, 18.530821384897465 ], [ 41.397174914839383, 18.531440045256048 ], [ 41.396434202683658, 18.531759720627111 ], [ 41.39593269212515, 18.53193923486247 ], [ 41.395624313962848, 18.532070580805836 ], [ 41.395116060649819, 18.532293298016906 ], [ 41.394613518825373, 18.532516016641225 ], [ 41.394120493753043, 18.532748252213047 ], [ 41.393923473448297, 18.532862252053974 ], [ 41.393629374007432, 18.53303569059921 ], [ 41.393237238724666, 18.533226046846416 ], [ 41.392360307835879, 18.533672555400337 ], [ 41.392166148665318, 18.533783814624098 ], [ 41.390417244689814, 18.534688010746798 ], [ 41.390396719083881, 18.534700839366646 ], [ 41.389947396151811, 18.534922285791158 ], [ 41.389302562084673, 18.53527206714141 ], [ 41.38851020129168, 18.535733682341956 ], [ 41.387981599340847, 18.536073411806449 ], [ 41.38767501062258, 18.536261922414699 ], [ 41.387139631781231, 18.536561735370928 ], [ 41.386594606830364, 18.536865113911162 ], [ 41.386023413955272, 18.537252418400548 ], [ 41.385445455867774, 18.537606318091736 ], [ 41.384798242163448, 18.53803699990571 ], [ 41.384196238870743, 18.538484339074063 ], [ 41.383625222963772, 18.538971157608852 ], [ 41.383076609243339, 18.539399343915832 ], [ 41.382720648218751, 18.539736403691123 ], [ 41.381794569602448, 18.540558535098739 ], [ 41.381344851411662, 18.54099754495569 ], [ 41.380680056778907, 18.541750816629147 ], [ 41.380304536735636, 18.542135725328428 ], [ 41.379340856438183, 18.543194584723601 ], [ 41.378044050290661, 18.544527083349347 ], [ 41.37795129384768, 18.54463682293655 ], [ 41.377160568886822, 18.545476881348037 ], [ 41.376507269994754, 18.546181314213062 ], [ 41.375748358869693, 18.546933110945556 ], [ 41.375517633775495, 18.547223316351722 ], [ 41.375038089720633, 18.547768301921192 ], [ 41.374488433954468, 18.548453587005369 ], [ 41.373735334929293, 18.549374437806662 ], [ 41.372940633126674, 18.55037802159989 ], [ 41.372739309891713, 18.550607436099231 ], [ 41.372354058398969, 18.550984143135722 ], [ 41.372050675767952, 18.551312508670691 ], [ 41.371368961366834, 18.552115576735989 ], [ 41.37103636282783, 18.552494869406509 ], [ 41.370812166689113, 18.552775877967893 ], [ 41.370618678560064, 18.553062160207006 ], [ 41.370137590301233, 18.553621775967791 ], [ 41.369394709612408, 18.554461333706215 ], [ 41.369251906228321, 18.554685059850272 ], [ 41.368245917975933, 18.555934611802968 ], [ 41.367735523977586, 18.55661989732095 ], [ 41.367335773676153, 18.557194537421267 ], [ 41.367035961848387, 18.55764782427114 ], [ 41.366643665767192, 18.558391085993371 ], [ 41.366194871044499, 18.559107512295355 ], [ 41.365883114318407, 18.559450266122873 ], [ 41.365476226003729, 18.559935675960364 ], [ 41.365279920757956, 18.560278318268953 ], [ 41.36500866188149, 18.560835112043286 ], [ 41.364823063655585, 18.561281260577839 ], [ 41.364780232881159, 18.561470428035481 ], [ 41.364765955956351, 18.561641748586471 ], [ 41.364744541916608, 18.561805931826161 ], [ 41.364737403005044, 18.561945131109955 ], [ 41.364733833998415, 18.56204149899229 ], [ 41.364758817943098, 18.562123590013766 ], [ 41.364783801887782, 18.562148573785546 ], [ 41.364840908688713, 18.561877315979267 ], [ 41.364855185613514, 18.561720270803008 ], [ 41.364873032443263, 18.561623903590828 ], [ 41.364919432224326, 18.561623903590828 ], [ 41.364962262100441, 18.561691717970653 ], [ 41.365005091976549, 18.56180236197903 ], [ 41.365044353744366, 18.561859470156691 ], [ 41.365087183620481, 18.561873746985221 ], [ 41.36513715240816, 18.56192371459829 ], [ 41.3651407223131, 18.561995098702127 ], [ 41.365087183620481, 18.562412694898267 ], [ 41.365022937907987, 18.562937365222165 ], [ 41.364937278155757, 18.563483451954351 ], [ 41.364819494648977, 18.563651204081918 ], [ 41.364890878374702, 18.563740433942279 ], [ 41.364890878374702, 18.563926031425453 ], [ 41.364880789395748, 18.563975214137066 ], [ 41.365176836384151, 18.564220815806518 ], [ 41.365183552189215, 18.564008123243344 ], [ 41.365172845169347, 18.563847510224051 ], [ 41.365169275264407, 18.56374400289728 ], [ 41.36522638206533, 18.563726157269944 ], [ 41.365369150415113, 18.563915323720071 ], [ 41.365429826222673, 18.563961724339595 ], [ 41.365469087990476, 18.56392960122815 ], [ 41.365469087990476, 18.563793970814203 ], [ 41.365344645272486, 18.563692119770753 ], [ 41.365312042715885, 18.563579819819395 ], [ 41.365312042715885, 18.563451329604437 ], [ 41.36542625721605, 18.563262161788266 ], [ 41.365536901811282, 18.563140810120963 ], [ 41.365601148422087, 18.563051579946997 ], [ 41.365579731687397, 18.562890966878793 ], [ 41.365608286435332, 18.5627267838316 ], [ 41.365540470817898, 18.562569738585623 ], [ 41.365515486873214, 18.562419832863746 ], [ 41.365554747742713, 18.562287772789809 ], [ 41.365579731687397, 18.562187835207503 ], [ 41.365536901811282, 18.561966545064173 ], [ 41.365608286435332, 18.561770241015786 ], [ 41.365658255223011, 18.561591780890822 ], [ 41.36574748398187, 18.561434736303344 ], [ 41.36585099056385, 18.561266983699738 ], [ 41.365900959351535, 18.561102800793048 ], [ 41.366018741960005, 18.560913633779439 ], [ 41.366107971617176, 18.560824404995515 ], [ 41.366232894035534, 18.560810128079183 ], [ 41.366332831610897, 18.560885080812103 ], [ 41.366372091582065, 18.561038556042355 ], [ 41.366347107637381, 18.56123129192504 ], [ 41.366279293816582, 18.561452582170347 ], [ 41.366257877980217, 18.561623903590828 ], [ 41.366257877980217, 18.56180236197903 ], [ 41.366229325028904, 18.562005807379606 ], [ 41.366168649221358, 18.562148573785546 ], [ 41.366125818446925, 18.562334172148798 ], [ 41.366122249440309, 18.562451955407866 ], [ 41.366136526365118, 18.562555461815336 ], [ 41.366058003727815, 18.562751768366642 ], [ 41.366043726802999, 18.562912380714305 ], [ 41.366050864816245, 18.563080134254943 ], [ 41.366122951922854, 18.563265339878797 ], [ 41.366106783146051, 18.56360491834079 ], [ 41.365983050995453, 18.564008123243344 ], [ 41.365743914975241, 18.564689838912511 ], [ 41.36574364907392, 18.56469104558899 ], [ 41.367513242148732, 18.566159106398576 ], [ 41.370831281041724, 18.574714948897597 ], [ 41.372590033247697, 18.579250036905346 ], [ 41.374660032834988, 18.592480037277262 ], [ 41.375874402385527, 18.599728303696033 ], [ 41.375940033300182, 18.600120036600075 ], [ 41.376281051748343, 18.601575409666975 ], [ 41.377210616726252, 18.60553932163285 ], [ 41.378171920979767, 18.61207008390415 ], [ 41.379121779798261, 18.620031357061592 ], [ 41.379922866825922, 18.62672233559972 ], [ 41.382471084554723, 18.638669968168379 ], [ 41.383191333986595, 18.640774080420847 ], [ 41.383190202109326, 18.640775702790371 ], [ 41.384700018573653, 18.645190058392767 ], [ 41.388050018626146, 18.650930056825114 ], [ 41.389157883916589, 18.651737214629325 ], [ 41.389158388769779, 18.651737583171119 ], [ 41.391550064280537, 18.653482438280992 ], [ 41.395849227855479, 18.654600143116536 ], [ 41.401824345018341, 18.655167144787885 ], [ 41.40182482921027, 18.655166389845711 ], [ 41.404290020148949, 18.655400056629986 ], [ 41.41465001902948, 18.656830057214808 ], [ 41.426071905627587, 18.658653591092378 ], [ 41.42962002013283, 18.659220056645673 ], [ 41.436228879864011, 18.66008077437294 ], [ 41.440600020052784, 18.660650057379339 ], [ 41.45861001889228, 18.662560056699029 ], [ 41.461491315758757, 18.663122260624373 ], [ 41.464350019995827, 18.663680056666728 ], [ 41.467108340194848, 18.663900834114511 ], [ 41.474220020228231, 18.66447005664164 ], [ 41.476450019649093, 18.664310056749933 ], [ 41.481370018798366, 18.663830057871429 ], [ 41.483394710955992, 18.663956599928071 ], [ 41.484090019562309, 18.66400005663666 ], [ 41.489548705149794, 18.665033900204186 ], [ 41.493330019607853, 18.665750058001422 ], [ 41.500010018723025, 18.667020057416561 ], [ 41.507830020357922, 18.668610058167722 ], [ 41.524550018686497, 18.673550058028976 ], [ 41.528060018572553, 18.675140057117808 ], [ 41.533407804443264, 18.676676225090659 ], [ 41.533630018898471, 18.676740056833864 ], [ 41.533632161380417, 18.67674061169259 ], [ 41.533632279059724, 18.676740644881999 ], [ 41.542230018711422, 18.678970057693796 ], [ 41.546182600571647, 18.680153354229727 ], [ 41.548610020047569, 18.680880058300072 ], [ 41.552443602082107, 18.68196037500643 ], [ 41.554820019707762, 18.682630058180038 ], [ 41.5588000199471, 18.682630057329053 ], [ 41.561990020166014, 18.682950058124284 ], [ 41.56948001939309, 18.684700057899583 ], [ 41.578390019725752, 18.686290057048502 ], [ 41.585880018952835, 18.687890057006996 ], [ 41.589700020256913, 18.688370058387456 ], [ 41.597181799000815, 18.690685373796402 ], [ 41.601010018991438, 18.691870057221294 ], [ 41.60802001961612, 18.693300058235639 ], [ 41.610049326419357, 18.693846597646402 ], [ 41.616300018863619, 18.695530058103856 ], [ 41.622510020320448, 18.697770058215784 ], [ 41.624270020286339, 18.698400056656656 ], [ 41.624419080436383, 18.698927682843951 ], [ 41.624900019574881, 18.700630058272903 ], [ 41.624420019175858, 18.70398005682166 ], [ 41.622990018922842, 18.710820057993967 ], [ 41.621240019002684, 18.716720057750315 ], [ 41.619010018683504, 18.723090057390056 ], [ 41.616620020327382, 18.728820057906152 ], [ 41.613750019775608, 18.734560056615102 ], [ 41.610410018870553, 18.741890057414242 ], [ 41.606740020049244, 18.748260058365528 ], [ 41.603390019098441, 18.75351005767309 ], [ 41.601733638902253, 18.756411117759722 ], [ 41.60166002016809, 18.756540057350431 ], [ 41.601524847074018, 18.757093289032341 ], [ 41.600690019324297, 18.760510058143126 ], [ 41.600370019657156, 18.76339005842479 ], [ 41.599910019349622, 18.766570056981713 ], [ 41.598310020115598, 18.769120057307159 ], [ 41.595750019185225, 18.770080058364307 ], [ 41.592890019577517, 18.771190056918694 ], [ 41.590820019990211, 18.771990057995989 ], [ 41.589220019857883, 18.773740057110103 ], [ 41.589220075553428, 18.773740736677258 ], [ 41.589245781743607, 18.774050811230019 ], [ 41.589380019691454, 18.775670056746005 ], [ 41.589380207439348, 18.77567032125534 ], [ 41.589616680853055, 18.776003919086051 ], [ 41.590500019424759, 18.777250057195296 ], [ 41.591374735068051, 18.777831675312758 ], [ 41.592410019178487, 18.778520057868878 ], [ 41.595280018831936, 18.779320057324078 ], [ 41.598460019005117, 18.779320057324078 ], [ 41.60133001955689, 18.779320058174569 ], [ 41.603560019876078, 18.78027005721907 ], [ 41.603880018644894, 18.783140056847028 ], [ 41.60388002044153, 18.785530058212093 ], [ 41.604731310717149, 18.787241600363263 ], [ 41.604830020295516, 18.787440057925949 ], [ 41.606400869198566, 18.788341710821907 ], [ 41.607060018818068, 18.788720057024829 ], [ 41.609130020201995, 18.78824005839645 ], [ 41.613430020108467, 18.786010056909483 ], [ 41.616780020160952, 18.784420058005498 ], [ 41.619170019415385, 18.784260057648407 ], [ 41.621080019169106, 18.785050057296434 ], [ 41.621207538616957, 18.785279593393142 ], [ 41.621880020133588, 18.786490056790409 ], [ 41.621880019235277, 18.786770057861041 ], [ 41.622200019800729, 18.788680057970954 ], [ 41.622200019800729, 18.791070058115238 ], [ 41.62076002040029, 18.792820057201052 ], [ 41.618680018970622, 18.794890058189601 ], [ 41.617890019848524, 18.796800058040127 ], [ 41.617260018763353, 18.799670058300585 ], [ 41.616300018863619, 18.802060057199107 ], [ 41.612800019921615, 18.804940058187825 ], [ 41.610410018870553, 18.808430056653357 ], [ 41.610160018625301, 18.80896005663017 ], [ 41.606610020352896, 18.81151005719126 ], [ 41.60407002041233, 18.813470057775231 ], [ 41.602100020384142, 18.814600058012925 ], [ 41.599570019590992, 18.815160057995712 ], [ 41.596480019829507, 18.815990057394433 ], [ 41.594790019285497, 18.817410058380272 ], [ 41.593380020022281, 18.81825005722235 ], [ 41.592080561149722, 18.818412488576211 ], [ 41.591140019657352, 18.818530057320931 ], [ 41.590556269232906, 18.818584665861056 ], [ 41.588040019850119, 18.81882005811579 ], [ 41.586060018877888, 18.821060057809216 ], [ 41.583260020442943, 18.8224700566916 ], [ 41.582337226067324, 18.824167339964458 ], [ 41.581580019944667, 18.825560057599805 ], [ 41.581209498127635, 18.826224895194635 ], [ 41.580170019783139, 18.828090056854116 ], [ 41.580730019649785, 18.831470056677542 ], [ 41.581020019179704, 18.835400056872672 ], [ 41.579610019916487, 18.839620058393312 ], [ 41.579610019916487, 18.844690057393617 ], [ 41.580010063967023, 18.845423472234572 ], [ 41.581290020414755, 18.847770058196843 ], [ 41.581290020414755, 18.850860057846521 ], [ 41.581289291881063, 18.850860789810334 ], [ 41.579610019916487, 18.852550056862601 ], [ 41.57595001934429, 18.853390056811961 ], [ 41.574140019149674, 18.855210058144678 ], [ 41.573120019873798, 18.857530058151792 ], [ 41.572200020157041, 18.859830058387953 ], [ 41.571500019649989, 18.862560058264236 ], [ 41.570867587723669, 18.865580625689375 ], [ 41.570830019280166, 18.865760058298662 ], [ 41.570791514792141, 18.86597713203108 ], [ 41.570327189096503, 18.868594856889523 ], [ 41.57032817005679, 18.868600183254511 ], [ 41.570912117212295, 18.871770181940658 ], [ 41.571340027002947, 18.877333013844495 ], [ 41.570740953116378, 18.879386983141057 ], [ 41.569114893755973, 18.881868862155244 ], [ 41.565691612735861, 18.884093995164751 ], [ 41.562268331715764, 18.885805634787676 ], [ 41.554651530794757, 18.89068381075743 ], [ 41.554630509318791, 18.89069642372171 ], [ 41.554630391639499, 18.890696494265914 ], [ 41.554590164182756, 18.890909297948063 ], [ 41.554590019553991, 18.890910057784673 ], [ 41.554405254964671, 18.891219202207555 ], [ 41.552540020058181, 18.894340057683824 ], [ 41.550183703135325, 18.896051192267983 ], [ 41.550020020209097, 18.896170057108275 ], [ 41.549611823049048, 18.896327583041892 ], [ 41.547040020052464, 18.897320056926901 ], [ 41.544223153951435, 18.8969138628275 ], [ 41.543850018935231, 18.896860056587759 ], [ 41.542480701676283, 18.895490738951018 ], [ 41.542480019854992, 18.895490057326537 ], [ 41.539810270848029, 18.895639095898254 ], [ 41.538362234220749, 18.895719932900857 ], [ 41.538360019873565, 18.895720056986942 ], [ 41.537450020202549, 18.89709005691536 ], [ 41.536760018842919, 18.900750058060989 ], [ 41.536760018842919, 18.903720058400488 ], [ 41.53539001976268, 18.907380058153265 ], [ 41.533560018578264, 18.910580056849927 ], [ 41.532303701297231, 18.912634784193362 ], [ 41.53142001956909, 18.914080057898591 ], [ 41.530793502150594, 18.914796079412337 ], [ 41.530440019577867, 18.915200057991086 ], [ 41.530439403333588, 18.915201155940064 ], [ 41.530439379977388, 18.915201189082488 ], [ 41.529530019906851, 18.916820057719498 ], [ 41.525990019883565, 18.921040057099763 ], [ 41.524070020084096, 18.923270057615746 ], [ 41.522960020396539, 18.92550005811804 ], [ 41.52078002030607, 18.929020058014007 ], [ 41.518020019359149, 18.933620057077842 ], [ 41.514800019003012, 18.938220056912719 ], [ 41.509950020173932, 18.947860057930601 ], [ 41.508350020041604, 18.948580057101857 ], [ 41.507286941157972, 18.949280257583844 ], [ 41.506270018611943, 18.949950057956055 ], [ 41.504304918893638, 18.951495428135942 ], [ 41.504210019070392, 18.951570057984611 ], [ 41.503421556067423, 18.952138143149032 ], [ 41.502600019790634, 18.952730057226098 ], [ 41.502530859395222, 18.952764513350161 ], [ 41.499830019696283, 18.95411005702552 ], [ 41.497990020262762, 18.954800056892708 ], [ 41.495690018725057, 18.955030058196659 ], [ 41.493620020036083, 18.954800057742311 ], [ 41.492470019267238, 18.95411005702552 ], [ 41.489940020270716, 18.952950057183187 ], [ 41.487170019278054, 18.952730057226098 ], [ 41.487169267388161, 18.952730180420239 ], [ 41.48441001922945, 18.953180057639152 ], [ 41.483720019666457, 18.955030058196659 ], [ 41.483490020410997, 18.957790057604967 ], [ 41.483490018614376, 18.96009005762529 ], [ 41.48441001922945, 18.962850058258873 ], [ 41.485330019844525, 18.964690056807061 ], [ 41.486710018970506, 18.967230058238673 ], [ 41.487130019993394, 18.96774005726251 ], [ 41.488550020200677, 18.969530058028791 ], [ 41.490170020424493, 18.97160005814542 ], [ 41.490522657682526, 18.972016811934797 ], [ 41.492700020319319, 18.974590058327045 ], [ 41.493218060777366, 18.975315316035708 ], [ 41.493850019291536, 18.976200058290889 ], [ 41.495229725566737, 18.97826961792477 ], [ 41.495230019315841, 18.978270057957818 ], [ 41.495252019057155, 18.978513011238903 ], [ 41.495460018571301, 18.980810057999594 ], [ 41.494080019445306, 18.982880058149266 ], [ 41.49017001862785, 18.983570057862405 ], [ 41.488843642636127, 18.983423391294863 ], [ 41.488090019893129, 18.983340057709334 ], [ 41.486880019748149, 18.983340057709334 ], [ 41.483260020257241, 18.983340057709334 ], [ 41.48184707721483, 18.983521683792379 ], [ 41.477970020313791, 18.984020058277405 ], [ 41.474050020348912, 18.984490057846905 ], [ 41.469450019968477, 18.984720058110774 ], [ 41.466180020281925, 18.985080057923057 ], [ 41.465310019895561, 18.985180057685614 ], [ 41.462540019801217, 18.985870058063327 ], [ 41.460240020060148, 18.987250057886939 ], [ 41.458400019728316, 18.989090057982825 ], [ 41.45426001875709, 18.99001005805065 ], [ 41.450340018792211, 18.990240058335072 ], [ 41.446890019180621, 18.992090057819006 ], [ 41.444130019132011, 18.994390058399137 ], [ 41.442070018692149, 18.996920057325507 ], [ 41.439530019649887, 19.000140056702257 ], [ 41.439290020348686, 19.002660057878135 ], [ 41.440220019212873, 19.005440057713852 ], [ 41.440910019674192, 19.007280058005197 ], [ 41.442520018953942, 19.01073005730181 ], [ 41.444820019593315, 19.013720057967074 ], [ 41.448500020257001, 19.01718005818352 ], [ 41.448881870728087, 19.017575545599652 ], [ 41.450180019856958, 19.018920057853808 ], [ 41.450880020364018, 19.01934005800322 ], [ 41.452830020300709, 19.020320057338672 ], [ 41.455402329048795, 19.021219577072351 ], [ 41.456090019043188, 19.021460058290508 ], [ 41.456779063697034, 19.021754496224709 ], [ 41.458360020443649, 19.022430057837404 ], [ 41.459448235087258, 19.02301523123619 ], [ 41.460480019361349, 19.023570057903815 ], [ 41.462663378252664, 19.024665096072329 ], [ 41.463730019854722, 19.025200057636443 ], [ 41.468290019153876, 19.026990057886266 ], [ 41.469591810052918, 19.027613107995641 ], [ 41.472030019193703, 19.028780058383525 ], [ 41.475780020177588, 19.031050056614813 ], [ 41.478870019939066, 19.033010058290312 ], [ 41.480003737845081, 19.034064216605881 ], [ 41.481150018690336, 19.035130058239638 ], [ 41.484594746089527, 19.038000662607921 ], [ 41.485050018563733, 19.038380056950754 ], [ 41.487492148850734, 19.041460130876509 ], [ 41.487500018990943, 19.041470059277554 ], [ 41.489440018881893, 19.044080058390609 ], [ 41.491760018714444, 19.04611005697183 ], [ 41.494889020630616, 19.049239059087995 ], [ 41.497590019331362, 19.051940058107967 ], [ 41.499287372585975, 19.054233779297647 ], [ 41.500920020190676, 19.056440058013415 ], [ 41.502910019412028, 19.058610057863284 ], [ 41.502912520321786, 19.058610919673566 ], [ 41.507240020354054, 19.060110057776875 ], [ 41.511240019786563, 19.060770057074659 ], [ 41.511282914341372, 19.060750380884908 ], [ 41.513420019877017, 19.05977005809121 ], [ 41.51674001979228, 19.058610057863284 ], [ 41.521240019715293, 19.057440058395869 ], [ 41.52507001926849, 19.056440058013415 ], [ 41.530900019885408, 19.055770057899487 ], [ 41.538730019769424, 19.055440058394744 ], [ 41.543890020016519, 19.056440057164323 ], [ 41.546890020264634, 19.057770057317857 ], [ 41.546891222210483, 19.057771264707441 ], [ 41.547738788070944, 19.05862246793092 ], [ 41.549220019244615, 19.060110056927812 ], [ 41.550720019817831, 19.060270058336702 ], [ 41.552720019983241, 19.05977005809121 ], [ 41.55421001871408, 19.058270057649622 ], [ 41.561210019293028, 19.054440057842072 ], [ 41.565040019744529, 19.053610057254478 ], [ 41.567710019381458, 19.053280056849182 ], [ 41.57204002032347, 19.051780058003882 ], [ 41.574040018692244, 19.050290059231287 ], [ 41.576030019710224, 19.049610057117121 ], [ 41.577370019551559, 19.049610057117121 ], [ 41.578370019634271, 19.049610057117121 ], [ 41.578726554682326, 19.049906582376071 ], [ 41.579129040353806, 19.050241320771324 ], [ 41.579380019762716, 19.05045005737577 ], [ 41.580700020410873, 19.052600057649272 ], [ 41.581200019104756, 19.055440058394744 ], [ 41.580700020410873, 19.061110058106291 ], [ 41.580392436359276, 19.065761107768395 ], [ 41.580370019799673, 19.066100057647443 ], [ 41.580325012407314, 19.066424518915252 ], [ 41.579700019429858, 19.070930057809392 ], [ 41.578370018735953, 19.073930057998421 ], [ 41.578030019875641, 19.076920057220825 ], [ 41.578530020366159, 19.080590057761462 ], [ 41.577900881663659, 19.08286405026665 ], [ 41.577700020162766, 19.08359005791716 ], [ 41.577521788122176, 19.083894726601553 ], [ 41.576530020200742, 19.085590057826945 ], [ 41.574540020081081, 19.087750057696212 ], [ 41.572870018730228, 19.089600058409651 ], [ 41.572200020157041, 19.091420059335984 ], [ 41.571818847015685, 19.093447893334481 ], [ 41.571700018768212, 19.09408005793356 ], [ 41.571790215012626, 19.095496652976792 ], [ 41.571870020444152, 19.096750057716392 ], [ 41.572700019749234, 19.099080058061158 ], [ 41.574540020081081, 19.101080056726214 ], [ 41.577030019792936, 19.10274005775743 ], [ 41.577972372288919, 19.103523961079013 ], [ 41.578160019571989, 19.103680058318368 ], [ 41.579100019380235, 19.104730057009103 ], [ 41.57960050765594, 19.105736417346478 ], [ 41.580030019142733, 19.106600058139939 ], [ 41.580960019803562, 19.109260058014389 ], [ 41.581220020094555, 19.112190058336736 ], [ 41.581750018925668, 19.114710057770719 ], [ 41.582290018700832, 19.117240058087276 ], [ 41.582950019923224, 19.120180057952169 ], [ 41.58415002002247, 19.122560058014972 ], [ 41.584950020088641, 19.124820057749382 ], [ 41.58574002010905, 19.127340058128276 ], [ 41.586010021344109, 19.128940058814546 ], [ 41.586140019243828, 19.130540057582984 ], [ 41.586030019638969, 19.132890058175139 ], [ 41.585933579205012, 19.134024655209014 ], [ 41.585860018861347, 19.134890058577437 ], [ 41.586205289035739, 19.136128969709016 ], [ 41.586370019397599, 19.136720058274747 ], [ 41.589530018580959, 19.141390058287254 ], [ 41.590751780367974, 19.143071125914457 ], [ 41.590860019274871, 19.143220057223306 ], [ 41.590860075868726, 19.143220500213427 ], [ 41.591030019154189, 19.144550058414715 ], [ 41.590860020173189, 19.145720057275835 ], [ 41.59036001968267, 19.147380057971649 ], [ 41.589030019887083, 19.149220058390291 ], [ 41.589029704578415, 19.149220877298191 ], [ 41.588947845598156, 19.149433907776007 ], [ 41.588200018785379, 19.151380057678658 ], [ 41.588052575602845, 19.152975917632777 ], [ 41.588030019804386, 19.153220057616402 ], [ 41.588030019804386, 19.155050057739675 ], [ 41.589030019887083, 19.155880056941346 ], [ 41.590300061629037, 19.156010122217836 ], [ 41.590690020293877, 19.156050057816518 ], [ 41.592690019560969, 19.156550058127106 ], [ 41.593533053420821, 19.157384660894841 ], [ 41.593690019643674, 19.157540058088792 ], [ 41.593690124746566, 19.157540534134558 ], [ 41.594020020254874, 19.159030057628254 ], [ 41.595037638096933, 19.16338754868605 ], [ 41.595190020216883, 19.164040058258774 ], [ 41.595690018910773, 19.167040058328535 ], [ 41.596592547293568, 19.169477656383293 ], [ 41.596860018872782, 19.170200058368142 ], [ 41.597515934557272, 19.173350441332474 ], [ 41.597516362155339, 19.173350814665895 ], [ 41.597777069420466, 19.1735789339542 ], [ 41.605319861738487, 19.181032987987511 ], [ 41.608869411751542, 19.183783889118967 ], [ 41.611975267676108, 19.185381185661473 ], [ 41.615081123600675, 19.186889745400389 ], [ 41.623156350082532, 19.189818124042997 ], [ 41.626705900095601, 19.191060465723538 ], [ 41.628295988217083, 19.191368990630806 ], [ 41.631552210442109, 19.192243348118247 ], [ 41.634366501073231, 19.193336900978071 ], [ 41.633626743826646, 19.194816414133179 ], [ 41.639839233616819, 19.197272177699084 ], [ 41.645816642381973, 19.199287115391865 ], [ 41.645607252275767, 19.200111817781043 ], [ 41.645163558187257, 19.202685240921088 ], [ 41.642323917997139, 19.203750106033514 ], [ 41.634869863957846, 19.205524880889165 ], [ 41.622002746171077, 19.206589746281427 ], [ 41.611886529397403, 19.208364521035222 ], [ 41.610644187207242, 19.212091548276675 ], [ 41.610644187207242, 19.213511368254597 ], [ 41.609490583295788, 19.215374882029575 ], [ 41.607893286194141, 19.215907313807467 ], [ 41.605295732091633, 19.221453443327874 ], [ 41.605295687175868, 19.2214535400269 ], [ 41.608520020106631, 19.222170057872816 ], [ 41.609955069789855, 19.222376385416659 ], [ 41.613180019863215, 19.222840058218427 ], [ 41.616510019824211, 19.223340057595166 ], [ 41.619670019905904, 19.223340057595166 ], [ 41.62284002003333, 19.223000058048797 ], [ 41.626500018808891, 19.222500056789261 ], [ 41.628500019872625, 19.221670058328954 ], [ 41.632170019592238, 19.220670058070269 ], [ 41.635500019553248, 19.220490057818559 ], [ 41.638220153267852, 19.21976762122317 ], [ 41.639830019596943, 19.219340058154522 ], [ 41.643660020048451, 19.218340058138601 ], [ 41.644231035955428, 19.21814356527549 ], [ 41.647990020092166, 19.216850058305472 ], [ 41.651150019275526, 19.215510057788311 ], [ 41.651150171090812, 19.215510045912559 ], [ 41.651660347696861, 19.215470078077345 ], [ 41.653320019320255, 19.215340058062377 ], [ 41.65726528260587, 19.215769652954908 ], [ 41.657820019243267, 19.215830057144782 ], [ 41.661820018675776, 19.215670057120278 ], [ 41.661884747681889, 19.215652089129858 ], [ 41.664810018878157, 19.214840058099036 ], [ 41.668490020440146, 19.2143400583115 ], [ 41.676470020111992, 19.214180057685073 ], [ 41.681640020404828, 19.214520057663716 ], [ 41.686961650927735, 19.215285999592069 ], [ 41.689630020122415, 19.215670057968541 ], [ 41.693790019388487, 19.216170057952173 ], [ 41.69521365867098, 19.216250731262097 ], [ 41.696790019636602, 19.21634005766802 ], [ 41.700213971698226, 19.215884127311899 ], [ 41.700620020088117, 19.215830057993049 ], [ 41.705960020260271, 19.215010056645482 ], [ 41.706252171255286, 19.214951766892938 ], [ 41.710120020424668, 19.214180057685073 ], [ 41.713630020310717, 19.213010058073912 ], [ 41.7182900200673, 19.211010058076642 ], [ 41.721483096117751, 19.208881341311244 ], [ 41.722280020352386, 19.208350058289639 ], [ 41.722933188090416, 19.207736126333693 ], [ 41.727940020191681, 19.203030057742271 ], [ 41.732270020235376, 19.198680058610211 ], [ 41.735155811373218, 19.195640357579588 ], [ 41.735270022280126, 19.195520061185821 ], [ 41.738100019953983, 19.193520058082893 ], [ 41.742260020118373, 19.191190057827104 ], [ 41.743770019839026, 19.189520057023024 ], [ 41.747930020003409, 19.187190057843129 ], [ 41.752590019759992, 19.184030057884733 ], [ 41.755920019720996, 19.181020057677923 ], [ 41.757089978360511, 19.178360150935301 ], [ 41.757090018784702, 19.178360057604785 ], [ 41.75710144176184, 19.178305146161705 ], [ 41.757920019886406, 19.17437005841375 ], [ 41.758750020089799, 19.172200057899182 ], [ 41.759920020051823, 19.170200058368142 ], [ 41.764920019567029, 19.165210058042721 ], [ 41.766410020094497, 19.163370057805675 ], [ 41.767250020343631, 19.16154005836017 ], [ 41.767250020343631, 19.159540057624266 ], [ 41.766750019853127, 19.155880057789918 ], [ 41.766410020094497, 19.153710058280961 ], [ 41.767080019566009, 19.151380057678658 ], [ 41.768090018796137, 19.149870056982131 ], [ 41.776250020189671, 19.144890057879721 ], [ 41.778240020309333, 19.143050058404192 ], [ 41.779740019984239, 19.140540058109455 ], [ 41.780240018678114, 19.138210057415986 ], [ 41.780410020354061, 19.135220058407807 ], [ 41.780410020354061, 19.13273005821689 ], [ 41.781070019779825, 19.130730057966755 ], [ 41.781506059323789, 19.129709726411967 ], [ 41.781227233937699, 19.129709726411967 ], [ 41.785133142030716, 19.123525371644405 ], [ 41.785540006989201, 19.12092143407973 ], [ 41.789608661065614, 19.107657621677557 ], [ 41.792538092359948, 19.103100730329601 ], [ 41.796199880579572, 19.101717387152149 ], [ 41.797827342210127, 19.104402698999603 ], [ 41.800756772606157, 19.109691948714396 ], [ 41.812230377011801, 19.123281253100263 ], [ 41.813450972785567, 19.124257730205365 ], [ 41.813535684815172, 19.124336391180446 ], [ 41.813670320716696, 19.124289680926399 ], [ 41.827233249268026, 19.125717357940093 ], [ 41.842699745635656, 19.128810657118386 ], [ 41.859118026809746, 19.135711093587478 ], [ 41.868404924303007, 19.141239008793541 ], [ 41.868350020171157, 19.143900058386595 ], [ 41.868210290821978, 19.14509411034679 ], [ 41.868020019559957, 19.146720057895195 ], [ 41.866520019885058, 19.149050058114213 ], [ 41.864350019840344, 19.151380057678658 ], [ 41.863737987755798, 19.152486139664575 ], [ 41.863520019636944, 19.152880058343477 ], [ 41.863491110054476, 19.153276293576596 ], [ 41.863350019757632, 19.155210058125444 ], [ 41.864350018942027, 19.157890056576264 ], [ 41.864350884019636, 19.157891186864337 ], [ 41.865001692781739, 19.158741004319669 ], [ 41.866941329753317, 19.161273752215273 ], [ 41.866337684340266, 19.163084689668224 ], [ 41.865766753773237, 19.165311316975593 ], [ 41.867079893089262, 19.167823408702635 ], [ 41.869182056855294, 19.172349741819897 ], [ 41.869666205674307, 19.175012559152094 ], [ 41.867487536887083, 19.181306490947733 ], [ 41.867971685706095, 19.18517967996695 ], [ 41.870150353595001, 19.189779091689754 ], [ 41.871360725642518, 19.19292605871852 ], [ 41.87499184088675, 19.200672436860348 ], [ 41.87644428734378, 19.203335254264765 ], [ 41.879349177562865, 19.205513923149226 ], [ 41.883948590445122, 19.205998071830162 ], [ 41.886853481562532, 19.206240145636208 ], [ 41.890968744727452, 19.204787700000733 ], [ 41.890968744727452, 19.201156585368874 ], [ 41.88903215124806, 19.197525471187493 ], [ 41.888305928019548, 19.193410207111924 ], [ 41.888063853610049, 19.190021167298827 ], [ 41.888224962862992, 19.189860058763397 ], [ 41.890670020759501, 19.189860057914998 ], [ 41.892413148567741, 19.190278696967699 ], [ 41.895500020395403, 19.191020056721378 ], [ 41.901160020234698, 19.192360058229532 ], [ 41.905820019991289, 19.195190058178355 ], [ 41.908261314845078, 19.198008712729372 ], [ 41.908990020118708, 19.198850057742185 ], [ 41.9118200195892, 19.203030057742271 ], [ 41.913320020162416, 19.208180057947075 ], [ 41.914319992397346, 19.212179944677402 ], [ 41.914320020245121, 19.212180056651011 ], [ 41.914320020245121, 19.215830057993049 ], [ 41.914300675923791, 19.215958475247106 ], [ 41.91349001914341, 19.221340057745728 ], [ 41.912660019838334, 19.224990058399808 ], [ 41.910660019672925, 19.228170056713171 ], [ 41.906330019629216, 19.232660057252996 ], [ 41.904830020852629, 19.235330057833647 ], [ 41.904443342835215, 19.236876765818341 ], [ 41.904330020362124, 19.237330057831084 ], [ 41.904990018889578, 19.239660057277117 ], [ 41.905477857089458, 19.24058044424736 ], [ 41.906490018564476, 19.242490058025854 ], [ 41.908990020118708, 19.243990057860444 ], [ 41.912490019959016, 19.246820057737253 ], [ 41.914787685876981, 19.248454683226125 ], [ 41.915990019799331, 19.249310057802244 ], [ 41.915990394396808, 19.249311136576747 ], [ 41.917320019594925, 19.253150059123865 ], [ 41.917160018863029, 19.256980057660595 ], [ 41.917160019761354, 19.259980057674348 ], [ 41.917160018863029, 19.268310057994494 ], [ 41.916170019724383, 19.275300058139329 ], [ 41.915949869597711, 19.27693952727482 ], [ 41.915320020327826, 19.281630058039916 ], [ 41.915267002658069, 19.281739208969782 ], [ 41.915150018651879, 19.281980057764109 ], [ 41.915700020269426, 19.285160057906708 ], [ 41.914940020386226, 19.291500058083958 ], [ 41.914180019604721, 19.297080058022068 ], [ 41.912844184353048, 19.301081734296051 ], [ 41.909393652938796, 19.300418169829022 ], [ 41.907537673374691, 19.302845219889111 ], [ 41.902969107740979, 19.307271017661325 ], [ 41.901590676175161, 19.311407070832686 ], [ 41.902728440093206, 19.312196166341593 ], [ 41.904581893594745, 19.312104409885158 ], [ 41.905187477572177, 19.311150156810715 ], [ 41.906875773113782, 19.309847232996848 ], [ 41.910016972354882, 19.309717699825303 ], [ 41.908090018696804, 19.31358005801102 ], [ 41.906060020190793, 19.314860057641102 ], [ 41.906010019962082, 19.314900058050881 ], [ 41.903770019597154, 19.317130057782947 ], [ 41.903890020146065, 19.317590058059725 ], [ 41.904017472220261, 19.318103133014333 ], [ 41.904280020133413, 19.319160058377104 ], [ 41.905908792405981, 19.319777867809012 ], [ 41.906310020436052, 19.319930057853213 ], [ 41.908090018696804, 19.319930057853213 ], [ 41.909478797058057, 19.320082335919263 ], [ 41.910370019244695, 19.320180057585553 ], [ 41.912910019185276, 19.320690058193399 ], [ 41.915450020024167, 19.320940057610851 ], [ 41.917480020326806, 19.321450056694623 ], [ 41.919000020093193, 19.321960057577627 ], [ 41.921280019742767, 19.322720057801803 ], [ 41.921280669224721, 19.322721101336526 ], [ 41.92255002016222, 19.324760057968334 ], [ 41.92255002016222, 19.327290058004341 ], [ 41.92204001962596, 19.330080057729692 ], [ 41.922210020403597, 19.332410057626578 ], [ 41.922580020299442, 19.333220058393586 ], [ 41.92077002010484, 19.336680057905603 ], [ 41.917980019020689, 19.341490059089022 ], [ 41.916450020106879, 19.344540058346116 ], [ 41.915190019733174, 19.347840058010998 ], [ 41.915189920918493, 19.347840797950624 ], [ 41.915168488014125, 19.348000913008502 ], [ 41.914680020095233, 19.351650059282292 ], [ 41.914680020095233, 19.355960057641209 ], [ 41.914680019196922, 19.359770058257148 ], [ 41.913420019721528, 19.36332005809421 ], [ 41.913420061044029, 19.363320352177464 ], [ 41.913920019313721, 19.366880058061415 ], [ 41.914042543230266, 19.366880417394487 ], [ 41.913948300075504, 19.367092462755409 ], [ 41.93137987190692, 19.371373696920323 ], [ 41.933235852369343, 19.372087535747657 ], [ 41.942087446937187, 19.371802000252984 ], [ 41.947655385629531, 19.370374323749541 ], [ 41.952691041074999, 19.369568619356304 ], [ 41.95030052618759, 19.375154876012285 ], [ 41.950110019566971, 19.375600058005151 ], [ 41.950109533578399, 19.375600692736455 ], [ 41.948621414123132, 19.377546325774148 ], [ 41.943930020942311, 19.383680058297383 ], [ 41.943929675090928, 19.383680347259517 ], [ 41.937750021419347, 19.38891005758034 ], [ 41.937749908231616, 19.388910255864701 ], [ 41.937722162865747, 19.388958755026049 ], [ 41.933940020160996, 19.395570058333345 ], [ 41.929660019447695, 19.400330059159803 ], [ 41.924385050115589, 19.403974739266168 ], [ 41.923480019924718, 19.404600058882838 ], [ 41.920630020362751, 19.40936005815146 ], [ 41.920541772564185, 19.409521177758887 ], [ 41.91776001981097, 19.414600058888546 ], [ 41.917961178654238, 19.417133019282989 ], [ 41.918250020255748, 19.420770058018689 ], [ 41.918910198446248, 19.422423975606225 ], [ 41.920150019963728, 19.425530058266844 ], [ 41.919749671384309, 19.42837508594495 ], [ 41.919680018712128, 19.428870058229307 ], [ 41.919615736168709, 19.429569140654404 ], [ 41.919200020109727, 19.434090059348115 ], [ 41.91755998565845, 19.436955800775753 ], [ 41.917300020401747, 19.437410058222198 ], [ 41.917139748378652, 19.437503974593515 ], [ 41.914160020411551, 19.439250058152641 ], [ 41.912160020246141, 19.440250058631115 ], [ 41.909971386447474, 19.440879408086879 ], [ 41.909830020367842, 19.440920057784179 ], [ 41.909647366819435, 19.440904532171107 ], [ 41.90783002110075, 19.440750057831007 ], [ 41.905160019667207, 19.439250058152641 ], [ 41.90133002011401, 19.438260057600356 ], [ 41.89717001994962, 19.436760058635151 ], [ 41.89434001958081, 19.436260058159572 ], [ 41.8926700200266, 19.436260058159572 ], [ 41.890340020148301, 19.436760058635151 ], [ 41.887793337640332, 19.435766851780389 ], [ 41.887340019900186, 19.435590058412188 ], [ 41.883340385183693, 19.432260363200829 ], [ 41.883340018671049, 19.432260058229282 ], [ 41.880350020265311, 19.431260057677449 ], [ 41.879011647272961, 19.431155208626659 ], [ 41.878180020220583, 19.431090057776107 ], [ 41.877766567017808, 19.431154839269716 ], [ 41.876010019277551, 19.431430058248008 ], [ 41.874350018870764, 19.432590058288532 ], [ 41.873244093043013, 19.433695985005087 ], [ 41.87324327467779, 19.43369871108775 ], [ 41.873184738657244, 19.433893830886188 ], [ 41.872759474405107, 19.435529464338078 ], [ 41.872563197905428, 19.437034245642202 ], [ 41.870109749744152, 19.438833442059952 ], [ 41.859829751229562, 19.446706099119634 ], [ 41.859860019963065, 19.446750057697788 ], [ 41.859860069370406, 19.446750632009611 ], [ 41.8600548708364, 19.449011509935989 ], [ 41.860190019675947, 19.450580058219362 ], [ 41.8601589667132, 19.450945380115506 ], [ 41.860020018898318, 19.452580058234823 ], [ 41.860520020287147, 19.454740058881438 ], [ 41.861980677345855, 19.456112723712589 ], [ 41.86301001999901, 19.45708005938052 ], [ 41.863461635431683, 19.45758391313624 ], [ 41.865690019681665, 19.460070057754248 ], [ 41.865690020579983, 19.463240058346919 ], [ 41.863690020414573, 19.467900058018817 ], [ 41.861520020369852, 19.468910058018711 ], [ 41.857860019797648, 19.470230057586988 ], [ 41.851700020366167, 19.471900058420434 ], [ 41.850030019913632, 19.473230057889996 ], [ 41.848200019627541, 19.47540005823851 ], [ 41.848200211867017, 19.475400487625901 ], [ 41.848415299088742, 19.475882025810325 ], [ 41.848870019997356, 19.476900058124865 ], [ 41.849530631175831, 19.477511735239123 ], [ 41.851030019996344, 19.478900058670924 ], [ 41.852353943587353, 19.479954440197748 ], [ 41.852700021347189, 19.48023005826629 ], [ 41.853360019874636, 19.482060057662405 ], [ 41.852200019958367, 19.484890058830583 ], [ 41.851030019098026, 19.487560059312724 ], [ 41.850303879412841, 19.488186897144715 ], [ 41.84986001913601, 19.488570057843571 ], [ 41.847825188592083, 19.489286178925692 ], [ 41.847530020156036, 19.489390058019907 ], [ 41.845040020444166, 19.490900058198189 ], [ 41.843700019704521, 19.49205005858785 ], [ 41.842370019908934, 19.494220058276532 ], [ 41.842370019010623, 19.496220058297023 ], [ 41.842267152029116, 19.500552594591603 ], [ 41.842200020029622, 19.503380058999287 ], [ 41.841700020437429, 19.506040058233978 ], [ 41.841566452632776, 19.506309493751257 ], [ 41.840540019622843, 19.508380057746042 ], [ 41.838040018966915, 19.511540057811875 ], [ 41.833710019821524, 19.51554005785243 ], [ 41.832840480270903, 19.516877447764745 ], [ 41.83187002038801, 19.518370057701496 ], [ 41.831496764099242, 19.519501135780477 ], [ 41.83088001855441, 19.52137005815834 ], [ 41.830040020101904, 19.525030058144509 ], [ 41.829210019898511, 19.527200058121593 ], [ 41.828751458692054, 19.528722483620061 ], [ 41.828751816221533, 19.528723083886987 ], [ 41.828893998869759, 19.528961584408425 ], [ 41.825360584395831, 19.53487621407087 ], [ 41.822518489110038, 19.537257429044267 ], [ 41.820751781423915, 19.537795122912932 ], [ 41.820982220853857, 19.539638643610818 ], [ 41.822441675068411, 19.542096672042383 ], [ 41.826128717625608, 19.543863380165746 ], [ 41.828202678783306, 19.545706900980868 ], [ 41.829201253239653, 19.547780861805617 ], [ 41.830199826797688, 19.554463625697057 ], [ 41.82996938736774, 19.560301443058769 ], [ 41.829965600968819, 19.560379045163263 ], [ 41.829965487781095, 19.5603813577269 ], [ 41.830040020101904, 19.560510057935851 ], [ 41.830718270599291, 19.563501322079922 ], [ 41.831210020063921, 19.565670059138395 ], [ 41.831705078922056, 19.569350194982082 ], [ 41.832040020267307, 19.571840057946027 ], [ 41.831959783644457, 19.573411737776375 ], [ 41.83187002038801, 19.575170057901456 ], [ 41.831530323361626, 19.576769036774184 ], [ 41.83088001855441, 19.579830059214213 ], [ 41.82854001863037, 19.58316005906341 ], [ 41.825880019937507, 19.585000058364031 ], [ 41.823880019772105, 19.586490057769264 ], [ 41.821540019848065, 19.589090059416158 ], [ 41.818200019841321, 19.591600059017658 ], [ 41.811100019703268, 19.596190058405199 ], [ 41.809440020194806, 19.600790059165949 ], [ 41.809751014251212, 19.604032169617735 ], [ 41.809840020227888, 19.604960059289301 ], [ 41.810517307731288, 19.606979828394355 ], [ 41.811520019827839, 19.609970057710647 ], [ 41.812919443225212, 19.613347511370801 ], [ 41.813600021257507, 19.614990059364327 ], [ 41.813600472211782, 19.614991976821205 ], [ 41.815270019913399, 19.622090059263975 ], [ 41.815270019913399, 19.630440058292365 ], [ 41.81611002016254, 19.635870058894291 ], [ 41.817360019592186, 19.643380058914786 ], [ 41.819030020044714, 19.647980057710456 ], [ 41.821082517755329, 19.650716722340995 ], [ 41.823050019568704, 19.653340058042907 ], [ 41.824807964189233, 19.65790950880552 ], [ 41.825970020349203, 19.660930057813047 ], [ 41.826893628598448, 19.662774398984379 ], [ 41.829180019761282, 19.667340057730843 ], [ 41.830112830352313, 19.669073072343885 ], [ 41.831220020109662, 19.671130058742708 ], [ 41.833550020886271, 19.676380059188883 ], [ 41.834430020420065, 19.680480058713812 ], [ 41.834720019949977, 19.685430058197646 ], [ 41.834140019991843, 19.692130057603851 ], [ 41.832970020029826, 19.697090059117116 ], [ 41.832390020071685, 19.702920059064446 ], [ 41.832970020029826, 19.706710058717345 ], [ 41.83355001998796, 19.711670059035001 ], [ 41.833850019563613, 19.715460057692731 ], [ 41.833850019563613, 19.722170059071637 ], [ 41.832970020029826, 19.728000058825813 ], [ 41.832970020029826, 19.731800058942756 ], [ 41.832390020071685, 19.737920058119876 ], [ 41.830930019681432, 19.743750058846498 ], [ 41.829470020189504, 19.74900005857841 ], [ 41.827140020311212, 19.754840058694839 ], [ 41.825390020391055, 19.762420058860137 ], [ 41.824220020429038, 19.7641700577643 ], [ 41.823930020000816, 19.765630057980598 ], [ 41.8233369091311, 19.766142290769594 ], [ 41.823050019568704, 19.766390059206529 ], [ 41.822621446821387, 19.766924970338497 ], [ 41.821720019773124, 19.76805005798461 ], [ 41.819550019728389, 19.769050058215434 ], [ 41.817550019562987, 19.769050058215434 ], [ 41.814880019926065, 19.767540058055367 ], [ 41.814469879710053, 19.767271346240936 ], [ 41.812850019623426, 19.766210058687395 ], [ 41.810810020173356, 19.7641700577643 ], [ 41.809737280807155, 19.763097318869626 ], [ 41.809060020253206, 19.762420058014726 ], [ 41.808818638444784, 19.761964826842704 ], [ 41.806430019900944, 19.757460057619063 ], [ 41.804970020409016, 19.754540059099327 ], [ 41.80322001959054, 19.750170058163068 ], [ 41.802640019632406, 19.746090057925187 ], [ 41.802060042132148, 19.741130244907325 ], [ 41.802060019674265, 19.741130058892974 ], [ 41.800600020182337, 19.737630059033599 ], [ 41.798850020262186, 19.733250058914777 ], [ 41.796345395977497, 19.729978848130106 ], [ 41.795060019993642, 19.728300058405054 ], [ 41.790970020149452, 19.723630058708451 ], [ 41.785140020430852, 19.719550057779248 ], [ 41.779600020242157, 19.715460059384046 ], [ 41.778448795069572, 19.714840402321638 ], [ 41.772020019705074, 19.711380057975081 ], [ 41.768220019390796, 19.709050059039185 ], [ 41.765706728160247, 19.707072689365553 ], [ 41.764140019592354, 19.705840058270958 ], [ 41.762752649789455, 19.704729208764906 ], [ 41.76123084081609, 19.703510716101196 ], [ 41.761230019755921, 19.70351005897767 ], [ 41.759750020172504, 19.702090057782442 ], [ 41.75935139096854, 19.701502080692105 ], [ 41.759350020139422, 19.701500059398725 ], [ 41.759251866618214, 19.701568765598893 ], [ 41.759250019681986, 19.701570058718666 ], [ 41.758240019553547, 19.698980058412314 ], [ 41.757080019637272, 19.697160057828857 ], [ 41.756250020332189, 19.695170057747678 ], [ 41.755540054813693, 19.69286017378549 ], [ 41.755540019779403, 19.692860058760079 ], [ 41.752570019668504, 19.687670058367676 ], [ 41.751593998315684, 19.686618021201514 ], [ 41.749360021154743, 19.684210057688535 ], [ 41.747860344873345, 19.683554897089724 ], [ 41.745400021006894, 19.682480058921293 ], [ 41.741819297656832, 19.682254003098844 ], [ 41.741440896716448, 19.682230114288462 ], [ 41.741440019960727, 19.682230059309429 ], [ 41.736919044375824, 19.682874667704514 ], [ 41.736250019576396, 19.682970059295478 ], [ 41.736000226841973, 19.683063651755923 ], [ 41.732300018575977, 19.684450059160806 ], [ 41.731840020065064, 19.684610059378635 ], [ 41.72944001986658, 19.686740059420064 ], [ 41.725960020117753, 19.68922005757976 ], [ 41.721660020211274, 19.690710057776389 ], [ 41.7178400198055, 19.69170005877119 ], [ 41.715452140575145, 19.69240789406151 ], [ 41.715040019573927, 19.69253005811672 ], [ 41.714000015714987, 19.693043795685128 ], [ 41.713380020065458, 19.693350058665427 ], [ 41.711980019051353, 19.694290057633847 ], [ 41.710400019010514, 19.69497005922306 ], [ 41.708470020063615, 19.695870057804854 ], [ 41.70677001857554, 19.696550057756198 ], [ 41.705300019936189, 19.697000058312025 ], [ 41.703710019849609, 19.697570057763571 ], [ 41.702568778553086, 19.698035684870849 ], [ 41.702460018623327, 19.698080058712488 ], [ 41.702466817073393, 19.698092540253995 ], [ 41.704960020177559, 19.702670059233323 ], [ 41.708210019772622, 19.708440057783516 ], [ 41.711830020161848, 19.712390058080587 ], [ 41.718090020050759, 19.716660057992854 ], [ 41.722370018967439, 19.719630058118668 ], [ 41.727630019671956, 19.722590057750502 ], [ 41.731580018875746, 19.724890057680895 ], [ 41.735210020209031, 19.727860057927433 ], [ 41.739490020024022, 19.730820058167257 ], [ 41.742120020376291, 19.734110058604355 ], [ 41.745410020154317, 19.738710058936348 ], [ 41.748040019608261, 19.743000058679453 ], [ 41.751010019719153, 19.74497005833193 ], [ 41.754960018922951, 19.745960059017214 ], [ 41.759240019636252, 19.747610057787291 ], [ 41.76286001912716, 19.749910057587542 ], [ 41.766150019803504, 19.752870058283477 ], [ 41.770430019618495, 19.757480058878077 ], [ 41.772730020257882, 19.762090058977424 ], [ 41.773720019396521, 19.767030059030819 ], [ 41.774710020331796, 19.771970058188121 ], [ 41.774710020331796, 19.77625005930641 ], [ 41.773720019396521, 19.780530058744095 ], [ 41.772400019646675, 19.784140057642855 ], [ 41.773640019928891, 19.784240058164183 ], [ 41.773640019928891, 19.785200059298319 ], [ 41.773960019596032, 19.786060058711485 ], [ 41.775030019100626, 19.786590058681025 ], [ 41.775780019836382, 19.786170057701895 ], [ 41.776210020006701, 19.785090057947407 ], [ 41.776320019611553, 19.784340057777438 ], [ 41.776520019628094, 19.783810058773682 ], [ 41.776970019889895, 19.783280058006433 ], [ 41.777930019789629, 19.782730058232488 ], [ 41.778890019689356, 19.782200058943655 ], [ 41.779860019634839, 19.781980057939457 ], [ 41.780610018573974, 19.781980058784765 ], [ 41.781470019812907, 19.781980058784765 ], [ 41.781680019875196, 19.782730058232488 ], [ 41.781150019247455, 19.783810058773682 ], [ 41.780400020308321, 19.784450057955741 ], [ 41.780400020308321, 19.784990058805022 ], [ 41.780180020200291, 19.78584005796689 ], [ 41.780290020703461, 19.786380058329911 ], [ 41.781250019704878, 19.786700058150657 ], [ 41.782110020045501, 19.78670005899594 ], [ 41.782650019820665, 19.78702005817372 ], [ 41.782970020386117, 19.787670059252353 ], [ 41.782970020386117, 19.788630058307454 ], [ 41.782970018589495, 19.789060059054044 ], [ 41.782330020153523, 19.789810058127827 ], [ 41.782110020045501, 19.790350057707961 ], [ 41.782330020153523, 19.79078005888141 ], [ 41.783520020207035, 19.790980058284568 ], [ 41.784580019665874, 19.790880058614395 ], [ 41.785010019836193, 19.791310059201788 ], [ 41.784690020169052, 19.792490058602194 ], [ 41.784690020169052, 19.793140059328454 ], [ 41.784150021292206, 19.794420058734627 ], [ 41.784150020393881, 19.795060058381889 ], [ 41.784470019162711, 19.796350059135172 ], [ 41.784580020564199, 19.796780057626588 ], [ 41.784580020564199, 19.797640057886326 ], [ 41.783940019433281, 19.798500059415858 ], [ 41.783940020331606, 19.799250057968663 ], [ 41.784360019557852, 19.799790059336164 ], [ 41.784580020564199, 19.800740059235611 ], [ 41.784790019728156, 19.80161005793201 ], [ 41.785110020293615, 19.802470058293064 ], [ 41.785440019108179, 19.803230058713901 ], [ 41.785760019673646, 19.803540058199118 ], [ 41.786510020409409, 19.803330058232131 ], [ 41.787150019743684, 19.803330058232131 ], [ 41.787900019581137, 19.803430059377895 ], [ 41.787900019581137, 19.80440005827128 ], [ 41.787690020417166, 19.805250058600322 ], [ 41.787580019914003, 19.806010059265091 ], [ 41.787580019914003, 19.807080058183939 ], [ 41.787150019743684, 19.807830057709346 ], [ 41.787150019743684, 19.808580058769728 ], [ 41.786830019178232, 19.809120058053548 ], [ 41.787150019743684, 19.809980058387112 ], [ 41.787150019743684, 19.810730058606815 ], [ 41.787150019743684, 19.812120058159408 ], [ 41.787150019743684, 19.813300058758138 ], [ 41.787260020246862, 19.813840058074391 ], [ 41.787470019410826, 19.81352005873222 ], [ 41.78823002019233, 19.812760059298537 ], [ 41.788230019294012, 19.81169005802079 ], [ 41.788650020316901, 19.810930059138641 ], [ 41.788870020424923, 19.809650058150471 ], [ 41.789080019588901, 19.809120058053548 ], [ 41.789080019588901, 19.808150059202799 ], [ 41.789080019588901, 19.807190057862304 ], [ 41.789080019588901, 19.806540057891329 ], [ 41.790050020432687, 19.8063300593485 ], [ 41.790370020099829, 19.805690057692853 ], [ 41.791120019937281, 19.804290059199417 ], [ 41.791340020045304, 19.802790058734754 ], [ 41.791980019379587, 19.80418005920632 ], [ 41.792090019882757, 19.804930058034991 ], [ 41.792090019882757, 19.806220059075489 ], [ 41.790370020998139, 19.807720059318687 ], [ 41.790910019874993, 19.808580057924569 ], [ 41.791660019712452, 19.809010058019439 ], [ 41.791980019379587, 19.81019005887272 ], [ 41.792090019882757, 19.811380058359287 ], [ 41.792520020053068, 19.812440057783199 ], [ 41.792520019154757, 19.81352005873222 ], [ 41.792520020053068, 19.814800058998365 ], [ 41.792520019154757, 19.816200058795506 ], [ 41.792520020053068, 19.817060058028307 ], [ 41.792090018984432, 19.818340057686566 ], [ 41.791980020277897, 19.819200058865686 ], [ 41.791340020045304, 19.820160057851034 ], [ 41.791120019937281, 19.821020059325736 ], [ 41.790260018698348, 19.821770059024743 ], [ 41.790160019139229, 19.822630059394843 ], [ 41.790160019139229, 19.823380058257936 ], [ 41.790160019139229, 19.823700058881691 ], [ 41.790370020998139, 19.825200059027051 ], [ 41.790370020099829, 19.826490058730357 ], [ 41.790370020099829, 19.827780058102807 ], [ 41.790370020099829, 19.828530058858824 ], [ 41.789830020324665, 19.829500059285149 ], [ 41.788980020029783, 19.830030058201171 ], [ 41.788010020084307, 19.830350058954817 ], [ 41.786940019681403, 19.831210059371077 ], [ 41.78619001984395, 19.831960058301998 ], [ 41.785220019898475, 19.83314005865757 ], [ 41.785220019898475, 19.834320057853301 ], [ 41.784260019998747, 19.835720058090367 ], [ 41.783290020053258, 19.836470059388486 ], [ 41.782330020153523, 19.837110058811117 ], [ 41.781680018976878, 19.837330058782804 ], [ 41.780930020037736, 19.837330058782804 ], [ 41.78029001980515, 19.837330058782804 ], [ 41.779330019905416, 19.837930058078502 ], [ 41.77957002010492, 19.838110058608198 ], [ 41.77972001989275, 19.838220058784522 ], [ 41.780960020174966, 19.839120057749387 ], [ 41.782610019637694, 19.841420059064156 ], [ 41.783240018926236, 19.841870058988398 ], [ 41.783670019994858, 19.842370057784002 ], [ 41.784280020090222, 19.843680058044963 ], [ 41.78377001955397, 19.845600059414522 ], [ 41.783590019628917, 19.845890058786683 ], [ 41.783070019945235, 19.846700058247521 ], [ 41.782560019408983, 19.847910058975213 ], [ 41.782460018951554, 19.849320059303345 ], [ 41.783170020402665, 19.850840058816523 ], [ 41.783360020373472, 19.851890057999945 ], [ 41.783470019978317, 19.852450058272492 ], [ 41.783170020402665, 19.853760058991888 ], [ 41.783160018560288, 19.853840058691887 ], [ 41.782970020386117, 19.855050059057938 ], [ 41.783670019096547, 19.856270058980829 ], [ 41.785080020156393, 19.857580057733248 ], [ 41.786290020301372, 19.858290058006254 ], [ 41.78690002039675, 19.85867005867949 ], [ 41.787900019581137, 19.859300058012433 ], [ 41.789210020183553, 19.860290058185338 ], [ 41.79042002032854, 19.861510058365454 ], [ 41.791240019587882, 19.863320058158411 ], [ 41.793440018871507, 19.86615005935565 ], [ 41.794650019016501, 19.868060058742223 ], [ 41.796870020188258, 19.869370058961728 ], [ 41.797980018977505, 19.870580058286755 ], [ 41.799790020968743, 19.871380059031932 ], [ 41.801400019350183, 19.871790057669592 ], [ 41.803210018646482, 19.871990058186253 ], [ 41.804930020226045, 19.872490059218752 ], [ 41.806240019930144, 19.87279005772951 ], [ 41.807650020091678, 19.87370005838423 ], [ 41.808150019683872, 19.875000057618642 ], [ 41.808250020141294, 19.876220058664789 ], [ 41.807550019634249, 19.878030058639968 ], [ 41.806440019946677, 19.879340059252133 ], [ 41.805560020412891, 19.880220057928696 ], [ 41.805130020242586, 19.880650058326832 ], [ 41.804620018808016, 19.882460059231327 ], [ 41.804830018870298, 19.885080059156692 ], [ 41.80593002030875, 19.8873000583432 ], [ 41.807450020075137, 19.889410059280021 ], [ 41.809660020302829, 19.891230058740568 ], [ 41.812990020263825, 19.893650058930682 ], [ 41.815910020145999, 19.895760058882122 ], [ 41.818220019932809, 19.897370058256882 ], [ 41.819940019715744, 19.898080059352381 ], [ 41.821650020351235, 19.898580059128925 ], [ 41.822960020055341, 19.899080058170785 ], [ 41.82447001977598, 19.899890058706472 ], [ 41.825880019937507, 19.901000059309062 ], [ 41.828500020244029, 19.903210059214128 ], [ 41.829210019898511, 19.903880058309689 ], [ 41.830210019981216, 19.904830058631802 ], [ 41.831620021041061, 19.906540059028671 ], [ 41.832740019876049, 19.908750059267046 ], [ 41.832770020013285, 19.909140059234566 ], [ 41.832830020287737, 19.909670058039161 ], [ 41.833030019405967, 19.911470058890487 ], [ 41.83384002041619, 19.913190058584604 ], [ 41.834440019567495, 19.915000059081258 ], [ 41.835250018781082, 19.916310058688445 ], [ 41.836040019699816, 19.916840058805182 ], [ 41.836760020298357, 19.917320058700668 ], [ 41.84119001990117, 19.91792005842137 ], [ 41.843410020174609, 19.919030058363678 ], [ 41.844210020240773, 19.920150058640044 ], [ 41.844110019783351, 19.92174005811923 ], [ 41.843410020174609, 19.922750058072133 ], [ 41.843410020174609, 19.923960059068737 ], [ 41.844110019783351, 19.925170059248529 ], [ 41.844920019895262, 19.926080058620524 ], [ 41.845220020369233, 19.926880059299865 ], [ 41.845420020385767, 19.928290059411456 ], [ 41.845120019911796, 19.929600057836868 ], [ 41.844410020257321, 19.930810058751174 ], [ 41.84361002019115, 19.932020058000333 ], [ 41.842300019588734, 19.933840057908071 ], [ 41.841590019035948, 19.935350059137214 ], [ 41.841590019934252, 19.935570057820879 ], [ 41.841590019934252, 19.937060058805542 ], [ 41.842200020029622, 19.939080059097943 ], [ 41.842900019638357, 19.941090058845383 ], [ 41.843200021010645, 19.943100058343923 ], [ 41.843100019654898, 19.945020058612506 ], [ 41.842700019621823, 19.946930058658769 ], [ 41.842700019621823, 19.94945005869203 ], [ 41.842880018648557, 19.951280058944374 ], [ 41.843000020095793, 19.952570058886224 ], [ 41.843410020174609, 19.953880057730935 ], [ 41.84381001930938, 19.95641005902246 ], [ 41.844610020273855, 19.958510059125334 ], [ 41.844720019878714, 19.960230058394981 ], [ 41.843810020207698, 19.961740058839272 ], [ 41.842600019164387, 19.962960058661796 ], [ 41.841890020408222, 19.964150059211576 ], [ 41.841590019934252, 19.965360058773921 ], [ 41.84149002037514, 19.966770058896195 ], [ 41.841890020408222, 19.967880059141994 ], [ 41.841930019692882, 19.968210059123173 ], [ 41.842000020013081, 19.968890058646483 ], [ 41.841390020816036, 19.970000058322551 ], [ 41.840950019701665, 19.970440059264195 ], [ 41.840480020246694, 19.970900058667144 ], [ 41.839780019739642, 19.97211005878269 ], [ 41.839980019756183, 19.973220058585397 ], [ 41.840790018969777, 19.974830058116229 ], [ 41.841690020391674, 19.976340058066082 ], [ 41.8417200196306, 19.976400059269309 ], [ 41.842600020062704, 19.977960058896706 ], [ 41.843100019654898, 19.979570058978837 ], [ 41.843410020174609, 19.98118005865372 ], [ 41.843500018789669, 19.983200058895999 ], [ 41.843710020648579, 19.985010058834739 ], [ 41.843750019933239, 19.985700058234372 ], [ 41.84381001930938, 19.986620058642387 ], [ 41.844410020257321, 19.98793005911832 ], [ 41.845020018556049, 19.989340059108347 ], [ 41.84522001857259, 19.989620058873562 ], [ 41.845820018622213, 19.990450058267935 ], [ 41.84804001979397, 19.992360057682891 ], [ 41.849250020837275, 19.99327005875497 ], [ 41.850560019643062, 19.993570059319534 ], [ 41.852470020295094, 19.993870059312574 ], [ 41.854290019637148, 19.99468005905587 ], [ 41.854690019670223, 19.996190058698556 ], [ 41.853780019100896, 19.997700059054846 ], [ 41.851500018552997, 19.998700059280257 ], [ 41.850360019626521, 19.999910057779413 ], [ 41.849240019893216, 20.001310058103648 ], [ 41.847560019394948, 20.003000058602868 ], [ 41.845050019591596, 20.004500059234267 ], [ 41.844460018689404, 20.007030058311074 ], [ 41.844680019695744, 20.008540059345858 ], [ 41.845750020098642, 20.010560058066446 ], [ 41.846180020268953, 20.012600058165077 ], [ 41.848240019810518, 20.014820059096536 ], [ 41.850660019202181, 20.016840059051603 ], [ 41.85197001980459, 20.018650058792595 ], [ 41.852370020735989, 20.021270059258374 ], [ 41.852570019854213, 20.023790058844146 ], [ 41.853370019920376, 20.025940059049876 ], [ 41.854490019653682, 20.02802005888417 ], [ 41.854549052442579, 20.028069852591717 ], [ 41.853119763655272, 20.051346823753491 ], [ 41.847416710259353, 20.074729346596275 ], [ 41.846732343133198, 20.086591700704101 ], [ 41.845933916017096, 20.098682175925731 ], [ 41.847074526696275, 20.101077458616036 ], [ 41.850610419622079, 20.103586802729854 ], [ 41.856199413926369, 20.098454054384462 ], [ 41.859621245963915, 20.092636937708253 ], [ 41.862929018011521, 20.085907333719536 ], [ 41.867833645189656, 20.07655432527665 ], [ 41.870342989222841, 20.075755896606747 ], [ 41.870962527629892, 20.075853719011992 ], [ 41.87090001925916, 20.07651005818591 ], [ 41.872070020119494, 20.078190059171963 ], [ 41.874110019569564, 20.081240059359988 ], [ 41.874420020089282, 20.08171005901858 ], [ 41.875140019789498, 20.084900059194567 ], [ 41.877370020108678, 20.090010057948518 ], [ 41.878830021397242, 20.092730058927113 ], [ 41.87967001984974, 20.096700059083847 ], [ 41.88008001992857, 20.10235005903796 ], [ 41.879670020748058, 20.10611005926382 ], [ 41.876940020836685, 20.110250057780135 ], [ 41.874920018783158, 20.112430058614617 ], [ 41.874420020089282, 20.113940057882431 ], [ 41.873920021395399, 20.115950059015152 ], [ 41.87327002021874, 20.119010058161535 ], [ 41.873860020222622, 20.121160058873198 ], [ 41.876770019160737, 20.124180059005305 ], [ 41.878110020798701, 20.126360058853614 ], [ 41.88029002088917, 20.128540057826218 ], [ 41.881300020119298, 20.131060057686344 ], [ 41.881300020119298, 20.133760058659707 ], [ 41.881300020119298, 20.136940058760196 ], [ 41.881730019391291, 20.139510057637963 ], [ 41.881130020239986, 20.141780058929495 ], [ 41.880540020236111, 20.143680059384273 ], [ 41.880180020386, 20.145710058688046 ], [ 41.880290019990852, 20.148520059030801 ], [ 41.880660019886705, 20.151910059031415 ], [ 41.881490020090098, 20.155000058881836 ], [ 41.883520020392737, 20.158340057941842 ], [ 41.887340019001869, 20.162030057669007 ], [ 41.889240019608174, 20.164190057684042 ], [ 41.89070001999842, 20.166140058893319 ], [ 41.891710020126865, 20.167650059409784 ], [ 41.892210020617377, 20.169330058828603 ], [ 41.892210019719059, 20.172020058648069 ], [ 41.89339001972683, 20.174530058868591 ], [ 41.894360019672298, 20.176570059352812 ], [ 41.896740019779301, 20.178010059149852 ], [ 41.899490019782171, 20.178240058687852 ], [ 41.902110020088678, 20.178060058125116 ], [ 41.904250019996176, 20.178240058687852 ], [ 41.906280020298823, 20.178720057767201 ], [ 41.90735001980341, 20.179440058252752 ], [ 41.908190020052551, 20.180630057890205 ], [ 41.908310019703144, 20.183610058863739 ], [ 41.908830019386819, 20.185610059147972 ], [ 41.909160020896337, 20.188470058238092 ], [ 41.910680020662724, 20.19015005758644 ], [ 41.912480019014964, 20.192780057994469 ], [ 41.91557001967476, 20.195290058628292 ], [ 41.91821002007277, 20.197070057880431 ], [ 41.920250021319468, 20.198370059248514 ], [ 41.922760020224501, 20.199880058654884 ], [ 41.923930020186518, 20.201560058033781 ], [ 41.924600019658023, 20.203240058677189 ], [ 41.92494002031497, 20.205920059072184 ], [ 41.925280020073586, 20.208270059025136 ], [ 41.925590019694994, 20.21114005899981 ], [ 41.926660020097891, 20.213640059187188 ], [ 41.928210020001508, 20.215780059105281 ], [ 41.930350019909007, 20.21805005866138 ], [ 41.932260019662735, 20.21960005764404 ], [ 41.934050019765856, 20.220670059069125 ], [ 41.937620019926364, 20.219960058645711 ], [ 41.940240020232892, 20.218760059372592 ], [ 41.941080019583708, 20.220190058615337 ], [ 41.941310019737479, 20.223890057673913 ], [ 41.943410020360318, 20.225900057717176 ], [ 41.946090020042973, 20.22657005898278 ], [ 41.948830020000095, 20.228420058948078 ], [ 41.95192001976158, 20.229130058680582 ], [ 41.954190021162049, 20.229610059357789 ], [ 41.956570018574112, 20.229730059084822 ], [ 41.957410019721557, 20.230800059088445 ], [ 41.958250019970706, 20.232820058296927 ], [ 41.958250019970706, 20.235450058326133 ], [ 41.95872002032398, 20.237120059110843 ], [ 41.960380019832449, 20.239380058604802 ], [ 41.961930020634377, 20.241880059115804 ], [ 41.962710019710741, 20.244020058933007 ], [ 41.964890019801203, 20.245370059152183 ], [ 41.966570020299478, 20.248060059102265 ], [ 41.966910019159791, 20.250570057836253 ], [ 41.967660019895561, 20.252370059118942 ], [ 41.968010019699925, 20.254160058623874 ], [ 41.968130020248843, 20.256780058819444 ], [ 41.968250019899429, 20.259130057785757 ], [ 41.968520020236177, 20.26082005907444 ], [ 41.968720020252718, 20.262900059061479 ], [ 41.968310020173888, 20.265210058890034 ], [ 41.968720020252718, 20.269610059379769 ], [ 41.969560019603534, 20.273370058945421 ], [ 41.971860020242922, 20.276710058608529 ], [ 41.975210020295407, 20.279220059155115 ], [ 41.975840019583941, 20.28048005908224 ], [ 41.977510020036469, 20.281730057833638 ], [ 41.978970021325033, 20.283120059151234 ], [ 41.983030021031993, 20.284670059302108 ], [ 41.986960020144295, 20.285860059191805 ], [ 41.989820019752017, 20.285630057886095 ], [ 41.991740019551479, 20.285500059268475 ], [ 41.994710020560682, 20.28609005931364 ], [ 41.995540019865764, 20.288360059281384 ], [ 41.995300020564571, 20.290500060225899 ], [ 41.994230020161659, 20.293010059091614 ], [ 41.99231002036219, 20.29563006028965 ], [ 41.99024001987658, 20.297740059363814 ], [ 41.98873001925763, 20.299750057835332 ], [ 41.986720019944784, 20.302420059040312 ], [ 41.985890019741397, 20.304930059391307 ], [ 41.986130019940909, 20.30755005863444 ], [ 41.987380021167183, 20.309990058780315 ], [ 41.987920020044029, 20.314100058634796 ], [ 41.988510020047912, 20.318510058125707 ], [ 41.989460019901905, 20.322090059216187 ], [ 41.991130020354433, 20.324710058606001 ], [ 41.991660020083856, 20.327470058612519 ], [ 41.993610020020547, 20.330560059870216 ], [ 41.995560019957253, 20.334100059271424 ], [ 41.999790020441843, 20.340980059285059 ], [ 42.000820018865149, 20.345560057976581 ], [ 42.004490020381404, 20.353230059379626 ], [ 42.008380020209053, 20.359530059331053 ], [ 42.016510019668729, 20.365140057925633 ], [ 42.027960019941965, 20.371550060212464 ], [ 42.037810020082873, 20.378090059017921 ], [ 42.045940021339177, 20.383010058635765 ], [ 42.054530020208063, 20.388730059310209 ], [ 42.065640019824365, 20.395370058866995 ], [ 42.07331001987481, 20.401040059416204 ], [ 42.080640020166634, 20.404540058905212 ], [ 42.08597002029304, 20.40687005938927 ], [ 42.090300020336741, 20.407870057772818 ], [ 42.094980020184821, 20.407540058914634 ], [ 42.098800019692277, 20.407210059349328 ], [ 42.111892810448083, 20.407526355604023 ], [ 42.111992089558342, 20.407638045632574 ], [ 42.117295965777963, 20.409543322301069 ], [ 42.120231120238984, 20.410264237019955 ], [ 42.122380697085724, 20.406412912077435 ], [ 42.12232002037986, 20.406370059025431 ], [ 42.122620019955512, 20.406370059025431 ], [ 42.126110020648404, 20.405200058667312 ], [ 42.129780020368017, 20.403700059174465 ], [ 42.133110020329021, 20.402040058604378 ], [ 42.13544002110563, 20.39937005863522 ], [ 42.138270018779487, 20.396710059051809 ], [ 42.140940021111355, 20.39421005883608 ], [ 42.142270020008624, 20.391550057751793 ], [ 42.142600019721499, 20.388550058786809 ], [ 42.142600019721499, 20.385720059138425 ], [ 42.141440019805231, 20.382720058718999 ], [ 42.139770021149324, 20.379220058006148 ], [ 42.138270019677805, 20.377070058679735 ], [ 42.138770021066627, 20.374720058880701 ], [ 42.139270019760509, 20.373060058647877 ], [ 42.141610019684542, 20.370230059402104 ], [ 42.143100020212017, 20.36723005920615 ], [ 42.144600019886916, 20.362560059387413 ], [ 42.146100019561814, 20.358730058932608 ], [ 42.146100019561814, 20.35557005911684 ], [ 42.146770020829962, 20.353240060019022 ], [ 42.148270019606542, 20.351740057942102 ], [ 42.149420020375388, 20.348570059031452 ], [ 42.149770021078076, 20.344240059014076 ], [ 42.149770020179758, 20.340410059116223 ], [ 42.149770021078076, 20.336250058897491 ], [ 42.150430019605515, 20.333080058947022 ], [ 42.152430019770932, 20.330080059080121 ], [ 42.154260020955348, 20.327420058864252 ], [ 42.15443002083466, 20.324420057867371 ], [ 42.154760019649231, 20.320760059304632 ], [ 42.155590019852617, 20.316430058822164 ], [ 42.155090020260417, 20.313260060410332 ], [ 42.154080020131978, 20.310760058639747 ], [ 42.154260020955348, 20.309270059035498 ], [ 42.155590019852617, 20.308100058205707 ], [ 42.159590020183444, 20.305600059040181 ], [ 42.162430020597995, 20.304770058908037 ], [ 42.17325001978606, 20.303770059092663 ], [ 42.180750019957195, 20.303600058616645 ], [ 42.186240019917179, 20.302100058619359 ], [ 42.189900019591057, 20.300940059028164 ], [ 42.194740020171011, 20.298770059206394 ], [ 42.201230021112011, 20.294610059166324 ], [ 42.205560020257401, 20.291940059001313 ], [ 42.210230020059726, 20.288280059350317 ], [ 42.212390020957024, 20.287280059255661 ], [ 42.216390020389532, 20.286780059316669 ], [ 42.22822001970605, 20.286450058709306 ], [ 42.236550020080578, 20.286450058709306 ], [ 42.244370020817165, 20.286950058870229 ], [ 42.25170002021067, 20.287450059103421 ], [ 42.254710021402843, 20.287940058761311 ], [ 42.258700019891293, 20.289780059190644 ], [ 42.263360019647884, 20.292110058792783 ], [ 42.266030020183116, 20.294440058747508 ], [ 42.26936002014412, 20.296270059399561 ], [ 42.27352002030851, 20.298440058857267 ], [ 42.275850021085112, 20.299920059167299 ], [ 42.278570020052427, 20.302010059303331 ], [ 42.280660019731215, 20.303890058771174 ], [ 42.28400002063627, 20.307030058728792 ], [ 42.288600020118395, 20.309960059419449 ], [ 42.294250019911949, 20.313300058984957 ], [ 42.301570021056342, 20.316650059406424 ], [ 42.310970020037146, 20.319360059327682 ], [ 42.322260021375129, 20.322710059131268 ], [ 42.335020021352463, 20.32459005906345 ], [ 42.3473500211595, 20.325840059841184 ], [ 42.34923001987768, 20.325840059841184 ], [ 42.350970020650415, 20.325590058303568 ], [ 42.354140019879523, 20.325750059165713 ], [ 42.358970021312054, 20.325920058057701 ], [ 42.365130019845225, 20.325590058303568 ], [ 42.370470020915697, 20.325250058765008 ], [ 42.374130019691265, 20.325090059070423 ], [ 42.378120020874654, 20.32459005906345 ], [ 42.382290021084785, 20.323760057994022 ], [ 42.387620021211205, 20.322590058879666 ], [ 42.394110021253887, 20.320920059265593 ], [ 42.398280019667396, 20.319090059313162 ], [ 42.401440020647392, 20.317760058886297 ], [ 42.406110021348034, 20.315930058628688 ], [ 42.408440020328015, 20.314090058833184 ], [ 42.410930020039878, 20.312100059339365 ], [ 42.415930021351713, 20.309270059035498 ], [ 42.420100019765222, 20.306930058643925 ], [ 42.422600021319454, 20.305270058921547 ], [ 42.425760021401146, 20.302430058753199 ], [ 42.429760019935344, 20.298770059206394 ], [ 42.432250019647199, 20.295940058780051 ], [ 42.435750021284143, 20.291770059865907 ], [ 42.440420020188157, 20.288440059171155 ], [ 42.44325002055696, 20.285610057976236 ], [ 42.446580019619645, 20.281780058854864 ], [ 42.453240020439956, 20.277120058714306 ], [ 42.466230020571075, 20.269290058633253 ], [ 42.469400019800183, 20.266620058936518 ], [ 42.470900020373399, 20.264630059090571 ], [ 42.472400020048298, 20.262460059168603 ], [ 42.474400021112025, 20.261460060289068 ], [ 42.479890020173684, 20.258960058921499 ], [ 42.484550019930275, 20.256960059345609 ], [ 42.491550019610898, 20.254960059287267 ], [ 42.497550021005452, 20.254130059414262 ], [ 42.504720020565379, 20.253290059808016 ], [ 42.511870020932143, 20.253800059298214 ], [ 42.516200020077541, 20.255800059129307 ], [ 42.522370021351392, 20.259460059213765 ], [ 42.528030020292377, 20.263640058711218 ], [ 42.537690021360802, 20.270120059178964 ], [ 42.546020019938702, 20.275450058384582 ], [ 42.551010021204796, 20.279120058815984 ], [ 42.554520021090845, 20.2822800580688 ], [ 42.556510021210514, 20.284450058789275 ], [ 42.561010021133534, 20.288280059350317 ], [ 42.564010021381648, 20.290610058755416 ], [ 42.568350019674476, 20.294440058747508 ], [ 42.578000020697154, 20.30443005912246 ], [ 42.581490021390039, 20.308270057953614 ], [ 42.583330019925249, 20.310430060252134 ], [ 42.585660020701852, 20.311930058742558 ], [ 42.587830020746587, 20.313930057707278 ], [ 42.589820019967924, 20.317090057951834 ], [ 42.591160020707576, 20.321420059340728 ], [ 42.593150020827245, 20.325250058765008 ], [ 42.595150020094351, 20.329250058831327 ], [ 42.597480020870954, 20.333750058853155 ], [ 42.599320020304482, 20.337250059387813 ], [ 42.601810020914655, 20.340240059309085 ], [ 42.608150021169514, 20.345410059389796 ], [ 42.610480020149488, 20.347910058656929 ], [ 42.612310020435586, 20.351570058809067 ], [ 42.614310020601003, 20.355070059164163 ], [ 42.615640021294901, 20.358730058932608 ], [ 42.618150020199941, 20.363060058666679 ], [ 42.620640019911797, 20.36690005924553 ], [ 42.622810020854843, 20.369890058717061 ], [ 42.625140019834816, 20.371730057840352 ], [ 42.628300019916502, 20.37372005762256 ], [ 42.631960021387016, 20.375560059071415 ], [ 42.636640021235088, 20.37606005833668 ], [ 42.638460020577128, 20.376890058861068 ], [ 42.641960021315747, 20.379720059723027 ], [ 42.644450020129298, 20.380720059135978 ], [ 42.648620020339436, 20.382220059991834 ], [ 42.652280020911633, 20.383380059305736 ], [ 42.657280020426839, 20.383880059324046 ], [ 42.662940020266134, 20.384380059405171 ], [ 42.669440021252875, 20.384550058608703 ], [ 42.674770022277599, 20.384380059405171 ], [ 42.679270021302308, 20.383880059324046 ], [ 42.68310001995718, 20.383880059324046 ], [ 42.688930019675794, 20.383880057639921 ], [ 42.696250019921862, 20.383880057639921 ], [ 42.701250021233712, 20.383880057639921 ], [ 42.705590021323154, 20.384060057721175 ], [ 42.70975002058924, 20.384380059405171 ], [ 42.712910020670918, 20.383880059324046 ], [ 42.716910021001738, 20.383380059305736 ], [ 42.717370020410968, 20.383250058648059 ], [ 42.719150021366659, 20.384140058625462 ], [ 42.722580020886774, 20.389630059616543 ], [ 42.725330020889636, 20.396500059189602 ], [ 42.726710020015616, 20.400630058672622 ], [ 42.726710020015616, 20.408190058847733 ], [ 42.726020021350941, 20.41712005928925 ], [ 42.720520021345223, 20.428110058035838 ], [ 42.716400021363796, 20.434980058915851 ], [ 42.711590020921079, 20.441170060173558 ], [ 42.708840021816528, 20.44941005868634 ], [ 42.706780021376659, 20.459030059086924 ], [ 42.70678001958003, 20.469340058866624 ], [ 42.706780021376659, 20.474840058268278 ], [ 42.70678001958003, 20.484460059102059 ], [ 42.708150021355223, 20.489950059048379 ], [ 42.711590020921079, 20.493390059077534 ], [ 42.717770021342353, 20.49545005998332 ], [ 42.723280021393826, 20.496820058761681 ], [ 42.72877002135381, 20.498890058597684 ], [ 42.732890021335223, 20.500950057944543 ], [ 42.737010021316649, 20.503700058629587 ], [ 42.740320021186164, 20.507230058686027 ], [ 42.74137002059927, 20.510540058830312 ], [ 42.743880021300924, 20.51331005882242 ], [ 42.748690020845338, 20.515380058811377 ], [ 42.754190019952745, 20.516060059729007 ], [ 42.760370021272351, 20.514690058839303 ], [ 42.76243002171222, 20.51331005966377 ], [ 42.767250020404063, 20.509190059401789 ], [ 42.772060020846794, 20.505070059380564 ], [ 42.775490021265213, 20.50370005778818 ], [ 42.780300019911316, 20.500950057944543 ], [ 42.785110021252358, 20.500950058785961 ], [ 42.789240021279518, 20.501630059818762 ], [ 42.796100021218052, 20.5043800600791 ], [ 42.801600020325466, 20.509190059401789 ], [ 42.809850021232357, 20.512630059995676 ], [ 42.815340021192348, 20.512630059995676 ], [ 42.824960020281175, 20.514000059123394 ], [ 42.835270020729631, 20.516060059729007 ], [ 42.840770020735341, 20.515380058811377 ], [ 42.85176002070105, 20.514690058839303 ], [ 42.86001002070963, 20.51331005882242 ], [ 42.866190021130919, 20.50988005975497 ], [ 42.873060021115201, 20.507810058625733 ], [ 42.878560021120926, 20.507130058938685 ], [ 42.884060021126643, 20.507130058938685 ], [ 42.888180022006388, 20.507130059780071 ], [ 42.891430020703119, 20.507330058368094 ], [ 42.893660021022306, 20.50770005940069 ], [ 42.897010021074784, 20.510310060329523 ], [ 42.899860022433387, 20.514690058839303 ], [ 42.903980019719867, 20.520870059028525 ], [ 42.910170021085207, 20.52912005885571 ], [ 42.917040021069496, 20.535300059355766 ], [ 42.920470020589605, 20.54080005932893 ], [ 42.923910020155461, 20.547670058808372 ], [ 42.928730019745615, 20.552480059317016 ], [ 42.934220020603917, 20.555230059304371 ], [ 42.940400021025198, 20.560730058825765 ], [ 42.944520021904935, 20.565540060322014 ], [ 42.947270021907798, 20.568980059376091 ], [ 42.95072002062107, 20.575840058715436 ], [ 42.953460020578191, 20.580650060185675 ], [ 42.956890020996624, 20.584090057632306 ], [ 42.95964002099948, 20.587520059404874 ], [ 42.963070021417913, 20.590970058645418 ], [ 42.965240020564316, 20.591680058711969 ], [ 42.967070020850421, 20.591470060043278 ], [ 42.968030020750142, 20.590600058994312 ], [ 42.968480021011956, 20.589310059235885 ], [ 42.968900021136513, 20.587910059114265 ], [ 42.969440020911676, 20.586290059935234 ], [ 42.970630020965181, 20.583820059070575 ], [ 42.972670021313562, 20.582200059347912 ], [ 42.974830020414231, 20.581770059107587 ], [ 42.977200021373811, 20.581880058873711 ], [ 42.980000020707067, 20.581980060197772 ], [ 42.982910021441818, 20.58123005918198 ], [ 42.985820021278244, 20.579940059239647 ], [ 42.987120020936608, 20.579280058631134 ], [ 42.990390020623153, 20.577020059008589 ], [ 42.992290021229451, 20.579540059135162 ], [ 42.994070021286831, 20.58226005867882 ], [ 42.996570021044441, 20.587590058843947 ], [ 42.999570021292556, 20.59159005979846 ], [ 43.002410020808789, 20.5957500590835 ], [ 43.005400021011162, 20.597750059414125 ], [ 43.008220020435907, 20.598920060309108 ], [ 43.011560021340962, 20.599580059181093 ], [ 43.016220021097546, 20.599580059181093 ], [ 43.019720020937861, 20.598580059163471 ], [ 43.023230021722227, 20.596420059005354 ], [ 43.026380020859854, 20.593250058777013 ], [ 43.028550021802893, 20.589920059203834 ], [ 43.03022002135711, 20.586760058141284 ], [ 43.031880020865586, 20.585420058772776 ], [ 43.034380020623182, 20.58427005921121 ], [ 43.036710021399792, 20.583260058910732 ], [ 43.039710020749602, 20.583430058996331 ], [ 43.043040021608903, 20.584760059162935 ], [ 43.046200020792277, 20.587590059684896 ], [ 43.049530020753281, 20.591920058638344 ], [ 43.051870020677313, 20.594250059277446 ], [ 43.052870020760018, 20.596920059350403 ], [ 43.054030020676294, 20.599920058937215 ], [ 43.056200020721015, 20.602910058830197 ], [ 43.059200020969136, 20.607080058720623 ], [ 43.062190021171503, 20.611410058196729 ], [ 43.066360021381641, 20.616570060016226 ], [ 43.071520020730425, 20.621400058664111 ], [ 43.074020021386346, 20.624230059031579 ], [ 43.077350021347343, 20.629060059329198 ], [ 43.080520020576451, 20.633390059302393 ], [ 43.084100020782714, 20.637930060126635 ], [ 43.084850020620159, 20.638890058650581 ], [ 43.08984002098795, 20.645550058964126 ], [ 43.095500020827238, 20.653710058884908 ], [ 43.097500020992641, 20.657220059086573 ], [ 43.098840021732293, 20.660040058834259 ], [ 43.099840020916687, 20.662710059103997 ], [ 43.101500021323467, 20.667040059079586 ], [ 43.103670021368195, 20.671540059218206 ], [ 43.105000021163782, 20.674200059188724 ], [ 43.107170021208503, 20.67686005878452 ], [ 43.108500021004097, 20.679700059351266 ], [ 43.111830020965087, 20.684860060312623 ], [ 43.114330020722697, 20.688190058836568 ], [ 43.1171600210915, 20.690530058867061 ], [ 43.120320021173185, 20.692690059763351 ], [ 43.12166002101452, 20.694190058700027 ], [ 43.123650021134189, 20.697020060085812 ], [ 43.124490021383323, 20.699190059218612 ], [ 43.125990021058222, 20.701180059205736 ], [ 43.128820021427025, 20.703680059365702 ], [ 43.131150021305316, 20.706680058580694 ], [ 43.135150021636143, 20.711350060318317 ], [ 43.137810020329006, 20.714680058593903 ], [ 43.139810021392719, 20.717670058992585 ], [ 43.141140022086638, 20.721510059402185 ], [ 43.141980021437455, 20.727670059898625 ], [ 43.14231002115033, 20.730500058635865 ], [ 43.143810021723546, 20.733330059919158 ], [ 43.144800021760517, 20.737830058793985 ], [ 43.145810020990645, 20.741990058809815 ], [ 43.146470021314727, 20.744660060353585 ], [ 43.148640021359448, 20.746820059032732 ], [ 43.150810021404176, 20.749490059327652 ], [ 43.1551500205953, 20.753320060056652 ], [ 43.157630021159733, 20.755150058802105 ], [ 43.161130021898366, 20.756980059757595 ], [ 43.16413002124817, 20.758320058939262 ], [ 43.166800021783402, 20.760810059749392 ], [ 43.168790021004753, 20.764980059057397 ], [ 43.171460020641675, 20.77081005929028 ], [ 43.172320020982291, 20.772380058650224 ], [ 43.176710022198776, 20.777990059735835 ], [ 43.178740021603097, 20.780010058883192 ], [ 43.185200020610232, 20.787560058681912 ], [ 43.1895200206082, 20.791870058803831 ], [ 43.193830020560419, 20.796190060325895 ], [ 43.199220020961285, 20.801580059097585 ], [ 43.20677002136113, 20.80266005971232 ], [ 43.214320020862665, 20.80266005971232 ], [ 43.228340021213704, 20.802660058872565 ], [ 43.245600021114065, 20.801580059097585 ], [ 43.254230021064252, 20.801580059097585 ], [ 43.259620020566793, 20.80266005971232 ], [ 43.266090022314621, 20.802660058872565 ], [ 43.266090022314621, 20.802660058872565 ] ] ] ] } }
]
}
