{
"type": "FeatureCollection",
"name": "R08",
"crs": { "type": "name", "properties": { "name": "urn:ogc:def:crs:OGC:1.3:CRS84" } },
"features": [
{ "type": "Feature", "properties": { "REG_CODE": "R08", "Region_Nam": "حائل", "region_n_1": "Hail", "GovCounts": "9", "TotalConfi": 7290, "TotalDeath": 125, "TotalRecov": 7051, "TotalActiv": 114, "TotalCalcu": 842, "GlobalID": "{1b808d02-4920-42f5-b7d6-2b0da5a85c3d}", "Shape__Are": 153113260919.0, "Shape__Len": 2119177.8288199999 }, "geometry": { "type": "MultiPolygon", "coordinates": [ [ [ [ 41.614043873976406, 29.207876240867389 ], [ 41.649522218081792, 29.184909064932238 ], [ 41.656484553199178, 29.178926529769331 ], [ 41.669418096909631, 29.167810420878759 ], [ 41.739078598810423, 29.149219611679701 ], [ 41.80731471582704, 29.139214862343557 ], [ 41.867624133810885, 29.137936994200231 ], [ 41.87752310920277, 29.134528700051128 ], [ 41.988325312052453, 29.096314969079053 ], [ 42.069699629662502, 29.097259501827025 ], [ 42.098731320132593, 29.096591370377816 ], [ 42.180115441057339, 29.063602647885197 ], [ 42.193461978033149, 29.051223787224949 ], [ 42.199988817087309, 29.023233589256957 ], [ 42.211943319308951, 29.000216490988439 ], [ 42.230803756821189, 28.978888289175895 ], [ 42.255555821175456, 28.960662536129345 ], [ 42.332838564194617, 28.886866303045842 ], [ 42.371338841814094, 28.822356403268142 ], [ 42.372636856195676, 28.820406291203913 ], [ 42.376650021336985, 28.819399940842398 ], [ 42.384500022210801, 28.818919948315159 ], [ 42.384500651031502, 28.81891991683289 ], [ 42.390450020681691, 28.818689941749113 ], [ 42.39045015273404, 28.818689918137355 ], [ 42.39071583936078, 28.818648650292232 ], [ 42.393540021341487, 28.818209942014072 ], [ 42.393540325870369, 28.818209964838875 ], [ 42.405910021331493, 28.819159942100629 ], [ 42.412340021099723, 28.820109942178423 ], [ 42.416610020868966, 28.820109941391369 ], [ 42.424000021435241, 28.819399940842398 ], [ 42.432631421858957, 28.817833594210359 ], [ 42.434470019920639, 28.817499941891324 ], [ 42.442560020095648, 28.816549941616451 ], [ 42.452790021076474, 28.815829942131074 ], [ 42.461830020207167, 28.814169943153917 ], [ 42.465880020766697, 28.812499941949358 ], [ 42.470870021134488, 28.81011994225285 ], [ 42.47157254231422, 28.809831128234126 ], [ 42.478970021355238, 28.806789942153571 ], [ 42.484440022122044, 28.805359945043996 ], [ 42.484440150581129, 28.805359915131945 ], [ 42.491340020446927, 28.8039299416909 ], [ 42.497050019616616, 28.802739941670929 ], [ 42.500850020829219, 28.802509941886033 ], [ 42.505850020344432, 28.803709941613064 ], [ 42.512040020811455, 28.805839941808777 ], [ 42.516320019728134, 28.8065499411193 ], [ 42.520840020640954, 28.806549941906454 ], [ 42.525972237792942, 28.805912900871544 ], [ 42.526560019856383, 28.805839941808777 ], [ 42.530600021268491, 28.804649942347698 ], [ 42.531558696153184, 28.80442743509121 ], [ 42.5346500200314, 28.803709941613064 ], [ 42.539640022195812, 28.802509944247578 ], [ 42.539640149756586, 28.80250990882444 ], [ 42.542740022901356, 28.801549947741442 ], [ 42.547490020374688, 28.802269942014195 ], [ 42.551300020734708, 28.803459941891127 ], [ 42.554390019597875, 28.804409941894367 ], [ 42.554390151650225, 28.804409916705044 ], [ 42.557010027090925, 28.803929937755051 ], [ 42.562950021024484, 28.801319942181408 ], [ 42.56891002133775, 28.797509941234996 ], [ 42.5729500191566, 28.794179939655557 ], [ 42.57295065067224, 28.794179413776806 ], [ 42.577480020115161, 28.790369940671692 ], [ 42.579065292368405, 28.788778595121691 ], [ 42.580090020375941, 28.78774994074876 ], [ 42.583099319085562, 28.78373519919068 ], [ 42.584370020190924, 28.782039942280473 ], [ 42.586040019745141, 28.779659940655748 ], [ 42.586520021042475, 28.777279940628688 ], [ 42.586990021395756, 28.774899940631197 ], [ 42.588420019852144, 28.772529942315078 ], [ 42.595080019774137, 28.769669942176737 ], [ 42.595423629861891, 28.769522826775919 ], [ 42.598420020679207, 28.76823994224101 ], [ 42.598420167104592, 28.76823962175315 ], [ 42.599610019834387, 28.765629943110522 ], [ 42.599610019834387, 28.763009942300524 ], [ 42.598650020832963, 28.759199941901542 ], [ 42.59675002112499, 28.756809942210758 ], [ 42.594370021017973, 28.749209942771508 ], [ 42.592230021110481, 28.744209940612961 ], [ 42.588660020949966, 28.738259941815137 ], [ 42.587700020151921, 28.736119942053843 ], [ 42.587700020151921, 28.733739941802387 ], [ 42.588900021149485, 28.731119941998788 ], [ 42.599370021431504, 28.72302994232642 ], [ 42.606270019756387, 28.718509942300635 ], [ 42.606716679183634, 28.718301584092114 ], [ 42.609850019962636, 28.716839941274543 ], [ 42.609850583206324, 28.716839445731377 ], [ 42.61364002023118, 28.713509942150246 ], [ 42.6174500205912, 28.710419942289327 ], [ 42.62007001999941, 28.7082799406794 ], [ 42.621331010316553, 28.707598435199419 ], [ 42.623160020659206, 28.706609940985476 ], [ 42.626010021119498, 28.704469941808082 ], [ 42.629820019682882, 28.701849942145675 ], [ 42.629820147243663, 28.701849760919508 ], [ 42.631490021033734, 28.699479941869665 ], [ 42.633630020042915, 28.695669941714058 ], [ 42.637440021301245, 28.689239942226394 ], [ 42.641010020563449, 28.683279941808294 ], [ 42.643150021369259, 28.679729941347976 ], [ 42.644810020877735, 28.677579942240346 ], [ 42.648380021038236, 28.675439940678075 ], [ 42.648892420076294, 28.675098739925886 ], [ 42.652660019954908, 28.672589941322375 ], [ 42.656683798691311, 28.670049542869204 ], [ 42.657190020015157, 28.669729942021242 ], [ 42.662660019883653, 28.663549942317118 ], [ 42.66647002114199, 28.659739941089754 ], [ 42.669560020903475, 28.656169942001576 ], [ 42.671460019713145, 28.655449941802278 ], [ 42.671460152663812, 28.655449921306765 ], [ 42.671813929883946, 28.655407325314034 ], [ 42.673370021263509, 28.655219941681963 ], [ 42.673370214401288, 28.655219967695555 ], [ 42.680500020640466, 28.656169942001576 ], [ 42.686450020907976, 28.658789942377506 ], [ 42.692880020676213, 28.661169941777981 ], [ 42.695500020982735, 28.662589942323088 ], [ 42.697880021089738, 28.663309940778245 ], [ 42.700970020851223, 28.664019941965314 ], [ 42.704540021011738, 28.664259942666607 ], [ 42.707390019675394, 28.665929941623666 ], [ 42.710010020880233, 28.668539941829668 ], [ 42.712150019889414, 28.67044994186735 ], [ 42.71572002094824, 28.673299941900598 ], [ 42.718810019811414, 28.674969941020766 ], [ 42.722620021069744, 28.676159940691946 ], [ 42.726430021429763, 28.67686994229603 ], [ 42.729760021390767, 28.677579942240346 ], [ 42.732850020253935, 28.677579942240346 ], [ 42.73285005618655, 28.677579913867941 ], [ 42.735000020207181, 28.675919942025299 ], [ 42.737370021166761, 28.673539941840506 ], [ 42.740710020275188, 28.668069941958969 ], [ 42.742610019983168, 28.665209940673318 ], [ 42.743925100558513, 28.661848497984053 ], [ 42.744750020788977, 28.659739941878009 ], [ 42.745332801032916, 28.658807004347821 ], [ 42.74713001999767, 28.65592994169624 ], [ 42.749510021002983, 28.652119941798748 ], [ 42.751650020012171, 28.64973994191941 ], [ 42.754510021416515, 28.646179941670848 ], [ 42.758790021231505, 28.643799941803117 ], [ 42.763550021445525, 28.640229941666465 ], [ 42.763784199663675, 28.640135974977007 ], [ 42.768310019862909, 28.638319942150869 ], [ 42.784840115238723, 28.632578315707782 ], [ 42.78544002096524, 28.632369941844889 ], [ 42.790200021179253, 28.630469942220518 ], [ 42.791812022803775, 28.630353761686781 ], [ 42.793530021140249, 28.630229942244668 ], [ 42.797570020755735, 28.630229942244668 ], [ 42.801140021814554, 28.630709940859099 ], [ 42.801140285020935, 28.630709865953975 ], [ 42.804470019978929, 28.629759941753555 ], [ 42.809480021336512, 28.62880994035719 ], [ 42.809480150693915, 28.628809912760069 ], [ 42.813760022049813, 28.627849941690314 ], [ 42.813760651768831, 28.627849913304448 ], [ 42.814969767073265, 28.627790153932732 ], [ 42.823270019737151, 28.62737994236938 ], [ 42.828030020849489, 28.62737994236938 ], [ 42.828030122359117, 28.627379913983379 ], [ 42.832310019766162, 28.626189941759066 ], [ 42.835410021370016, 28.625239941169792 ], [ 42.836560388651513, 28.624779150321537 ], [ 42.838980019733903, 28.623809941860078 ], [ 42.842550019894418, 28.621669942008275 ], [ 42.847310020108424, 28.617149940862951 ], [ 42.849153406190574, 28.614775127664846 ], [ 42.850640020069427, 28.612859941163155 ], [ 42.853020020176437, 28.608099941650671 ], [ 42.854680020583224, 28.603579941680806 ], [ 42.855620021289781, 28.599539941200668 ], [ 42.85611002083624, 28.595019942136261 ], [ 42.856110019937923, 28.589539940960261 ], [ 42.855400021181758, 28.587879941355556 ], [ 42.854920020782728, 28.584309941734357 ], [ 42.854920020782728, 28.58192994196542 ], [ 42.855400021181758, 28.579309941620082 ], [ 42.855870019738404, 28.575739942165228 ], [ 42.854440022180334, 28.572649941077231 ], [ 42.852070021220761, 28.568129941838205 ], [ 42.849690021113751, 28.56479994178369 ], [ 42.846360021152755, 28.561939941917323 ], [ 42.84469002070022, 28.558849941915263 ], [ 42.843970021898322, 28.55598994212955 ], [ 42.843260021345522, 28.552659942262352 ], [ 42.843260021345522, 28.549569941321518 ], [ 42.84302002114601, 28.545759941903622 ], [ 42.843500020646715, 28.541719941897707 ], [ 42.843500020646715, 28.538859941676787 ], [ 42.843260021345522, 28.536249941367185 ], [ 42.841830021092505, 28.534099941314107 ], [ 42.838730021285279, 28.531249942033035 ], [ 42.835650019772906, 28.528629941391095 ], [ 42.834460019719401, 28.524819942374229 ], [ 42.833270020564214, 28.521489940609822 ], [ 42.832790021063509, 28.518159941802207 ], [ 42.832550020863991, 28.51506994175422 ], [ 42.833030020364703, 28.511969940684942 ], [ 42.834460020617719, 28.50768994215349 ], [ 42.837790020578716, 28.502689941373418 ], [ 42.841350020693483, 28.497699942309929 ], [ 42.844450021399027, 28.493649940879049 ], [ 42.846590021306525, 28.490079941965533 ], [ 42.848500020161936, 28.487459941006609 ], [ 42.851897851910039, 28.484911567011963 ], [ 42.852300019577903, 28.484609940667394 ], [ 42.853513057825182, 28.483869112218294 ], [ 42.856590020336945, 28.481989942150719 ], [ 42.861340021403535, 28.481029940610284 ], [ 42.86610002071923, 28.481029940610284 ], [ 42.870150021278761, 28.481029940610284 ], [ 42.870150150636171, 28.481029912184798 ], [ 42.873000020840749, 28.48032994184867 ], [ 42.876100020647968, 28.477709941377803 ], [ 42.879780949271343, 28.474724622043798 ], [ 42.879910021008001, 28.474619942064429 ], [ 42.880988105350141, 28.473755204998017 ], [ 42.884660021176266, 28.470809942210966 ], [ 42.88751002073824, 28.468429941708184 ], [ 42.890130021044762, 28.465809942235389 ], [ 42.890130655255355, 28.465809417867632 ], [ 42.892750018656329, 28.463669937824896 ], [ 42.895610021857316, 28.461529942203974 ], [ 42.897809777697503, 28.460430063726992 ], [ 42.897990021964318, 28.460339942078903 ], [ 42.897990113592478, 28.460339934181388 ], [ 42.898846226922871, 28.460261210157153 ], [ 42.900600021326781, 28.460099941107124 ], [ 42.901186228643532, 28.459906355847579 ], [ 42.902750020381703, 28.459389941952026 ], [ 42.902843137049103, 28.459140756280405 ], [ 42.903460020934503, 28.4574899421468 ], [ 42.902750020381703, 28.453909941613272 ], [ 42.897510020666985, 28.445349942003332 ], [ 42.895850020260198, 28.440829940980834 ], [ 42.894660021105004, 28.43701994202204 ], [ 42.893470021051506, 28.432989941690117 ], [ 42.894660020206686, 28.431789940956467 ], [ 42.894660142377568, 28.431789929106998 ], [ 42.897040021212021, 28.431549940756767 ], [ 42.899900020819729, 28.432019941262489 ], [ 42.902270019982687, 28.432989941690117 ], [ 42.904890021187519, 28.433449942115683 ], [ 42.907388816304326, 28.43287578435233 ], [ 42.907980020949005, 28.432739940980774 ], [ 42.910840020556726, 28.432249938698742 ], [ 42.912980021362529, 28.432499941355658 ], [ 42.91512002127002, 28.433929942042056 ], [ 42.919170020032929, 28.438209942344034 ], [ 42.923210019648408, 28.440589942328074 ], [ 42.925830020853248, 28.442259941248768 ], [ 42.927250020162205, 28.444639941740249 ], [ 42.92987002136703, 28.4474899420978 ], [ 42.930590021067253, 28.44986994100698 ], [ 42.933440020629227, 28.45129994068505 ], [ 42.935590020582467, 28.451539941099771 ], [ 42.935590353857435, 28.451539881863493 ], [ 42.9362878157255, 28.451415581954898 ], [ 42.939630021096264, 28.450819942170508 ], [ 42.942960022853896, 28.449869945745959 ], [ 42.942960151312981, 28.44986990862397 ], [ 42.943011677779353, 28.449854532220716 ], [ 42.94534002116427, 28.449159941074452 ], [ 42.948430020925755, 28.449159941074452 ], [ 42.951530020732989, 28.450349942254206 ], [ 42.953920020885732, 28.45129994068505 ], [ 42.956520021100765, 28.451539941099771 ], [ 42.956520163034583, 28.451539870016237 ], [ 42.958900021207782, 28.450349942254206 ], [ 42.959850021061762, 28.4474899420978 ], [ 42.961520022412607, 28.444639941740249 ], [ 42.964610020377464, 28.441299941340059 ], [ 42.966746709094821, 28.439432441879656 ], [ 42.968420020737497, 28.437969940907195 ], [ 42.971750019800169, 28.435589942018236 ], [ 42.971750284803178, 28.435589675809734 ], [ 42.975310020813261, 28.432019942052452 ], [ 42.97659891909133, 28.431425896215334 ], [ 42.97889002101951, 28.430369940877132 ], [ 42.981942384065533, 28.429465537093744 ], [ 42.982940021579047, 28.429169941244012 ], [ 42.982940560568217, 28.429169941244012 ], [ 42.986270020641733, 28.429169941244012 ], [ 42.98627031528914, 28.429169914384559 ], [ 42.988880020902506, 28.42892994063266 ], [ 42.98888010714078, 28.428929964332237 ], [ 42.991500021209028, 28.429629941684563 ], [ 42.993400020917008, 28.431069941884392 ], [ 42.996500020724234, 28.433929942042056 ], [ 43.000080020930497, 28.436309941933523 ], [ 43.003160020646241, 28.437969941697105 ], [ 43.006250021306037, 28.440829940980834 ], [ 43.009820020568228, 28.442019941101005 ], [ 43.013150021427549, 28.443209942052039 ], [ 43.01315012024223, 28.443209903347956 ], [ 43.013266237374168, 28.443163553219751 ], [ 43.015530020636241, 28.442259941248768 ], [ 43.015658600096117, 28.442004569085661 ], [ 43.016250021234775, 28.44082994177073 ], [ 43.015770020835753, 28.437729941295665 ], [ 43.014110021327284, 28.435829941744451 ], [ 43.011250020821251, 28.431549940756767 ], [ 43.010060020767739, 28.42892994063266 ], [ 43.010540021166769, 28.427029941864326 ], [ 43.011730021220281, 28.425599941165348 ], [ 43.014110021327284, 28.424169941688398 ], [ 43.01487838811903, 28.424030371666976 ], [ 43.01934002099626, 28.4232199413727 ], [ 43.023860021909087, 28.422029944716911 ], [ 43.024015690964667, 28.421974976269087 ], [ 43.027910020671982, 28.420599942048568 ], [ 43.033620020739995, 28.416559940631807 ], [ 43.033620301912677, 28.416559660154036 ], [ 43.037190020900503, 28.412989941973354 ], [ 43.041710020915005, 28.409419942282486 ], [ 43.044099103887852, 28.407898785996238 ], [ 43.046940020583989, 28.406089942359305 ], [ 43.049210813400222, 28.405027695099292 ], [ 43.050510020744497, 28.404419941674202 ], [ 43.053840019807183, 28.403229940785454 ], [ 43.053840151859532, 28.403229917870298 ], [ 43.054316336215223, 28.403158894306937 ], [ 43.058600020919513, 28.402519940854567 ], [ 43.068830021002022, 28.401089937092365 ], [ 43.068830153054371, 28.401089918917908 ], [ 43.077400020677743, 28.399899936733249 ], [ 43.077400152730085, 28.399899916978189 ], [ 43.07760963266783, 28.399863536838861 ], [ 43.082870021444549, 28.398949942332614 ], [ 43.085960021206041, 28.397999940995955 ], [ 43.08613456566237, 28.397982339708342 ], [ 43.088340021313044, 28.397759940857927 ], [ 43.090500020413714, 28.397759940857927 ], [ 43.092630021173782, 28.398709941185221 ], [ 43.095720021833579, 28.400849940791737 ], [ 43.098340021241789, 28.401799941864386 ], [ 43.101430021003274, 28.402039942334792 ], [ 43.101430324633839, 28.402039889392295 ], [ 43.105480027851016, 28.401329936800376 ], [ 43.109760021377795, 28.399189941356049 ], [ 43.110992265605852, 28.398467888100875 ], [ 43.112610020939769, 28.3975199409666 ], [ 43.116900021698818, 28.395619942070383 ], [ 43.119721973162676, 28.394204727880755 ], [ 43.120230020761504, 28.393949940742665 ], [ 43.122610020868507, 28.391569940961467 ], [ 43.1234115911898, 28.391370074159529 ], [ 43.126420021228526, 28.390619940647063 ], [ 43.130700021043523, 28.390379941183745 ], [ 43.130700151299244, 28.39037991115336 ], [ 43.134270021204031, 28.389429942059184 ], [ 43.135930021610818, 28.387529941189307 ], [ 43.137600021165035, 28.385389942137714 ], [ 43.140460019874439, 28.381099940710321 ], [ 43.142103317905146, 28.379595026729486 ], [ 43.143310021233034, 28.378489941869038 ], [ 43.144821777160061, 28.376469558705949 ], [ 43.145450022038844, 28.375629941677833 ], [ 43.147350020848513, 28.372299940848094 ], [ 43.149500020801753, 28.368249940626885 ], [ 43.150690021753576, 28.364919942132897 ], [ 43.15283002076275, 28.362539942190427 ], [ 43.155690022167107, 28.362309942028201 ], [ 43.15569007067613, 28.362309960999781 ], [ 43.158790021076015, 28.363489941084879 ], [ 43.163290021897346, 28.36706994074763 ], [ 43.166630021904083, 28.370629941345157 ], [ 43.16948002056774, 28.37300994084195 ], [ 43.172340021972097, 28.374679940818996 ], [ 43.174480020981271, 28.377529942372348 ], [ 43.175430020835265, 28.381339942211902 ], [ 43.177340020588993, 28.385389941347398 ], [ 43.179000020995787, 28.387999941858137 ], [ 43.181860020603494, 28.390149942110195 ], [ 43.186860021017019, 28.391809941681931 ], [ 43.192330021783832, 28.395139940744503 ], [ 43.196850020900023, 28.39656994182517 ], [ 43.201370020914517, 28.397999940995955 ], [ 43.206370021328041, 28.399659940898225 ], [ 43.211600021895343, 28.403229940785454 ], [ 43.215410019560423, 28.405369942344361 ], [ 43.220170020672747, 28.407749941942523 ], [ 43.223020022031356, 28.409889942271985 ], [ 43.225160021040537, 28.413459941923339 ], [ 43.228020022444888, 28.420129942186254 ], [ 43.229210021600068, 28.422979942280843 ], [ 43.231580020763026, 28.425359941939188 ], [ 43.23587002062375, 28.426549942242367 ], [ 43.239440020784265, 28.427749942350889 ], [ 43.241580020691757, 28.430369941667106 ], [ 43.243960020798767, 28.435119942359904 ], [ 43.245850021359324, 28.43939994191971 ], [ 43.247060020605993, 28.442729942363354 ], [ 43.249670020866773, 28.447969940720601 ], [ 43.251820020820006, 28.454149940842527 ], [ 43.25300002082777, 28.4574899421468 ], [ 43.253960021625822, 28.461049941170788 ], [ 43.25586002223212, 28.466289942182563 ], [ 43.257530020888019, 28.470569941325866 ], [ 43.261570021401809, 28.476529941728849 ], [ 43.27014002107753, 28.487939942063161 ], [ 43.274420020892521, 28.49269994185358 ], [ 43.27894002180534, 28.498169940817203 ], [ 43.283940021320554, 28.503409941273887 ], [ 43.290130020889272, 28.507929942343868 ], [ 43.297740021563577, 28.514829942022839 ], [ 43.303920021086547, 28.518639941347828 ], [ 43.311300020708764, 28.521249942072181 ], [ 43.318920021428809, 28.523629942025135 ], [ 43.327000020659767, 28.524819942374229 ], [ 43.332000021073291, 28.525769941831513 ], [ 43.339610021747596, 28.526729942056988 ], [ 43.343660021408823, 28.526729942056988 ], [ 43.343660104053818, 28.526729913643813 ], [ 43.346520021016531, 28.525769941831513 ], [ 43.346520080305339, 28.525769938674472 ], [ 43.351510021384321, 28.525539941959114 ], [ 43.35678839533135, 28.52456307285799 ], [ 43.357940021152544, 28.524349941055704 ], [ 43.362460022065363, 28.523869942248375 ], [ 43.362882188028081, 28.523805519926626 ], [ 43.36554002088279, 28.523399940640768 ], [ 43.368890020935275, 28.523399942219324 ], [ 43.373420020995525, 28.524349941844974 ], [ 43.377450020565256, 28.524819942374229 ], [ 43.377450355636853, 28.524819880021965 ], [ 43.381260020925275, 28.524109941925229 ], [ 43.383160022429891, 28.522439941661087 ], [ 43.384830021984101, 28.519589941242067 ], [ 43.386970020993282, 28.517679941650218 ], [ 43.387577440228846, 28.516563487944936 ], [ 43.388390021200564, 28.51506994175422 ], [ 43.389044415138954, 28.514525377196531 ], [ 43.38982002055527, 28.513879941870432 ], [ 43.391730021207302, 28.513159942385844 ], [ 43.392114008770442, 28.513083792359819 ], [ 43.394100022166882, 28.512689941978383 ], [ 43.395530020623262, 28.511969940684942 ], [ 43.395529970317611, 28.511969756762824 ], [ 43.394810021821364, 28.50935994077653 ], [ 43.394340020569764, 28.507689941364099 ], [ 43.394340020569764, 28.505069941005008 ], [ 43.395290022220394, 28.502929941886144 ], [ 43.397430022127885, 28.498659942273012 ], [ 43.400290020837282, 28.49483994237136 ], [ 43.403150021343315, 28.491749942173396 ], [ 43.406960020805023, 28.488419941726999 ], [ 43.410760021119309, 28.485559942221823 ], [ 43.411816078770691, 28.485177020127225 ], [ 43.413380021425823, 28.484609940667394 ], [ 43.418850022192629, 28.484369941922694 ], [ 43.424800020663525, 28.484609940667394 ], [ 43.429330020723768, 28.484369941922694 ], [ 43.429330150979482, 28.484369914287676 ], [ 43.435750023141189, 28.482939942799042 ], [ 43.435750151600274, 28.482939914374075 ], [ 43.443360021120554, 28.481279940848378 ], [ 43.450260023038695, 28.479379946147617 ], [ 43.450260058072999, 28.479379939830753 ], [ 43.454310021801604, 28.479149946202796 ], [ 43.454310653317243, 28.479149913039144 ], [ 43.454376480064639, 28.479146757754442 ], [ 43.464540020985794, 28.478659941835012 ], [ 43.467630021645597, 28.477949942624118 ], [ 43.473100022412403, 28.475329940759227 ], [ 43.473100151769806, 28.475329909963296 ], [ 43.473222484345193, 28.475295971259357 ], [ 43.477390022273141, 28.474139941266422 ], [ 43.482380021742607, 28.472949943371923 ], [ 43.485230021304581, 28.471049941761226 ], [ 43.488090021810613, 28.469619942343385 ], [ 43.50047002094805, 28.460959940882475 ], [ 43.51353002229768, 28.458599941246792 ], [ 43.530640020613568, 28.456799940802014 ], [ 43.543240020757345, 28.452299940662186 ], [ 43.555850021845181, 28.449599942161697 ], [ 43.567560022409417, 28.445989941048456 ], [ 43.570552071668956, 28.44506931029829 ], [ 43.579260022029594, 28.442389940673593 ], [ 43.590970021695519, 28.439689941938504 ], [ 43.601782456170596, 28.437527453739982 ], [ 43.604470022362889, 28.436989940646111 ], [ 43.605980130779677, 28.436654360694885 ], [ 43.612570020787011, 28.435189942054766 ], [ 43.62010476509839, 28.433684665877262 ], [ 43.621580020678792, 28.433389942070541 ], [ 43.621580512955568, 28.433389942070541 ], [ 43.635080022244466, 28.433389942070541 ], [ 43.635080151601862, 28.433389912842301 ], [ 43.635140407896181, 28.433376019154505 ], [ 43.646790021910398, 28.430689941957244 ], [ 43.651969814738145, 28.427236747099702 ], [ 43.654890022131148, 28.425289942062395 ], [ 43.664800021648205, 28.417179940860873 ], [ 43.672900021868955, 28.4126799422937 ], [ 43.683710021909604, 28.409079941040538 ], [ 43.690910021606769, 28.40277994075814 ], [ 43.700810021976395, 28.393769941318954 ], [ 43.711620021118726, 28.391969938172462 ], [ 43.719720022237802, 28.393769941318954 ], [ 43.733230022052595, 28.395569940766038 ], [ 43.739683959228195, 28.39476319885139 ], [ 43.740430021749759, 28.394669940912401 ], [ 43.746730021821641, 28.389269941735005 ], [ 43.754840021189828, 28.385669941729375 ], [ 43.764740020661144, 28.38206994120134 ], [ 43.776450023022008, 28.378469947286639 ], [ 43.779330021822894, 28.375099941640588 ], [ 43.779732225423366, 28.375019500726374 ], [ 43.781780022250096, 28.374609940652121 ], [ 43.786330024198463, 28.373249947212866 ], [ 43.786330070012539, 28.373249939308856 ], [ 43.793160022203132, 28.372789942231393 ], [ 43.798630022071634, 28.374149940777549 ], [ 43.806820021805763, 28.375069940903121 ], [ 43.815010022438202, 28.375519940799226 ], [ 43.824580022196628, 28.377789941924924 ], [ 43.834140021909313, 28.379159942354715 ], [ 43.842330021643441, 28.384629941889813 ], [ 43.849610021706553, 28.389179942039252 ], [ 43.856900021815392, 28.392819941755139 ], [ 43.862370021683894, 28.396919941626205 ], [ 43.866010022164595, 28.401019941717525 ], [ 43.869190022337776, 28.404659940950918 ], [ 43.871470022885674, 28.406489940867782 ], [ 43.876930021810104, 28.407839940881431 ], [ 43.886940020886271, 28.409209940923855 ], [ 43.896960021804809, 28.409209940923855 ], [ 43.902420021627563, 28.409209941713979 ], [ 43.908800021167082, 28.410129941798481 ], [ 43.915170021559156, 28.412399942159965 ], [ 43.918810022039878, 28.412399942159965 ], [ 43.918810105583198, 28.412399913716023 ], [ 43.920672646442149, 28.411780884995881 ], [ 43.925640021841183, 28.410129941798481 ], [ 43.931560022869789, 28.408759943383131 ], [ 43.936570022430743, 28.408759941802863 ], [ 43.942940021924514, 28.412849940828579 ], [ 43.9465800206086, 28.418319942206395 ], [ 43.951130020760331, 28.422869942350651 ], [ 43.95705002178893, 28.426050067018974 ], [ 43.962060021349892, 28.426509941978118 ], [ 43.9620600806387, 28.426509862187707 ], [ 43.962251852087228, 28.426254207108951 ], [ 43.962266396709992, 28.426234815622486 ], [ 44.298103397342942, 28.438124440941749 ], [ 44.298103598565568, 28.438123895108902 ], [ 44.367366650750377, 28.250799931909174 ], [ 44.317633654663631, 28.238583419933235 ], [ 44.233600655290928, 28.157699918811492 ], [ 44.225117155292232, 28.155116418996347 ], [ 44.190617154684681, 28.136249918871215 ], [ 44.186933655981292, 28.124416418629465 ], [ 44.19041665610316, 28.119849919125855 ], [ 44.250700656256036, 28.050916919095219 ], [ 44.185330155114301, 27.989889419044346 ], [ 44.183983655961882, 27.988633418950048 ], [ 44.158550155684217, 27.966949418990783 ], [ 44.13508365596001, 27.943199419224133 ], [ 44.117567155604995, 27.934099418683605 ], [ 44.108699656365054, 27.929025419005107 ], [ 44.103033655779662, 27.925783418798591 ], [ 44.101367156061798, 27.920899918636731 ], [ 44.069767156143243, 27.900216419060733 ], [ 44.051767155552874, 27.883632919094541 ], [ 44.020683656379973, 27.868882919382202 ], [ 43.983666656296379, 27.840516417943039 ], [ 43.933383654998842, 27.834099919220325 ], [ 43.918566655852992, 27.82446691876568 ], [ 43.901533655733353, 27.834266919077933 ], [ 43.901933655766427, 27.817516417921524 ], [ 43.871783655294081, 27.83414991927124 ], [ 43.732833155343215, 27.803357417929021 ], [ 43.732814155076646, 27.803300294335298 ], [ 43.732674280200385, 27.803322418616851 ], [ 43.658567029608307, 27.786899793715804 ], [ 43.633343371289435, 27.769957610057538 ], [ 43.541509597822177, 27.708274857956521 ], [ 43.490083652022342, 27.673733164152988 ], [ 43.40865565288756, 27.629100163617622 ], [ 43.405876902304023, 27.627577039287932 ], [ 43.392600401581035, 27.620299788239723 ], [ 43.3926004231406, 27.620299602785071 ], [ 43.39320030820587, 27.615016742258621 ], [ 43.393200021643288, 27.615015509283865 ], [ 43.394261932717058, 27.605663647660592 ], [ 43.394422848832221, 27.604246504766 ], [ 43.397668145746771, 27.575665921966426 ], [ 43.397840130004546, 27.574151297192902 ], [ 43.399363618827486, 27.560734278945965 ], [ 43.400533284616223, 27.550433295069457 ], [ 43.400731789836129, 27.549242259811212 ], [ 43.403710605114902, 27.531369289694538 ], [ 43.404391256809056, 27.527285362787577 ], [ 43.40547319941534, 27.520793677965592 ], [ 43.4063544961164, 27.515505872268506 ], [ 43.407566087177763, 27.508236296244682 ], [ 43.408093939035339, 27.505069168853534 ], [ 43.408652658802716, 27.501716829229274 ], [ 43.409262312148378, 27.498058889879633 ], [ 43.410831967190404, 27.488640852303966 ], [ 43.411096770773227, 27.487052007907028 ], [ 43.411097270236532, 27.487051702690842 ], [ 43.415200151921894, 27.462435413887743 ], [ 43.415550652087873, 27.461953913999292 ], [ 43.415540151680524, 27.461939413325236 ], [ 43.415539853439846, 27.461939006808947 ], [ 43.41724977232866, 27.450133065313231 ], [ 43.417249774125288, 27.450132508087137 ], [ 43.417500271138884, 27.400350065847292 ], [ 43.433683271861966, 27.400450066398847 ], [ 43.433683276353548, 27.400449508124431 ], [ 43.434133267632184, 27.366800064931279 ], [ 43.450000270682715, 27.333883566224294 ], [ 43.450416762886093, 27.317416564089676 ], [ 43.43421677232606, 27.316816565063533 ], [ 43.434216768732796, 27.316816007963567 ], [ 43.434016775004459, 27.300566565104941 ], [ 43.359125771276446, 27.24278956584013 ], [ 43.350500270987517, 27.233800064820915 ], [ 43.30083327232807, 27.217000064715464 ], [ 43.30083367836658, 27.216999646914587 ], [ 43.316983270744238, 27.200350065342946 ], [ 43.31698299585976, 27.200349791294926 ], [ 43.30028327071053, 27.183733566091657 ], [ 43.300283269812212, 27.183733008324843 ], [ 43.300033273160224, 27.13408306466329 ], [ 43.234299770897003, 27.166750065650696 ], [ 43.167316771362387, 27.050933065687794 ], [ 43.150183272220332, 27.033899565384353 ], [ 43.117266770591662, 27.016750065121325 ], [ 43.100133770912912, 26.984183564256181 ], [ 43.066716771127048, 26.950883564744032 ], [ 42.950100270211621, 26.917366564769537 ], [ 42.949269271081626, 26.913290565846268 ], [ 42.946862521840401, 26.915697315275274 ], [ 42.946862271210442, 26.915697565188513 ], [ 42.937767270929847, 26.911008065319873 ], [ 42.93620576899734, 26.910202688380778 ], [ 42.93588077110396, 26.910035063607456 ], [ 42.932011115422547, 26.908039878090378 ], [ 42.91699977115487, 26.900300065373404 ], [ 42.877735270672055, 26.861283064830573 ], [ 42.873777271072335, 26.85718906527762 ], [ 42.833883270764282, 26.817400065896322 ], [ 42.784216769771497, 26.80020006437708 ], [ 42.766683770059657, 26.80050006490557 ], [ 42.740083270193026, 26.754050064838417 ], [ 42.741850270729941, 26.751266564987326 ], [ 42.738722895662747, 26.745808939007308 ], [ 42.736853270689458, 26.742546065246341 ], [ 42.736852644563704, 26.742544939718734 ], [ 42.73441289571052, 26.738286940085963 ], [ 42.733933394774795, 26.73744993990514 ], [ 42.729432271059352, 26.732603189839885 ], [ 42.729432271059352, 26.732603064681193 ], [ 42.727419770836768, 26.730435564906045 ], [ 42.715956270681431, 26.718092065192742 ], [ 42.715439770834109, 26.71776956425515 ], [ 42.715422269855736, 26.717764065380727 ], [ 42.715422283330469, 26.717763778120098 ], [ 42.71542762740809, 26.71764392217003 ], [ 42.715432770263092, 26.717528565182327 ], [ 42.712271517929899, 26.714124366078664 ], [ 42.700950271389701, 26.701933064273391 ], [ 42.690516770555988, 26.684933064918255 ], [ 42.663750771369621, 26.659751565331021 ], [ 42.663300771107828, 26.659947564612104 ], [ 42.663367269795053, 26.659423565371473 ], [ 42.646827274086483, 26.643882831295979 ], [ 42.621266770892269, 26.61986656419122 ], [ 42.605133270036291, 26.591850064618288 ], [ 42.604900769871094, 26.589310065171691 ], [ 42.604121279241184, 26.580786185890638 ], [ 42.604121266664762, 26.580786065385553 ], [ 42.604115268613604, 26.580720565227523 ], [ 42.60401372125726, 26.579610537835102 ], [ 42.601191223617704, 26.548757272225913 ], [ 42.600516663399503, 26.541383511187416 ], [ 42.60051664543321, 26.541383315098404 ], [ 42.547729769944233, 26.514919064777501 ], [ 42.538512771261537, 26.510298065395173 ], [ 42.519766771031669, 26.500899564898045 ], [ 42.366949771252251, 26.450267064729349 ], [ 42.352626269692571, 26.45392206498563 ], [ 42.352181270351963, 26.454587564220592 ], [ 42.341828537045451, 26.457154217136697 ], [ 42.292976771184435, 26.46926556533468 ], [ 42.292634769979358, 26.469232063715406 ], [ 42.276366270302482, 26.473383564672986 ], [ 42.275177770435505, 26.460177564920823 ], [ 42.274316770269976, 26.450617064695319 ], [ 42.270427770267233, 26.446837565032205 ], [ 42.240016770577284, 26.417283063630958 ], [ 42.236916769871733, 26.403383565101354 ], [ 42.234033270336184, 26.401449565005667 ], [ 42.22589677066712, 26.392776065123766 ], [ 42.220587769558797, 26.387116563900431 ], [ 42.210168269867097, 26.376008564708187 ], [ 42.201733269910591, 26.367016564685535 ], [ 42.200016269602393, 26.356283563704345 ], [ 42.192633269607121, 26.358400065018238 ], [ 42.185283769585432, 26.333966564023203 ], [ 42.167433270217899, 26.321400065153647 ], [ 42.176216769792248, 26.301400063703358 ], [ 42.18721676980369, 26.292866565073314 ], [ 42.217416270143154, 26.286816564168316 ], [ 42.199752770373365, 26.261132064044833 ], [ 42.184383269598548, 26.238783064645546 ], [ 42.137521271193542, 26.208053565140137 ], [ 42.137317270080729, 26.207919563685049 ], [ 42.137317159587944, 26.207919491954065 ], [ 42.107210508217939, 26.188177370947393 ], [ 42.09201727037658, 26.178214564044019 ], [ 42.075565270039995, 26.167426063622994 ], [ 42.043764270280001, 26.146573063804251 ], [ 42.030910078351859, 26.138143635727204 ], [ 42.023600268594372, 26.133350064006169 ], [ 42.02304672581797, 26.131899094366688 ], [ 42.021938270334381, 26.128993563647864 ], [ 42.019561269702116, 26.122759064239069 ], [ 42.01170827025188, 26.102165564331465 ], [ 42.011708227132743, 26.102165577238619 ], [ 42.011671398002726, 26.102069063167917 ], [ 42.011657994240373, 26.10203392099401 ], [ 41.98586664467939, 26.034400064186944 ], [ 41.957800019708905, 26.016950065064385 ], [ 41.945659895905159, 26.012383188998193 ], [ 41.945012519605761, 26.012915689733376 ], [ 41.942140269672514, 26.011139564052861 ], [ 41.941203768802303, 26.010707564265342 ], [ 41.941199771299289, 26.010705563709465 ], [ 41.936890269912055, 26.009084064013976 ], [ 41.932610270097065, 26.008050063760749 ], [ 41.928579771064022, 26.00615006424762 ], [ 41.928408771359805, 26.005893563859644 ], [ 41.923548769790052, 26.004065564867652 ], [ 41.918766769834725, 26.002267064299694 ], [ 41.900933270185625, 25.970383063961261 ], [ 41.900750269887517, 25.953783065086096 ], [ 41.900910269721095, 25.952800564341842 ], [ 41.90030976930985, 25.95303006532 ], [ 41.873857802282181, 25.907723007904774 ], [ 41.872433270972621, 25.905283064600543 ], [ 41.859733270371422, 25.891049564196905 ], [ 41.838266769914306, 25.884066564794377 ], [ 41.838087713220297, 25.883974904064214 ], [ 41.837972770186433, 25.883916064132194 ], [ 41.820639863017604, 25.875027723109291 ], [ 41.81098376962067, 25.870076063681385 ], [ 41.796938770053579, 25.862873565152167 ], [ 41.794610268565187, 25.861240064050786 ], [ 41.791530269747753, 25.859100064344151 ], [ 41.789139770131705, 25.857190064236505 ], [ 41.7880697697288, 25.856814063718623 ], [ 41.786816269564497, 25.857683063929173 ], [ 41.751099770399186, 25.857650064395997 ], [ 41.671616770279911, 25.885766563692048 ], [ 41.700300269254313, 25.789383064038219 ], [ 41.585916769929412, 25.768200063844048 ], [ 41.569605770058139, 25.725414063682475 ], [ 41.569133269693424, 25.72530656394866 ], [ 41.454766770086962, 25.73621656375909 ], [ 41.450594770227006, 25.732543564198416 ], [ 41.450594602242042, 25.732543416918574 ], [ 41.450594268068762, 25.732543124786591 ], [ 41.450562770439952, 25.732515564032681 ], [ 41.450547770371337, 25.732502565369646 ], [ 41.450357801841577, 25.731825181975399 ], [ 41.450357768603908, 25.73182506301789 ], [ 41.450000269663548, 25.732020064156199 ], [ 41.319883769877386, 25.61668356305324 ], [ 41.300690768860441, 25.534207063712604 ], [ 41.300568763271812, 25.534090057136808 ], [ 41.296440126887248, 25.530141959785382 ], [ 41.293959768793329, 25.527770063706654 ], [ 41.287349769100054, 25.521160064184865 ], [ 41.285419769254837, 25.519230062885331 ], [ 41.283917539961401, 25.517992213764387 ], [ 41.283149768752686, 25.517359564317609 ], [ 41.278990269848222, 25.513840063938439 ], [ 41.277846285995146, 25.512888160208874 ], [ 41.273269770271185, 25.509080063632521 ], [ 41.270889769265857, 25.506940064054341 ], [ 41.266935704287086, 25.503967958784131 ], [ 41.266140268560882, 25.503370064264139 ], [ 41.261610270297268, 25.499079564267042 ], [ 41.259476369950548, 25.497407618608833 ], [ 41.258279769974656, 25.496470063614272 ], [ 41.256509928964817, 25.494730220693523 ], [ 41.256509769064706, 25.494730064201072 ], [ 41.256048783305289, 25.49506596383484 ], [ 41.255590268811233, 25.495400063281817 ], [ 41.255098762790048, 25.496107146107445 ], [ 41.254429770329978, 25.497069563859888 ], [ 41.250863455957074, 25.497533245127535 ], [ 41.250580269250278, 25.49757006377466 ], [ 41.247597262432386, 25.498009476093479 ], [ 41.246099769057132, 25.49823006422568 ], [ 41.243929769012418, 25.499230063921413 ], [ 41.241259769375489, 25.500560063664203 ], [ 41.240539942151798, 25.500752049351334 ], [ 41.23811026970116, 25.501400064150463 ], [ 41.235110270351363, 25.501400064150463 ], [ 41.230498867655015, 25.501243274613557 ], [ 41.230110269039521, 25.501230068338852 ], [ 41.230110020206183, 25.501230066717252 ], [ 41.225270379850656, 25.50136003511043 ], [ 41.223779770265423, 25.501400064150463 ], [ 41.221637125717727, 25.501757170920705 ], [ 41.220779769118984, 25.501900063600708 ], [ 41.21972323715714, 25.502135397755978 ], [ 41.216290269603327, 25.502900064364951 ], [ 41.212960019012364, 25.504559938964576 ], [ 41.212959769280715, 25.50456006382398 ], [ 41.21062026881998, 25.505400063901899 ], [ 41.207119770414685, 25.506560063809331 ], [ 41.202629768740778, 25.507390064624225 ], [ 41.199290269095648, 25.508740064323284 ], [ 41.196800269383793, 25.509730064401424 ], [ 41.195133269304314, 25.510623397353392 ], [ 41.194299769264568, 25.511070064174444 ], [ 41.193809893685632, 25.511146025630847 ], [ 41.191139769182882, 25.511560064380632 ], [ 41.18196989522167, 25.51272158082023 ], [ 41.180639769661951, 25.512890063777409 ], [ 41.180006266943799, 25.512980570805563 ], [ 41.173640269444618, 25.513890063824007 ], [ 41.172617868971997, 25.514400976109091 ], [ 41.170979768593519, 25.515219563146488 ], [ 41.167979770142033, 25.516390063977891 ], [ 41.163820269440947, 25.517389563858284 ], [ 41.162737769879172, 25.518007704326106 ], [ 41.161490269562648, 25.518720063712831 ], [ 41.158989770341741, 25.51955006396188 ], [ 41.158462117910162, 25.519581556216462 ], [ 41.156149769028886, 25.51971956283618 ], [ 41.153810897388837, 25.519446231961155 ], [ 41.153330269067432, 25.519390064340936 ], [ 41.151858551052619, 25.519094513676112 ], [ 41.15089026868597, 25.518900063668234 ], [ 41.150890169871289, 25.518900093663337 ], [ 41.150575993982137, 25.518995789362801 ], [ 41.148199768595951, 25.51971956283618 ], [ 41.143969769009672, 25.520780064362526 ], [ 41.140789769734823, 25.521570062921036 ], [ 41.138680269427851, 25.522099563307055 ], [ 41.132144997888105, 25.525263796877166 ], [ 41.130479770184685, 25.526070063637054 ], [ 41.127040269183809, 25.527390063740633 ], [ 41.124660269076806, 25.528720063624942 ], [ 41.122890644560947, 25.530325219868782 ], [ 41.121749768878757, 25.531360063138397 ], [ 41.120169768837918, 25.532150064179746 ], [ 41.118453452147655, 25.532414534768463 ], [ 41.116730269633678, 25.532680064209238 ], [ 41.116730019003711, 25.532680064209238 ], [ 41.112500269149081, 25.532680064209238 ], [ 41.109320268975921, 25.532150064179746 ], [ 41.109320138720193, 25.53215008363388 ], [ 41.107600603366265, 25.532414974106743 ], [ 41.10587976904845, 25.532680064209238 ], [ 41.099269769355161, 25.533209564199606 ], [ 41.097018267859653, 25.534030225271533 ], [ 41.096360268982032, 25.534270063215615 ], [ 41.096053128698181, 25.534498717202872 ], [ 41.095299770059881, 25.535059563612613 ], [ 41.091600268768012, 25.535059563612613 ], [ 41.084737371762685, 25.533917623199137 ], [ 41.083670270223202, 25.533740063727233 ], [ 41.082300579265102, 25.53363013710381 ], [ 41.077060268733291, 25.533209564199606 ], [ 41.072560268810271, 25.533209564199606 ], [ 41.06806026798894, 25.529770063656361 ], [ 41.067671531931204, 25.529543235057822 ], [ 41.064889770194839, 25.527920063724569 ], [ 41.064414771615311, 25.527737702185796 ], [ 41.061450269193976, 25.526599565242403 ], [ 41.058902662319575, 25.525815030218144 ], [ 41.058009769266505, 25.525540064397745 ], [ 41.054840268602369, 25.52634006395537 ], [ 41.053258499778735, 25.528077283716708 ], [ 41.052199768741069, 25.52924006373923 ], [ 41.051794210831325, 25.529906391145445 ], [ 41.051390268990779, 25.530570064189575 ], [ 41.05047185569881, 25.531358487342949 ], [ 41.049549769195629, 25.532150064179746 ], [ 41.046392058919608, 25.533337004622865 ], [ 41.045319992391548, 25.533739980237673 ], [ 41.045319768711039, 25.533740063727233 ], [ 41.043469769231777, 25.536650063611429 ], [ 41.043296250651487, 25.536881494082426 ], [ 41.041880268608487, 25.538770064158907 ], [ 41.040030020295887, 25.53916506362097 ], [ 41.038179770186659, 25.5395600642135 ], [ 41.035537385659886, 25.540384637232332 ], [ 41.033949767905426, 25.540880064192336 ], [ 41.033799003651296, 25.540940580779782 ], [ 41.031310268767356, 25.541939564087215 ], [ 41.029399397647808, 25.543114057825683 ], [ 41.027860269155759, 25.544060063597946 ], [ 41.025470269003009, 25.546440064200702 ], [ 41.01940026818658, 25.549610064038433 ], [ 41.015439770372062, 25.551990063856717 ], [ 41.014904511904959, 25.552166914710909 ], [ 41.013050269682601, 25.552779564276261 ], [ 41.011729768672836, 25.553310063933903 ], [ 41.010272103902331, 25.553575594916634 ], [ 41.008820269198011, 25.553840063631469 ], [ 41.00776417741065, 25.554191984755015 ], [ 41.007229768749816, 25.554370065037148 ], [ 41.004335510990423, 25.555710187804181 ], [ 40.989520269847581, 25.562570063596645 ], [ 40.979990269373815, 25.567060063915946 ], [ 40.975451640995267, 25.569189893228838 ], [ 40.971530269302946, 25.571030063121643 ], [ 40.968388974840423, 25.573058550648742 ], [ 40.9676897693424, 25.573510063141086 ], [ 40.967374676273337, 25.57426831416042 ], [ 40.967270268681126, 25.574519564103365 ], [ 40.96677026908894, 25.57685006372337 ], [ 40.96677026908894, 25.579180062601971 ], [ 40.966610269255362, 25.581690063600124 ], [ 40.965110268682146, 25.583180064328062 ], [ 40.964567714098308, 25.583315618048005 ], [ 40.961109768888022, 25.584179564008139 ], [ 40.959815074679739, 25.585041074657894 ], [ 40.959110269084228, 25.585510063946508 ], [ 40.957813968688214, 25.586212063749912 ], [ 40.956949768723639, 25.586680064031611 ], [ 40.953780268957821, 25.588009563913985 ], [ 40.95141068481653, 25.58834841480402 ], [ 40.950280270015824, 25.588510064325519 ], [ 40.946790269322939, 25.589180063760214 ], [ 40.943949769445098, 25.59084006386276 ], [ 40.934459769154302, 25.595010063915968 ], [ 40.932803147311297, 25.595689103160463 ], [ 40.931629768785484, 25.596170063701351 ], [ 40.923970019410753, 25.596170063701351 ], [ 40.923969768780793, 25.596170063701351 ], [ 40.921800019366025, 25.596170063701351 ], [ 40.921799768736065, 25.596170063701351 ], [ 40.921067968766273, 25.596570063728652 ], [ 40.919970268811582, 25.597170064096844 ], [ 40.919969894214105, 25.597170064096844 ], [ 40.917640268034965, 25.597170064096844 ], [ 40.916885632890654, 25.596641525698718 ], [ 40.915969769017458, 25.596000063710001 ], [ 40.914886532837158, 25.595192851299746 ], [ 40.913970269213657, 25.594510063835411 ], [ 40.911810268316366, 25.594010064095325 ], [ 40.911810220705654, 25.594010111085218 ], [ 40.910810270030296, 25.595010063915968 ], [ 40.909640269169962, 25.598170064232672 ], [ 40.90848026925368, 25.598840063842381 ], [ 40.908479968318055, 25.598840020905076 ], [ 40.904980269413372, 25.598340064380185 ], [ 40.903085232897332, 25.597240279699825 ], [ 40.901809768924323, 25.596500064043234 ], [ 40.89714976916774, 25.592340064155916 ], [ 40.895030249950416, 25.59057644816518 ], [ 40.892150268217513, 25.588180063817422 ], [ 40.887159768386425, 25.585679562730174 ], [ 40.885493298312973, 25.584964697374168 ], [ 40.884829770304762, 25.584680064235091 ], [ 40.882330269112146, 25.584680064235091 ], [ 40.882330019380497, 25.584680064235091 ], [ 40.879330269762342, 25.584680064235091 ], [ 40.876660269227109, 25.585170063403936 ], [ 40.875742711131295, 25.58557692799997 ], [ 40.87400026873761, 25.586349564240702 ], [ 40.870999769026213, 25.588839564026618 ], [ 40.869873493662325, 25.589876276659503 ], [ 40.869000269222404, 25.59068006380167 ], [ 40.862170269421092, 25.595010063915968 ], [ 40.859840268644483, 25.595500063717054 ], [ 40.857510268766191, 25.595670063608907 ], [ 40.857510146595317, 25.595670045785404 ], [ 40.855882393910605, 25.595422563745746 ], [ 40.855339769258165, 25.595340064217663 ], [ 40.854339769175468, 25.593670063402325 ], [ 40.853839768684949, 25.591340063889739 ], [ 40.854435298717732, 25.590250489753021 ], [ 40.854551346679393, 25.590038172037133 ], [ 40.854840201755628, 25.589509688007507 ], [ 40.854840270027594, 25.589509564046757 ], [ 40.854971678282304, 25.589349289978397 ], [ 40.856340268804182, 25.587680064357773 ], [ 40.856985095684799, 25.586907391335931 ], [ 40.858009768895094, 25.585679564350624 ], [ 40.859111119603099, 25.584073414800351 ], [ 40.859840268644483, 25.583010063703405 ], [ 40.860680268893631, 25.580680064026595 ], [ 40.860840268727195, 25.578520064317196 ], [ 40.860510269014313, 25.575520063081861 ], [ 40.859968191435897, 25.574073439087908 ], [ 40.859509768569993, 25.57285006438801 ], [ 40.859139468636833, 25.571900170293816 ], [ 40.858340268969584, 25.569850063689401 ], [ 40.855339769258165, 25.567689563888784 ], [ 40.853415971381686, 25.567136781626736 ], [ 40.853009769379888, 25.567020064076846 ], [ 40.850679768603271, 25.566680063689535 ], [ 40.85018734540219, 25.566717999667333 ], [ 40.848349767826654, 25.566859563787865 ], [ 40.846557153626058, 25.567132587242433 ], [ 40.846179768680258, 25.56719006390853 ], [ 40.842020268877469, 25.56719006390853 ], [ 40.838510268991421, 25.566680063689535 ], [ 40.83851001117494, 25.56667995591225 ], [ 40.837770707577576, 25.566370201971999 ], [ 40.835359768593861, 25.565360064240018 ], [ 40.831459350105547, 25.562799897004947 ], [ 40.830530269319574, 25.562190063711864 ], [ 40.82553026890605, 25.557200063661909 ], [ 40.821030268983037, 25.552370063674676 ], [ 40.819370267677932, 25.549699564316949 ], [ 40.815700269754942, 25.546700064216513 ], [ 40.813370268978332, 25.542870064219777 ], [ 40.809040268934623, 25.537720062668868 ], [ 40.806449187193735, 25.534202783065314 ], [ 40.804369768770684, 25.531380063741992 ], [ 40.801879769058822, 25.527380063917263 ], [ 40.80088085324266, 25.526133992341972 ], [ 40.799210268885204, 25.524050062605212 ], [ 40.795220268600119, 25.520720063725925 ], [ 40.792049768111077, 25.518889563759316 ], [ 40.78871027205922, 25.517890057723971 ], [ 40.788508614650972, 25.517836720290067 ], [ 40.784890268958499, 25.51687956416151 ], [ 40.781890267812066, 25.515560063765914 ], [ 40.778060269157187, 25.512560064155444 ], [ 40.775730268380585, 25.510230064032861 ], [ 40.772900268011782, 25.507230064200414 ], [ 40.771560269068765, 25.504059563034904 ], [ 40.771230269355883, 25.501729564182572 ], [ 40.771400269235201, 25.49890006405829 ], [ 40.772730269030781, 25.496570063234206 ], [ 40.774390269437575, 25.494740064311635 ], [ 40.77549998256255, 25.493129334403797 ], [ 40.77622976761117, 25.492070063618304 ], [ 40.776388843976626, 25.491025606139765 ], [ 40.776560268583978, 25.489900062720473 ], [ 40.776673268561879, 25.487460063616858 ], [ 40.776729768999985, 25.486240064139693 ], [ 40.776389769241369, 25.481080064330836 ], [ 40.776140590954597, 25.479334069786024 ], [ 40.775890269112473, 25.477580062766879 ], [ 40.774390269437575, 25.473750063142845 ], [ 40.772730269030781, 25.470420063850113 ], [ 40.770400269152489, 25.466920064278618 ], [ 40.768940634376563, 25.465353168168694 ], [ 40.768229768746153, 25.464590064015155 ], [ 40.767786175268967, 25.463365550947778 ], [ 40.766900269312174, 25.46092006262279 ], [ 40.766254091365376, 25.459812012150493 ], [ 40.765739768135973, 25.458930063829566 ], [ 40.765081455746312, 25.457501167708163 ], [ 40.763740269230496, 25.454590063697996 ], [ 40.762400269389161, 25.450759563333978 ], [ 40.760315552702565, 25.447110606002443 ], [ 40.759069769066549, 25.444930063025467 ], [ 40.757515445571464, 25.441364925734916 ], [ 40.756240268161044, 25.438440064253808 ], [ 40.755016798676685, 25.435766543156355 ], [ 40.754409769309966, 25.434440063209315 ], [ 40.752079769431674, 25.43061006416529 ], [ 40.750813993788995, 25.429679552902723 ], [ 40.748910268767538, 25.428280063726014 ], [ 40.745750268685846, 25.426449563837203 ], [ 40.743420268807562, 25.425280063985202 ], [ 40.743420095432704, 25.425280039645905 ], [ 40.738580269125912, 25.424610063821184 ], [ 40.732589769212133, 25.42378006369664 ], [ 40.727760269937846, 25.422280060156407 ], [ 40.727760224123763, 25.422280042307147 ], [ 40.726654544434403, 25.421725624353442 ], [ 40.724429768716909, 25.420610063702441 ], [ 40.723593970786673, 25.420020033811515 ], [ 40.720420268701957, 25.417779562695866 ], [ 40.718090268823666, 25.41627956319563 ], [ 40.715269768139002, 25.416119564094828 ], [ 40.71293026767826, 25.416119564094828 ], [ 40.710099767846152, 25.416119564094828 ], [ 40.706139260150174, 25.415985303138651 ], [ 40.705099769229264, 25.415950063608896 ], [ 40.704381922790773, 25.415983312842226 ], [ 40.701440268120365, 25.416119564094828 ], [ 40.697944608041183, 25.41643522369235 ], [ 40.697780268446479, 25.416450063636638 ], [ 40.69778001871483, 25.416450058768426 ], [ 40.693950268893289, 25.41627956319563 ], [ 40.684450270353373, 25.414950063824417 ], [ 40.676289768598238, 25.413789564288589 ], [ 40.672450335836238, 25.414201931624529 ], [ 40.671629768841647, 25.414290064162174 ], [ 40.668630268955141, 25.414950063824417 ], [ 40.66676428844697, 25.415391755205285 ], [ 40.665799769123041, 25.415620063314861 ], [ 40.662299768384422, 25.416450063636638 ], [ 40.659630269109108, 25.41694956422371 ], [ 40.658007062798049, 25.417710012871567 ], [ 40.656790268694564, 25.418280063857701 ], [ 40.653969768908198, 25.418620063308644 ], [ 40.651262342761605, 25.418213482267422 ], [ 40.650640268410505, 25.418120064166128 ], [ 40.646640268079679, 25.417280063924551 ], [ 40.645796291887095, 25.417153359687131 ], [ 40.643309768655385, 25.416780064093203 ], [ 40.641172454710592, 25.416138132329323 ], [ 40.639980269056004, 25.415780063889844 ], [ 40.638333737090271, 25.415079211814941 ], [ 40.636479767955755, 25.414290063350791 ], [ 40.63539496421528, 25.413789604046563 ], [ 40.632490268930617, 25.412449563962898 ], [ 40.630623102646254, 25.411983355115005 ], [ 40.630489769301896, 25.411950060151806 ], [ 40.627649768887352, 25.411790064231827 ], [ 40.624405019046819, 25.411540064147125 ], [ 40.621160268307968, 25.411290064355587 ], [ 40.621160018576312, 25.411290064355587 ], [ 40.618830269327987, 25.411290062732775 ], [ 40.61683026916257, 25.409790062837846 ], [ 40.615335239866134, 25.408534552910449 ], [ 40.614829768635552, 25.408110063787699 ], [ 40.608829769037641, 25.404960063765365 ], [ 40.605169767567119, 25.403630063096536 ], [ 40.601999768338011, 25.403630063096536 ], [ 40.597340268044725, 25.404290064291068 ], [ 40.594840269185426, 25.4052900632045 ], [ 40.59201026881663, 25.40612006321291 ], [ 40.590143930778972, 25.407109113721233 ], [ 40.589179768984522, 25.407620064119875 ], [ 40.587678022086394, 25.408288727346356 ], [ 40.586170269052275, 25.408960063739471 ], [ 40.582020268933633, 25.411450063373099 ], [ 40.575700268770255, 25.414120063725584 ], [ 40.572520268597088, 25.415620063314861 ], [ 40.569360269413714, 25.416780064093203 ], [ 40.567175263012174, 25.418387906126384 ], [ 40.566859768396185, 25.418620064119999 ], [ 40.566237068817635, 25.41905801065046 ], [ 40.564030269287308, 25.420610063702441 ], [ 40.561200268918505, 25.421610062788801 ], [ 40.557210268633419, 25.423450063740479 ], [ 40.552550268876836, 25.425280063985202 ], [ 40.55003976601693, 25.426780061020725 ], [ 40.548199769278341, 25.428440063723926 ], [ 40.545538221889942, 25.43096592489248 ], [ 40.541540268819645, 25.434760062858683 ], [ 40.538040268979337, 25.437110062990811 ], [ 40.53633924700511, 25.437909341891839 ], [ 40.535209769147237, 25.438440064253808 ], [ 40.53381278467586, 25.439039628242011 ], [ 40.532879769268945, 25.439440063839289 ], [ 40.529550267872928, 25.44077006371182 ], [ 40.526050268930931, 25.442100062688286 ], [ 40.526050018300964, 25.442100069989049 ], [ 40.522380268312993, 25.44227005772952 ], [ 40.519220269129619, 25.442930063975062 ], [ 40.51721876698106, 25.443332707671331 ], [ 40.515889816417719, 25.44360005474276 ], [ 40.515889769705325, 25.443600057987503 ], [ 40.512230268596426, 25.443430064012428 ], [ 40.511635630590732, 25.443313922172326 ], [ 40.508899769172132, 25.442779563621443 ], [ 40.506225066854697, 25.442648744242497 ], [ 40.505229767655877, 25.442600063737995 ], [ 40.504643261200137, 25.44264218412567 ], [ 40.502730269158199, 25.442779563621443 ], [ 40.500229768140663, 25.443600062854621 ], [ 40.498399769651193, 25.444770063025882 ], [ 40.496230268171452, 25.444770063025882 ], [ 40.493979334411208, 25.443513062265119 ], [ 40.493239769404099, 25.443100062711867 ], [ 40.492684686915311, 25.441936368790671 ], [ 40.491570269313179, 25.439600063619061 ], [ 40.490410267600282, 25.435770063123233 ], [ 40.489989176920957, 25.433265057029161 ], [ 40.489569768786161, 25.430770064314647 ], [ 40.489245588359687, 25.428194582165361 ], [ 40.488920268869428, 25.425610063798935 ], [ 40.488920268869428, 25.421610063600138 ], [ 40.488830852362689, 25.419217355960043 ], [ 40.488739768582761, 25.416780064093203 ], [ 40.487909769277692, 25.41228956383722 ], [ 40.487685901922362, 25.411780583015517 ], [ 40.486590268991144, 25.409289563762613 ], [ 40.485396312757132, 25.407313867073963 ], [ 40.485079768010571, 25.406790063883655 ], [ 40.48457540799599, 25.405781090695495 ], [ 40.48308026820677, 25.4027900641738 ], [ 40.480750269226803, 25.399800063056677 ], [ 40.477750268978674, 25.396800063185911 ], [ 40.473420268934973, 25.394130064143223 ], [ 40.471250268890245, 25.392970063852228 ], [ 40.468079769299528, 25.391969564375263 ], [ 40.464106053673916, 25.389979123120209 ], [ 40.463089768931738, 25.389470063596683 ], [ 40.456560138811973, 25.386901465317564 ], [ 40.45376026883612, 25.385800064361899 ], [ 40.452313320966958, 25.385018810165452 ], [ 40.449759769042004, 25.383640063973843 ], [ 40.449296709970916, 25.382374089921719 ], [ 40.448600268589018, 25.380470064259502 ], [ 40.449430268792419, 25.377310064246732 ], [ 40.450930269365635, 25.37498006421372 ], [ 40.453100269410356, 25.371480063604466 ], [ 40.45658026915919, 25.366820064013659 ], [ 40.464449149027004, 25.360106481712791 ], [ 40.466929769428987, 25.357990063271739 ], [ 40.467512394264389, 25.357407563229483 ], [ 40.469260268770583, 25.355660064122429 ], [ 40.470790619823987, 25.353647469874677 ], [ 40.471419769306266, 25.352820064124838 ], [ 40.472259806386333, 25.351533384336172 ], [ 40.473920269425477, 25.34899006415554 ], [ 40.475070269296019, 25.347490063991025 ], [ 40.479075838283286, 25.342890510003894 ], [ 40.481749768049568, 25.339820063122612 ], [ 40.483007524431699, 25.338407248956468 ], [ 40.484260269112852, 25.337000064268143 ], [ 40.486080267556574, 25.334170064204095 ], [ 40.486543927600579, 25.33124538811666 ], [ 40.486739769315669, 25.330010063674052 ], [ 40.486797321680974, 25.328433521791762 ], [ 40.486910268658278, 25.325339564199556 ], [ 40.486993532603648, 25.322883626308087 ], [ 40.487079768175988, 25.320340063646054 ], [ 40.486732944814449, 25.317386179118621 ], [ 40.486240269186773, 25.313190062779615 ], [ 40.485276321191364, 25.305713961113955 ], [ 40.485079768908882, 25.304189563669617 ], [ 40.484079767927859, 25.29836006396966 ], [ 40.48274976903059, 25.295530063259253 ], [ 40.481351479307101, 25.293539891302686 ], [ 40.480409769106558, 25.292199564060454 ], [ 40.47891423585525, 25.29035022934713 ], [ 40.477579767839444, 25.288700062796739 ], [ 40.476995019386706, 25.287950063993463 ], [ 40.476410269137354, 25.287200063800945 ], [ 40.475743583550923, 25.28531428681428 ], [ 40.475409768693027, 25.284370063348888 ], [ 40.475322880943807, 25.283430810075767 ], [ 40.475070268397701, 25.280700062807771 ], [ 40.474410268971937, 25.277870064232925 ], [ 40.473420268934973, 25.276699563596079 ], [ 40.471314220853642, 25.278202727183103 ], [ 40.471079820751605, 25.278370026979186 ], [ 40.471079768649325, 25.278370064344802 ], [ 40.468589768039145, 25.281370063982635 ], [ 40.467249768197817, 25.283870062785716 ], [ 40.46671711574335, 25.284735447978385 ], [ 40.465920267865528, 25.286030064181279 ], [ 40.464824897242366, 25.287424336014205 ], [ 40.464089768116132, 25.28836006415224 ], [ 40.462259768728337, 25.290040064035026 ], [ 40.459429769257859, 25.291700062794998 ], [ 40.45658026915919, 25.293859564120147 ], [ 40.452259768799614, 25.296530063636588 ], [ 40.449259767653182, 25.297530063074653 ], [ 40.446999759111932, 25.298199583869202 ], [ 40.444770269035828, 25.298860063262985 ], [ 40.441770267889396, 25.299690063984993 ], [ 40.438962684080188, 25.300250164179182 ], [ 40.437609769160019, 25.300520063896474 ], [ 40.437261483341217, 25.300679975670722 ], [ 40.435780269235543, 25.301360062902795 ], [ 40.433647422612658, 25.302362410172631 ], [ 40.432609767848184, 25.302850063979481 ], [ 40.429439768619062, 25.303520063780184 ], [ 40.425610267630852, 25.304349563996293 ], [ 40.423449769066892, 25.305520064135376 ], [ 40.416790267709878, 25.309679562809421 ], [ 40.400641413747387, 25.316604723180717 ], [ 40.399299769090767, 25.317180064250362 ], [ 40.397633651156895, 25.31763404675506 ], [ 40.395629767574512, 25.318180063808033 ], [ 40.393881534640521, 25.318681062124593 ], [ 40.39214026814156, 25.319180063229094 ], [ 40.391140350703857, 25.319608456369583 ], [ 40.388640269199556, 25.320679563324884 ], [ 40.38370035260381, 25.322147505047756 ], [ 40.382480268869756, 25.322510063717505 ], [ 40.380568043989079, 25.323421239912253 ], [ 40.37863976890921, 25.324340063049444 ], [ 40.376809768623112, 25.326340063134932 ], [ 40.375639767762777, 25.328170063038979 ], [ 40.375309768948206, 25.330340063243852 ], [ 40.375309768049895, 25.333500064252018 ], [ 40.375355833657665, 25.334138093144272 ], [ 40.375490268336556, 25.33600006426985 ], [ 40.376480268373534, 25.338830063755953 ], [ 40.377820269113172, 25.340670063078171 ], [ 40.377980268048432, 25.34283006431092 ], [ 40.377800375022886, 25.343886436798417 ], [ 40.377639767928187, 25.344829564011391 ], [ 40.376640268207098, 25.346489563736597 ], [ 40.37481002088429, 25.347329942875621 ], [ 40.374809769356013, 25.34733006302702 ], [ 40.3728102686539, 25.347330063838857 ], [ 40.37281006114307, 25.347329938816458 ], [ 40.37032026804372, 25.345830064195162 ], [ 40.36682026910173, 25.343830063067287 ], [ 40.365790079337266, 25.342947169948708 ], [ 40.363319768001489, 25.340830063920663 ], [ 40.362872902860033, 25.340703388248894 ], [ 40.360989768123197, 25.340169564138129 ], [ 40.358650268560773, 25.338669564202693 ], [ 40.353659767831374, 25.339330067302427 ], [ 40.350330269130303, 25.339499563304059 ], [ 40.345499768234475, 25.340500062915279 ], [ 40.342169769171797, 25.341500063881846 ], [ 40.339830268711047, 25.342499563780084 ], [ 40.336839769045383, 25.343329563398456 ], [ 40.32878958130545, 25.343076929159796 ], [ 40.326340268089432, 25.34300006363538 ], [ 40.323180268007754, 25.343000062823517 ], [ 40.323179976055272, 25.342999938608507 ], [ 40.321179768379039, 25.342149563701309 ], [ 40.319519768870563, 25.339499563304059 ], [ 40.31568026873493, 25.335160064347996 ], [ 40.313606798955696, 25.333585214209304 ], [ 40.311519768208917, 25.332000063648415 ], [ 40.307689768655727, 25.327340064185545 ], [ 40.306542117879658, 25.324915866739289 ], [ 40.306349825408262, 25.324509684790392 ], [ 40.306349767916082, 25.324509563804348 ], [ 40.306185116605967, 25.323894922283049 ], [ 40.30452026888991, 25.317680063843234 ], [ 40.305350268194992, 25.314180063137957 ], [ 40.305510247367309, 25.312059343733871 ], [ 40.305689767592, 25.309679562809421 ], [ 40.306189768980829, 25.303020064218984 ], [ 40.307349767998787, 25.300860064176224 ], [ 40.308081893158715, 25.300392112397173 ], [ 40.309180267748182, 25.299690063984993 ], [ 40.31067465564751, 25.299289486600326 ], [ 40.311679768042495, 25.299020063315968 ], [ 40.31467976829061, 25.298520063870448 ], [ 40.317519768705161, 25.297530063074653 ], [ 40.318408435184814, 25.297029030086886 ], [ 40.320180268657943, 25.296030062854648 ], [ 40.321406116881178, 25.294468857077931 ], [ 40.322009768582426, 25.293700064064833 ], [ 40.323679768136635, 25.288860064074591 ], [ 40.324412649678038, 25.286862203638162 ], [ 40.325510267886045, 25.283870063597973 ], [ 40.326805712187586, 25.280372753961796 ], [ 40.327669768421721, 25.278040062942537 ], [ 40.329669768587138, 25.272210064019767 ], [ 40.330068368146684, 25.269624448151337 ], [ 40.330670269031451, 25.265720063810011 ], [ 40.330170267642622, 25.261060064361253 ], [ 40.329598459421568, 25.260196226156417 ], [ 40.328839769282055, 25.259050064327308 ], [ 40.327273780264697, 25.256997966997382 ], [ 40.326679768384764, 25.256219564190058 ], [ 40.324840268414533, 25.255050063704747 ], [ 40.324134852862947, 25.254795721245308 ], [ 40.323009768665131, 25.254390064008255 ], [ 40.320180267759625, 25.255050063704747 ], [ 40.31735026828914, 25.256550062823628 ], [ 40.314020268328136, 25.258380062609508 ], [ 40.312078961388451, 25.259863126328245 ], [ 40.311179769348612, 25.260550063598188 ], [ 40.309988752402205, 25.261546063620823 ], [ 40.308190268609536, 25.263050063992303 ], [ 40.30602026766649, 25.265540063669199 ], [ 40.303339694858693, 25.269326039888202 ], [ 40.302359769427632, 25.270710064215837 ], [ 40.301253757361621, 25.272258047961039 ], [ 40.29903026892994, 25.275370062822617 ], [ 40.295050062078083, 25.279775672770178 ], [ 40.292859768192777, 25.282200064210436 ], [ 40.29210969469348, 25.282743651401304 ], [ 40.288030268020165, 25.28570006412231 ], [ 40.284200267568664, 25.288200063839174 ], [ 40.28137026899649, 25.289030063627322 ], [ 40.281258276928341, 25.289036770166152 ], [ 40.278539768266072, 25.289199564236501 ], [ 40.273340338266216, 25.289512031097267 ], [ 40.273040267723644, 25.28953006403616 ], [ 40.266880268292162, 25.290200064357101 ], [ 40.266880017662203, 25.290200066793751 ], [ 40.261550269064074, 25.290360057970339 ], [ 40.261550179232536, 25.290360054721479 ], [ 40.257910468009356, 25.290056772168192 ], [ 40.255549768206222, 25.289860064232567 ], [ 40.249729893399191, 25.28903007093734 ], [ 40.249729770329992, 25.289030057941751 ], [ 40.245559894087364, 25.288700067670096 ], [ 40.245559768323226, 25.288700062796739 ], [ 40.242889767787986, 25.288030063935185 ], [ 40.240229879587915, 25.287530084145637 ], [ 40.240229768196812, 25.287530063027532 ], [ 40.238059769050409, 25.287859562645448 ], [ 40.236136708690772, 25.289667650999341 ], [ 40.235400268024222, 25.290360062843632 ], [ 40.233230268877811, 25.293200063794433 ], [ 40.231900268183907, 25.295690063646525 ], [ 40.231570267572707, 25.29836006396966 ], [ 40.231070267980506, 25.300690063343421 ], [ 40.230400269407312, 25.304020063714901 ], [ 40.229063506195956, 25.305804195754888 ], [ 40.228399767981976, 25.30669006408046 ], [ 40.225740268752418, 25.310349563829302 ], [ 40.223079767901311, 25.315350063908067 ], [ 40.222409769328117, 25.318180063808033 ], [ 40.222285927583059, 25.319047816341996 ], [ 40.221910269199221, 25.321680064226239 ], [ 40.221806800346478, 25.323700883886893 ], [ 40.221739768059983, 25.325010063359976 ], [ 40.22156976907899, 25.328840063264696 ], [ 40.221712550903497, 25.330307721735981 ], [ 40.221910268300903, 25.332340064072163 ], [ 40.222104700559321, 25.336270039403125 ], [ 40.222239767652177, 25.339000063829609 ], [ 40.222239767652177, 25.342499563780084 ], [ 40.222377183839505, 25.343710271845865 ], [ 40.22258026867074, 25.345499563742123 ], [ 40.22247018013266, 25.347972849376301 ], [ 40.222409769328117, 25.349330063922924 ], [ 40.222239769448805, 25.352660063717977 ], [ 40.221776341170148, 25.353859101261499 ], [ 40.221080268097509, 25.355660064122429 ], [ 40.220079039119497, 25.357356249859013 ], [ 40.219409768181691, 25.358490063919344 ], [ 40.217579768793904, 25.360820063724631 ], [ 40.21508026760128, 25.362149562705739 ], [ 40.211749893042807, 25.362480058238699 ], [ 40.211749768176986, 25.362480063920824 ], [ 40.208250268698293, 25.362480063920824 ], [ 40.208249894100817, 25.362480063920824 ], [ 40.204090018802248, 25.362480063920824 ], [ 40.204089768172288, 25.362480068791214 ], [ 40.203788798416127, 25.362490657835359 ], [ 40.199260268897994, 25.362650063221256 ], [ 40.198627599816433, 25.362687823313799 ], [ 40.196420267585133, 25.362819563880507 ], [ 40.188010927106397, 25.363357751696398 ], [ 40.186099767627645, 25.363480064155226 ], [ 40.183249803099969, 25.363756918186454 ], [ 40.182599768685648, 25.363820063762574 ], [ 40.179439767705645, 25.36447956421441 ], [ 40.176440788842008, 25.365229778211621 ], [ 40.175440268634752, 25.365480064153939 ], [ 40.170110267610021, 25.366820064013659 ], [ 40.165779768103022, 25.366980062725283 ], [ 40.162779767854907, 25.366820064013659 ], [ 40.160137643839576, 25.366528300300107 ], [ 40.159610268987407, 25.36647006289736 ], [ 40.159610018357448, 25.366470058838836 ], [ 40.153950019416463, 25.366320067790575 ], [ 40.153949767888186, 25.366320062920337 ], [ 40.149620017576133, 25.366320063732044 ], [ 40.149619768742802, 25.366320066978872 ], [ 40.144449893315787, 25.366470061273947 ], [ 40.144449769348277, 25.36647006289736 ], [ 40.14079026734106, 25.36647006289736 ], [ 40.137630268157693, 25.365820063816827 ], [ 40.136327271719544, 25.365117687819179 ], [ 40.135459768649667, 25.364650063967307 ], [ 40.133799768242881, 25.36299006435172 ], [ 40.12893725408528, 25.356103099188534 ], [ 40.125800267942857, 25.351660064090794 ], [ 40.124140269332706, 25.350330064145609 ], [ 40.124140098652795, 25.350330003259586 ], [ 40.121799768148733, 25.34949006386476 ], [ 40.118800017632267, 25.34949006386476 ], [ 40.118799767900619, 25.34949006386476 ], [ 40.112140017710274, 25.34949006305294 ], [ 40.112139768876936, 25.349490067112036 ], [ 40.111833473009455, 25.349498087074323 ], [ 40.105650269195863, 25.349660062759202 ], [ 40.101320019420513, 25.349490067923853 ], [ 40.101319768790546, 25.34949006305294 ], [ 40.099387968721508, 25.349158062612826 ], [ 40.096490267719638, 25.348660064302937 ], [ 40.09298739416873, 25.348037562720151 ], [ 40.09181976935232, 25.347830063104226 ], [ 40.091556968114261, 25.347733797027594 ], [ 40.088160268243413, 25.346489563736597 ], [ 40.085281448032184, 25.34517302826481 ], [ 40.084159769347615, 25.344660064111128 ], [ 40.07882976832289, 25.341170063892072 ], [ 40.077165019421514, 25.339500064237914 ], [ 40.075500268723509, 25.337830064266711 ], [ 40.072000267984883, 25.334840063694664 ], [ 40.07090107862345, 25.333649551208442 ], [ 40.069839767624281, 25.332500062938106 ], [ 40.068216172342701, 25.332042027774129 ], [ 40.067500268960181, 25.331840063309564 ], [ 40.067500018330222, 25.331840063309564 ], [ 40.065170268183564, 25.331840063309564 ], [ 40.062509966758462, 25.332999977345402 ], [ 40.062067462937705, 25.333331440788434 ], [ 40.059840019223827, 25.334999938280042 ], [ 40.058118270421041, 25.336458640610225 ], [ 40.057680018326536, 25.336829937975164 ], [ 40.057096270597022, 25.337244398137237 ], [ 40.053680017995703, 25.339669939151786 ], [ 40.051899054046025, 25.341705327095955 ], [ 40.051510018849299, 25.342149938784569 ], [ 40.047350017786592, 25.346659937858558 ], [ 40.045020018806618, 25.349329938902592 ], [ 40.044054066669801, 25.350219263711583 ], [ 40.04086001774391, 25.35315993866125 ], [ 40.037860019292417, 25.355999938793737 ], [ 40.032830987125536, 25.361733035158323 ], [ 40.030860017815172, 25.363979939005635 ], [ 40.027360017974857, 25.367149938811121 ], [ 40.027359805074134, 25.3671500297216 ], [ 40.023860018134542, 25.368649939382426 ], [ 40.020030017683034, 25.369649938076755 ], [ 40.016040019194591, 25.368979939054761 ], [ 40.012210017844765, 25.36781993823956 ], [ 40.008540018125139, 25.36664993827096 ], [ 40.004380017960756, 25.366149938908869 ], [ 39.99838001836283, 25.365819938813548 ], [ 39.992890018402846, 25.366149938908869 ], [ 39.98956001844185, 25.36681993901141 ], [ 39.986720018027306, 25.36781993823956 ], [ 39.986719768295657, 25.367820063240767 ], [ 39.983720018677502, 25.369309938637553 ], [ 39.983719768047543, 25.369310063637226 ], [ 39.981060018188018, 25.370649939046881 ], [ 39.980376050812154, 25.371046639933386 ], [ 39.979060018022608, 25.371809938666921 ], [ 39.975937453433751, 25.372217585128233 ], [ 39.975230017571093, 25.372309938958686 ], [ 39.972900018591119, 25.372139938637119 ], [ 39.970070018222316, 25.372809937992844 ], [ 39.96440001833728, 25.373479939314528 ], [ 39.956240017842063, 25.372809937992844 ], [ 39.95531580592494, 25.372739664218923 ], [ 39.951900017752621, 25.372479939041035 ], [ 39.949250265243883, 25.370980068806723 ], [ 39.949250020003817, 25.370979934880356 ], [ 39.946410266625975, 25.369480067128819 ], [ 39.94641001779263, 25.369479938070899 ], [ 39.943760018247211, 25.365979938849314 ], [ 39.942774693941303, 25.364683786765195 ], [ 39.940590018119771, 25.36180993829193 ], [ 39.938209231088578, 25.359436661131905 ], [ 39.93742006290811, 25.358649982741337 ], [ 39.937420018890663, 25.358649938906414 ], [ 39.933590018439155, 25.357149937614057 ], [ 39.933126840790457, 25.357069740606885 ], [ 39.930760018070352, 25.356659938127084 ], [ 39.928581069907089, 25.356246107859686 ], [ 39.928180017946801, 25.356169939089511 ], [ 39.928136467621819, 25.35680867561334 ], [ 39.92809001843343, 25.357489938791346 ], [ 39.927260019128347, 25.362649939026426 ], [ 39.926090018268027, 25.366979937723201 ], [ 39.92554043796035, 25.368562564103364 ], [ 39.924760017574116, 25.370809939180791 ], [ 39.923898905119174, 25.372073700896578 ], [ 39.922600017575135, 25.373979939188029 ], [ 39.921367801194855, 25.375317421210568 ], [ 39.920610018353784, 25.376139938658334 ], [ 39.919301023864485, 25.377683697845622 ], [ 39.918770018021938, 25.378309939315493 ], [ 39.918430018263315, 25.380299938259331 ], [ 39.918770018021938, 25.38230993792094 ], [ 39.920430018428732, 25.384139938195297 ], [ 39.922600017575135, 25.385469939396891 ], [ 39.924930018351745, 25.387289938743315 ], [ 39.928100403856433, 25.389051263753959 ], [ 39.928260021906006, 25.389139934058623 ], [ 39.933410019412413, 25.392469938908764 ], [ 39.93429173113514, 25.393128747336373 ], [ 39.938750018686257, 25.396459938928437 ], [ 39.942903654286859, 25.399128226937485 ], [ 39.94342001759027, 25.399459939139835 ], [ 39.94641001779263, 25.401959939010386 ], [ 39.946844958697014, 25.402249484594712 ], [ 39.949910017632945, 25.404289939327604 ], [ 39.954332071637083, 25.40790798381467 ], [ 39.95541001763867, 25.408789938944953 ], [ 39.958410017886784, 25.411619937749307 ], [ 39.959680615685897, 25.413972897073688 ], [ 39.960570017885765, 25.41561993836314 ], [ 39.961593756848174, 25.417863583893002 ], [ 39.962240017439974, 25.419279938662235 ], [ 39.962740017930493, 25.42377993875337 ], [ 39.962652301934568, 25.425245313958381 ], [ 39.962570018051181, 25.426619938746413 ], [ 39.962481604962605, 25.427743304396799 ], [ 39.962400018171863, 25.428779937974642 ], [ 39.962063670064872, 25.429620807278287 ], [ 39.961400018089158, 25.431279939299344 ], [ 39.959910271784914, 25.433439566192376 ], [ 39.959910017561683, 25.433439937747107 ], [ 39.957410017804087, 25.435439938619279 ], [ 39.954910018046476, 25.437109938061365 ], [ 39.952080017677673, 25.440449938877329 ], [ 39.949080018327869, 25.44392993867389 ], [ 39.94691001738483, 25.446929938820407 ], [ 39.946452435342039, 25.44841987080752 ], [ 39.946090018125496, 25.449599939138977 ], [ 39.946001907769173, 25.450807564050823 ], [ 39.945920018246191, 25.451929937625874 ], [ 39.946008655913587, 25.452972740922291 ], [ 39.946090018125496, 25.453929938053673 ], [ 39.947080019060778, 25.456259938709181 ], [ 39.947567813243211, 25.456633971748488 ], [ 39.949910017632945, 25.458429939180043 ], [ 39.952580019066495, 25.460759938693187 ], [ 39.953410018371578, 25.463589939168106 ], [ 39.954266057141794, 25.465089614798 ], [ 39.954740019065476, 25.465919939335521 ], [ 39.955468417115299, 25.466794015660248 ], [ 39.957240017924768, 25.468919938862435 ], [ 39.95793256780486, 25.470790413901895 ], [ 39.958410017886784, 25.472079937776467 ], [ 39.958410018785109, 25.47557993885696 ], [ 39.95774001931359, 25.477249939387455 ], [ 39.956343281878915, 25.478988877323211 ], [ 39.955740019148188, 25.47973993926141 ], [ 39.955267861041591, 25.480365313248733 ], [ 39.954230017630913, 25.481739938829708 ], [ 39.953080018658689, 25.484579938867387 ], [ 39.952999418218141, 25.485286379871045 ], [ 39.952910017881059, 25.486069939028901 ], [ 39.953192526359828, 25.486682982038911 ], [ 39.953910017065454, 25.488239939347547 ], [ 39.955570018370558, 25.490739939075976 ], [ 39.958570017720362, 25.493569938695771 ], [ 39.961570018866787, 25.49706993927229 ], [ 39.961744041401943, 25.498388291220092 ], [ 39.961900018579676, 25.499569939343552 ], [ 39.962168730732294, 25.50135956565898 ], [ 39.962400018171863, 25.50289993869303 ], [ 39.962483215641903, 25.504691135320982 ], [ 39.962570018051181, 25.50655993814124 ], [ 39.962487428740594, 25.508017388891002 ], [ 39.962400018171863, 25.509559937690245 ], [ 39.962240018338299, 25.513399937737976 ], [ 39.961570017968477, 25.518549939202682 ], [ 39.961301230357371, 25.520340064131712 ], [ 39.961070018376283, 25.521879939120399 ], [ 39.961740018746099, 25.524379938224321 ], [ 39.9623236721525, 25.526130897357838 ], [ 39.962740018828811, 25.527379939081587 ], [ 39.96440001833728, 25.530879939031728 ], [ 39.966349147806461, 25.533959564070933 ], [ 39.966399773262616, 25.534039560678597 ], [ 39.966400014011107, 25.534039941649439 ], [ 39.966607037954866, 25.53437117020761 ], [ 39.9689000182603, 25.538039939048538 ], [ 39.969570017731805, 25.541209938108388 ], [ 39.969730017565375, 25.54436993762539 ], [ 39.969891605620369, 25.545952548771357 ], [ 39.970070018222316, 25.547699938883007 ], [ 39.970230018055879, 25.552529939067892 ], [ 39.970410017980939, 25.558189939377055 ], [ 39.970044797122391, 25.560338297338838 ], [ 39.969730017565375, 25.562189938912432 ], [ 39.96942331835433, 25.564048726910219 ], [ 39.969070018139604, 25.566189937782198 ], [ 39.968080019000965, 25.569849938897953 ], [ 39.967070017974194, 25.57334993862133 ], [ 39.966118646392758, 25.574805572176171 ], [ 39.96424001940202, 25.57767993866365 ], [ 39.962740018828811, 25.581349938768685 ], [ 39.962323393674765, 25.582183188804585 ], [ 39.961740018746099, 25.5833499391236 ], [ 39.961400018089158, 25.585839938941309 ], [ 39.961317609339943, 25.587215154912329 ], [ 39.961240019153905, 25.588509938743314 ], [ 39.961240019153905, 25.592009938911335 ], [ 39.961474535138613, 25.593961115203044 ], [ 39.961740018746099, 25.596169938937347 ], [ 39.962379161087604, 25.599294022076727 ], [ 39.962900017764056, 25.60183993894416 ], [ 39.963900017846768, 25.606829938933668 ], [ 39.96440001833728, 25.610669938737232 ], [ 39.964561749224409, 25.612330064205839 ], [ 39.964740018095895, 25.614159939330335 ], [ 39.964906899922866, 25.621487564034133 ], [ 39.965070017808792, 25.628649939388083 ], [ 39.965400018419977, 25.631649939371918 ], [ 39.965900018012178, 25.634969939758605 ], [ 39.966570018382001, 25.638649939140251 ], [ 39.967570017566395, 25.64263993784607 ], [ 39.968072360863161, 25.644515064263516 ], [ 39.968730018380981, 25.646969939054767 ], [ 39.970070018222316, 25.649799939074583 ], [ 39.970410017980939, 25.652639939072653 ], [ 39.970730019444709, 25.655969939076908 ], [ 39.971400018916221, 25.660129938909954 ], [ 39.97274001785923, 25.662299938084029 ], [ 39.976220017608057, 25.665629938830783 ], [ 39.976842560879732, 25.666961318788527 ], [ 39.977230017736503, 25.667789939702004 ], [ 39.977230017736503, 25.670959938305025 ], [ 39.97714756766478, 25.672250039173772 ], [ 39.977060017857191, 25.673619938675255 ], [ 39.97738001842265, 25.677289939012546 ], [ 39.978560016633779, 25.679949938978815 ], [ 39.979390017735483, 25.683279938895829 ], [ 39.979710018300935, 25.686779939358104 ], [ 39.979896504062346, 25.688202564195134 ], [ 39.980060018105313, 25.689449938778928 ], [ 39.980060018105313, 25.692109939247974 ], [ 39.980060018105313, 25.695609939287145 ], [ 39.979972947998078, 25.697402563796995 ], [ 39.979890018226001, 25.699109939254239 ], [ 39.980492812934465, 25.708981358061862 ], [ 39.981060018188018, 25.718269939297112 ], [ 39.981060018188018, 25.721089938623944 ], [ 39.980390018716506, 25.72375993894968 ], [ 39.980103826246776, 25.724951006636459 ], [ 39.979710018300935, 25.726589939364679 ], [ 39.979338676322051, 25.728550807187915 ], [ 39.978890018143289, 25.730919940212821 ], [ 39.978622987636882, 25.732874597824555 ], [ 39.978390017652771, 25.734579938905497 ], [ 39.97756001834771, 25.737929939115702 ], [ 39.976962962077266, 25.738794528146911 ], [ 39.975730018959915, 25.740579937972907 ], [ 39.973135404145012, 25.742324145090869 ], [ 39.972740018757541, 25.742589938744995 ], [ 39.97273979507704, 25.74259004474515 ], [ 39.972739767229271, 25.742590060928375 ], [ 39.969230017973175, 25.744249938880071 ], [ 39.964821675853543, 25.746537563982375 ], [ 39.964740017197585, 25.746579936734374 ], [ 39.961070018376283, 25.748909939058947 ], [ 39.957910018294591, 25.751239939375054 ], [ 39.957288650019301, 25.751861308279651 ], [ 39.95541001763867, 25.753739939611666 ], [ 39.954012154614951, 25.755487268297763 ], [ 39.953410018371578, 25.756239939005543 ], [ 39.950910017715657, 25.758239938653556 ], [ 39.946910018283148, 25.76356993878046 ], [ 39.945579775942441, 25.765109571981203 ], [ 39.944750018284168, 25.766069939123255 ], [ 39.944577567800756, 25.767982565066983 ], [ 39.944420017672968, 25.769729939787489 ], [ 39.944126420390347, 25.771064478258484 ], [ 39.943760018247211, 25.772729938846414 ], [ 39.943760019145522, 25.775229940394262 ], [ 39.944750018284168, 25.778059938700029 ], [ 39.945197768266176, 25.779016669328584 ], [ 39.945920018246191, 25.78055993795283 ], [ 39.950085103773404, 25.79334605370984 ], [ 39.953080017760378, 25.80253993905152 ], [ 39.953691177580772, 25.804250365241348 ], [ 39.954570019186171, 25.806709938972794 ], [ 39.956739770397554, 25.810039563870266 ], [ 39.956740018332567, 25.810039939107799 ], [ 39.959070018210866, 25.814199938643792 ], [ 39.959441776109735, 25.815452406676744 ], [ 39.959910019358318, 25.817029939149332 ], [ 39.960083493022836, 25.818433499221722 ], [ 39.9602400190712, 25.81969993937523 ], [ 39.960240018172883, 25.8221999386286 ], [ 39.960824822321172, 25.824103851309935 ], [ 39.961570017968477, 25.826529939086186 ], [ 39.965750018224355, 25.836689938770359 ], [ 39.967570017566395, 25.840189939170198 ], [ 39.967806720050497, 25.841888620836663 ], [ 39.968080019000965, 25.843849939200375 ], [ 39.967900018177588, 25.846509940242402 ], [ 39.967070017974194, 25.848849939926655 ], [ 39.966758396893717, 25.849098116729703 ], [ 39.965400018419977, 25.850179938993922 ], [ 39.963570018133893, 25.852009939269792 ], [ 39.961778519640866, 25.853396905091699 ], [ 39.961400018089158, 25.853689937940349 ], [ 39.958910019275613, 25.855839939152421 ], [ 39.958259287768634, 25.856760724235254 ], [ 39.956910019110204, 25.85866993907765 ], [ 39.954070017797349, 25.862989938656206 ], [ 39.952947201845618, 25.865450318310085 ], [ 39.952240018409555, 25.866999940065849 ], [ 39.951663335929766, 25.869167918215975 ], [ 39.950910017715657, 25.871999938984043 ], [ 39.94957001877264, 25.875499939303786 ], [ 39.949308257783692, 25.877364313271915 ], [ 39.949080018327869, 25.87898993914245 ], [ 39.948851466258347, 25.880288117226598 ], [ 39.948580018735676, 25.881829939097297 ], [ 39.948750017716677, 25.884659938888827 ], [ 39.948907231874557, 25.886322595367293 ], [ 39.949080018327869, 25.888149937960861 ], [ 39.949253963607909, 25.889820870108757 ], [ 39.949410018939069, 25.891319940235753 ], [ 39.950080019308892, 25.893989939359056 ], [ 39.95158001808548, 25.896149938955258 ], [ 39.952233805661052, 25.897278884200691 ], [ 39.953410018371578, 25.899309938776863 ], [ 39.955491248696553, 25.901998568267061 ], [ 39.95573990326551, 25.90231979131876 ], [ 39.95574001824987, 25.902319939195678 ], [ 39.957041059055641, 25.904517970180883 ], [ 39.965400018419977, 25.918639939183603 ], [ 39.966072699362613, 25.920384075841763 ], [ 39.967070018872512, 25.922969938744089 ], [ 39.968730018380981, 25.926129939084412 ], [ 39.970173856282635, 25.929215064649842 ], [ 39.971070018305014, 25.931129940024885 ], [ 39.972060019240296, 25.934629938861068 ], [ 39.972060018341985, 25.937119938846195 ], [ 39.972004071266092, 25.937211220608972 ], [ 39.97073001764808, 25.939289939308875 ], [ 39.969031252241841, 25.939969445743451 ], [ 39.968230017890477, 25.940289940100676 ], [ 39.965070017808792, 25.94061993906432 ], [ 39.962400018171863, 25.941289939672732 ], [ 39.961689217220155, 25.941619014133373 ], [ 39.960240018172883, 25.94228993883242 ], [ 39.957910018294591, 25.944289939144078 ], [ 39.95574001824987, 25.946949938336417 ], [ 39.954862134248572, 25.948266764330448 ], [ 39.953080017760378, 25.950939939156392 ], [ 39.95262107566824, 25.953485973174747 ], [ 39.952240018409555, 25.955599938790559 ], [ 39.951941268390463, 25.95718874506758 ], [ 39.95158001808548, 25.959109938859321 ], [ 39.95124001832685, 25.96510993933768 ], [ 39.950910017715657, 25.97060993905464 ], [ 39.950750017882079, 25.974599939673741 ], [ 39.950240019142463, 25.979099939670135 ], [ 39.949250018207181, 25.983589939211225 ], [ 39.948580018735676, 25.987939940314941 ], [ 39.948420018003787, 25.991089938905855 ], [ 39.94791001836586, 25.994259938942868 ], [ 39.94791001836586, 25.996079938738617 ], [ 39.948080018245172, 25.999249939799348 ], [ 39.948910018448558, 26.001919939975281 ], [ 39.94932325515736, 26.003089403072224 ], [ 39.949910016734634, 26.004749940233793 ], [ 39.951410018206161, 26.008249938822619 ], [ 39.952580019066495, 26.011249938895958 ], [ 39.953055150596683, 26.012557447876421 ], [ 39.953910017963771, 26.014909940022331 ], [ 39.954144409082645, 26.016785065000313 ], [ 39.954410017555965, 26.018909938638252 ], [ 39.954863259837623, 26.020872478147631 ], [ 39.95541001763867, 26.023239937803346 ], [ 39.956560018407515, 26.029229939062908 ], [ 39.956560018407515, 26.03423993891289 ], [ 39.956648772855907, 26.037440065373868 ], [ 39.956740018332567, 26.04072994026815 ], [ 39.956740018332567, 26.049389939602889 ], [ 39.956900511341239, 26.052385812215402 ], [ 39.957070017147146, 26.055549938659542 ], [ 39.957327059285909, 26.060171539370554 ], [ 39.957570019434286, 26.06453994012606 ], [ 39.958240018007466, 26.067879938830881 ], [ 39.959410017969496, 26.071209939079658 ], [ 39.959740017682378, 26.073709940222543 ], [ 39.959916719892021, 26.074957564675294 ], [ 39.960070018293578, 26.07603993881796 ], [ 39.96015192578286, 26.077162564935321 ], [ 39.960240018172883, 26.078369940263396 ], [ 39.960158109785283, 26.079492565016089 ], [ 39.960070018293578, 26.080699938905049 ], [ 39.95984353773909, 26.081678334397552 ], [ 39.959570017803067, 26.082859938989003 ], [ 39.959724202841791, 26.083843998076134 ], [ 39.959910019358318, 26.08502993921957 ], [ 39.961570017968477, 26.088029938737364 ], [ 39.964069765299485, 26.091689565649578 ], [ 39.96407001772608, 26.091689939990495 ], [ 39.965070017808792, 26.093189940227663 ], [ 39.965900018910496, 26.095689939028397 ], [ 39.966337765253499, 26.096561688677543 ], [ 39.967070018872512, 26.098019938912753 ], [ 39.968080019000965, 26.101189939346188 ], [ 39.969070018139604, 26.104349938929815 ], [ 39.970230018954197, 26.108339939705104 ], [ 39.97061804534286, 26.110492564172347 ], [ 39.971070018305014, 26.112999939091679 ], [ 39.971900017610096, 26.115349939093282 ], [ 39.97181065320563, 26.116222564139093 ], [ 39.971730017730785, 26.11700993937049 ], [ 39.971433073325414, 26.118096759149399 ], [ 39.971230071139189, 26.118839742819038 ], [ 39.971230018138584, 26.118839938818439 ], [ 39.969400017852486, 26.120509940196193 ], [ 39.968997648063684, 26.120804475129027 ], [ 39.966900017196565, 26.122339939679172 ], [ 39.964240017605391, 26.124009938620514 ], [ 39.961740017847781, 26.124839940283632 ], [ 39.961094245041174, 26.124941796623975 ], [ 39.958570017720362, 26.125339938662943 ], [ 39.957070018045464, 26.126999939776862 ], [ 39.956070017962752, 26.128339938842142 ], [ 39.954835845051782, 26.130502064075632 ], [ 39.954740126863314, 26.130669750111505 ], [ 39.954740019065476, 26.130669939639059 ], [ 39.953080197423439, 26.132839705932657 ], [ 39.953080017760378, 26.132839939813376 ], [ 39.95124001832685, 26.136499939939117 ], [ 39.950286293159373, 26.138202563719304 ], [ 39.949750018697699, 26.139159938820203 ], [ 39.949262713198785, 26.139743538178884 ], [ 39.948080017346847, 26.141159940401266 ], [ 39.94724001799603, 26.143999938869406 ], [ 39.946250100604075, 26.146489732198255 ], [ 39.946250017959066, 26.146489940247122 ], [ 39.944910018117731, 26.147829939833169 ], [ 39.943250017710952, 26.150319939331716 ], [ 39.939420018157762, 26.154319938630398 ], [ 39.93642001790964, 26.157489940377037 ], [ 39.935617636409653, 26.158610065305506 ], [ 39.933920018152037, 26.160979940176077 ], [ 39.931080017737493, 26.163979939623051 ], [ 39.929420018229017, 26.166979939301832 ], [ 39.928343740398901, 26.168186239299636 ], [ 39.927930018599866, 26.168649939828363 ], [ 39.926590017860221, 26.170979939750517 ], [ 39.92576001765682, 26.172809938968843 ], [ 39.925605593666219, 26.174059371649392 ], [ 39.925430018842263, 26.175479938871909 ], [ 39.924760017574116, 26.179809938607487 ], [ 39.924604137414434, 26.181066433924737 ], [ 39.924430017861233, 26.18246994000479 ], [ 39.924250915353149, 26.183960712339353 ], [ 39.924090018102611, 26.185299939634007 ], [ 39.92383054781763, 26.187508083694276 ], [ 39.923600018556151, 26.189469939022491 ], [ 39.92334068032352, 26.193183673190987 ], [ 39.923100018065647, 26.196629939702778 ], [ 39.922430018594135, 26.199129938858089 ], [ 39.921892188250389, 26.200003407621331 ], [ 39.921100017900237, 26.201289939613556 ], [ 39.919270019410774, 26.203619939755093 ], [ 39.918764099022532, 26.204210178690182 ], [ 39.916270018264335, 26.207119940230495 ], [ 39.912770018424027, 26.209619939006153 ], [ 39.909770018175905, 26.213449939288211 ], [ 39.908447803180572, 26.214832599313553 ], [ 39.90627005875978, 26.21710989717694 ], [ 39.906270018335597, 26.217109939083869 ], [ 39.90461001792881, 26.219779939769925 ], [ 39.90327001808749, 26.22144994011736 ], [ 39.900610017597991, 26.225439939202346 ], [ 39.898110017840381, 26.229439939399928 ], [ 39.89628001755429, 26.231269938659054 ], [ 39.893950017675998, 26.233939939043594 ], [ 39.890280018854689, 26.236439940050236 ], [ 39.885940018765233, 26.23893993967009 ], [ 39.882290018238784, 26.242929938904133 ], [ 39.880290018073367, 26.245259939029463 ], [ 39.878620017620847, 26.246929939231507 ], [ 39.8779600190934, 26.249599939249766 ], [ 39.876620019252066, 26.253089938946648 ], [ 39.875470017584902, 26.25575993999799 ], [ 39.873790017984945, 26.257919938919169 ], [ 39.871630017985964, 26.262419938692819 ], [ 39.869300018107666, 26.265759939696544 ], [ 39.86896001834905, 26.269579938603812 ], [ 39.868130018145656, 26.272579940111555 ], [ 39.86646001859144, 26.275909939378831 ], [ 39.865800018267358, 26.278909939977247 ], [ 39.865120017851794, 26.281739938869642 ], [ 39.864960018018223, 26.286909938774293 ], [ 39.864800019082963, 26.295729938954558 ], [ 39.864800018184653, 26.306889940130034 ], [ 39.865120017851794, 26.310389939204445 ], [ 39.865630018388046, 26.314219939744525 ], [ 39.866300018757869, 26.317719938842021 ], [ 39.867450017730086, 26.324049940090681 ], [ 39.868460017858531, 26.328379939695093 ], [ 39.869130018228354, 26.331719938794606 ], [ 39.869460017941243, 26.335869938938018 ], [ 39.869630017820555, 26.3393699390191 ], [ 39.869960018431748, 26.342039939120234 ], [ 39.870810017828319, 26.343699940399304 ], [ 39.871800018763601, 26.346369938800599 ], [ 39.872460018189358, 26.348529939661578 ], [ 39.872630018068669, 26.353359940118022 ], [ 39.872630018068669, 26.356699940294284 ], [ 39.871960017698846, 26.359689938661369 ], [ 39.871300018273082, 26.362519939720816 ], [ 39.870960017616142, 26.366359939210799 ], [ 39.870810016930001, 26.37184994024409 ], [ 39.870960017616142, 26.374529938755124 ], [ 39.872630018068669, 26.376859939652256 ], [ 39.874630018234079, 26.380339940133751 ], [ 39.876620018353755, 26.384009940381766 ], [ 39.878290018806275, 26.387179939713558 ], [ 39.87929001799067, 26.390509940317077 ], [ 39.879790017582863, 26.394339940159764 ], [ 39.879790017582863, 26.397499939778299 ], [ 39.87895001823204, 26.399669938624836 ], [ 39.87762001843646, 26.402169940349594 ], [ 39.875630018316784, 26.404669940219932 ], [ 39.873630018151381, 26.406159940144036 ], [ 39.871630017985964, 26.407659940240727 ], [ 39.869630017820555, 26.408329940296937 ], [ 39.867300017942256, 26.408489939278553 ], [ 39.862960018751124, 26.410659939861333 ], [ 39.858630017809112, 26.412659939983751 ], [ 39.854470017644715, 26.414829939364619 ], [ 39.850810017970836, 26.416989938855288 ], [ 39.848310018213226, 26.419159938833744 ], [ 39.845640017677994, 26.421149939862577 ], [ 39.842810018207508, 26.42348993984562 ], [ 39.839810017959394, 26.425989940252325 ], [ 39.837650017960414, 26.428649940321097 ], [ 39.835320017183811, 26.432979938870083 ], [ 39.833480018648594, 26.436149940309399 ], [ 39.831990018121118, 26.439309940042406 ], [ 39.831150017871984, 26.441809939977855 ], [ 39.83049001844622, 26.445309939638715 ], [ 39.829650018197086, 26.447969940165304 ], [ 39.827990017790299, 26.451799938993709 ], [ 39.825330019097436, 26.456959940081049 ], [ 39.822990019173403, 26.461629938601479 ], [ 39.820330017785594, 26.464959939104819 ], [ 39.81733001843579, 26.468299938624778 ], [ 39.81266001683683, 26.471779940131377 ], [ 39.809510017699203, 26.47444994016832 ], [ 39.806840018062282, 26.477949939063411 ], [ 39.804500018138249, 26.480119939044862 ], [ 39.800170018992866, 26.482949940210361 ], [ 39.796670018254233, 26.485119939927774 ], [ 39.793680017153548, 26.487109939914255 ], [ 39.791180018294256, 26.489609939786998 ], [ 39.788350017925453, 26.493609939389657 ], [ 39.786680018371243, 26.499109938888751 ], [ 39.785350017677345, 26.50243993965481 ], [ 39.784680018205826, 26.50609994033719 ], [ 39.784030017927492, 26.510099939975845 ], [ 39.783680018123128, 26.516589940237168 ], [ 39.78318001763261, 26.520929940162247 ], [ 39.782850017919735, 26.524259940147871 ], [ 39.782350017429216, 26.527249938932215 ], [ 39.781190018411259, 26.53024994010547 ], [ 39.780690017920755, 26.533079940361905 ], [ 39.780350018162125, 26.536589940366937 ], [ 39.779020016569916, 26.541579939973801 ], [ 39.778190018163144, 26.545239940235362 ], [ 39.776690019386557, 26.549409939617863 ], [ 39.775360017794341, 26.553569939758567 ], [ 39.774360017711636, 26.557069938734266 ], [ 39.774020017953006, 26.562229940005491 ], [ 39.773520018360813, 26.56655994022362 ], [ 39.773190017749613, 26.572059940206497 ], [ 39.772690018157427, 26.576219939338092 ], [ 39.772360019342855, 26.579889940247604 ], [ 39.771860017954026, 26.583049939973847 ], [ 39.770020017622194, 26.58604993926027 ], [ 39.768360018113718, 26.588719938735693 ], [ 39.766030018235419, 26.594049938865965 ], [ 39.763530017579505, 26.597889938724716 ], [ 39.761530018312406, 26.601209940285116 ], [ 39.75787001774021, 26.60369993867555 ], [ 39.755200019001606, 26.605209939951916 ], [ 39.752040018919928, 26.60636993921927 ], [ 39.747540017200272, 26.607039940367585 ], [ 39.74304001817557, 26.607039938761222 ], [ 39.739210016825744, 26.606699939651953 ], [ 39.736560017280311, 26.606029939724852 ], [ 39.731050018127164, 26.605709940316927 ], [ 39.726390018370573, 26.605369939663952 ], [ 39.723220017344836, 26.604369940201774 ], [ 39.718390017708934, 26.602379939185059 ], [ 39.712230018277445, 26.600219940026474 ], [ 39.709560017742213, 26.599539939616324 ], [ 39.698730017610082, 26.599039938791833 ], [ 39.693240017650098, 26.599539939616324 ], [ 39.691070017605384, 26.599709940298542 ], [ 39.688240018134891, 26.600879940079746 ], [ 39.684750018340331, 26.603039939629301 ], [ 39.681580018212891, 26.605869940132791 ], [ 39.67759001792782, 26.608869939616444 ], [ 39.674250017921075, 26.610689939993375 ], [ 39.671250017672953, 26.613699939792721 ], [ 39.669090017673973, 26.617529939106255 ], [ 39.667260018286193, 26.621359940219925 ], [ 39.666090018324169, 26.625359940194272 ], [ 39.665760017712984, 26.628519940096897 ], [ 39.665420017954354, 26.631509938811597 ], [ 39.665920018444865, 26.634189940027117 ], [ 39.666920017629252, 26.637689939335676 ], [ 39.66825001832315, 26.642019939819573 ], [ 39.669250018405862, 26.646349939134858 ], [ 39.669590018164484, 26.651009939006542 ], [ 39.670090017756678, 26.655829938664606 ], [ 39.669920017877367, 26.660339940287134 ], [ 39.669590017266174, 26.664999939807736 ], [ 39.669090017673973, 26.66882994032132 ], [ 39.66859001808178, 26.672659939881438 ], [ 39.667260018286193, 26.674829940042184 ], [ 39.665420017954354, 26.677659940292472 ], [ 39.66459001775096, 26.681159940010968 ], [ 39.665260018120783, 26.68548993994613 ], [ 39.666090018324169, 26.690319939930944 ], [ 39.666090018324169, 26.694979939985675 ], [ 39.666920017629252, 26.698479939182278 ], [ 39.667260018286193, 26.700479940090965 ], [ 39.666760016897364, 26.703979939647567 ], [ 39.666260018203488, 26.707639940045613 ], [ 39.665760017712984, 26.710809939956047 ], [ 39.66492001836216, 26.716469940064076 ], [ 39.664420016973331, 26.720799939656597 ], [ 39.664090017260449, 26.726299939622116 ], [ 39.664090018158767, 26.731459940396235 ], [ 39.664420016973331, 26.739449939725883 ], [ 39.664090017260449, 26.746119941093095 ], [ 39.663260017955373, 26.752449939873781 ], [ 39.662590017585551, 26.759439941166516 ], [ 39.661260017789957, 26.767599939932559 ], [ 39.660590018318452, 26.772269939963433 ], [ 39.659930017994377, 26.775269939777527 ], [ 39.659100016892666, 26.777099939824911 ], [ 39.657600018116078, 26.77792993864777 ], [ 39.655260017293728, 26.7780999397161 ], [ 39.647100017696829, 26.7780999397161 ], [ 39.644940016799531, 26.778759940224667 ], [ 39.642770017653127, 26.779259939173492 ], [ 39.639940018182642, 26.779259939975461 ], [ 39.633280018260635, 26.7780999397161 ], [ 39.629280017031498, 26.777599938866516 ], [ 39.626950018051524, 26.777599939668494 ], [ 39.623950017803409, 26.778759940224667 ], [ 39.621780017758681, 26.780099940341511 ], [ 39.620120017351901, 26.781759940181608 ], [ 39.618950018288196, 26.783259939700663 ], [ 39.6161200179194, 26.786089940142904 ], [ 39.611630018042121, 26.790419940104016 ], [ 39.609630016978393, 26.791589939834399 ], [ 39.606790018360478, 26.792089940001208 ], [ 39.602290016640829, 26.791419939724832 ], [ 39.599630017947973, 26.790759940659171 ], [ 39.597630017782564, 26.79007993933201 ], [ 39.595630017617147, 26.78858993987803 ], [ 39.591640017332068, 26.784429940272609 ], [ 39.587970017612449, 26.780429940073692 ], [ 39.584470016873816, 26.777599939668494 ], [ 39.582470019403353, 26.776929939665212 ], [ 39.579640018136232, 26.776769940037205 ], [ 39.575650016952842, 26.776929939665212 ], [ 39.573480017806425, 26.776269939746456 ], [ 39.571820018297963, 26.774599939659257 ], [ 39.565990017681038, 26.768939940212956 ], [ 39.563820016738006, 26.766769940198134 ], [ 39.558990018000422, 26.765439940163816 ], [ 39.555160016650596, 26.76443994027909 ], [ 39.551990018319799, 26.764109939797009 ], [ 39.548000018034713, 26.76443994027909 ], [ 39.545170016767599, 26.764599939633051 ], [ 39.543670017991012, 26.7649399389156 ], [ 39.541670017825602, 26.766269939189634 ], [ 39.538500017698169, 26.76826993964271 ], [ 39.536000017940566, 26.76893993860887 ], [ 39.530340018999588, 26.768769939867848 ], [ 39.527030018231763, 26.77128994019035 ], [ 39.525590017933006, 26.774149939718683 ], [ 39.525350017733487, 26.778899939863596 ], [ 39.527490017640986, 26.78295993929753 ], [ 39.530350018147018, 26.786519940217762 ], [ 39.532730018254036, 26.7900799401339 ], [ 39.533440017908504, 26.794369940061777 ], [ 39.533920017409208, 26.797459939868499 ], [ 39.5367700178695, 26.802469939803927 ], [ 39.541060016831921, 26.80958993977907 ], [ 39.546290018297526, 26.816739939018881 ], [ 39.551770018211769, 26.822209941209849 ], [ 39.55630001917033, 26.826729939732385 ], [ 39.560570018939579, 26.830299940010505 ], [ 39.564140018201776, 26.834109941186878 ], [ 39.568180016918937, 26.838149939676292 ], [ 39.569610018070271, 26.84124994033084 ], [ 39.571040018323281, 26.842909940337062 ], [ 39.571280017624481, 26.844579939664982 ], [ 39.570090016672665, 26.846719939652353 ], [ 39.568900018415782, 26.849579938934458 ], [ 39.567230017963261, 26.85099994007869 ], [ 39.563660016904436, 26.851719939766866 ], [ 39.559620018187275, 26.851479939845458 ], [ 39.557480017381458, 26.85242993996059 ], [ 39.556300018272012, 26.854099940690595 ], [ 39.557240017181947, 26.856239940201142 ], [ 39.562230018448055, 26.861949940194872 ], [ 39.563900018002265, 26.863849940954875 ], [ 39.564850016957941, 26.86670994001609 ], [ 39.565090018055763, 26.870039940222675 ], [ 39.564380016604659, 26.872659939942054 ], [ 39.563420016704924, 26.874559941069457 ], [ 39.563190016551147, 26.876939939024354 ], [ 39.563420017603235, 26.880029939786866 ], [ 39.564140018201776, 26.884319940377083 ], [ 39.565090018055763, 26.889069940179247 ], [ 39.565800016811927, 26.893589940375453 ], [ 39.567470019061091, 26.897639939993347 ], [ 39.571280017624481, 26.901449939786882 ], [ 39.576990017692481, 26.905019939986158 ], [ 39.583170018113776, 26.908819940372453 ], [ 39.589360017682495, 26.910729940838714 ], [ 39.593880017696989, 26.912389939839738 ], [ 39.59888001811052, 26.915009938832657 ], [ 39.603870017579993, 26.918579940364701 ], [ 39.608630016895695, 26.924039939048374 ], [ 39.609830017893252, 26.927149939826155 ], [ 39.610300018246534, 26.929999940698057 ], [ 39.609830018791563, 26.933089940147635 ], [ 39.60887001799351, 26.935949940223423 ], [ 39.607920018139531, 26.940229940107045 ], [ 39.607680017940012, 26.943329940000879 ], [ 39.608160017440724, 26.946659939371404 ], [ 39.609110018193022, 26.950939940220234 ], [ 39.612210018000255, 26.958549939806069 ], [ 39.613390018008012, 26.961889939841768 ], [ 39.614580018061524, 26.966169940218133 ], [ 39.617440016770928, 26.972349939960175 ], [ 39.620060017975753, 26.977829939834059 ], [ 39.624590018036002, 26.986159940129099 ], [ 39.631240017912262, 26.997569939996087 ], [ 39.63481001807277, 27.002339939778139 ], [ 39.637660017634744, 27.005429939734245 ], [ 39.641480018040518, 27.007809940877884 ], [ 39.644100018347032, 27.010189939652577 ], [ 39.647660017563481, 27.014709940350009 ], [ 39.653130018330287, 27.019469940188365 ], [ 39.659320017899006, 27.025889939930057 ], [ 39.663360018412803, 27.029939940073174 ], [ 39.666220018020518, 27.033029939693019 ], [ 39.669070017582492, 27.035889939659608 ], [ 39.671930018088517, 27.037549940840066 ], [ 39.674780017650498, 27.038739940376974 ], [ 39.678120017657236, 27.041109940214589 ], [ 39.681210018317039, 27.044209939980011 ], [ 39.682689903814413, 27.045587611851555 ], [ 39.664287470553163, 27.071811079147615 ], [ 39.660959235781704, 27.143368125138188 ], [ 39.64764629759415, 27.203276350022119 ], [ 39.648478355837852, 27.252367811818392 ], [ 39.645982180208414, 27.298963098379524 ], [ 39.686753055709708, 27.358039264860555 ], [ 39.868141848059629, 27.402138375035889 ], [ 39.941760018081794, 27.413979941398743 ], [ 39.940330017828778, 27.418269941243658 ], [ 39.93972682426832, 27.419395227260871 ], [ 39.936760017668263, 27.424929939910477 ], [ 39.929860018445076, 27.441109940704507 ], [ 39.928200018038282, 27.444919941346321 ], [ 39.926050018085057, 27.447769941387492 ], [ 39.922960018323558, 27.450849940333192 ], [ 39.91939001816305, 27.452769940871256 ], [ 39.917720017710522, 27.454909940003624 ], [ 39.917260019199617, 27.457769940064409 ], [ 39.91558001780303, 27.462999939864105 ], [ 39.914640017994778, 27.481559940788753 ], [ 39.914640017994778, 27.48535994091381 ], [ 39.913920018294554, 27.489409941078048 ], [ 39.913200018594338, 27.492739940002043 ], [ 39.913200018594338, 27.497029940010226 ], [ 39.912730019139367, 27.502979941122966 ], [ 39.912730019139367, 27.511539940195615 ], [ 39.91320001769602, 27.517009941043622 ], [ 39.91320001769602, 27.523439941130867 ], [ 39.913920019192872, 27.529619940273403 ], [ 39.914640017994778, 27.533429941212827 ], [ 39.916300018401571, 27.539379940049063 ], [ 39.917260019199617, 27.544849940144172 ], [ 39.917490019353387, 27.551519939743727 ], [ 39.917490017556752, 27.560799940065856 ], [ 39.917720017710522, 27.565789941253215 ], [ 39.919630018362568, 27.568889940811665 ], [ 39.921300017916785, 27.572449940717004 ], [ 39.922250018669082, 27.575069940844966 ], [ 39.922960017425247, 27.578639940939102 ], [ 39.922943165928828, 27.578974149274494 ], [ 39.922720018124046, 27.583399941078714 ], [ 39.922490017970283, 27.588159940846658 ], [ 39.921060018615577, 27.595539940967676 ], [ 39.919630018362568, 27.601009940670309 ], [ 39.918440018309063, 27.605529940787974 ], [ 39.917490019353387, 27.609579940907366 ], [ 39.917490017556752, 27.613859940776866 ], [ 39.916520019407905, 27.617439939860368 ], [ 39.914870018148548, 27.622419941021732 ], [ 39.91320001769602, 27.625279941089055 ], [ 39.911060017788529, 27.627419940076724 ], [ 39.907970018027036, 27.629089941350621 ], [ 39.905350017720522, 27.630749940957287 ], [ 39.902020017759519, 27.632419940769239 ], [ 39.898450017599011, 27.635029940275686 ], [ 39.896070018390319, 27.638829940836342 ], [ 39.894650019081368, 27.642649940281736 ], [ 39.89274001932764, 27.648119940895103 ], [ 39.891080018022535, 27.65239994027943 ], [ 39.88941001757, 27.657639941368899 ], [ 39.887270016764198, 27.663829941115999 ], [ 39.885600018108292, 27.669059941171962 ], [ 39.882270018147295, 27.675009941270098 ], [ 39.880130018239804, 27.678339940306856 ], [ 39.878940019084617, 27.683109942111905 ], [ 39.877990018332305, 27.687149941112605 ], [ 39.876080017680266, 27.691429940873299 ], [ 39.873470018317811, 27.69404994100314 ], [ 39.870140019255125, 27.698089940844493 ], [ 39.866090017797269, 27.702369940372041 ], [ 39.862050018181797, 27.705709941270403 ], [ 39.858480018021289, 27.70807994111561 ], [ 39.854430018360055, 27.709739939719697 ], [ 39.850390017846266, 27.712129942234771 ], [ 39.84729001803904, 27.714749940840377 ], [ 39.843730017924273, 27.717129940820335 ], [ 39.841110017617751, 27.719979941029464 ], [ 39.838010017810525, 27.724739940659294 ], [ 39.835870017903034, 27.727829940881929 ], [ 39.833960019047609, 27.733069941243571 ], [ 39.832300017742519, 27.736639940833928 ], [ 39.829930017681249, 27.740439940945251 ], [ 39.826590017674512, 27.744969941360303 ], [ 39.823970017367984, 27.749009940687088 ], [ 39.822070017660003, 27.753769941111365 ], [ 39.818740016800689, 27.760429941367441 ], [ 39.812320018874843, 27.773279941289942 ], [ 39.808510017616499, 27.780419940945571 ], [ 39.804940018354309, 27.786609940788875 ], [ 39.801610018393305, 27.790649941010916 ], [ 39.797800018033286, 27.794459940890704 ], [ 39.79423001697446, 27.796839940951529 ], [ 39.791850017765768, 27.799929941204827 ], [ 39.789230018357557, 27.802069941032617 ], [ 39.787090017551755, 27.803979940704497 ], [ 39.781860017882764, 27.806829941886459 ], [ 39.776390018014276, 27.808969940892833 ], [ 39.769490017892764, 27.81182994083694 ], [ 39.762580016827194, 27.815159941301545 ], [ 39.757830017557239, 27.817779941233916 ], [ 39.755450018348547, 27.819689941164718 ], [ 39.75188001908635, 27.821819940196011 ], [ 39.746640016676686, 27.82348993978615 ], [ 39.742840017260718, 27.82562994100887 ], [ 39.738550017399987, 27.82919994070431 ], [ 39.727840017816767, 27.835619940817615 ], [ 39.722130016850443, 27.839429940971375 ], [ 39.716890018034036, 27.842289940791122 ], [ 39.713330018817587, 27.844669941188453 ], [ 39.710000017958265, 27.847519941013235 ], [ 39.706190017598246, 27.849419941121553 ], [ 39.701430018282544, 27.852039940846574 ], [ 39.694530018161032, 27.856079940695359 ], [ 39.687620017993787, 27.860129942163663 ], [ 39.683350018224537, 27.862749940391645 ], [ 39.677400017957019, 27.866079941221948 ], [ 39.669070017582492, 27.871789941253695 ], [ 39.657650018344803, 27.877259941199899 ], [ 39.646940017863265, 27.882739939631872 ], [ 39.639570018286783, 27.886779940733348 ], [ 39.631480018111766, 27.891299941090701 ], [ 39.623390017936757, 27.89558994126233 ], [ 39.615540017961258, 27.900339940877224 ], [ 39.609110018193022, 27.905099941072798 ], [ 39.604110017779497, 27.908669940926966 ], [ 39.598400017711498, 27.912239942037314 ], [ 39.594830017550976, 27.914149940849253 ], [ 39.590310018434792, 27.918669941030874 ], [ 39.585790016623662, 27.923659941014812 ], [ 39.582460017560976, 27.926759939966786 ], [ 39.577460018045777, 27.931989941042907 ], [ 39.569850018269783, 27.940079941395403 ], [ 39.566280018109268, 27.943879940705216 ], [ 39.559860016590157, 27.948169940643517 ], [ 39.554150018318779, 27.952929941049558 ], [ 39.548670018404543, 27.957449941155758 ], [ 39.545340018443547, 27.959119942167547 ], [ 39.540820018429045, 27.961259940861108 ], [ 39.51797001721296, 27.972679941863465 ], [ 39.51255457113335, 27.975005493245316 ], [ 39.51131001729096, 27.975539941142088 ], [ 39.506790017276451, 27.976959941318022 ], [ 39.502750016762668, 27.97862994107448 ], [ 39.497040016694662, 27.980299941945965 ], [ 39.490380017670972, 27.981479940893671 ], [ 39.478710017289714, 27.983149941263957 ], [ 39.470390017859245, 27.983149942057253 ], [ 39.461110017630723, 27.98362994131184 ], [ 39.452780018154513, 27.983389941158336 ], [ 39.446590017687484, 27.983389941158336 ], [ 39.44326001682817, 27.983389941158336 ], [ 39.439230018156749, 27.984339940852987 ], [ 39.427560017775477, 27.985049941272088 ], [ 39.418750017900251, 27.985769940944945 ], [ 39.411140018124257, 27.986239941310878 ], [ 39.404480017303939, 27.986009941354027 ], [ 39.399240017589214, 27.985289940903971 ], [ 39.394720017574713, 27.984099942279723 ], [ 39.384490016593894, 27.983149942057253 ], [ 39.371400017801989, 27.982669940666032 ], [ 39.361890017419697, 27.982669940666032 ], [ 39.353320017743975, 27.982439941027149 ], [ 39.344510016970425, 27.981249941096653 ], [ 39.333090017732722, 27.980529941389126 ], [ 39.323810016605897, 27.979819941355601 ], [ 39.315720018227509, 27.979819941355601 ], [ 39.307150016755159, 27.979579942242577 ], [ 39.299540016979165, 27.979339941802177 ], [ 39.292640016857661, 27.979099940827695 ], [ 39.283120017327946, 27.978869940714869 ], [ 39.275750017751463, 27.978869940714869 ], [ 39.266700016778401, 27.978869940714869 ], [ 39.25600001813924, 27.979339941008856 ], [ 39.247190018264007, 27.979579942242577 ], [ 39.239110018134731, 27.980769940767992 ], [ 39.231010017913988, 27.98195994123537 ], [ 39.224110017792469, 27.983389941158336 ], [ 39.215070017763459, 27.986009941354027 ], [ 39.206270017035663, 27.987429940908029 ], [ 39.201980018073236, 27.987669940795033 ], [ 39.195320017252932, 27.98815994108692 ], [ 39.190080016639889, 27.987669940795033 ], [ 39.184140018214741, 27.987429940908029 ], [ 39.178670017447942, 27.987669940795033 ], [ 39.170100017772214, 27.988859941266949 ], [ 39.164390016805889, 27.990049941295457 ], [ 39.159150017091164, 27.991479941010514 ], [ 39.153440017921476, 27.992189941210238 ], [ 39.14559001704766, 27.992909940793012 ], [ 39.138450016726637, 27.994089941343137 ], [ 39.13274001665863, 27.995759940726661 ], [ 39.129170017396433, 27.997669941034257 ], [ 39.127510016989653, 27.999329941763158 ], [ 39.127030016590624, 28.001469940644323 ], [ 39.128700017043151, 28.003139940671723 ], [ 39.132500018255747, 28.004329940869447 ], [ 39.142260017086656, 28.006469941964056 ], [ 39.153690018166728, 28.008609940997029 ], [ 39.162010017597204, 28.010039941085189 ], [ 39.172240016781394, 28.010989940642339 ], [ 39.183430016763637, 28.01288994237672 ], [ 39.187710018375249, 28.01288994237672 ], [ 39.193420018443256, 28.013369940833897 ], [ 39.195560018350754, 28.014559940636829 ], [ 39.198650018112247, 28.015509940770524 ], [ 39.203890017826971, 28.016219942034716 ], [ 39.212930016957657, 28.017179941225837 ], [ 39.232920016769391, 28.017179941225837 ], [ 39.246240016613385, 28.017649941005093 ], [ 39.255520017740217, 28.018839941093475 ], [ 39.265750017822732, 28.021219942257918 ], [ 39.271700017191932, 28.021939942127272 ], [ 39.280980017420454, 28.022889941382253 ], [ 39.289310016896657, 28.025509942278816 ], [ 39.294070018008995, 28.026929940663692 ], [ 39.299780018077001, 28.02764994199077 ], [ 39.314530018174004, 28.032169941302762 ], [ 39.327860018063745, 28.036939941390479 ], [ 39.345700017023923, 28.04096994091152 ], [ 39.36022001786548, 28.044779941168116 ], [ 39.368070017840978, 28.047629940771685 ], [ 39.374730017762985, 28.050729940943999 ], [ 39.381630016986172, 28.055009941798573 ], [ 39.388290017806497, 28.061199940801018 ], [ 39.393050017122192, 28.067619941338805 ], [ 39.397100017681723, 28.074049940842901 ], [ 39.400190017443208, 28.079039940763138 ], [ 39.403290017250441, 28.085699941279437 ], [ 39.405900018409532, 28.092609940829583 ], [ 39.407090017564727, 28.098549940835202 ], [ 39.407810018163254, 28.104979941731699 ], [ 39.408050018362765, 28.110689941901754 ], [ 39.406860017410956, 28.114499941081654 ], [ 39.401860017895743, 28.120449940681763 ], [ 39.392580017667221, 28.129959941952244 ], [ 39.389480016961677, 28.132099940998085 ], [ 39.383060017239188, 28.13471994163951 ], [ 39.375210018162008, 28.138769940916063 ], [ 39.363080016574884, 28.145429941267444 ], [ 39.355940018050489, 28.149709942363163 ], [ 39.352370017889982, 28.151369941296608 ], [ 39.346890017975745, 28.153039940879498 ], [ 39.341420018107257, 28.154469942063791 ], [ 39.330710016727402, 28.159229940809389 ], [ 39.326900017265686, 28.160899941332172 ], [ 39.318580017835231, 28.165419940754937 ], [ 39.306440017998995, 28.172319941863798 ], [ 39.299540016979165, 28.176119940897117 ], [ 39.297160016872155, 28.177079941715615 ], [ 39.293590016711647, 28.178499942139876 ], [ 39.290270017694709, 28.179689942301238 ], [ 39.285500017434956, 28.181839941158923 ], [ 39.277650018357761, 28.185879940690238 ], [ 39.272890018143755, 28.188259940878325 ], [ 39.268140017975483, 28.191349941947585 ], [ 39.261950018406765, 28.195399941017673 ], [ 39.258140017148428, 28.197779940637044 ], [ 39.254810018085742, 28.199679941658218 ], [ 39.24791001796423, 28.202299941138573 ], [ 39.240290017244185, 28.205869940728775 ], [ 39.231960017767975, 28.209669941079945 ], [ 39.225060017646463, 28.213719942391567 ], [ 39.213640016612132, 28.218239941291813 ], [ 39.191510016892906, 28.22846994119999 ], [ 39.187230017976233, 28.229429941108098 ], [ 39.182470017762213, 28.230139942138489 ], [ 39.179140016902899, 28.230139942138489 ], [ 39.174860017087909, 28.231329941833586 ], [ 39.170340017971725, 28.232039941303714 ], [ 39.164150018403014, 28.235849942240037 ], [ 39.160810016599633, 28.238229941084143 ], [ 39.155590016976397, 28.240129941812675 ], [ 39.151300018013984, 28.242269940913772 ], [ 39.145830018145482, 28.245369941916636 ], [ 39.140350018231253, 28.250359941134654 ], [ 39.13512001676564, 28.253219941296859 ], [ 39.127510016989653, 28.257499940945461 ], [ 39.121080017221423, 28.260359941051579 ], [ 39.116560017206922, 28.261319941181441 ], [ 39.114420017299423, 28.263199942300897 ], [ 39.114180017099912, 28.266309940780889 ], [ 39.115140016999639, 28.269159942161892 ], [ 39.117510017060908, 28.27320994102805 ], [ 39.11942001681463, 28.275589940606917 ], [ 39.123220017128915, 28.279629940785465 ], [ 39.128540018107898, 28.287359941861588 ], [ 39.131770016713155, 28.292129941080727 ], [ 39.134820018088298, 28.296119941862429 ], [ 39.139200018360725, 28.300119940892365 ], [ 39.142250017939233, 28.301829940765046 ], [ 39.14377001770562, 28.304129940966934 ], [ 39.146620018165905, 28.306969940858021 ], [ 39.151950017394, 28.31001994124469 ], [ 39.157460018343784, 28.314029942225005 ], [ 39.162040016836116, 28.316679940724352 ], [ 39.164890018194711, 28.31877994134987 ], [ 39.167180016991722, 28.320859940933104 ], [ 39.171180017322541, 28.325629940756354 ], [ 39.176890017390548, 28.331909940764472 ], [ 39.182230017562702, 28.336859941850481 ], [ 39.185460017066276, 28.340859940846094 ], [ 39.189260017380562, 28.344659941946009 ], [ 39.196690018129807, 28.351329941750503 ], [ 39.200110017604175, 28.355129941363739 ], [ 39.204110017934994, 28.358939940857908 ], [ 39.207350018382627, 28.36159994237007 ], [ 39.21172001681267, 28.365219940675857 ], [ 39.213920017892939, 28.367939942090228 ], [ 39.216290017954194, 28.369219941645852 ], [ 39.218960016692805, 28.369979941659139 ], [ 39.228860017960741, 28.373599941797284 ], [ 39.236280017765935, 28.375689941246758 ], [ 39.241230017950741, 28.377209941926498 ], [ 39.244850018339974, 28.378549942191249 ], [ 39.248080017843549, 28.380829941138018 ], [ 39.250180016669759, 28.382159942190373 ], [ 39.255700016766966, 28.384449941657167 ], [ 39.260070016993637, 28.386159942199203 ], [ 39.263880018251967, 28.387679942184025 ], [ 39.267690016815365, 28.388829941178962 ], [ 39.272640017898496, 28.390159940671541 ], [ 39.277020018170916, 28.391299941180751 ], [ 39.280250016776165, 28.391299941971024 ], [ 39.283490017223798, 28.39072994087805 ], [ 39.286910017596483, 28.390919942373195 ], [ 39.289200018190115, 28.392059941821657 ], [ 39.291680016957926, 28.393589942379819 ], [ 39.292820016782713, 28.395489941316804 ], [ 39.293390017593424, 28.397199940792845 ], [ 39.295860018112123, 28.399679940967008 ], [ 39.297950016892585, 28.399869942222359 ], [ 39.300430018355328, 28.399869942222359 ], [ 39.305950017554224, 28.399489940951383 ], [ 39.309380017972657, 28.399489941741592 ], [ 39.31300001656524, 28.399869942222359 ], [ 39.316030017848902, 28.400629942256622 ], [ 39.321560017991857, 28.402149941776074 ], [ 39.326320018205877, 28.403479940852762 ], [ 39.330510017609178, 28.404249942252676 ], [ 39.334880017835857, 28.404249940672333 ], [ 39.339650018095611, 28.403669941615632 ], [ 39.344210018293083, 28.402529940619523 ], [ 39.347450017842398, 28.401009941019865 ], [ 39.350490017375165, 28.400629942256622 ], [ 39.353350016982887, 28.401199940680659 ], [ 39.358490018036811, 28.401379940918396 ], [ 39.367240017637592, 28.401009941019865 ], [ 39.373530016765415, 28.400439942363974 ], [ 39.380190017585733, 28.400249941340448 ], [ 39.385330016843028, 28.400249941340448 ], [ 39.390280017027841, 28.400439940783581 ], [ 39.394660017300254, 28.401009941019865 ], [ 39.400180018295785, 28.402529942199887 ], [ 39.407980018042565, 28.404439940844526 ], [ 39.411790018402591, 28.405769941991021 ], [ 39.41712001763068, 28.407099940663318 ], [ 39.424550016583311, 28.408429942391358 ], [ 39.429870016663976, 28.409379941077539 ], [ 39.43330001798072, 28.410149940680984 ], [ 39.438820018077919, 28.411479941249347 ], [ 39.441680017685641, 28.412619942327357 ], [ 39.443960017335215, 28.414139942059126 ], [ 39.44549001714735, 28.416049942322537 ], [ 39.446620017824713, 28.418329941269874 ], [ 39.44795001672199, 28.42061994211409 ], [ 39.45024001821394, 28.422709941960878 ], [ 39.453100017821654, 28.424609941640298 ], [ 39.457290018123267, 28.425949940641456 ], [ 39.460710017597634, 28.427089940775272 ], [ 39.464140018016074, 28.429179941652674 ], [ 39.465660017782461, 28.430499940692016 ], [ 39.46871001825928, 28.432609942337596 ], [ 39.472120016789603, 28.434129941039615 ], [ 39.478030017772461, 28.43564994160586 ], [ 39.480890018278487, 28.436799941213458 ], [ 39.483550017869661, 28.436799941213458 ], [ 39.486410016579072, 28.437179941317414 ], [ 39.489070017966867, 28.438129941925578 ], [ 39.494400018093287, 28.440599940867575 ], [ 39.499350018278101, 28.442319941793038 ], [ 39.503160017739802, 28.443269941267566 ], [ 39.510200016705085, 28.444979941726686 ], [ 39.514390017905015, 28.446119940628112 ], [ 39.518200017366723, 28.448029941185116 ], [ 39.52201001772675, 28.449359942082822 ], [ 39.526200018028369, 28.450319942289461 ], [ 39.533050017921163, 28.451069942014264 ], [ 39.53628001742473, 28.451449942192813 ], [ 39.540470016828039, 28.451639942164888 ], [ 39.543520017304871, 28.452979940836375 ], [ 39.546560017735963, 28.454119941955913 ], [ 39.549040018300396, 28.45468994225012 ], [ 39.561980017304478, 28.455069941265528 ], [ 39.5772100169022, 28.454499940650642 ], [ 39.581780018043723, 28.45487994113876 ], [ 39.585970018345343, 28.454879941928549 ], [ 39.590530016746186, 28.455449942074281 ], [ 39.593770017193819, 28.455639941176671 ], [ 39.597960016597135, 28.455829942306959 ], [ 39.600240018043337, 28.455829940727384 ], [ 39.603670019360074, 28.45526994215242 ], [ 39.609010017735599, 28.455449942074281 ], [ 39.613380017962278, 28.455639941176671 ], [ 39.617760018234691, 28.456019940726414 ], [ 39.623090018361104, 28.456399941279638 ], [ 39.628600016615941, 28.457539941062006 ], [ 39.632790016917561, 28.459259941312101 ], [ 39.636410018205098, 28.460779940865677 ], [ 39.638890018769537, 28.462879942257899 ], [ 39.640790016680889, 28.465349941194372 ], [ 39.642310018243897, 28.467049942312332 ], [ 39.645170017851619, 28.468969941235233 ], [ 39.649360018153239, 28.470869942347061 ], [ 39.655830018104439, 28.473339941670154 ], [ 39.660970017361741, 28.475059940616745 ], [ 39.665150017617613, 28.476579941111492 ], [ 39.667559945996622, 28.477037826808079 ], [ 39.669150017948432, 28.477339940658137 ], [ 39.673150018279252, 28.478489940868169 ], [ 39.677140017666026, 28.479059942380299 ], [ 39.682090016952515, 28.479439942205808 ], [ 39.689330017730974, 28.479249940884738 ], [ 39.692760017251075, 28.478859940717793 ], [ 39.695800016783849, 28.479249941674343 ], [ 39.697900019203324, 28.480579941375002 ], [ 39.700180017954587, 28.482669940791183 ], [ 39.703410018356472, 28.484389940983547 ], [ 39.707040017893128, 28.485529941198038 ], [ 39.709890018353413, 28.486669941737464 ], [ 39.71275001706281, 28.488759942208155 ], [ 39.716360018304606, 28.491429941943522 ], [ 39.719790016926403, 28.493709942250728 ], [ 39.722450018314213, 28.496569942019551 ], [ 39.725690017863528, 28.500379941682255 ], [ 39.72892001826542, 28.503799940747395 ], [ 39.733880017597649, 28.507799940663951 ], [ 39.737110017101223, 28.510459941985001 ], [ 39.739590016767345, 28.513699942065418 ], [ 39.742250018155154, 28.51598994197942 ], [ 39.74720001833996, 28.52054994170415 ], [ 39.750830017876623, 28.523029940655213 ], [ 39.75367001829116, 28.526069942249208 ], [ 39.759570017431656, 28.531209941151271 ], [ 39.765850018310367, 28.536159942053843 ], [ 39.771950018365715, 28.540729942169946 ], [ 39.776130016824958, 28.544539941251131 ], [ 39.779180018200101, 28.547769942357601 ], [ 39.782220017732875, 28.550249942269549 ], [ 39.785080018238908, 28.552339940635882 ], [ 39.788510017759023, 28.554059941790037 ], [ 39.793640017868888, 28.557289942052378 ], [ 39.797070018287322, 28.559769941032037 ], [ 39.801830019399645, 28.56318994161532 ], [ 39.80507001805065, 28.565099940719772 ], [ 39.807350016801912, 28.566429941850622 ], [ 39.813820019448059, 28.569479942033663 ], [ 39.817060018997367, 28.570999941913577 ], [ 39.819920017706771, 28.572899941848757 ], [ 39.822770018167056, 28.574999941757586 ], [ 39.826200017687171, 28.577469941729927 ], [ 39.829810018030649, 28.579939941289226 ], [ 39.834570018244669, 28.582419942098451 ], [ 39.837620017823177, 28.583939941958747 ], [ 39.844090018672695, 28.587749942095055 ], [ 39.853800019071521, 28.593079941663262 ], [ 39.856270017793584, 28.594219940831309 ], [ 39.858560019285541, 28.595549942112456 ], [ 39.863890017615326, 28.597649940879787 ], [ 39.869600017683318, 28.599549942030045 ], [ 39.871690017362106, 28.601069941878542 ], [ 39.874930017809739, 28.603919942076796 ], [ 39.878930018140558, 28.60811994089039 ], [ 39.881400016862621, 28.611159941144624 ], [ 39.88311001839643, 28.614209941964624 ], [ 39.884630018162817, 28.617059942133984 ], [ 39.887300017799738, 28.619729940758489 ], [ 39.891300018130558, 28.625249941917975 ], [ 39.894150017692532, 28.628109940964197 ], [ 39.896440018286164, 28.630389940975419 ], [ 39.902150018354178, 28.634389941142611 ], [ 39.904620018872876, 28.635719942355255 ], [ 39.90691001766988, 28.6374299416707 ], [ 39.909190018217764, 28.639719941978846 ], [ 39.913190017650273, 28.641999942032754 ], [ 39.918140017835093, 28.644289941923923 ], [ 39.925560017640287, 28.647329941765708 ], [ 39.930700016897582, 28.649809941828952 ], [ 39.935270018039112, 28.651329941743246 ], [ 39.94327001780244, 28.653799942207286 ], [ 39.950120017695241, 28.655899941126762 ], [ 39.955250017805106, 28.657419941048509 ], [ 39.958500018298473, 28.658559941701824 ], [ 39.962300017714433, 28.660079941681619 ], [ 39.967440018768372, 28.661799942334511 ], [ 39.974290017762847, 28.663699942014556 ], [ 39.980190017801654, 28.664839942158153 ], [ 39.988760018375686, 28.667509941960258 ], [ 39.995040018356086, 28.669589941958311 ], [ 39.999800017671788, 28.670559942043106 ], [ 40.002850018148614, 28.670739942224891 ], [ 40.010080017983014, 28.671129941032536 ], [ 40.01332001843064, 28.671889940904229 ], [ 40.016930018774119, 28.67321994179845 ], [ 40.019220017571129, 28.674539942371503 ], [ 40.022640017943807, 28.675499940868235 ], [ 40.02607001836224, 28.67626994196592 ], [ 40.029120017940755, 28.676069942143037 ], [ 40.034260018096361, 28.67664994089267 ], [ 40.037110017658343, 28.677599941636274 ], [ 40.04244001868306, 28.679879942314745 ], [ 40.046060018173968, 28.681019942168991 ], [ 40.052530018125182, 28.682359942240424 ], [ 40.054990016801497, 28.683309941632437 ], [ 40.057670018280788, 28.683689941813377 ], [ 40.062050016756579, 28.684069942191588 ], [ 40.064910018160923, 28.684459941809614 ], [ 40.069470019256713, 28.686349942297795 ], [ 40.074420017644897, 28.688069941988655 ], [ 40.079560017800496, 28.689969942028398 ], [ 40.08794001930206, 28.693209942177386 ], [ 40.092320017777851, 28.69510994191765 ], [ 40.096690018902834, 28.696819941667606 ], [ 40.101830019058454, 28.699309942217194 ], [ 40.103930018782975, 28.70138994183489 ], [ 40.10697001921406, 28.703289941213761 ], [ 40.110590017806658, 28.704819941655686 ], [ 40.113060019223667, 28.705959940988887 ], [ 40.117250017728651, 28.706719941785419 ], [ 40.119920018263883, 28.707289941714482 ], [ 40.122580018753382, 28.70938994069795 ], [ 40.124680019376214, 28.710719941151702 ], [ 40.127150018098277, 28.712049941240732 ], [ 40.13020001857511, 28.712809941915278 ], [ 40.133040018091343, 28.713949941633384 ], [ 40.136110017761339, 28.715479942168869 ], [ 40.146010018130973, 28.720239941624286 ], [ 40.151710019051549, 28.722899941945403 ], [ 40.153800017832012, 28.724419942356008 ], [ 40.156280018396444, 28.7261399417917 ], [ 40.158370018075225, 28.727469941134721 ], [ 40.161030018564716, 28.727849941665177 ], [ 40.163510018230838, 28.728609941732863 ], [ 40.167130018620064, 28.730329942336112 ], [ 40.174930018366851, 28.734129942190997 ], [ 40.178360017886959, 28.736039941919653 ], [ 40.181780019157969, 28.737369942103214 ], [ 40.184830018736477, 28.738319942222123 ], [ 40.187490019225962, 28.73869994189916 ], [ 40.189970017993772, 28.739459941833147 ], [ 40.203100018765284, 28.745939940678344 ], [ 40.206910018226992, 28.748219940732088 ], [ 40.220420018940096, 28.755079941857627 ], [ 40.224230018401812, 28.757359941611973 ], [ 40.22804001786352, 28.759829942187693 ], [ 40.235460017668707, 28.763449941278743 ], [ 40.239650017970334, 28.765729940924725 ], [ 40.243080019287071, 28.7678299421856 ], [ 40.247070018673838, 28.769729941861325 ], [ 40.252600018816779, 28.771439942385808 ], [ 40.261160018446759, 28.773919941988286 ], [ 40.267450019371225, 28.776389941996392 ], [ 40.274110019293218, 28.779439942110582 ], [ 40.279620019344691, 28.78247994211096 ], [ 40.286290019312432, 28.78495994222563 ], [ 40.289330018845206, 28.786859941703248 ], [ 40.292190017554603, 28.787999941935936 ], [ 40.29600001881294, 28.79047994067674 ], [ 40.30038001908536, 28.792379941915922 ], [ 40.313700018929353, 28.797329941209849 ], [ 40.320170018880553, 28.800379942109327 ], [ 40.327030017920777, 28.803419941659545 ], [ 40.333120018828694, 28.806089942117854 ], [ 40.346630018643488, 28.810469940733654 ], [ 40.355010018348416, 28.812939942300602 ], [ 40.360330018429082, 28.814839941795402 ], [ 40.364910018718035, 28.817129942392008 ], [ 40.36833001909072, 28.819409941925752 ], [ 40.371760017712518, 28.820749942249392 ], [ 40.375760018043344, 28.821889941683256 ], [ 40.379180019314333, 28.823029942015705 ], [ 40.384130017702518, 28.825119941688293 ], [ 40.38947001877299, 28.827409942089556 ], [ 40.393080018218157, 28.82968994238902 ], [ 40.397270017621466, 28.831979940629896 ], [ 40.400510018069085, 28.833499941289205 ], [ 40.404880018295771, 28.835209942350541 ], [ 40.410020019349695, 28.837499941897654 ], [ 40.428490017598413, 28.842259942266633 ], [ 40.437240018995816, 28.844919942069971 ], [ 40.445620018700744, 28.847209941932974 ], [ 40.451710018710344, 28.848919941927164 ], [ 40.453610018418331, 28.849869941840968 ], [ 40.457040017938439, 28.851389940806691 ], [ 40.461230019138377, 28.853679942206288 ], [ 40.464270018671151, 28.855009941883161 ], [ 40.468460018972763, 28.856529942039248 ], [ 40.471320018580485, 28.85785994224085 ], [ 40.47436001901157, 28.859389942033179 ], [ 40.479120019225583, 28.861859940830996 ], [ 40.483120018658092, 28.8629999422688 ], [ 40.486740019047325, 28.864529941152956 ], [ 40.492270018291954, 28.865859941280807 ], [ 40.497390018356079, 28.866619941916984 ], [ 40.499680018051407, 28.866809942191058 ], [ 40.50217001776327, 28.867949942048202 ], [ 40.508820017639522, 28.873659942354717 ], [ 40.513200018810259, 28.878039941681891 ], [ 40.514720018576647, 28.879759941940186 ], [ 40.519480018790652, 28.881089942215574 ], [ 40.522520019221744, 28.882419941979702 ], [ 40.525380017931148, 28.885089941817625 ], [ 40.529190019189478, 28.888889941186434 ], [ 40.543650018858266, 28.899929942196771 ], [ 40.548220019101485, 28.903929941888958 ], [ 40.554120019140285, 28.90735994121194 ], [ 40.562690018816021, 28.910969942287426 ], [ 40.57279001830387, 28.914209941930629 ], [ 40.581150018815613, 28.916499941782845 ], [ 40.58743001879602, 28.917449943382852 ], [ 40.592770018968174, 28.91763994187237 ], [ 40.596000019370059, 28.917259942186345 ], [ 40.598840017987968, 28.918019941738741 ], [ 40.602470019321252, 28.918969941996941 ], [ 40.606280018782961, 28.919539943007173 ], [ 40.61256001786505, 28.919729942385629 ], [ 40.619610017774384, 28.919919942202284 ], [ 40.635030019139542, 28.920679941919342 ], [ 40.648920018895922, 28.921069940822207 ], [ 40.657490017673332, 28.921439942356926 ], [ 40.666240018172424, 28.921259941328934 ], [ 40.673290018980076, 28.920489941922522 ], [ 40.678420019089948, 28.920109941670837 ], [ 40.682800017565732, 28.919729942385629 ], [ 40.68908001844445, 28.918969941996941 ], [ 40.69384001865847, 28.918579942273439 ], [ 40.70450001891129, 28.917829942372741 ], [ 40.719350018567411, 28.918209942329277 ], [ 40.72792001914145, 28.918579943059736 ], [ 40.733440019238657, 28.918779942012424 ], [ 40.769040018589706, 28.920869940781774 ], [ 40.773790019656296, 28.920489941922522 ], [ 40.780460018725712, 28.921629940613176 ], [ 40.783310019186011, 28.921629940613176 ], [ 40.786740019604437, 28.921629940613176 ], [ 40.789210019224818, 28.921259941328934 ], [ 40.791500018920139, 28.920489941922522 ], [ 40.793590018598913, 28.919919942202284 ], [ 40.796430019911774, 28.920489941922522 ], [ 40.799110018696119, 28.921069941608486 ], [ 40.80633001938309, 28.92143994078436 ], [ 40.825760019328172, 28.921259941328934 ], [ 40.831470019396178, 28.920869940781774 ], [ 40.835090018887087, 28.920869940781774 ], [ 40.837940018449061, 28.920489941922522 ], [ 40.840800019853418, 28.920489941922522 ], [ 40.842700018663074, 28.921069941608486 ], [ 40.844800018387595, 28.922209941785855 ], [ 40.847650018847894, 28.922589942205047 ], [ 40.851270019237113, 28.922779940713038 ], [ 40.858500019071506, 28.923159942188466 ], [ 40.865920017978389, 28.922969942017957 ], [ 40.873160018756828, 28.922589942205047 ], [ 40.878490018883248, 28.922209943358396 ], [ 40.884770018863641, 28.921629942185731 ], [ 40.890480018931648, 28.920679941919342 ], [ 40.893910019350074, 28.919729942385629 ], [ 40.896770019856106, 28.919729942385629 ], [ 40.899430019447287, 28.920299942363883 ], [ 40.903430018879796, 28.920679941919342 ], [ 40.908370019018854, 28.920679941919342 ], [ 40.912180017582251, 28.920109940884554 ], [ 40.915800018869803, 28.920489941922522 ], [ 40.944350019209828, 28.920299942363883 ], [ 40.95711002008548, 28.920109940884554 ], [ 40.984330019731615, 28.919539942220876 ], [ 40.986990019322789, 28.919919942202284 ], [ 40.989280019018111, 28.920489941922522 ], [ 40.992320019449195, 28.921069941608486 ], [ 40.995750018969311, 28.920489941922522 ], [ 40.998790019400396, 28.919729942385629 ], [ 41.00146001903731, 28.919539942220876 ], [ 41.004310018599291, 28.919539943007173 ], [ 41.013450019984035, 28.919919942202284 ], [ 41.026780018975458, 28.920679941919342 ], [ 41.035520019428816, 28.920679941919342 ], [ 41.041440018660793, 28.920109940884554 ], [ 41.045050019004265, 28.919919940629697 ], [ 41.049430019276684, 28.919919942202284 ], [ 41.05438001856318, 28.919919942202284 ], [ 41.059900018660393, 28.919729942385629 ], [ 41.064090018962006, 28.918969941996941 ], [ 41.067710019351239, 28.918209943115581 ], [ 41.069610019957537, 28.918209942329277 ], [ 41.092070019389645, 28.918969941996941 ], [ 41.105010020190363, 28.919159941633382 ], [ 41.114910018763354, 28.919349941708028 ], [ 41.121770018701895, 28.918969941996941 ], [ 41.135090019444206, 28.918579942273439 ], [ 41.142890019191, 28.918209942329277 ], [ 41.149370019187934, 28.91763994187237 ], [ 41.151460018866715, 28.91763994187237 ], [ 41.153560020387872, 28.917829942372741 ], [ 41.156410019949845, 28.918399941785434 ], [ 41.160610020297206, 28.918779942012424 ], [ 41.166500019391947, 28.919349941708028 ], [ 41.171260018707649, 28.919349941708028 ], [ 41.175640018980076, 28.919349941708028 ], [ 41.187630019028475, 28.919919942202284 ], [ 41.190860020328685, 28.920109940884554 ], [ 41.194100018979675, 28.920109941670837 ], [ 41.199430020004399, 28.919539942220876 ], [ 41.202290019612121, 28.919159941633382 ], [ 41.206860018957016, 28.919159941633382 ], [ 41.210280019329701, 28.918969941996941 ], [ 41.213520019777334, 28.919159941633382 ], [ 41.21866001903463, 28.918019943311354 ], [ 41.222270019378115, 28.916879941894393 ], [ 41.226080019738134, 28.915729941633597 ], [ 41.22970002012736, 28.914399940850885 ], [ 41.232360018820216, 28.91401994266236 ], [ 41.23503002025376, 28.913629941625491 ], [ 41.23769001894663, 28.913629941625491 ], [ 41.251020019734682, 28.916309941991312 ], [ 41.264340019578682, 28.918209943115581 ], [ 41.269480018835978, 28.918779942012424 ], [ 41.275960018832919, 28.918779942012424 ], [ 41.286800019909109, 28.918779942012424 ], [ 41.291760019241337, 28.918779942012424 ], [ 41.297280020236876, 28.918779942012424 ], [ 41.300890018783726, 28.918399941785434 ], [ 41.307550018705712, 28.917449941810233 ], [ 41.311360019065745, 28.916689942012646 ], [ 41.313840019630177, 28.916879941894393 ], [ 41.316310019250551, 28.917259942972656 ], [ 41.319550018799873, 28.918019941738741 ], [ 41.325830019678584, 28.918399941785434 ], [ 41.329250019152951, 28.918969941996941 ], [ 41.335160019237499, 28.919919942202284 ], [ 41.341820019159506, 28.921069941608486 ], [ 41.344670018721473, 28.921829942332955 ], [ 41.34867001995061, 28.922019942233469 ], [ 41.353250019341253, 28.921629942185731 ], [ 41.35648001884482, 28.92125994211521 ], [ 41.360470020028217, 28.920299943150173 ], [ 41.363520019606732, 28.919349940921727 ], [ 41.366180019197913, 28.919539942220876 ], [ 41.373800019917951, 28.919729942385629 ], [ 41.377800020248777, 28.920679941919342 ], [ 41.381030019752352, 28.921069941608486 ], [ 41.383320019447666, 28.921439942356926 ], [ 41.385220019155653, 28.92125994211521 ], [ 41.389410020355591, 28.920869942354337 ], [ 41.393020018902433, 28.920489941922522 ], [ 41.396830019262467, 28.919539942220876 ], [ 41.399680018824441, 28.919159941633382 ], [ 41.413390019554093, 28.919159941633382 ], [ 41.419480019563693, 28.919539942220876 ], [ 41.422984756220494, 28.919714719740004 ], [ 41.423290019025401, 28.919729942385629 ], [ 41.427860019268614, 28.918969942783239 ], [ 41.428240020108525, 28.922779940713038 ], [ 41.427670019297814, 28.928299941813542 ], [ 41.426530018574709, 28.932869941262567 ], [ 41.425190018733382, 28.938769942116441 ], [ 41.424050018908588, 28.945049943358423 ], [ 41.423100019054601, 28.949999942845388 ], [ 41.421380020169984, 28.952849942981175 ], [ 41.419670018636175, 28.957419942048411 ], [ 41.418720019680499, 28.961039941720159 ], [ 41.417960019797299, 28.964469941829265 ], [ 41.416430019985171, 28.967129942023583 ], [ 41.41415002033559, 28.970179941777086 ], [ 41.413580018626568, 28.97246994265393 ], [ 41.413390018655775, 28.976839941976699 ], [ 41.413390018655775, 28.979299941299573 ], [ 41.412630018772575, 28.982169941754918 ], [ 41.405780018879788, 28.998159942382944 ], [ 41.405020019894906, 29.001389942939337 ], [ 41.404450019084194, 29.005769941639517 ], [ 41.404050019051112, 29.009959941643835 ], [ 41.404250019965971, 29.013009941618535 ], [ 41.404650019100735, 29.01604994168353 ], [ 41.406530018717234, 29.01852994284555 ], [ 41.408820019310866, 29.021189942230173 ], [ 41.411480019800365, 29.023099942124464 ], [ 41.414550020368672, 29.024809943272551 ], [ 41.416250020060119, 29.02632994225192 ], [ 41.417010019943305, 29.029759941655694 ], [ 41.417010019045001, 29.033189941777142 ], [ 41.417010019045001, 29.037369941874594 ], [ 41.417390019884905, 29.040229941953228 ], [ 41.417770018928195, 29.042889942225596 ], [ 41.419480019563693, 29.045749941670735 ], [ 41.421960020128132, 29.04745994220912 ], [ 41.424620019719306, 29.047839942144421 ], [ 41.426720019443827, 29.048599941742356 ], [ 41.428820020066659, 29.0512699421182 ], [ 41.431100018817929, 29.055069942294399 ], [ 41.434330019219814, 29.063069942273607 ], [ 41.435670019959453, 29.067259943218229 ], [ 41.437570018769122, 29.071639941782429 ], [ 41.438720018639664, 29.074869943186496 ], [ 41.439660020244538, 29.07886994298034 ], [ 41.440420020127732, 29.081909942814853 ], [ 41.441570019099949, 29.085339942918953 ], [ 41.442130019864912, 29.087819942875846 ], [ 41.442520018953942, 29.090479940837216 ], [ 41.444420019560241, 29.093719941615834 ], [ 41.445370020312538, 29.096369942325481 ], [ 41.445370019414234, 29.09866994204944 ], [ 41.444800020400159, 29.10094994332756 ], [ 41.443090018866336, 29.104189941924673 ], [ 41.443090019764647, 29.106469941018847 ], [ 41.443280019735447, 29.112559942017857 ], [ 41.443090019764647, 29.116939943227159 ], [ 41.443470019706247, 29.120939941099337 ], [ 41.444230019589448, 29.123219943350808 ], [ 41.444800018603516, 29.126269942254819 ], [ 41.445750020254138, 29.130079942131033 ], [ 41.447470019138756, 29.131789942129565 ], [ 41.44823001992026, 29.134069942347853 ], [ 41.448420019891067, 29.136929941985873 ], [ 41.448610018963542, 29.140939942029437 ], [ 41.448800018934335, 29.144159942006368 ], [ 41.449560018817536, 29.1464499417485 ], [ 41.451080018583923, 29.148539941938683 ], [ 41.45489001984226, 29.151399942131825 ], [ 41.459270019216362, 29.152719942642548 ], [ 41.461170018924335, 29.154629942318707 ], [ 41.464030019430375, 29.157109943049253 ], [ 41.470880019323168, 29.161869942694594 ], [ 41.477150020156145, 29.165859941613963 ], [ 41.480590018823683, 29.167959941761822 ], [ 41.486490018862483, 29.170809942274989 ], [ 41.49068002006242, 29.172909942340645 ], [ 41.494490018625811, 29.175189942189615 ], [ 41.497530019955228, 29.177279943371069 ], [ 41.500960020373647, 29.180139942302045 ], [ 41.502860019183316, 29.181279942355985 ], [ 41.506670020441653, 29.182229942267149 ], [ 41.509710019076117, 29.183189943247076 ], [ 41.513900020276047, 29.183569941741467 ], [ 41.516632806761429, 29.183440148001036 ], [ 41.528208986196113, 29.186376234665911 ], [ 41.539349462955059, 29.189201815318327 ], [ 41.539488052342143, 29.189408374211776 ], [ 41.54077892242227, 29.189362474972675 ], [ 41.57045731455699, 29.201102526151828 ], [ 41.614043873976406, 29.207876240867389 ], [ 41.614043873976406, 29.207876240867389 ] ] ] ] } }
]
}
