{
"type": "FeatureCollection",
"name": "R09",
"crs": { "type": "name", "properties": { "name": "urn:ogc:def:crs:OGC:1.3:CRS84" } },
"features": [
{ "type": "Feature", "properties": { "REG_CODE": "R09", "Region_Nam": "الحدود الشماليه", "region_n_1": "Northern Borders", "GovCounts": "4", "TotalConfi": 2449, "TotalDeath": 87, "TotalRecov": 2201, "TotalActiv": 161, "TotalCalcu": 732, "GlobalID": "{bebf8b46-d452-4ecf-9789-f7fe7ea1478e}", "Shape__Are": 132058533828.0, "Shape__Len": 2500029.8483799999 }, "geometry": { "type": "MultiPolygon", "coordinates": [ [ [ [ 40.765774803330373, 31.752526461143049 ], [ 40.802578557738556, 31.732012718764942 ], [ 40.84412404422114, 31.708832278169119 ], [ 40.85707974397976, 31.70159846373911 ], [ 40.886497218643569, 31.685164110832471 ], [ 40.921557866803091, 31.665560668715905 ], [ 40.931822628093833, 31.659817938698531 ], [ 40.945038564400377, 31.652421902816592 ], [ 40.955289964149578, 31.646683144200896 ], [ 40.998083189002237, 31.622710805956974 ], [ 41.012964143704743, 31.614368378317209 ], [ 41.050825964397276, 31.593128067318244 ], [ 41.080744327985428, 31.576329181156662 ], [ 41.098385339330392, 31.56641777505995 ], [ 41.135129949558589, 31.54575865834239 ], [ 41.150946767327447, 31.53685980820735 ], [ 41.181462194372543, 31.519680891908376 ], [ 41.216016311289444, 31.500211911239571 ], [ 41.256516897196484, 31.477370256293518 ], [ 41.294797516966049, 31.455758575109872 ], [ 41.315833786385831, 31.443873219077261 ], [ 41.348997816994412, 31.425122597094383 ], [ 41.377216522250926, 31.409155313747913 ], [ 41.39690237766029, 31.398009372152469 ], [ 41.426255928208484, 31.381379141921599 ], [ 41.440782278342461, 31.373144567205458 ], [ 41.445617580733483, 31.371200886220567 ], [ 41.471303492334627, 31.36087134435466 ], [ 41.49659596699415, 31.350692803048567 ], [ 41.530524041701341, 31.337027672069198 ], [ 41.577041006188864, 31.318271102692496 ], [ 41.592382411254853, 31.31207980818413 ], [ 41.610242347424453, 31.30486877209422 ], [ 41.626695424841067, 31.298222591768365 ], [ 41.658599777571141, 31.285326202839478 ], [ 41.693620667194494, 31.271156874971005 ], [ 41.722755414190623, 31.259358503075937 ], [ 41.751152647033443, 31.247849631061783 ], [ 41.782664338966299, 31.235067846673385 ], [ 41.821746405987952, 31.219199858065288 ], [ 41.866872789195448, 31.200856297249786 ], [ 41.893844996655289, 31.189881332649513 ], [ 41.93687867805162, 31.172353988632228 ], [ 41.961648927900512, 31.162255738762735 ], [ 41.999372389174674, 31.146863461101415 ], [ 41.999999999842878, 31.146607203711564 ], [ 42.010536638949304, 31.142305041730857 ], [ 42.056276057659502, 31.123614725018978 ], [ 42.085551758408549, 31.111639510940918 ], [ 42.103939049667375, 31.098737918744153 ], [ 42.129087071635951, 31.081082707969085 ], [ 42.163201096708626, 31.05711453305511 ], [ 42.181130080984232, 31.044509357659344 ], [ 42.21597783201468, 31.019991835971865 ], [ 42.218085366807806, 31.018509055993899 ], [ 42.219702600220543, 31.017370510775631 ], [ 42.230381635774229, 31.00985238087317 ], [ 42.236055131004036, 31.00585726879925 ], [ 42.275330922411662, 30.978184342101603 ], [ 42.312662728103426, 30.951855089080926 ], [ 42.322681550432307, 30.944784730868371 ], [ 42.356468077600184, 30.920927883208005 ], [ 42.380639811416287, 30.90384733890323 ], [ 42.407825842168265, 30.884624107997414 ], [ 42.429456664253784, 30.869319324832414 ], [ 42.450121202724162, 30.854690324981188 ], [ 42.485841430796206, 30.829384602794008 ], [ 42.503532702881316, 30.816842727902365 ], [ 42.511483891785367, 30.811204075281193 ], [ 42.549020924790305, 30.784568672233746 ], [ 42.583454682730483, 30.760112732805286 ], [ 42.595885928059928, 30.75127833098437 ], [ 42.635091036427745, 30.723398417308879 ], [ 42.646504718712357, 30.715276547240546 ], [ 42.664492033294302, 30.70247211420072 ], [ 42.704289592270094, 30.67412088574623 ], [ 42.72315423569448, 30.660671892002821 ], [ 42.737028850004997, 30.65077625582731 ], [ 42.745821199781531, 30.644503567235652 ], [ 42.785666539248972, 30.616059144031436 ], [ 42.803894446918505, 30.60303712173037 ], [ 42.841029891668938, 30.576488796872436 ], [ 42.852164556327992, 30.568523675221847 ], [ 42.873421819392505, 30.553311080635442 ], [ 42.898732528055675, 30.535186906348013 ], [ 42.926388992148894, 30.515369657868462 ], [ 42.948635592293691, 30.499418693637669 ], [ 42.975628264274015, 30.480052617054493 ], [ 42.981476364147284, 30.475853569072854 ], [ 42.981430689306663, 30.475826460220787 ], [ 43.030820019610104, 30.440419942811257 ], [ 43.18551002112995, 30.327869942757825 ], [ 43.362520021441505, 30.200659942677621 ], [ 43.491490021193499, 30.106959943985082 ], [ 43.581430022074322, 30.042689942668588 ], [ 43.726270021656624, 29.936039943121795 ], [ 43.946660021872852, 29.774549941955687 ], [ 44.076480021919721, 29.678749943321495 ], [ 44.166520022359663, 29.612259941964155 ], [ 44.387950021943247, 29.447899941797317 ], [ 44.514370022607231, 29.353149941750839 ], [ 44.608340022159474, 29.282739942303586 ], [ 44.721930021627607, 29.197409942102496 ], [ 44.895990023716394, 29.184589943082301 ], [ 44.999900022922908, 29.176729941738035 ], [ 45.069000022798811, 29.171239942167315 ], [ 45.117950023029401, 29.167839941969344 ], [ 45.165840022902835, 29.164169942931665 ], [ 45.175969356876294, 29.163372223873733 ], [ 45.175969329926829, 29.163372195633926 ], [ 45.15867569171234, 29.145502104091761 ], [ 45.135223409624125, 29.133217575069335 ], [ 45.11065435275448, 29.105298191835288 ], [ 45.097253049089069, 29.098597539796273 ], [ 45.087202070666265, 29.090780111697704 ], [ 45.082734969743903, 29.080729133887189 ], [ 45.065983339937553, 29.068444606186763 ], [ 45.048114935349766, 29.061743953625793 ], [ 45.038063956926976, 29.037174897017564 ], [ 45.031363304645112, 29.014839390275618 ], [ 45.041414283067908, 28.988036781773971 ], [ 45.034068859600971, 28.967836868353515 ], [ 45.028012979402497, 28.951183195879288 ], [ 45.029129754183927, 28.926614139122631 ], [ 45.034713630786044, 28.912096060355974 ], [ 45.037852616578284, 28.899540113907619 ], [ 45.040297507388161, 28.889760553293733 ], [ 45.053698811053572, 28.868541822373363 ], [ 45.053698811053572, 28.856257292815584 ], [ 45.050348484912647, 28.84062243782892 ], [ 45.041414283067908, 28.823870807865397 ], [ 45.035830405567481, 28.813819830382332 ], [ 45.049231710131203, 28.776966245159393 ], [ 45.067728902180207, 28.745521017624565 ], [ 45.064850022680169, 28.736409941633035 ], [ 45.060690023414089, 28.719749940631814 ], [ 45.059650023148414, 28.698929941995509 ], [ 45.060628690039749, 28.684231119691947 ], [ 45.064094561984106, 28.680332014269705 ], [ 44.841020092068362, 28.003970224112855 ], [ 44.830312517936406, 27.98077047863001 ], [ 44.816035752127696, 27.968278308091104 ], [ 44.805328177097437, 27.957570733875908 ], [ 44.805328177097437, 27.945078563813752 ], [ 44.778559241318391, 27.930801797631556 ], [ 44.751790304641048, 27.966493712772326 ], [ 44.701821622963102, 28.021816181130141 ], [ 44.653637538021847, 28.012893201896091 ], [ 44.645990198872759, 28.012088218954169 ], [ 44.64599016114353, 28.012088214988786 ], [ 44.538866648315519, 28.089633316634956 ], [ 44.367366650750377, 28.250799931909174 ], [ 44.298103598565568, 28.438123895108902 ], [ 44.298103397342942, 28.438124440941749 ], [ 43.962266396709992, 28.426234815622486 ], [ 43.962251852087228, 28.426254207108951 ], [ 43.9620600806387, 28.426509862187707 ], [ 43.962060021349892, 28.426509941978118 ], [ 43.95705002178893, 28.426050067018974 ], [ 43.951130020760331, 28.422869942350651 ], [ 43.9465800206086, 28.418319942206395 ], [ 43.942940021924514, 28.412849940828579 ], [ 43.936570022430743, 28.408759941802863 ], [ 43.931560022869789, 28.408759943383131 ], [ 43.925640021841183, 28.410129941798481 ], [ 43.920672646442149, 28.411780884995881 ], [ 43.918810105583198, 28.412399913716023 ], [ 43.918810022039878, 28.412399942159965 ], [ 43.915170021559156, 28.412399942159965 ], [ 43.908800021167082, 28.410129941798481 ], [ 43.902420021627563, 28.409209941713979 ], [ 43.896960021804809, 28.409209940923855 ], [ 43.886940020886271, 28.409209940923855 ], [ 43.876930021810104, 28.407839940881431 ], [ 43.871470022885674, 28.406489940867782 ], [ 43.869190022337776, 28.404659940950918 ], [ 43.866010022164595, 28.401019941717525 ], [ 43.862370021683894, 28.396919941626205 ], [ 43.856900021815392, 28.392819941755139 ], [ 43.849610021706553, 28.389179942039252 ], [ 43.842330021643441, 28.384629941889813 ], [ 43.834140021909313, 28.379159942354715 ], [ 43.824580022196628, 28.377789941924924 ], [ 43.815010022438202, 28.375519940799226 ], [ 43.806820021805763, 28.375069940903121 ], [ 43.798630022071634, 28.374149940777549 ], [ 43.793160022203132, 28.372789942231393 ], [ 43.786330070012539, 28.373249939308856 ], [ 43.786330024198463, 28.373249947212866 ], [ 43.781780022250096, 28.374609940652121 ], [ 43.779732225423366, 28.375019500726374 ], [ 43.779330021822894, 28.375099941640588 ], [ 43.776450023022008, 28.378469947286639 ], [ 43.764740020661144, 28.38206994120134 ], [ 43.754840021189828, 28.385669941729375 ], [ 43.746730021821641, 28.389269941735005 ], [ 43.740430021749759, 28.394669940912401 ], [ 43.739683959228195, 28.39476319885139 ], [ 43.733230022052595, 28.395569940766038 ], [ 43.719720022237802, 28.393769941318954 ], [ 43.711620021118726, 28.391969938172462 ], [ 43.700810021976395, 28.393769941318954 ], [ 43.690910021606769, 28.40277994075814 ], [ 43.683710021909604, 28.409079941040538 ], [ 43.672900021868955, 28.4126799422937 ], [ 43.664800021648205, 28.417179940860873 ], [ 43.654890022131148, 28.425289942062395 ], [ 43.651969814738145, 28.427236747099702 ], [ 43.646790021910398, 28.430689941957244 ], [ 43.635140407896181, 28.433376019154505 ], [ 43.635080151601862, 28.433389912842301 ], [ 43.635080022244466, 28.433389942070541 ], [ 43.621580512955568, 28.433389942070541 ], [ 43.621580020678792, 28.433389942070541 ], [ 43.62010476509839, 28.433684665877262 ], [ 43.612570020787011, 28.435189942054766 ], [ 43.605980130779677, 28.436654360694885 ], [ 43.604470022362889, 28.436989940646111 ], [ 43.601782456170596, 28.437527453739982 ], [ 43.590970021695519, 28.439689941938504 ], [ 43.579260022029594, 28.442389940673593 ], [ 43.570552071668956, 28.44506931029829 ], [ 43.567560022409417, 28.445989941048456 ], [ 43.555850021845181, 28.449599942161697 ], [ 43.543240020757345, 28.452299940662186 ], [ 43.530640020613568, 28.456799940802014 ], [ 43.51353002229768, 28.458599941246792 ], [ 43.50047002094805, 28.460959940882475 ], [ 43.488090021810613, 28.469619942343385 ], [ 43.485230021304581, 28.471049941761226 ], [ 43.482380021742607, 28.472949943371923 ], [ 43.477390022273141, 28.474139941266422 ], [ 43.473222484345193, 28.475295971259357 ], [ 43.473100151769806, 28.475329909963296 ], [ 43.473100022412403, 28.475329940759227 ], [ 43.467630021645597, 28.477949942624118 ], [ 43.464540020985794, 28.478659941835012 ], [ 43.454376480064639, 28.479146757754442 ], [ 43.454310653317243, 28.479149913039144 ], [ 43.454310021801604, 28.479149946202796 ], [ 43.450260058072999, 28.479379939830753 ], [ 43.450260023038695, 28.479379946147617 ], [ 43.443360021120554, 28.481279940848378 ], [ 43.435750151600274, 28.482939914374075 ], [ 43.435750023141189, 28.482939942799042 ], [ 43.429330150979482, 28.484369914287676 ], [ 43.429330020723768, 28.484369941922694 ], [ 43.424800020663525, 28.484609940667394 ], [ 43.418850022192629, 28.484369941922694 ], [ 43.413380021425823, 28.484609940667394 ], [ 43.411816078770691, 28.485177020127225 ], [ 43.410760021119309, 28.485559942221823 ], [ 43.406960020805023, 28.488419941726999 ], [ 43.403150021343315, 28.491749942173396 ], [ 43.400290020837282, 28.49483994237136 ], [ 43.397430022127885, 28.498659942273012 ], [ 43.395290022220394, 28.502929941886144 ], [ 43.394340020569764, 28.505069941005008 ], [ 43.394340020569764, 28.507689941364099 ], [ 43.394810021821364, 28.50935994077653 ], [ 43.395529970317611, 28.511969756762824 ], [ 43.395530020623262, 28.511969940684942 ], [ 43.394100022166882, 28.512689941978383 ], [ 43.392114008770442, 28.513083792359819 ], [ 43.391730021207302, 28.513159942385844 ], [ 43.38982002055527, 28.513879941870432 ], [ 43.389044415138954, 28.514525377196531 ], [ 43.388390021200564, 28.51506994175422 ], [ 43.387577440228846, 28.516563487944936 ], [ 43.386970020993282, 28.517679941650218 ], [ 43.384830021984101, 28.519589941242067 ], [ 43.383160022429891, 28.522439941661087 ], [ 43.381260020925275, 28.524109941925229 ], [ 43.377450355636853, 28.524819880021965 ], [ 43.377450020565256, 28.524819942374229 ], [ 43.373420020995525, 28.524349941844974 ], [ 43.368890020935275, 28.523399942219324 ], [ 43.36554002088279, 28.523399940640768 ], [ 43.362882188028081, 28.523805519926626 ], [ 43.362460022065363, 28.523869942248375 ], [ 43.357940021152544, 28.524349941055704 ], [ 43.35678839533135, 28.52456307285799 ], [ 43.351510021384321, 28.525539941959114 ], [ 43.346520080305339, 28.525769938674472 ], [ 43.346520021016531, 28.525769941831513 ], [ 43.343660104053818, 28.526729913643813 ], [ 43.343660021408823, 28.526729942056988 ], [ 43.339610021747596, 28.526729942056988 ], [ 43.332000021073291, 28.525769941831513 ], [ 43.327000020659767, 28.524819942374229 ], [ 43.318920021428809, 28.523629942025135 ], [ 43.311300020708764, 28.521249942072181 ], [ 43.303920021086547, 28.518639941347828 ], [ 43.297740021563577, 28.514829942022839 ], [ 43.290130020889272, 28.507929942343868 ], [ 43.283940021320554, 28.503409941273887 ], [ 43.27894002180534, 28.498169940817203 ], [ 43.274420020892521, 28.49269994185358 ], [ 43.27014002107753, 28.487939942063161 ], [ 43.261570021401809, 28.476529941728849 ], [ 43.257530020888019, 28.470569941325866 ], [ 43.25586002223212, 28.466289942182563 ], [ 43.253960021625822, 28.461049941170788 ], [ 43.25300002082777, 28.4574899421468 ], [ 43.251820020820006, 28.454149940842527 ], [ 43.249670020866773, 28.447969940720601 ], [ 43.247060020605993, 28.442729942363354 ], [ 43.245850021359324, 28.43939994191971 ], [ 43.243960020798767, 28.435119942359904 ], [ 43.241580020691757, 28.430369941667106 ], [ 43.239440020784265, 28.427749942350889 ], [ 43.23587002062375, 28.426549942242367 ], [ 43.231580020763026, 28.425359941939188 ], [ 43.229210021600068, 28.422979942280843 ], [ 43.228020022444888, 28.420129942186254 ], [ 43.225160021040537, 28.413459941923339 ], [ 43.223020022031356, 28.409889942271985 ], [ 43.220170020672747, 28.407749941942523 ], [ 43.215410019560423, 28.405369942344361 ], [ 43.211600021895343, 28.403229940785454 ], [ 43.206370021328041, 28.399659940898225 ], [ 43.201370020914517, 28.397999940995955 ], [ 43.196850020900023, 28.39656994182517 ], [ 43.192330021783832, 28.395139940744503 ], [ 43.186860021017019, 28.391809941681931 ], [ 43.181860020603494, 28.390149942110195 ], [ 43.179000020995787, 28.387999941858137 ], [ 43.177340020588993, 28.385389941347398 ], [ 43.175430020835265, 28.381339942211902 ], [ 43.174480020981271, 28.377529942372348 ], [ 43.172340021972097, 28.374679940818996 ], [ 43.16948002056774, 28.37300994084195 ], [ 43.166630021904083, 28.370629941345157 ], [ 43.163290021897346, 28.36706994074763 ], [ 43.158790021076015, 28.363489941084879 ], [ 43.15569007067613, 28.362309960999781 ], [ 43.155690022167107, 28.362309942028201 ], [ 43.15283002076275, 28.362539942190427 ], [ 43.150690021753576, 28.364919942132897 ], [ 43.149500020801753, 28.368249940626885 ], [ 43.147350020848513, 28.372299940848094 ], [ 43.145450022038844, 28.375629941677833 ], [ 43.144821777160061, 28.376469558705949 ], [ 43.143310021233034, 28.378489941869038 ], [ 43.142103317905146, 28.379595026729486 ], [ 43.140460019874439, 28.381099940710321 ], [ 43.137600021165035, 28.385389942137714 ], [ 43.135930021610818, 28.387529941189307 ], [ 43.134270021204031, 28.389429942059184 ], [ 43.130700151299244, 28.39037991115336 ], [ 43.130700021043523, 28.390379941183745 ], [ 43.126420021228526, 28.390619940647063 ], [ 43.1234115911898, 28.391370074159529 ], [ 43.122610020868507, 28.391569940961467 ], [ 43.120230020761504, 28.393949940742665 ], [ 43.119721973162676, 28.394204727880755 ], [ 43.116900021698818, 28.395619942070383 ], [ 43.112610020939769, 28.3975199409666 ], [ 43.110992265605852, 28.398467888100875 ], [ 43.109760021377795, 28.399189941356049 ], [ 43.105480027851016, 28.401329936800376 ], [ 43.101430324633839, 28.402039889392295 ], [ 43.101430021003274, 28.402039942334792 ], [ 43.098340021241789, 28.401799941864386 ], [ 43.095720021833579, 28.400849940791737 ], [ 43.092630021173782, 28.398709941185221 ], [ 43.090500020413714, 28.397759940857927 ], [ 43.088340021313044, 28.397759940857927 ], [ 43.08613456566237, 28.397982339708342 ], [ 43.085960021206041, 28.397999940995955 ], [ 43.082870021444549, 28.398949942332614 ], [ 43.07760963266783, 28.399863536838861 ], [ 43.077400152730085, 28.399899916978189 ], [ 43.077400020677743, 28.399899936733249 ], [ 43.068830153054371, 28.401089918917908 ], [ 43.068830021002022, 28.401089937092365 ], [ 43.058600020919513, 28.402519940854567 ], [ 43.054316336215223, 28.403158894306937 ], [ 43.053840151859532, 28.403229917870298 ], [ 43.053840019807183, 28.403229940785454 ], [ 43.050510020744497, 28.404419941674202 ], [ 43.049210813400222, 28.405027695099292 ], [ 43.046940020583989, 28.406089942359305 ], [ 43.044099103887852, 28.407898785996238 ], [ 43.041710020915005, 28.409419942282486 ], [ 43.037190020900503, 28.412989941973354 ], [ 43.033620301912677, 28.416559660154036 ], [ 43.033620020739995, 28.416559940631807 ], [ 43.027910020671982, 28.420599942048568 ], [ 43.024015690964667, 28.421974976269087 ], [ 43.023860021909087, 28.422029944716911 ], [ 43.01934002099626, 28.4232199413727 ], [ 43.01487838811903, 28.424030371666976 ], [ 43.014110021327284, 28.424169941688398 ], [ 43.011730021220281, 28.425599941165348 ], [ 43.010540021166769, 28.427029941864326 ], [ 43.010060020767739, 28.42892994063266 ], [ 43.011250020821251, 28.431549940756767 ], [ 43.014110021327284, 28.435829941744451 ], [ 43.015770020835753, 28.437729941295665 ], [ 43.016250021234775, 28.44082994177073 ], [ 43.015658600096117, 28.442004569085661 ], [ 43.015530020636241, 28.442259941248768 ], [ 43.013266237374168, 28.443163553219751 ], [ 43.01315012024223, 28.443209903347956 ], [ 43.013150021427549, 28.443209942052039 ], [ 43.009820020568228, 28.442019941101005 ], [ 43.006250021306037, 28.440829940980834 ], [ 43.003160020646241, 28.437969941697105 ], [ 43.000080020930497, 28.436309941933523 ], [ 42.996500020724234, 28.433929942042056 ], [ 42.993400020917008, 28.431069941884392 ], [ 42.991500021209028, 28.429629941684563 ], [ 42.98888010714078, 28.428929964332237 ], [ 42.988880020902506, 28.42892994063266 ], [ 42.98627031528914, 28.429169914384559 ], [ 42.986270020641733, 28.429169941244012 ], [ 42.982940560568217, 28.429169941244012 ], [ 42.982940021579047, 28.429169941244012 ], [ 42.981942384065533, 28.429465537093744 ], [ 42.97889002101951, 28.430369940877132 ], [ 42.97659891909133, 28.431425896215334 ], [ 42.975310020813261, 28.432019942052452 ], [ 42.971750284803178, 28.435589675809734 ], [ 42.971750019800169, 28.435589942018236 ], [ 42.968420020737497, 28.437969940907195 ], [ 42.966746709094821, 28.439432441879656 ], [ 42.964610020377464, 28.441299941340059 ], [ 42.961520022412607, 28.444639941740249 ], [ 42.959850021061762, 28.4474899420978 ], [ 42.958900021207782, 28.450349942254206 ], [ 42.956520163034583, 28.451539870016237 ], [ 42.956520021100765, 28.451539941099771 ], [ 42.953920020885732, 28.45129994068505 ], [ 42.951530020732989, 28.450349942254206 ], [ 42.948430020925755, 28.449159941074452 ], [ 42.94534002116427, 28.449159941074452 ], [ 42.943011677779353, 28.449854532220716 ], [ 42.942960151312981, 28.44986990862397 ], [ 42.942960022853896, 28.449869945745959 ], [ 42.939630021096264, 28.450819942170508 ], [ 42.9362878157255, 28.451415581954898 ], [ 42.935590353857435, 28.451539881863493 ], [ 42.935590020582467, 28.451539941099771 ], [ 42.933440020629227, 28.45129994068505 ], [ 42.930590021067253, 28.44986994100698 ], [ 42.92987002136703, 28.4474899420978 ], [ 42.927250020162205, 28.444639941740249 ], [ 42.925830020853248, 28.442259941248768 ], [ 42.923210019648408, 28.440589942328074 ], [ 42.919170020032929, 28.438209942344034 ], [ 42.91512002127002, 28.433929942042056 ], [ 42.912980021362529, 28.432499941355658 ], [ 42.910840020556726, 28.432249938698742 ], [ 42.907980020949005, 28.432739940980774 ], [ 42.907388816304326, 28.43287578435233 ], [ 42.904890021187519, 28.433449942115683 ], [ 42.902270019982687, 28.432989941690117 ], [ 42.899900020819729, 28.432019941262489 ], [ 42.897040021212021, 28.431549940756767 ], [ 42.894660142377568, 28.431789929106998 ], [ 42.894660020206686, 28.431789940956467 ], [ 42.893470021051506, 28.432989941690117 ], [ 42.894660021105004, 28.43701994202204 ], [ 42.895850020260198, 28.440829940980834 ], [ 42.897510020666985, 28.445349942003332 ], [ 42.902750020381703, 28.453909941613272 ], [ 42.903460020934503, 28.4574899421468 ], [ 42.902843137049103, 28.459140756280405 ], [ 42.902750020381703, 28.459389941952026 ], [ 42.901186228643532, 28.459906355847579 ], [ 42.900600021326781, 28.460099941107124 ], [ 42.898846226922871, 28.460261210157153 ], [ 42.897990113592478, 28.460339934181388 ], [ 42.897990021964318, 28.460339942078903 ], [ 42.897809777697503, 28.460430063726992 ], [ 42.895610021857316, 28.461529942203974 ], [ 42.892750018656329, 28.463669937824896 ], [ 42.890130655255355, 28.465809417867632 ], [ 42.890130021044762, 28.465809942235389 ], [ 42.88751002073824, 28.468429941708184 ], [ 42.884660021176266, 28.470809942210966 ], [ 42.880988105350141, 28.473755204998017 ], [ 42.879910021008001, 28.474619942064429 ], [ 42.879780949271343, 28.474724622043798 ], [ 42.876100020647968, 28.477709941377803 ], [ 42.873000020840749, 28.48032994184867 ], [ 42.870150150636171, 28.481029912184798 ], [ 42.870150021278761, 28.481029940610284 ], [ 42.86610002071923, 28.481029940610284 ], [ 42.861340021403535, 28.481029940610284 ], [ 42.856590020336945, 28.481989942150719 ], [ 42.853513057825182, 28.483869112218294 ], [ 42.852300019577903, 28.484609940667394 ], [ 42.851897851910039, 28.484911567011963 ], [ 42.848500020161936, 28.487459941006609 ], [ 42.846590021306525, 28.490079941965533 ], [ 42.844450021399027, 28.493649940879049 ], [ 42.841350020693483, 28.497699942309929 ], [ 42.837790020578716, 28.502689941373418 ], [ 42.834460020617719, 28.50768994215349 ], [ 42.833030020364703, 28.511969940684942 ], [ 42.832550020863991, 28.51506994175422 ], [ 42.832790021063509, 28.518159941802207 ], [ 42.833270020564214, 28.521489940609822 ], [ 42.834460019719401, 28.524819942374229 ], [ 42.835650019772906, 28.528629941391095 ], [ 42.838730021285279, 28.531249942033035 ], [ 42.841830021092505, 28.534099941314107 ], [ 42.843260021345522, 28.536249941367185 ], [ 42.843500020646715, 28.538859941676787 ], [ 42.843500020646715, 28.541719941897707 ], [ 42.84302002114601, 28.545759941903622 ], [ 42.843260021345522, 28.549569941321518 ], [ 42.843260021345522, 28.552659942262352 ], [ 42.843970021898322, 28.55598994212955 ], [ 42.84469002070022, 28.558849941915263 ], [ 42.846360021152755, 28.561939941917323 ], [ 42.849690021113751, 28.56479994178369 ], [ 42.852070021220761, 28.568129941838205 ], [ 42.854440022180334, 28.572649941077231 ], [ 42.855870019738404, 28.575739942165228 ], [ 42.855400021181758, 28.579309941620082 ], [ 42.854920020782728, 28.58192994196542 ], [ 42.854920020782728, 28.584309941734357 ], [ 42.855400021181758, 28.587879941355556 ], [ 42.856110019937923, 28.589539940960261 ], [ 42.85611002083624, 28.595019942136261 ], [ 42.855620021289781, 28.599539941200668 ], [ 42.854680020583224, 28.603579941680806 ], [ 42.853020020176437, 28.608099941650671 ], [ 42.850640020069427, 28.612859941163155 ], [ 42.849153406190574, 28.614775127664846 ], [ 42.847310020108424, 28.617149940862951 ], [ 42.842550019894418, 28.621669942008275 ], [ 42.838980019733903, 28.623809941860078 ], [ 42.836560388651513, 28.624779150321537 ], [ 42.835410021370016, 28.625239941169792 ], [ 42.832310019766162, 28.626189941759066 ], [ 42.828030122359117, 28.627379913983379 ], [ 42.828030020849489, 28.62737994236938 ], [ 42.823270019737151, 28.62737994236938 ], [ 42.814969767073265, 28.627790153932732 ], [ 42.813760651768831, 28.627849913304448 ], [ 42.813760022049813, 28.627849941690314 ], [ 42.809480150693915, 28.628809912760069 ], [ 42.809480021336512, 28.62880994035719 ], [ 42.804470019978929, 28.629759941753555 ], [ 42.801140285020935, 28.630709865953975 ], [ 42.801140021814554, 28.630709940859099 ], [ 42.797570020755735, 28.630229942244668 ], [ 42.793530021140249, 28.630229942244668 ], [ 42.791812022803775, 28.630353761686781 ], [ 42.790200021179253, 28.630469942220518 ], [ 42.78544002096524, 28.632369941844889 ], [ 42.784840115238723, 28.632578315707782 ], [ 42.768310019862909, 28.638319942150869 ], [ 42.763784199663675, 28.640135974977007 ], [ 42.763550021445525, 28.640229941666465 ], [ 42.758790021231505, 28.643799941803117 ], [ 42.754510021416515, 28.646179941670848 ], [ 42.751650020012171, 28.64973994191941 ], [ 42.749510021002983, 28.652119941798748 ], [ 42.74713001999767, 28.65592994169624 ], [ 42.745332801032916, 28.658807004347821 ], [ 42.744750020788977, 28.659739941878009 ], [ 42.743925100558513, 28.661848497984053 ], [ 42.742610019983168, 28.665209940673318 ], [ 42.740710020275188, 28.668069941958969 ], [ 42.737370021166761, 28.673539941840506 ], [ 42.735000020207181, 28.675919942025299 ], [ 42.73285005618655, 28.677579913867941 ], [ 42.732850020253935, 28.677579942240346 ], [ 42.729760021390767, 28.677579942240346 ], [ 42.726430021429763, 28.67686994229603 ], [ 42.722620021069744, 28.676159940691946 ], [ 42.718810019811414, 28.674969941020766 ], [ 42.71572002094824, 28.673299941900598 ], [ 42.712150019889414, 28.67044994186735 ], [ 42.710010020880233, 28.668539941829668 ], [ 42.707390019675394, 28.665929941623666 ], [ 42.704540021011738, 28.664259942666607 ], [ 42.700970020851223, 28.664019941965314 ], [ 42.697880021089738, 28.663309940778245 ], [ 42.695500020982735, 28.662589942323088 ], [ 42.692880020676213, 28.661169941777981 ], [ 42.686450020907976, 28.658789942377506 ], [ 42.680500020640466, 28.656169942001576 ], [ 42.673370214401288, 28.655219967695555 ], [ 42.673370021263509, 28.655219941681963 ], [ 42.671813929883946, 28.655407325314034 ], [ 42.671460152663812, 28.655449921306765 ], [ 42.671460019713145, 28.655449941802278 ], [ 42.669560020903475, 28.656169942001576 ], [ 42.66647002114199, 28.659739941089754 ], [ 42.662660019883653, 28.663549942317118 ], [ 42.657190020015157, 28.669729942021242 ], [ 42.656683798691311, 28.670049542869204 ], [ 42.652660019954908, 28.672589941322375 ], [ 42.648892420076294, 28.675098739925886 ], [ 42.648380021038236, 28.675439940678075 ], [ 42.644810020877735, 28.677579942240346 ], [ 42.643150021369259, 28.679729941347976 ], [ 42.641010020563449, 28.683279941808294 ], [ 42.637440021301245, 28.689239942226394 ], [ 42.633630020042915, 28.695669941714058 ], [ 42.631490021033734, 28.699479941869665 ], [ 42.629820147243663, 28.701849760919508 ], [ 42.629820019682882, 28.701849942145675 ], [ 42.626010021119498, 28.704469941808082 ], [ 42.623160020659206, 28.706609940985476 ], [ 42.621331010316553, 28.707598435199419 ], [ 42.62007001999941, 28.7082799406794 ], [ 42.6174500205912, 28.710419942289327 ], [ 42.61364002023118, 28.713509942150246 ], [ 42.609850583206324, 28.716839445731377 ], [ 42.609850019962636, 28.716839941274543 ], [ 42.606716679183634, 28.718301584092114 ], [ 42.606270019756387, 28.718509942300635 ], [ 42.599370021431504, 28.72302994232642 ], [ 42.588900021149485, 28.731119941998788 ], [ 42.587700020151921, 28.733739941802387 ], [ 42.587700020151921, 28.736119942053843 ], [ 42.588660020949966, 28.738259941815137 ], [ 42.592230021110481, 28.744209940612961 ], [ 42.594370021017973, 28.749209942771508 ], [ 42.59675002112499, 28.756809942210758 ], [ 42.598650020832963, 28.759199941901542 ], [ 42.599610019834387, 28.763009942300524 ], [ 42.599610019834387, 28.765629943110522 ], [ 42.598420167104592, 28.76823962175315 ], [ 42.598420020679207, 28.76823994224101 ], [ 42.595423629861891, 28.769522826775919 ], [ 42.595080019774137, 28.769669942176737 ], [ 42.588420019852144, 28.772529942315078 ], [ 42.586990021395756, 28.774899940631197 ], [ 42.586520021042475, 28.777279940628688 ], [ 42.586040019745141, 28.779659940655748 ], [ 42.584370020190924, 28.782039942280473 ], [ 42.583099319085562, 28.78373519919068 ], [ 42.580090020375941, 28.78774994074876 ], [ 42.579065292368405, 28.788778595121691 ], [ 42.577480020115161, 28.790369940671692 ], [ 42.57295065067224, 28.794179413776806 ], [ 42.5729500191566, 28.794179939655557 ], [ 42.56891002133775, 28.797509941234996 ], [ 42.562950021024484, 28.801319942181408 ], [ 42.557010027090925, 28.803929937755051 ], [ 42.554390151650225, 28.804409916705044 ], [ 42.554390019597875, 28.804409941894367 ], [ 42.551300020734708, 28.803459941891127 ], [ 42.547490020374688, 28.802269942014195 ], [ 42.542740022901356, 28.801549947741442 ], [ 42.539640149756586, 28.80250990882444 ], [ 42.539640022195812, 28.802509944247578 ], [ 42.5346500200314, 28.803709941613064 ], [ 42.531558696153184, 28.80442743509121 ], [ 42.530600021268491, 28.804649942347698 ], [ 42.526560019856383, 28.805839941808777 ], [ 42.525972237792942, 28.805912900871544 ], [ 42.520840020640954, 28.806549941906454 ], [ 42.516320019728134, 28.8065499411193 ], [ 42.512040020811455, 28.805839941808777 ], [ 42.505850020344432, 28.803709941613064 ], [ 42.500850020829219, 28.802509941886033 ], [ 42.497050019616616, 28.802739941670929 ], [ 42.491340020446927, 28.8039299416909 ], [ 42.484440150581129, 28.805359915131945 ], [ 42.484440022122044, 28.805359945043996 ], [ 42.478970021355238, 28.806789942153571 ], [ 42.47157254231422, 28.809831128234126 ], [ 42.470870021134488, 28.81011994225285 ], [ 42.465880020766697, 28.812499941949358 ], [ 42.461830020207167, 28.814169943153917 ], [ 42.452790021076474, 28.815829942131074 ], [ 42.442560020095648, 28.816549941616451 ], [ 42.434470019920639, 28.817499941891324 ], [ 42.432631421858957, 28.817833594210359 ], [ 42.424000021435241, 28.819399940842398 ], [ 42.416610020868966, 28.820109941391369 ], [ 42.412340021099723, 28.820109942178423 ], [ 42.405910021331493, 28.819159942100629 ], [ 42.393540325870369, 28.818209964838875 ], [ 42.393540021341487, 28.818209942014072 ], [ 42.39071583936078, 28.818648650292232 ], [ 42.39045015273404, 28.818689918137355 ], [ 42.390450020681691, 28.818689941749113 ], [ 42.384500651031502, 28.81891991683289 ], [ 42.384500022210801, 28.818919948315159 ], [ 42.376650021336985, 28.819399940842398 ], [ 42.372636856195676, 28.820406291203913 ], [ 42.371338841814094, 28.822356403268142 ], [ 42.332838564194617, 28.886866303045842 ], [ 42.255555821175456, 28.960662536129345 ], [ 42.230803756821189, 28.978888289175895 ], [ 42.211943319308951, 29.000216490988439 ], [ 42.199988817087309, 29.023233589256957 ], [ 42.193461978033149, 29.051223787224949 ], [ 42.180115441057339, 29.063602647885197 ], [ 42.098731320132593, 29.096591370377816 ], [ 42.069699629662502, 29.097259501827025 ], [ 41.988325312052453, 29.096314969079053 ], [ 41.87752310920277, 29.134528700051128 ], [ 41.867624133810885, 29.137936994200231 ], [ 41.80731471582704, 29.139214862343557 ], [ 41.739078598810423, 29.149219611679701 ], [ 41.669418096909631, 29.167810420878759 ], [ 41.656484553199178, 29.178926529769331 ], [ 41.657810020095845, 29.178999942130687 ], [ 41.660860020572677, 29.179569941838835 ], [ 41.663140021120562, 29.179949941976609 ], [ 41.665620019888372, 29.181839942146141 ], [ 41.668090020407064, 29.186039941956288 ], [ 41.669420020202658, 29.188709942371972 ], [ 41.669800020144251, 29.192699942389869 ], [ 41.670560019129134, 29.194989941687776 ], [ 41.671330019956379, 29.197459942915167 ], [ 41.672860018870189, 29.200319942224152 ], [ 41.67532001934314, 29.201659942160788 ], [ 41.677610020835097, 29.203549942965033 ], [ 41.678370019819972, 29.205839942216603 ], [ 41.678370019819972, 29.208689941854296 ], [ 41.677810019055009, 29.211739942837024 ], [ 41.676460020066244, 29.214209942683436 ], [ 41.675130020270664, 29.216119943316865 ], [ 41.671520019927179, 29.218209942994559 ], [ 41.668280020377864, 29.220499942358899 ], [ 41.665620018990062, 29.221639942915676 ], [ 41.662960019398881, 29.222589942050099 ], [ 41.660860019674352, 29.224109941623329 ], [ 41.655330020429723, 29.229629941798002 ], [ 41.653810018866707, 29.231919942948608 ], [ 41.651340020144637, 29.23381994235918 ], [ 41.649430020390923, 29.234959942796173 ], [ 41.648290019667819, 29.236869942147131 ], [ 41.648090019651271, 29.23895994322698 ], [ 41.648480019638612, 29.242009941929449 ], [ 41.649060019596753, 29.243719943270193 ], [ 41.649060021393382, 29.246379942121557 ], [ 41.648090019651271, 29.248859943111057 ], [ 41.646580019930632, 29.25018994197821 ], [ 41.64563001917832, 29.251899942212177 ], [ 41.645060020164244, 29.254379941850889 ], [ 41.645250020135045, 29.265989942348426 ], [ 41.645060020164244, 29.270369942119679 ], [ 41.64429002023531, 29.27379994228933 ], [ 41.64429002023531, 29.276079942185259 ], [ 41.645250020135045, 29.279319941761226 ], [ 41.646390019959831, 29.282549942664794 ], [ 41.647150020741343, 29.286739942162303 ], [ 41.646960018973907, 29.305199942159781 ], [ 41.646010020018231, 29.307489943176531 ], [ 41.645440020105845, 29.310909941991461 ], [ 41.64410002026451, 29.313959941979775 ], [ 41.644100019366199, 29.316819942344786 ], [ 41.645060020164244, 29.321579941646359 ], [ 41.646200019989031, 29.325569941812333 ], [ 41.646580019930632, 29.328429941719193 ], [ 41.648090019651271, 29.33127994200558 ], [ 41.649620020361716, 29.333579941765922 ], [ 41.652290019998638, 29.335659942185821 ], [ 41.654190020604936, 29.338139942283536 ], [ 41.655330020429723, 29.341369942741089 ], [ 41.655520020400523, 29.344419941833067 ], [ 41.655520018603887, 29.347079942132268 ], [ 41.655330020429723, 29.349939942347532 ], [ 41.654380018779101, 29.352219943145911 ], [ 41.652670019041913, 29.354509943183675 ], [ 41.650580020261451, 29.35659994313362 ], [ 41.646960019872225, 29.358499941750605 ], [ 41.643540020397857, 29.359459942310018 ], [ 41.639920019110313, 29.361359943164921 ], [ 41.634780019853018, 29.363639942810824 ], [ 41.630780020420517, 29.365739942360999 ], [ 41.627540019972891, 29.366689942264397 ], [ 41.625260020323303, 29.368399942614296 ], [ 41.622780018860553, 29.36991994186609 ], [ 41.620310020138497, 29.372589943235365 ], [ 41.618410018633881, 29.37544994188697 ], [ 41.616310019807678, 29.379059942386295 ], [ 41.614410019201372, 29.381919941621014 ], [ 41.610980019681257, 29.385729941773487 ], [ 41.609270019045759, 29.388389943280075 ], [ 41.607750020177697, 29.391809942981411 ], [ 41.604700018802546, 29.396189942856186 ], [ 41.603560019876078, 29.398479943125878 ], [ 41.602040021008001, 29.400949941721578 ], [ 41.600890020239156, 29.403999942131918 ], [ 41.598230019749664, 29.406849941670824 ], [ 41.595380020187683, 29.410089942962045 ], [ 41.593850020375555, 29.412569941912398 ], [ 41.59234001885828, 29.415229941727947 ], [ 41.591380018958546, 29.417899941741709 ], [ 41.589660019175625, 29.422269942274365 ], [ 41.588330020278356, 29.430079942961136 ], [ 41.588330020278356, 29.434459942257401 ], [ 41.588140019409238, 29.437499943194272 ], [ 41.587950019438445, 29.441309942149658 ], [ 41.587570020395162, 29.444159942617933 ], [ 41.586810019613644, 29.446639942922907 ], [ 41.585290019847257, 29.449299942277023 ], [ 41.580720019604051, 29.452159942821417 ], [ 41.577100020113143, 29.455399942041392 ], [ 41.575200020405155, 29.456729942777528 ], [ 41.574050019636303, 29.459769942339936 ], [ 41.573290018854799, 29.463579942127257 ], [ 41.572150019928323, 29.468529943381839 ], [ 41.570820020132736, 29.47214994302864 ], [ 41.567770019655903, 29.475949942293003 ], [ 41.564730020123129, 29.478999941696376 ], [ 41.559970019909123, 29.483759941946111 ], [ 41.555400018767592, 29.48851994225512 ], [ 41.553120020016323, 29.49060994180488 ], [ 41.551780020174988, 29.492519942233347 ], [ 41.551400020233395, 29.495179943093259 ], [ 41.551970020145795, 29.498609943247438 ], [ 41.552720019983241, 29.501449941983751 ], [ 41.553300019941375, 29.505269942071052 ], [ 41.553300019941375, 29.50888994267261 ], [ 41.553680018984664, 29.513449942884833 ], [ 41.554260019841109, 29.515929943117545 ], [ 41.555400019665896, 29.521069942008779 ], [ 41.555790019653237, 29.524879942917515 ], [ 41.555970018679979, 29.527539941675894 ], [ 41.555970018679979, 29.53058994294765 ], [ 41.555400018767592, 29.534969942149402 ], [ 41.555020019724303, 29.538389942149173 ], [ 41.555020019724303, 29.542009942715048 ], [ 41.555210019695103, 29.545439943057197 ], [ 41.556160018650779, 29.548099943385981 ], [ 41.557670020168054, 29.55038994238484 ], [ 41.55844001919867, 29.552479942854379 ], [ 41.558830019186011, 29.555519942884175 ], [ 41.55844001919867, 29.559709943385208 ], [ 41.557870020184602, 29.564659943019787 ], [ 41.55711001940309, 29.57093994167025 ], [ 41.555970018679979, 29.573799941953304 ], [ 41.554830018855192, 29.577409941918084 ], [ 41.554450018913592, 29.580649942286708 ], [ 41.554260019841109, 29.584839942340661 ], [ 41.554260019841109, 29.587879941698713 ], [ 41.553870019853768, 29.590929942725815 ], [ 41.55293002004553, 29.592829942181147 ], [ 41.551590020204195, 29.594169943369053 ], [ 41.549690018699579, 29.594169943369053 ], [ 41.548160018887451, 29.59359994337763 ], [ 41.546830019990175, 29.592259943211321 ], [ 41.545500020194595, 29.589789941969986 ], [ 41.54360001958829, 29.587309942887146 ], [ 41.540170019169871, 29.58312994332541 ], [ 41.537890018621972, 29.580839942026763 ], [ 41.532940020233788, 29.577599942287854 ], [ 41.530080019727755, 29.576459943299145 ], [ 41.52684002017844, 29.576079943379753 ], [ 41.523990019718163, 29.576079941817223 ], [ 41.521320020081234, 29.576839943350731 ], [ 41.517520019766955, 29.579129941647292 ], [ 41.51447002018844, 29.580459942970229 ], [ 41.511620018829831, 29.581409942225964 ], [ 41.509140020062027, 29.582359941915009 ], [ 41.506100019630942, 29.582549943123475 ], [ 41.503240020023227, 29.581219942777629 ], [ 41.499050019721615, 29.577019942341387 ], [ 41.496200020159627, 29.574179942641521 ], [ 41.493530018726076, 29.569229943149004 ], [ 41.492000018913956, 29.566369942350878 ], [ 41.488580019439588, 29.563329942190524 ], [ 41.484780019125303, 29.560289942738592 ], [ 41.482680020299092, 29.558569943250546 ], [ 41.480970019663594, 29.558569943250546 ], [ 41.47812001920331, 29.559329942164993 ], [ 41.47202002004628, 29.562949942867064 ], [ 41.468220018833684, 29.565609941707965 ], [ 41.466120019109155, 29.567329941650392 ], [ 41.46707001986146, 29.570559942070567 ], [ 41.468030018862883, 29.573229943317735 ], [ 41.469360019556788, 29.578369941728806 ], [ 41.471070020192286, 29.579319941904721 ], [ 41.47202002004628, 29.581409942225964 ], [ 41.472600019106096, 29.583129941762998 ], [ 41.472600019106096, 29.585029942005157 ], [ 41.470880020221493, 29.586739943199454 ], [ 41.465550019196762, 29.589789942751135 ], [ 41.464030019430375, 29.591689943364603 ], [ 41.462700019634788, 29.594169943369053 ], [ 41.461550018865935, 29.597399942631391 ], [ 41.46117001982266, 29.601399941806921 ], [ 41.46060001991026, 29.603869942300769 ], [ 41.458890020173079, 29.606159942636481 ], [ 41.458130019391568, 29.608249942301192 ], [ 41.457940020319086, 29.612059942281729 ], [ 41.456790020448558, 29.615099942895789 ], [ 41.455840019696254, 29.618519941668687 ], [ 41.455270019783853, 29.636429943113011 ], [ 41.455270019783853, 29.640419941716591 ], [ 41.455650018827136, 29.642709943056957 ], [ 41.456410018710329, 29.645179942970753 ], [ 41.456790020448558, 29.646889942064199 ], [ 41.456410018710329, 29.648799943092758 ], [ 41.455450018810595, 29.650509943148691 ], [ 41.454890018943942, 29.652409942187123 ], [ 41.455080018914742, 29.654699941675062 ], [ 41.455450018810595, 29.658319942887527 ], [ 41.456600018681129, 29.661169942169643 ], [ 41.458700020202279, 29.666119942336532 ], [ 41.45965002005628, 29.668599943379387 ], [ 41.460220019968666, 29.671449943345799 ], [ 41.460220019968666, 29.674119942043415 ], [ 41.459080020143873, 29.67601994322608 ], [ 41.456220019637847, 29.678679942163782 ], [ 41.455450019708906, 29.680209942310057 ], [ 41.454130019959067, 29.682679942621061 ], [ 41.452990020134273, 29.687059942766403 ], [ 41.451650020292945, 29.6927699433414 ], [ 41.44823001992026, 29.703809942866059 ], [ 41.44690002012468, 29.707619942732734 ], [ 41.445750020254138, 29.709899943224563 ], [ 41.445180020341745, 29.713139941632676 ], [ 41.44555002023759, 29.719229943292991 ], [ 41.447280019167955, 29.728369941751705 ], [ 41.448040019949467, 29.735589941946277 ], [ 41.44861001986186, 29.739409943380245 ], [ 41.448420018992742, 29.743609942974341 ], [ 41.44823001992026, 29.747399942844066 ], [ 41.449180019774253, 29.752539941969296 ], [ 41.449560019715854, 29.755019941614453 ], [ 41.449560018817536, 29.758439942725968 ], [ 41.449370018846743, 29.763389943163439 ], [ 41.45013001962824, 29.766439942156154 ], [ 41.450890018613123, 29.768719941648857 ], [ 41.452990019235955, 29.771199941654981 ], [ 41.455450018810595, 29.772909942660444 ], [ 41.458890019274762, 29.773859942819488 ], [ 41.461360018895142, 29.775379942731536 ], [ 41.462880018661529, 29.777669942670091 ], [ 41.462700019634788, 29.780139943068765 ], [ 41.461740019735053, 29.782999942214101 ], [ 41.459840019128755, 29.78623994294923 ], [ 41.457180020435892, 29.78870994163411 ], [ 41.45470001987146, 29.791189943166486 ], [ 41.45222001930702, 29.792709941921579 ], [ 41.449370018846743, 29.793659943647153 ], [ 41.446130019297421, 29.794229941756779 ], [ 41.442900019793846, 29.794989942760971 ], [ 41.439470020273738, 29.795369943047383 ], [ 41.436230019826112, 29.795369943047383 ], [ 41.434140020147325, 29.796129943188724 ], [ 41.432620018584316, 29.797849943240998 ], [ 41.430900019699706, 29.801259943013168 ], [ 41.429760019874912, 29.806409943071298 ], [ 41.429000019093401, 29.812309942388438 ], [ 41.429190019064194, 29.816309942199791 ], [ 41.429000019991719, 29.820119943181478 ], [ 41.429760019874912, 29.824879942927094 ], [ 41.431280018742981, 29.827729942685174 ], [ 41.432620018584316, 29.82944994165716 ], [ 41.435280019972112, 29.830209943098993 ], [ 41.438140019579834, 29.830399944309651 ], [ 41.440040019287821, 29.830399942751072 ], [ 41.44271001982306, 29.831349941826463 ], [ 41.44823001992026, 29.832869942755845 ], [ 41.454890018943942, 29.834969943072529 ], [ 41.457740020302545, 29.835729942268411 ], [ 41.463840018561264, 29.837249942795744 ], [ 41.472780019929473, 29.840109943147787 ], [ 41.4764000203187, 29.841439943925181 ], [ 41.480400019751208, 29.842579942294542 ], [ 41.491630019916421, 29.847149943286542 ], [ 41.500960020373647, 29.850199942357946 ], [ 41.50552001877449, 29.851339942790499 ], [ 41.509140020062027, 29.851909943189661 ], [ 41.513710019406929, 29.852659942078173 ], [ 41.523230019834962, 29.852479942671803 ], [ 41.527030020149247, 29.85304994279506 ], [ 41.53104001962749, 29.854189942627219 ], [ 41.534080019160257, 29.855339943154497 ], [ 41.53960001925747, 29.856479941765492 ], [ 41.542640018790237, 29.857429942867903 ], [ 41.544930020282202, 29.858569943318198 ], [ 41.547020019960975, 29.860479942613889 ], [ 41.549120019685503, 29.862559943237876 ], [ 41.550260020408608, 29.865049942996091 ], [ 41.550840018570121, 29.867709943221797 ], [ 41.550640020350201, 29.870559942220009 ], [ 41.550450020379408, 29.873419943362702 ], [ 41.550450020379408, 29.875319941913833 ], [ 41.551780020174988, 29.877799942791825 ], [ 41.554450019811917, 29.879699944362851 ], [ 41.564540021050654, 29.882939942660364 ], [ 41.570440019292825, 29.885219942623809 ], [ 41.58167001855972, 29.888839942210705 ], [ 41.585860019759657, 29.890359943178559 ], [ 41.587950019438445, 29.891679941816015 ], [ 41.589280020132342, 29.893789942113941 ], [ 41.589660019175625, 29.896629943194299 ], [ 41.589090020161542, 29.899119942761494 ], [ 41.587950020336756, 29.901779943012137 ], [ 41.586810019613644, 29.904449944107373 ], [ 41.586430019672058, 29.907299942649416 ], [ 41.586810019613644, 29.911109943190755 ], [ 41.587570020395162, 29.914159943341055 ], [ 41.589090021059853, 29.917389942886576 ], [ 41.592140018841746, 29.9204399430031 ], [ 41.598800019662058, 29.92709994323533 ], [ 41.600510019399245, 29.929949942056854 ], [ 41.604510019730064, 29.936429943088466 ], [ 41.606410020336362, 29.940809941727299 ], [ 41.607750020177697, 29.942709942771259 ], [ 41.610410019768871, 29.943469942990742 ], [ 41.614980019113766, 29.943279943091067 ], [ 41.619550020255303, 29.943079943378148 ], [ 41.623170018847894, 29.943469942990742 ], [ 41.631360020378651, 29.944799943802028 ], [ 41.635920018779494, 29.945759943016256 ], [ 41.638580020167304, 29.947279943188782 ], [ 41.641820019716619, 29.949749942665413 ], [ 41.644490020251851, 29.952799943387351 ], [ 41.648290019667819, 29.95526994273326 ], [ 41.651150019275526, 29.956419942894481 ], [ 41.654190019706625, 29.956799941932193 ], [ 41.657240020183444, 29.956219943145239 ], [ 41.659520019833032, 29.955649943053441 ], [ 41.663140020222251, 29.955079942028501 ], [ 41.665420019871839, 29.954129941619598 ], [ 41.66752001959636, 29.952609942632325 ], [ 41.669800019245933, 29.951469943709437 ], [ 41.680080019557153, 29.950519943055003 ], [ 41.683510019077268, 29.949369943146667 ], [ 41.685790018726848, 29.948419942667062 ], [ 41.688270020189599, 29.946709943219428 ], [ 41.689220020043585, 29.94575994223786 ], [ 41.691510018840596, 29.945569942042365 ], [ 41.693790019388487, 29.946329942981688 ], [ 41.696640019848779, 29.948029943005221 ], [ 41.698360019631714, 29.94822994288316 ], [ 41.700260019339687, 29.94822994288316 ], [ 41.702740019904127, 29.948229943661531 ], [ 41.705590020364419, 29.94860994286633 ], [ 41.709970018840202, 29.948989942954178 ], [ 41.713970019171022, 29.949749942665413 ], [ 41.716630019660521, 29.951079942777447 ], [ 41.721770019816127, 29.952799943387351 ], [ 41.724430020305611, 29.954129943176245 ], [ 41.727670019854934, 29.954699942642918 ], [ 41.731090020227619, 29.95488994329558 ], [ 41.734140019806134, 29.954889941738948 ], [ 41.736240020428973, 29.954699942642918 ], [ 41.738330019209435, 29.954319943361568 ], [ 41.740230019815733, 29.954319943361568 ], [ 41.74385002020496, 29.955649943053441 ], [ 41.74599001921414, 29.958789942910613 ], [ 41.748780019399973, 29.962629943158607 ], [ 41.75191002024274, 29.968559943344243 ], [ 41.754350020624202, 29.973439943133286 ], [ 41.755750019841685, 29.983899942822106 ], [ 41.756790020107353, 29.992269942643631 ], [ 41.757840020418776, 30.001679942681392 ], [ 41.758540020027517, 30.009699943162953 ], [ 41.759580020293193, 30.014929943275138 ], [ 41.761330021111668, 30.019459943291331 ], [ 41.764810019063852, 30.023999943122885 ], [ 41.769000020263789, 30.027839943117456 ], [ 41.772830019816986, 30.030619943050016 ], [ 41.775620020002819, 30.033059943374738 ], [ 41.778760019993015, 30.0347999440644 ], [ 41.782600018693643, 30.038289943198457 ], [ 41.785040019973422, 30.039309943192357 ], [ 41.786100020330586, 30.040299942705392 ], [ 41.788130020633226, 30.041949942721882 ], [ 41.791440021401051, 30.043809943696328 ], [ 41.794390019623819, 30.046199942963451 ], [ 41.796610019897258, 30.048599943374715 ], [ 41.799740019841714, 30.05154994280683 ], [ 41.801580020173553, 30.053949942649265 ], [ 41.803060018858659, 30.055779942923039 ], [ 41.805640019880521, 30.058549943944605 ], [ 41.807050019143738, 30.060349942931971 ], [ 41.81010001962057, 30.064539943214054 ], [ 41.812950020080855, 30.068529942959049 ], [ 41.815430019746977, 30.071199943365365 ], [ 41.818470020178061, 30.073869943251108 ], [ 41.821330019785783, 30.075579944216674 ], [ 41.824560020187668, 30.076529943384013 ], [ 41.828370019649377, 30.077489942661437 ], [ 41.830460020226475, 30.078809942878689 ], [ 41.832560019052679, 30.080719942704302 ], [ 41.835610020427822, 30.082429941867375 ], [ 41.838650019960596, 30.083949942215646 ], [ 41.843790020116209, 30.084919943257773 ], [ 41.847600019577918, 30.085859943837292 ], [ 41.852550019762724, 30.086049942844163 ], [ 41.855970020135416, 30.086049943621447 ], [ 41.859020019713931, 30.085669942910826 ], [ 41.861680020203416, 30.085099943382296 ], [ 41.864920019752724, 30.085099943382296 ], [ 41.868350020171157, 30.085099943382296 ], [ 41.871960019616331, 30.084919944035075 ], [ 41.875770019976351, 30.084709942957545 ], [ 41.879960020277977, 30.085289943071963 ], [ 41.882620019869151, 30.085859943837292 ], [ 41.88643002022917, 30.087569942744516 ], [ 41.889290018938574, 30.089869943896325 ], [ 41.89290002018037, 30.092519942864822 ], [ 41.896140019729678, 30.093659943255378 ], [ 41.899750020073164, 30.094039942796147 ], [ 41.90527002017037, 30.09384994281972 ], [ 41.909460019573679, 30.093659943255378 ], [ 41.912320019181394, 30.09384994281972 ], [ 41.915170018743368, 30.094609942866217 ], [ 41.918600020060104, 30.096139942103044 ], [ 41.921650019638626, 30.096139942103044 ], [ 41.925450019952905, 30.096899941643365 ], [ 41.927550019677426, 30.097659943112678 ], [ 41.931750020024793, 30.098609943144137 ], [ 41.936680020118118, 30.09918994332952 ], [ 41.940490019579819, 30.100129942700232 ], [ 41.943530020010918, 30.100709943292486 ], [ 41.948100021152449, 30.101649942973669 ], [ 41.955530020105073, 30.103939942634153 ], [ 41.961810020085466, 30.105269942811066 ], [ 41.965240019605574, 30.106989943298785 ], [ 41.968660019978259, 30.109269942978525 ], [ 41.971900018629263, 30.111939943113818 ], [ 41.976090020727511, 30.115549942912594 ], [ 41.978750020318685, 30.118989942982143 ], [ 41.9818000198972, 30.120499942742519 ], [ 41.984270020415892, 30.120869943021528 ], [ 41.9882700198484, 30.122219943035446 ], [ 41.990750020412833, 30.123939942896694 ], [ 41.99284002009162, 30.126209944094001 ], [ 41.9947400197996, 30.12906994338088 ], [ 41.996270019611728, 30.132109942915736 ], [ 41.99684002132075, 30.135539943094617 ], [ 41.996650019553321, 30.138019944148795 ], [ 41.994170018988896, 30.140669942851275 ], [ 41.993030020062413, 30.142389943655761 ], [ 41.991320020325233, 30.145439943113526 ], [ 41.991130020354433, 30.147529942896828 ], [ 41.990750021311158, 30.149819942935824 ], [ 41.990550020396292, 30.151909943137213 ], [ 41.989790019614787, 30.154389943649488 ], [ 41.987700019936007, 30.156479943328907 ], [ 41.977990018638856, 30.164859943339003 ], [ 41.9755200199168, 30.167709943775215 ], [ 41.973420020192279, 30.169609942815615 ], [ 41.970380019761194, 30.170569943159006 ], [ 41.967900020095072, 30.172089943153455 ], [ 41.964290020649898, 30.173989943962322 ], [ 41.959140020448551, 30.176849942828962 ], [ 41.952670019599033, 30.181799942806194 ], [ 41.948480019297413, 30.18407994284631 ], [ 41.944300019939853, 30.185219942878458 ], [ 41.941820020273731, 30.186369944221902 ], [ 41.9366800192198, 30.189979944157567 ], [ 41.929640019356206, 30.194929942775119 ], [ 41.923550021143235, 30.200829943127964 ], [ 41.919930019855698, 30.204259941739085 ], [ 41.914410018860174, 30.208829944224441 ], [ 41.910790020267576, 30.21148994323924 ], [ 41.907180019924098, 30.213589942904413 ], [ 41.903370019564079, 30.216629943102596 ], [ 41.893850020034364, 30.224439944324889 ], [ 41.888900019849551, 30.229769942958931 ], [ 41.88433002140296, 30.234529942779048 ], [ 41.880720020161164, 30.238139942636241 ], [ 41.878050019625924, 30.240619942816316 ], [ 41.875960019947151, 30.242329943106974 ], [ 41.874240020164223, 30.24480994310148 ], [ 41.872330020410494, 30.248229944268253 ], [ 41.870820019791537, 30.250329943134719 ], [ 41.869680019966751, 30.253179943961051 ], [ 41.866630020388229, 30.257559943256663 ], [ 41.864350019840344, 30.260599943340829 ], [ 41.861870020174223, 30.26364994286061 ], [ 41.859400018757206, 30.266119942931773 ], [ 41.856160020106209, 30.268029943063265 ], [ 41.853690019587511, 30.269549943705595 ], [ 41.851400019892196, 30.271269942815398 ], [ 41.849120020242623, 30.272979944116614 ], [ 41.847790020447029, 30.276409943368396 ], [ 41.846840019694724, 30.279829941882628 ], [ 41.845310020780907, 30.28382994276906 ], [ 41.844740019970203, 30.287829942706487 ], [ 41.844170020057796, 30.290869943199304 ], [ 41.843790020116209, 30.293349942893993 ], [ 41.842650019393105, 30.295819941675685 ], [ 41.841130019626718, 30.297149943353737 ], [ 41.839030019902196, 30.298489943264745 ], [ 41.836360020265275, 30.298869942661934 ], [ 41.834840018702259, 30.298869942661934 ], [ 41.83313001986339, 30.298869942661934 ], [ 41.831040019286291, 30.300389943362934 ], [ 41.828370019649377, 30.30324994300075 ], [ 41.823230020392081, 30.307239942890089 ], [ 41.819050020136203, 30.309719944250816 ], [ 41.815430020645294, 30.312379943300627 ], [ 41.81010001962057, 30.315999943709464 ], [ 41.807620019954449, 30.318279944224123 ], [ 41.805150020334068, 30.320569942919665 ], [ 41.802670019769636, 30.322849943319678 ], [ 41.801150020003249, 30.324569942950493 ], [ 41.799250020295261, 30.326479943278208 ], [ 41.798100020424734, 30.329319943873276 ], [ 41.795630019906035, 30.33160994267671 ], [ 41.792390020356727, 30.335039942751902 ], [ 41.789540018998117, 30.338839943305437 ], [ 41.787250020201107, 30.342079943354946 ], [ 41.784400019740822, 30.345879944299725 ], [ 41.78230001911799, 30.348929943745549 ], [ 41.779640020425127, 30.352169943122917 ], [ 41.777360019877229, 30.354829944321281 ], [ 41.775060020136173, 30.357309942981775 ], [ 41.771260019821888, 30.362259944243782 ], [ 41.768600020230714, 30.365679942824915 ], [ 41.765740019724674, 30.368729942738202 ], [ 41.763080019235183, 30.371389943132211 ], [ 41.761170020379772, 30.373679942615354 ], [ 41.759650018816757, 30.375389942765366 ], [ 41.757560020036294, 30.37843994279805 ], [ 41.75680001925479, 30.380339944090966 ], [ 41.754890020399365, 30.381479942946676 ], [ 41.752230019909881, 30.381479942946676 ], [ 41.741570019657068, 30.380529943661227 ], [ 41.733760018966215, 30.378819941981551 ], [ 41.726720019102622, 30.378819942756525 ], [ 41.721010019932926, 30.378059942137181 ], [ 41.713580019183681, 30.378249943039773 ], [ 41.708830019913727, 30.378059942912166 ], [ 41.703300018872461, 30.37709994400284 ], [ 41.697980019690114, 30.375959942884933 ], [ 41.693410019446894, 30.37462994337757 ], [ 41.687510020306398, 30.372149943682011 ], [ 41.682940020063192, 30.368729944288319 ], [ 41.67989001958636, 30.36719994307483 ], [ 41.67609002106871, 30.365869943760668 ], [ 41.672860019768507, 30.365869942985594 ], [ 41.670370020056644, 30.367009943173052 ], [ 41.669610020173458, 30.368919943948274 ], [ 41.668470018552036, 30.371389943132211 ], [ 41.666950018785649, 30.373109943151917 ], [ 41.664280019148727, 30.375769942956044 ], [ 41.658760019949831, 30.379579942891219 ], [ 41.656682814077328, 30.380658958747929 ], [ 41.653620019794225, 30.382249944051011 ], [ 41.648670019609405, 30.384339943257025 ], [ 41.635920018779494, 30.38890994273379 ], [ 41.630210018711487, 30.390619942979335 ], [ 41.62716002003129, 30.391949942624439 ], [ 41.622220019892218, 30.393669942686074 ], [ 41.618970020297162, 30.394809944094423 ], [ 41.616310019807678, 30.395759944015399 ], [ 41.613270020274904, 30.396709943219825 ], [ 41.60927001994407, 30.399579943741113 ], [ 41.603940019817664, 30.403559943733516 ], [ 41.599180019603658, 30.407179943068726 ], [ 41.594420019389638, 30.410609942634419 ], [ 41.591190018987753, 30.413079943925027 ], [ 41.588900020190742, 30.416509943793667 ], [ 41.586810019613644, 30.419549944380794 ], [ 41.585090019830723, 30.422599943692248 ], [ 41.583950019107618, 30.425639944331518 ], [ 41.582620019312024, 30.42925994272878 ], [ 41.581860019428838, 30.43439994418981 ], [ 41.581480018588927, 30.440679942844586 ], [ 41.58167001855972, 30.450769944326897 ], [ 41.580910018676526, 30.456099943634438 ], [ 41.579960019720858, 30.463909943143403 ], [ 41.579190018893598, 30.467899943262051 ], [ 41.579380019762716, 30.471329943680722 ], [ 41.57977001975005, 30.474379942915306 ], [ 41.581100018647327, 30.477229943276352 ], [ 41.583000020151935, 30.480279944270887 ], [ 41.585480019818057, 30.482749942779698 ], [ 41.589090020161542, 30.48541994281705 ], [ 41.591950018870946, 30.486749942808643 ], [ 41.595180019272831, 30.487699942954553 ], [ 41.598990019632858, 30.489219944334767 ], [ 41.602240020126231, 30.491129944043404 ], [ 41.607360019292038, 30.493979943192588 ], [ 41.61214001959754, 30.496459942953859 ], [ 41.615360019953677, 30.498549942914153 ], [ 41.617650019648998, 30.500639943637122 ], [ 41.620120020167697, 30.502929943134838 ], [ 41.622410018964707, 30.504639944294428 ], [ 41.625450019395792, 30.506359942865405 ], [ 41.627740019091114, 30.508259943306456 ], [ 41.630210019609805, 30.511099943723167 ], [ 41.631730019376192, 30.51339994422489 ], [ 41.633060020070097, 30.516629942616525 ], [ 41.633260020086638, 30.520629943276756 ], [ 41.633820019953284, 30.525579942637933 ], [ 41.635350019765418, 30.53089994272165 ], [ 41.636310019665153, 30.533389943965691 ], [ 41.637630020313303, 30.5343399426968 ], [ 41.640110019979424, 30.536429943875209 ], [ 41.6414400188767, 30.53794994335448 ], [ 41.641820019716619, 30.540619942801687 ], [ 41.643720019424599, 30.541379943673995 ], [ 41.646580019930632, 30.542899943048123 ], [ 41.649430020390923, 30.544809942762598 ], [ 41.651150020173844, 30.547469943881151 ], [ 41.651354976195805, 30.548500119151388 ], [ 41.651530019217127, 30.549379944209196 ], [ 41.651340020144637, 30.551469944293743 ], [ 41.65020001942154, 30.552799942790166 ], [ 41.647720019755418, 30.553369943087358 ], [ 41.64410002026451, 30.553559942700446 ], [ 41.641820019716619, 30.553949943265341 ], [ 41.639730020037838, 30.554709942680386 ], [ 41.638770019239786, 30.55603994319501 ], [ 41.638190020179962, 30.558129942983697 ], [ 41.63783001943154, 30.560799943638241 ], [ 41.637440019444192, 30.562499942794322 ], [ 41.636310018766835, 30.563649944353319 ], [ 41.634010019924084, 30.5636499428063 ], [ 41.631730019376192, 30.563079943326972 ], [ 41.629070019785011, 30.56231994293762 ], [ 41.626410019295527, 30.561749943380075 ], [ 41.623740018760287, 30.56155994278345 ], [ 41.620880020050883, 30.56212994423068 ], [ 41.618030019590599, 30.563269943267649 ], [ 41.616310019807678, 30.564029943950665 ], [ 41.61214001959754, 30.564219944351464 ], [ 41.609070019029218, 30.564989944323887 ], [ 41.604510019730064, 30.565179942844644 ], [ 41.600130020355955, 30.566319943171838 ], [ 41.59234001885828, 30.569939944294102 ], [ 41.588330020278356, 30.571079942824966 ], [ 41.585290019847257, 30.571269943339999 ], [ 41.579380019762716, 30.57183994265192 ], [ 41.575960019390031, 30.571839944198807 ], [ 41.574250019652844, 30.57239994424997 ], [ 41.571960019059212, 30.573359943002586 ], [ 41.570250019322025, 30.574689943876916 ], [ 41.568340019568303, 30.577739944338671 ], [ 41.563390020281801, 30.58116994372627 ], [ 41.558250019227877, 30.583639942802236 ], [ 41.553300019941375, 30.585739944155666 ], [ 41.550260020408608, 30.586309942705267 ], [ 41.547590019873375, 30.587829944361904 ], [ 41.542640018790237, 30.591829944141029 ], [ 41.540170020068182, 30.593349944291131 ], [ 41.537320019607897, 30.594299943780566 ], [ 41.534460019101857, 30.594869943798074 ], [ 41.527990020048982, 30.595059944089844 ], [ 41.524560019630549, 30.594109942771894 ], [ 41.521510020052041, 30.592969944362164 ], [ 41.519610019445736, 30.592199943071183 ], [ 41.517140019825355, 30.592199943844467 ], [ 41.508570019251316, 30.5942999430073 ], [ 41.502290020169234, 30.595629944276372 ], [ 41.497720019926021, 30.596399943830171 ], [ 41.493910019565995, 30.596009943826726 ], [ 41.491250019974821, 30.595059943316588 ], [ 41.488960020279492, 30.595439942782484 ], [ 41.483060020240693, 30.596399943830171 ], [ 41.479060019909873, 30.596009943826726 ], [ 41.476020020377099, 30.595819943077949 ], [ 41.471830019177169, 30.594679943907025 ], [ 41.467640018875549, 30.593159943739632 ], [ 41.461740019735053, 30.590489943843142 ], [ 41.458510019333168, 30.589349943062 ], [ 41.456030019667047, 30.589349943062 ], [ 41.454130019959067, 30.590299943097538 ], [ 41.452800019265162, 30.591829944141029 ], [ 41.452420020221886, 30.594489943643431 ], [ 41.45280002016348, 30.600769944242856 ], [ 41.453560020046673, 30.604199943618507 ], [ 41.453560019148355, 30.60685994294256 ], [ 41.452990019235955, 30.608769944348047 ], [ 41.45203001933622, 30.611439943027154 ], [ 41.451650019394634, 30.61314994281776 ], [ 41.451470020367886, 30.615049943074457 ], [ 41.45203001933622, 30.617709944344131 ], [ 41.451840019365427, 30.623619943364229 ], [ 41.451650019394634, 30.626659943262755 ], [ 41.451080018583923, 30.628749942636258 ], [ 41.449560018817536, 30.63008994313023 ], [ 41.447660020007866, 30.630659944308352 ], [ 41.445550019339287, 30.630659942762406 ], [ 41.443660018778729, 30.62951994323236 ], [ 41.441570019998267, 30.627799944019049 ], [ 41.439470020273738, 30.625899944316611 ], [ 41.436810018885936, 30.624759942823985 ], [ 41.433770019353162, 30.623999942872327 ], [ 41.430340018934736, 30.623619944137264 ], [ 41.427480019327021, 30.623619944137264 ], [ 41.423670019865312, 30.624189943999479 ], [ 41.421200020244932, 30.624569942815778 ], [ 41.418920018798715, 30.624569944361813 ], [ 41.41643001908686, 30.624379943207604 ], [ 41.41415001943728, 30.623619943364229 ], [ 41.410730019064594, 30.622469942822786 ], [ 41.40387001912606, 30.618669944234647 ], [ 41.394930019554479, 30.614099943740932 ], [ 41.391500019136053, 30.612579942892594 ], [ 41.388260019586738, 30.611619942921553 ], [ 41.385220019155653, 30.611619943694688 ], [ 41.373230020005558, 30.612769943240462 ], [ 41.367320019022699, 30.613529943223142 ], [ 41.34867001995061, 30.616569943802986 ], [ 41.337820019726998, 30.617899943902334 ], [ 41.33325001858546, 30.61884994383076 ], [ 41.330970018935879, 30.619999944087716 ], [ 41.328500020213816, 30.620189943789896 ], [ 41.325830018780273, 30.620379943892221 ], [ 41.323730019055745, 30.620379943119175 ], [ 41.322400019260158, 30.619239943869037 ], [ 41.322210019289365, 30.617529944174589 ], [ 41.321640019376957, 30.616389943833202 ], [ 41.32031001868306, 30.615619943921413 ], [ 41.318410018975079, 30.615429943754236 ], [ 41.316310019250551, 30.615429943754236 ], [ 41.314210020424348, 30.616189943731982 ], [ 41.312690018861332, 30.617139942659158 ], [ 41.310980019124152, 30.61789994312926 ], [ 41.309260019341224, 30.61752994262843 ], [ 41.307550018705712, 30.616569943802986 ], [ 41.299750018958932, 30.610289943149372 ], [ 41.297840020103521, 30.609339942731875 ], [ 41.295750018628112, 30.60876994280175 ], [ 41.292510019078804, 30.608389943046316 ], [ 41.287950018881318, 30.608199944155782 ], [ 41.284510019315476, 30.608389943046316 ], [ 41.280710019001191, 30.60895994366664 ], [ 41.277480018599306, 30.610289943149372 ], [ 41.274050019079183, 30.611439943027154 ], [ 41.271190020369787, 30.612189943858908 ], [ 41.268910018923584, 30.61333994436653 ], [ 41.266060019361603, 30.613899942774932 ], [ 41.263770018767971, 30.614099942967826 ], [ 41.261110019176797, 30.614289942652483 ], [ 41.258630020408987, 30.613719944026265 ], [ 41.256350018962777, 30.612579943665711 ], [ 41.250640018894771, 30.60914994415878 ], [ 41.245310019666675, 30.605529944293373 ], [ 41.242830019102243, 30.603819942943325 ], [ 41.240550020350973, 30.602679944344686 ], [ 41.238080018933971, 30.602679944344686 ], [ 41.23446002034138, 30.603059943306384 ], [ 41.231600019835341, 30.603439943870189 ], [ 41.228940019345856, 30.603439943870189 ], [ 41.226460018781417, 30.602679944344686 ], [ 41.224180020030147, 30.601339943313047 ], [ 41.222080020305626, 30.600389943257309 ], [ 41.219610018888616, 30.599629943000451 ], [ 41.217320020091606, 30.598869943740787 ], [ 41.213140018937423, 30.597919944208261 ], [ 41.211070019350124, 30.597249943633113 ], [ 41.207820018856751, 30.596319943719514 ], [ 41.205260018824688, 30.595039943018534 ], [ 41.202590019187781, 30.593059943340442 ], [ 41.200270019355223, 30.590969943782746 ], [ 41.198870019239436, 30.588529943325799 ], [ 41.196440018903708, 30.585399943723417 ], [ 41.194460018829787, 30.582149942918772 ], [ 41.193180020161229, 30.578309942747048 ], [ 41.191900019696035, 30.574249942896707 ], [ 41.190170018969056, 30.569719944107288 ], [ 41.188540019597809, 30.564139943983793 ], [ 41.186790018779341, 30.559259943017171 ], [ 41.184240018793027, 30.55484994334855 ], [ 41.182030018565328, 30.551479943134769 ], [ 41.178430020064212, 30.548809942917323 ], [ 41.174710020115874, 30.547059944221949 ], [ 41.170640018566544, 30.546249942957147 ], [ 41.166470019254724, 30.546249942957147 ], [ 41.162050019697645, 30.546719942813908 ], [ 41.158100018697233, 30.546829943126696 ], [ 41.153170018603895, 30.547089943651908 ], [ 41.150550019195698, 30.547409943699527 ], [ 41.149270018730505, 30.548109942737533 ], [ 41.147880017762148, 30.549619942937547 ], [ 41.14637001983813, 30.551709943270158 ], [ 41.143700020201223, 30.555669943206652 ], [ 41.142190018683948, 30.558329943016979 ], [ 41.141490019075206, 30.560309943384333 ], [ 41.1396300204485, 30.562499942794322 ], [ 41.138120018931239, 30.564019943308598 ], [ 41.136610018312275, 30.565409942998748 ], [ 41.134520020430131, 30.56692994278453 ], [ 41.132780018759085, 30.569369943098131 ], [ 41.13166001902578, 30.571459944256279 ], [ 41.129570019347, 30.575269942681359 ], [ 41.128050018682295, 30.580019944163048 ], [ 41.125940018912033, 30.585539944182294 ], [ 41.12481001913298, 30.590489943069848 ], [ 41.123480020235704, 30.598869943740787 ], [ 41.122720020352517, 30.602869943238669 ], [ 41.121380017816243, 30.607239944062073 ], [ 41.120820019746219, 30.611049943267837 ], [ 41.12043001886056, 30.61828994390234 ], [ 41.12043001886056, 30.622659943088149 ], [ 41.119860018948174, 30.625899944316611 ], [ 41.12062001883136, 30.632369943928783 ], [ 41.122150018643488, 30.639419942672326 ], [ 41.12462001916218, 30.647599944100946 ], [ 41.127290018799101, 30.654829943932182 ], [ 41.129000019434599, 30.659969943377931 ], [ 41.130330019230186, 30.664349943289075 ], [ 41.131660019924098, 30.668539943856668 ], [ 41.132800019748885, 30.671969942687657 ], [ 41.135470019385806, 30.6772999432559 ], [ 41.136230020167311, 30.67995994398213 ], [ 41.13584002017997, 30.681869943854757 ], [ 41.135090019444206, 30.683959944287231 ], [ 41.133380018808708, 30.685479942876221 ], [ 41.131860019042321, 30.686049942744575 ], [ 41.130890019096846, 30.688339942722831 ], [ 41.130520019200986, 30.690429943701073 ], [ 41.129570019347, 30.692709944356618 ], [ 41.127860018711502, 30.694619943060765 ], [ 41.126140018928567, 30.695759944278446 ], [ 41.12462001916218, 30.696709943246557 ], [ 41.123480019337393, 30.698619943126154 ], [ 41.122720018555889, 30.700519944149306 ], [ 41.121960019571013, 30.703369943895517 ], [ 41.121570019583672, 30.706229944276302 ], [ 41.121570019583672, 30.708899942976128 ], [ 41.121960018672695, 30.711369944081049 ], [ 41.123100020294117, 30.714039944158493 ], [ 41.124060019295534, 30.715939944243463 ], [ 41.124060019295534, 30.718409942681401 ], [ 41.123290019366593, 30.720509944079765 ], [ 41.121570018685354, 30.722789943632478 ], [ 41.119860018948174, 30.724699943772521 ], [ 41.117580019298586, 30.726029944128854 ], [ 41.116250018604688, 30.72792994270139 ], [ 41.114910018763354, 30.730029943679032 ], [ 41.113390018996967, 30.731929943709343 ], [ 41.11263001911378, 30.734969943677807 ], [ 41.112440020041291, 30.738209943200872 ], [ 41.112630020012091, 30.742399943230581 ], [ 41.114160019824226, 30.745439943311954 ], [ 41.115670018646554, 30.747539944084792 ], [ 41.115670020443176, 30.751159944307872 ], [ 41.115860018617347, 30.754959944324945 ], [ 41.115670018646554, 30.758389942725749 ], [ 41.114720018792561, 30.761239943882217 ], [ 41.113390019895284, 30.763909943346622 ], [ 41.111300019318193, 30.767149942706517 ], [ 41.109010019622872, 30.769239943659549 ], [ 41.107490018958174, 30.770949942955294 ], [ 41.105590019250187, 30.771899944270245 ], [ 41.103110018685747, 30.772859943042015 ], [ 41.100640019963691, 30.773049943834284 ], [ 41.093210019214432, 30.772859943042015 ], [ 41.089990018858288, 30.772859943042015 ], [ 41.086930019234032, 30.773999943711353 ], [ 41.084640018640393, 30.774759944114479 ], [ 41.08046002018115, 30.776469943331211 ], [ 41.077410018806006, 30.778379944204325 ], [ 41.074750019214832, 30.780089943905391 ], [ 41.072270020447029, 30.781419944266148 ], [ 41.069230018219308, 30.781989942649918 ], [ 41.065420019655917, 30.783709944078463 ], [ 41.062760019166419, 30.784279944325913 ], [ 41.060270020352874, 30.784839944095342 ], [ 41.056850019081871, 30.784839944095342 ], [ 41.05438001856318, 30.784839943323615 ], [ 41.051530019001206, 30.785039943774002 ], [ 41.049620019247484, 30.785989943320303 ], [ 41.047910018611987, 30.787889944356046 ], [ 41.046960018757993, 30.789809944235671 ], [ 41.046000019756576, 30.791699943629514 ], [ 41.044290019121078, 30.79245994385473 ], [ 41.042770019354691, 30.792839944029499 ], [ 41.039720019776169, 30.792839944029499 ], [ 41.035340018605439, 30.792459943083053 ], [ 41.032870018985058, 30.792649943744017 ], [ 41.029630020334068, 30.793219942702322 ], [ 41.027160018917058, 30.794559944311867 ], [ 41.024300019309337, 30.795889943639228 ], [ 41.021830018790652, 30.797029942968098 ], [ 41.018790020156189, 30.79759994373579 ], [ 41.015170018868645, 30.797979943655857 ], [ 41.012310019260937, 30.798359943616941 ], [ 41.009270018829845, 30.798549944191581 ], [ 41.006220018353019, 30.799709943980385 ], [ 41.002980018803704, 30.799889944036579 ], [ 40.99975001930013, 30.799709943980385 ], [ 40.996510018852504, 30.799509943179647 ], [ 40.992890019361589, 30.79892994421412 ], [ 40.988140019193317, 30.799129943906852 ], [ 40.983380018979297, 30.799509943951268 ], [ 40.961490018561278, 30.799509943951268 ], [ 40.952540019842267, 30.799509943951268 ], [ 40.947020019745061, 30.799129943906852 ], [ 40.943020020312552, 30.798739943619012 ], [ 40.939210019054208, 30.798549944191581 ], [ 40.934460018885943, 30.798169944209999 ], [ 40.930080018613516, 30.79759994373579 ], [ 40.925700019239422, 30.796269944146026 ], [ 40.921130018996202, 30.795509943945248 ], [ 40.915990018840596, 30.794939943131133 ], [ 40.910470018743375, 30.794559944311867 ], [ 40.903620018850589, 30.794179943218893 ], [ 40.898860018636576, 30.793989943266634 ], [ 40.895620019087254, 30.793599943731532 ], [ 40.892770018626969, 30.793599943731532 ], [ 40.890100018990054, 30.794559944311867 ], [ 40.887820019340474, 30.795509943945248 ], [ 40.885720018717642, 30.796649943922322 ], [ 40.884010018980455, 30.79721994385676 ], [ 40.882500018361497, 30.796649943922322 ], [ 40.88134001934354, 30.795129942749156 ], [ 40.879630018708035, 30.793989943266634 ], [ 40.877350019058447, 30.792649943744017 ], [ 40.862680020225703, 30.791129944148267 ], [ 40.846320019052307, 30.789419943178803 ], [ 40.839470020057824, 30.78922994308024 ], [ 40.829000019775798, 30.788079944015504 ], [ 40.823470018734533, 30.787509943910887 ], [ 40.805010018734926, 30.784659942871333 ], [ 40.797400018958939, 30.783519944274286 ], [ 40.785980018822926, 30.781799943306734 ], [ 40.781600019448824, 30.780849944048072 ], [ 40.777790019088805, 30.780659943224748 ], [ 40.773600018787178, 30.780659943224748 ], [ 40.769040017691388, 30.780849944048072 ], [ 40.765990019011191, 30.780849944048072 ], [ 40.762940019432676, 30.780089943905391 ], [ 40.760480018061408, 30.779139943193599 ], [ 40.756850019423077, 30.778179943797312 ], [ 40.747520018965837, 30.777809943723277 ], [ 40.742200018885178, 30.777429944356179 ], [ 40.736480018771431, 30.777229944289481 ], [ 40.730200018791031, 30.776469944103024 ], [ 40.722210019073437, 30.774939943797797 ], [ 40.715730019076503, 30.773999942939529 ], [ 40.706790018606604, 30.772089943870832 ], [ 40.702220018363384, 30.771329943989304 ], [ 40.696130019252102, 30.769809943970973 ], [ 40.692700018833683, 30.768669943831235 ], [ 40.688890019371968, 30.767339943195157 ], [ 40.685470018100965, 30.766569943850932 ], [ 40.68052001881447, 30.765039944364929 ], [ 40.676900019323561, 30.764099944828164 ], [ 40.672140019109548, 30.762959944207424 ], [ 40.669100018678456, 30.762389942693495 ], [ 40.665670019158348, 30.761999943938115 ], [ 40.661670018827529, 30.762199943239928 ], [ 40.658060019382354, 30.762389944237338 ], [ 40.654630018963935, 30.763159943830331 ], [ 40.650820018603909, 30.765039942821133 ], [ 40.648160019012728, 30.767339943195157 ], [ 40.64511001943422, 30.768479942880909 ], [ 40.641300019074201, 30.769989943652241 ], [ 40.637120018818315, 30.7717099427508 ], [ 40.616940019035781, 30.771709944294493 ], [ 40.614270019398866, 30.772089943098994 ], [ 40.610850019026181, 30.772859943813845 ], [ 40.606660017826243, 30.773999943711353 ], [ 40.603810020060898, 30.774939943025977 ], [ 40.600000018802568, 30.7766599439407 ], [ 40.59771001910724, 30.777809943723277 ], [ 40.595810019399259, 30.778759943677727 ], [ 40.592590019043115, 30.779329943932179 ], [ 40.588390018695755, 30.779889943966555 ], [ 40.584200019292446, 30.780469944341451 ], [ 40.580960018844827, 30.781039942952532 ], [ 40.57601001866, 30.782559943829853 ], [ 40.572970019127233, 30.783899944279057 ], [ 40.568780018825613, 30.785609943856187 ], [ 40.566490019130292, 30.786369944369806 ], [ 40.564210017684083, 30.786939944286196 ], [ 40.56174001896202, 30.788079944015504 ], [ 40.559640019237499, 30.78922994308024 ], [ 40.557740018631193, 30.789989944308669 ], [ 40.554880019023479, 30.790559944374618 ], [ 40.545940017655269, 30.790749944160162 ], [ 40.543650017959955, 30.790369944213616 ], [ 40.542510019033472, 30.789989944308669 ], [ 40.540610019325491, 30.789989944308669 ], [ 40.537940017891941, 30.790939944341943 ], [ 40.532800018634646, 30.792839944029499 ], [ 40.530710018955865, 30.79436994279564 ], [ 40.528040019318951, 30.795319944306616 ], [ 40.526140018712653, 30.796839944018807 ], [ 40.524230018060607, 30.796649943922322 ], [ 40.522330019250951, 30.796649943922322 ], [ 40.520810018586246, 30.797789944269425 ], [ 40.519290018819852, 30.799709943980385 ], [ 40.516240019241344, 30.802359943849837 ], [ 40.513950017749394, 30.80368994404623 ], [ 40.507680018713046, 30.806359944264234 ], [ 40.503300018440626, 30.807689943109352 ], [ 40.500060018891311, 30.808829942898004 ], [ 40.497390019254404, 30.809399943892458 ], [ 40.496060018560492, 30.810359944055243 ], [ 40.495300018677298, 30.812069944380784 ], [ 40.495110017808187, 30.814539944349612 ], [ 40.493970018881711, 30.816639943761434 ], [ 40.492270019190265, 30.817399944269155 ], [ 40.489590017710981, 30.817779943810869 ], [ 40.486930019018118, 30.818159944163568 ], [ 40.48521001923519, 30.8189299431716 ], [ 40.482740018716498, 30.82025994388982 ], [ 40.480640018991977, 30.821389943931162 ], [ 40.478740019283997, 30.822729943084415 ], [ 40.476260018719557, 30.823299943371037 ], [ 40.473790019099177, 30.823489944000418 ], [ 40.469410018826757, 30.819679943654531 ], [ 40.467320018249666, 30.818349944161863 ], [ 40.462940018875564, 30.818349944161863 ], [ 40.458940017646427, 30.8189299431716 ], [ 40.454750019141429, 30.82025994388982 ], [ 40.450950018827157, 30.821589943932604 ], [ 40.448470018262718, 30.821969943867835 ], [ 40.445820018717285, 30.823489944000418 ], [ 40.444670018846757, 30.825199944318346 ], [ 40.443140018136305, 30.827869943761684 ], [ 40.441620019268235, 30.829959944696252 ], [ 40.439720018661937, 30.831869944132137 ], [ 40.437240018995816, 30.83319994380097 ], [ 40.435340019287835, 30.833389944122615 ], [ 40.433060018739944, 30.833009943103225 ], [ 40.430390018204704, 30.831679943887281 ], [ 40.428490017598413, 30.830709943881168 ], [ 40.425820017961485, 30.830709943881168 ], [ 40.423540018311911, 30.831489944037724 ], [ 40.420870018674989, 30.834529944325219 ], [ 40.419730018850203, 30.836809942676975 ], [ 40.418010019067282, 30.838529944075841 ], [ 40.415920019388501, 30.839099943882378 ], [ 40.412120018175898, 30.838909944837233 ], [ 40.40869001865579, 30.838149944123693 ], [ 40.405830019048075, 30.837389944333335 ], [ 40.404120019310881, 30.837769944209512 ], [ 40.40222001870459, 30.839859944014147 ], [ 40.401070017935737, 30.841959942677629 ], [ 40.39955001816935, 30.844429944275227 ], [ 40.39784001843217, 30.846329944239095 ], [ 40.395940018724197, 30.847099944055689 ], [ 40.393460019058075, 30.847279943221761 ], [ 40.390800018568576, 30.846519944016958 ], [ 40.387560019019269, 30.84423994421465 ], [ 40.384130017702518, 30.843669943317934 ], [ 40.381470018111344, 30.8436699440892 ], [ 40.377470018678842, 30.844429944275227 ], [ 40.373280018377223, 30.844429944275227 ], [ 40.36795001914912, 30.844429944275227 ], [ 40.365480017732111, 30.844999943741932 ], [ 40.363580018922455, 30.845559943641177 ], [ 40.36205001821201, 30.846519944016958 ], [ 40.360330018429082, 30.845949944325746 ], [ 40.357290017997997, 30.84423994421465 ], [ 40.35406001939274, 30.842339943739589 ], [ 40.35139001795919, 30.841759944234035 ], [ 40.34930001917872, 30.841759944234035 ], [ 40.347970017586505, 30.842909943282105 ], [ 40.344730018037183, 30.844999943741932 ], [ 40.340160018692295, 30.850709945228701 ], [ 40.33826001808599, 30.852619944279894 ], [ 40.336350019230579, 30.853569944208367 ], [ 40.334450018624281, 30.854139944121659 ], [ 40.331780018987367, 30.854709942960891 ], [ 40.328750018602015, 30.856229944382065 ], [ 40.324930019094566, 30.857369943133307 ], [ 40.321130018780288, 30.857949943885199 ], [ 40.316750019406193, 30.858139943780866 ], [ 40.313510018060242, 30.85794994311405 ], [ 40.310280017658357, 30.857179944025486 ], [ 40.307420018948953, 30.857759944384242 ], [ 40.305520019240966, 30.857759942841934 ], [ 40.303040017778216, 30.857759944384242 ], [ 40.300000019143759, 30.856609943672197 ], [ 40.298280019360838, 30.855279943810682 ], [ 40.296380018754533, 30.855459943821678 ], [ 40.294080019013478, 30.856229942839743 ], [ 40.291430017671416, 30.856609943672197 ], [ 40.288960018051029, 30.856419943829771 ], [ 40.286860019224818, 30.855849944357395 ], [ 40.285530019429238, 30.854139944121659 ], [ 40.285530019429238, 30.852419944151269 ], [ 40.286860019224818, 30.849949943120258 ], [ 40.288380018991205, 30.847479944041396 ], [ 40.288570018962005, 30.844429944275227 ], [ 40.288570018063695, 30.841959944220193 ], [ 40.288000018151294, 30.840239944136819 ], [ 40.286290018414107, 30.839479943929323 ], [ 40.283620018777192, 30.839859944014147 ], [ 40.280770019215218, 30.840809943813237 ], [ 40.27887001860892, 30.840239944136819 ], [ 40.276770017986081, 30.839099943882378 ], [ 40.274490019234818, 30.837579944073841 ], [ 40.27296001942269, 30.834149943962284 ], [ 40.272400017759409, 30.831099943980295 ], [ 40.272200017742861, 30.829199944080838 ], [ 40.272200017742861, 30.827299944376239 ], [ 40.270300018034888, 30.825199944318346 ], [ 40.267830019312818, 30.824059943632875 ], [ 40.266490017674869, 30.821589943932604 ], [ 40.265540018719179, 30.818929943943065 ], [ 40.264780017937674, 30.8151099438691 ], [ 40.264210018025281, 30.81282994401375 ], [ 40.261540018388359, 30.811119944871418 ], [ 40.258310018884792, 30.808449942671032 ], [ 40.255640019247878, 30.807119944315367 ], [ 40.252980018758379, 30.806169942926442 ], [ 40.248790019355077, 30.805979944299224 ], [ 40.245360018936651, 30.805029943984849 ], [ 40.241940017665655, 30.804839943875166 ], [ 40.240410018751831, 30.804259943896845 ], [ 40.238130018203947, 30.802549944233203 ], [ 40.235650019436136, 30.801219943692288 ], [ 40.235080018625425, 30.799709943980385 ], [ 40.234890017756314, 30.79721994385676 ], [ 40.233560017960727, 30.794939943902794 ], [ 40.232610019005051, 30.793419944243528 ], [ 40.23166001825274, 30.790939944341943 ], [ 40.230510018382219, 30.789039944149653 ], [ 40.228800017746714, 30.787509943910887 ], [ 40.226900018937044, 30.786749943917737 ], [ 40.22538001827234, 30.785419943946923 ], [ 40.224230018401812, 30.783329944094742 ], [ 40.22385001935853, 30.781039942952532 ], [ 40.222710018635425, 30.778949942851515 ], [ 40.220810018927438, 30.7766599439407 ], [ 40.218510019186382, 30.774939943797797 ], [ 40.21510001796112, 30.773239944251365 ], [ 40.211290017601101, 30.771899944270245 ], [ 40.207100019096103, 30.770189944103873 ], [ 40.203100018765284, 30.767529944080568 ], [ 40.200440018275792, 30.766379944157794 ], [ 40.197580017769766, 30.765239944297274 ], [ 40.194160018295392, 30.764479944350363 ], [ 40.19149001865847, 30.764099944056255 ], [ 40.188830018168986, 30.764289943618941 ], [ 40.185210018678077, 30.76542994315335 ], [ 40.182930018130179, 30.766569943850932 ], [ 40.180260017594946, 30.767719943818992 ], [ 40.177790018872884, 30.768479943652785 ], [ 40.175500019177562, 30.768479943652785 ], [ 40.173030017760553, 30.768289943871075 ], [ 40.170740018065224, 30.767719943818992 ], [ 40.168270018444858, 30.767719943047116 ], [ 40.165990018795277, 30.767909943954173 ], [ 40.159890017841612, 30.770379943993532 ], [ 40.156660018338044, 30.771329943989304 ], [ 40.153990018701123, 30.772089943870832 ], [ 40.150760018299238, 30.772479944191083 ], [ 40.148090017764005, 30.771899944270245 ], [ 40.144280019200608, 30.770759942647388 ], [ 40.140670017958811, 30.769989943652241 ], [ 40.136860017598792, 30.769429943109348 ], [ 40.133810018020277, 30.768859943634556 ], [ 40.130770019385821, 30.768289943871075 ], [ 40.127720018908988, 30.767149942706517 ], [ 40.12563001833189, 30.766569943850932 ], [ 40.123150018665768, 30.76599994364625 ], [ 40.120870018117877, 30.765809944371632 ], [ 40.117440017699444, 30.766189943317681 ], [ 40.113060019223667, 30.767149944250274 ], [ 40.109070018040271, 30.768289943871075 ], [ 40.105640017621852, 30.769429943109348 ], [ 40.102210018101729, 30.770189943332014 ], [ 40.100120018422956, 30.770189943332014 ], [ 40.097260018815234, 30.771139943659875 ], [ 40.094610019269801, 30.77266994419006 ], [ 40.09136001787811, 30.775329944143188 ], [ 40.087170017576497, 30.778759943677727 ], [ 40.084510018883627, 30.781419942722621 ], [ 40.081840019246712, 30.784469944172173 ], [ 40.07880001791731, 30.787329943825778 ], [ 40.076320019149506, 30.789229943851939 ], [ 40.07271001790771, 30.791129944148267 ], [ 40.069660018329202, 30.792649943744017 ], [ 40.066430018825628, 30.79475994306539 ], [ 40.0645200190719, 30.796839944018807 ], [ 40.063380018348795, 30.79892994421412 ], [ 40.06205001765489, 30.802359943849837 ], [ 40.06205001765489, 30.806169942926442 ], [ 40.061480018640808, 30.809209943936697 ], [ 40.060710018711873, 30.811689943081163 ], [ 40.059190018945486, 30.813209943118579 ], [ 40.057290018339188, 30.814539942806608 ], [ 40.054990017699815, 30.815309943832819 ], [ 40.052720018095975, 30.815499944068403 ], [ 40.048340017823556, 30.814349943758149 ], [ 40.045300019189099, 30.813589943806285 ], [ 40.041680018799873, 30.813779944357954 ], [ 40.035400017921162, 30.814159944333884 ], [ 40.031400019386965, 30.815309943832819 ], [ 40.028740017999155, 30.815879942640617 ], [ 40.026640018274634, 30.815499944068403 ], [ 40.019220017571129, 30.815499944068403 ], [ 40.01597001797608, 30.816069944063194 ], [ 40.013130019358158, 30.817399944269155 ], [ 40.009320018099828, 30.819299943915528 ], [ 40.004940017827401, 30.821389943931162 ], [ 40.001700019176397, 30.823679944253854 ], [ 39.997520018022207, 30.826729943920981 ], [ 39.995420018297686, 30.830339943133424 ], [ 39.993710018560499, 30.83357994406817 ], [ 39.992380017866601, 30.837009943723871 ], [ 39.991240018041808, 30.839289944093935 ], [ 39.989140018317279, 30.841569942742701 ], [ 39.986290017856994, 30.843099943662601 ], [ 39.984000018161673, 30.844049943777819 ], [ 39.976200018414886, 30.854139944121659 ], [ 39.973920017866995, 30.856609943672197 ], [ 39.971630018171666, 30.857559944178146 ], [ 39.969150017607234, 30.857949943885199 ], [ 39.965920019001985, 30.858329944071219 ], [ 39.963250017568434, 30.859089943781392 ], [ 39.96002001806486, 30.860609943638131 ], [ 39.957160017558827, 30.861939944374441 ], [ 39.953740018982771, 30.86384994416083 ], [ 39.951070018447538, 30.864989944079397 ], [ 39.949170016942922, 30.866319944200367 ], [ 39.947070018116712, 30.868599944216708 ], [ 39.944980018437946, 30.870889943685249 ], [ 39.942310017902706, 30.872409943818621 ], [ 39.939650019209843, 30.87373994430331 ], [ 39.936410017863906, 30.874319943940812 ], [ 39.931470017724834, 30.8746999440067 ], [ 39.925180018596997, 30.875839943644454 ], [ 39.921760018224312, 30.876789943262782 ], [ 39.918520017776693, 30.87849994428392 ], [ 39.915660018168971, 30.880029944284846 ], [ 39.912240018694604, 30.88097994322241 ], [ 39.909000018246971, 30.882309944258235 ], [ 39.906150016888368, 30.883449944327289 ], [ 39.903480018149764, 30.88535994410406 ], [ 39.899480017818938, 30.888209943734864 ], [ 39.897960018052551, 30.890499943259016 ], [ 39.896250018315371, 30.894499944166025 ], [ 39.895110017592266, 30.89791994401363 ], [ 39.894730017650666, 30.900969943922512 ], [ 39.893950017675998, 30.903439944377524 ], [ 39.892250017984551, 30.906109943795506 ], [ 39.890540018247371, 30.907819943146233 ], [ 39.887870017712139, 30.909149943698516 ], [ 39.885590018062551, 30.909149943698516 ], [ 39.880260017936145, 30.907439944218055 ], [ 39.872270019116876, 30.90495994369137 ], [ 39.862930017715591, 30.901729943854146 ], [ 39.856270017793584, 30.899629943990998 ], [ 39.849610017871591, 30.89791994401363 ], [ 39.841610018108263, 30.895259943040486 ], [ 39.836090018909374, 30.892969944020773 ], [ 39.831720018682695, 30.890499944029909 ], [ 39.82734001661364, 30.887639943654513 ], [ 39.821060018429876, 30.883449944327289 ], [ 39.818010017953043, 30.881359943860495 ], [ 39.814210017638764, 30.87849994428392 ], [ 39.811550018047598, 30.877739945027631 ], [ 39.809830017366345, 30.876789943262782 ], [ 39.806970017758623, 30.875079944107792 ], [ 39.805070017152332, 30.873169943712156 ], [ 39.802210018442928, 30.871269942701616 ], [ 39.799350017936895, 30.869939942637167 ], [ 39.79555001762261, 30.867839942783178 ], [ 39.790220018394528, 30.866129944321411 ], [ 39.784510018326515, 30.864989944079397 ], [ 39.780130018054102, 30.864039943931996 ], [ 39.775940017752475, 30.863659944013122 ], [ 39.771950019264033, 30.863469942717771 ], [ 39.767560018047554, 30.863279944130309 ], [ 39.763950017704069, 30.863659943242016 ], [ 39.757290017782076, 30.865379943638288 ], [ 39.749670017960348, 30.867649942832635 ], [ 39.742630017198429, 30.87069994438313 ], [ 39.736350018116347, 30.8746999440067 ], [ 39.730830018019141, 30.878689944312569 ], [ 39.724740018009534, 30.8830699442697 ], [ 39.723140016978888, 30.884289944177766 ], [ 39.713310017827787, 30.891829943935914 ], [ 39.706460017934994, 30.896589943899748 ], [ 39.701700017720974, 30.900589944006498 ], [ 39.696940018405265, 30.905339943987556 ], [ 39.690850018395665, 30.912009944339822 ], [ 39.686860018110586, 30.916569943209844 ], [ 39.683810016735443, 30.920569942937593 ], [ 39.680190018142845, 30.924949943652521 ], [ 39.678100017565761, 30.928189944057429 ], [ 39.676390018726885, 30.931049944178302 ], [ 39.674680017193076, 30.932369943655829 ], [ 39.672580018366865, 30.934659943806331 ], [ 39.671820016687036, 30.936749944066225 ], [ 39.670670017714812, 30.939419943852414 ], [ 39.669530017890025, 30.941889944017149 ], [ 39.668770018006832, 30.943039943957693 ], [ 39.667250017342134, 30.943229943781656 ], [ 39.665690018291095, 30.94324994426831 ], [ 39.665150017617613, 30.945699944100529 ], [ 39.663550018383603, 30.946659944089404 ], [ 39.661960018297009, 30.948249943850229 ], [ 39.661320018064416, 30.949209943644458 ], [ 39.661000018397274, 30.951759943711728 ], [ 39.657180017991514, 30.95271994367679 ], [ 39.654630017106875, 30.95271994367679 ], [ 39.652400017686013, 30.95271994367679 ], [ 39.650800017553685, 30.954619942756811 ], [ 39.647290017667629, 30.954949942885094 ], [ 39.646134812958344, 30.954659630808916 ], [ 39.645708010790443, 30.955184924714757 ], [ 39.642187859043361, 30.957963992730718 ], [ 39.623104930394824, 30.961484145126743 ], [ 39.612173930878669, 30.96315158488472 ], [ 39.599946033586825, 30.963336855883536 ], [ 39.591238289838699, 30.96296631429675 ], [ 39.583456901387962, 30.963336855883536 ], [ 39.56678249615333, 30.95870507707787 ], [ 39.560853819195714, 30.956111280973118 ], [ 39.557333667448624, 30.954999654079884 ], [ 39.554925142238091, 30.953517485309735 ], [ 39.555480955955524, 30.949441518952526 ], [ 39.552887158607525, 30.948329892262091 ], [ 39.546587940069934, 30.948329892262091 ], [ 39.543623601141967, 30.949441518952526 ], [ 39.540473991873171, 30.951850043764026 ], [ 39.538250737901784, 30.954814383085687 ], [ 39.536027483930376, 30.957593450326762 ], [ 39.533989501198121, 30.957593450326762 ], [ 39.52620811184908, 30.952961671099708 ], [ 39.512868588020702, 30.942586485851457 ], [ 39.499714336329774, 30.936287266891696 ], [ 39.491747675741586, 30.930914402872972 ], [ 39.483225203232607, 30.926467895177417 ], [ 39.483846522100549, 30.926280831163982 ], [ 39.482559557895271, 30.92599567287084 ], [ 39.481270018220087, 30.925709944249807 ], [ 39.478420017759795, 30.924759942944846 ], [ 39.475940017195356, 30.922479942772306 ], [ 39.473460018427552, 30.91942994401883 ], [ 39.470040018953192, 30.917339944369047 ], [ 39.465470017811654, 30.915239944056275 ], [ 39.461660018349953, 30.91257994423367 ], [ 39.45805001710815, 30.910099942796027 ], [ 39.455190016602117, 30.908389944104709 ], [ 39.45214001792192, 30.907249942646676 ], [ 39.449290018359939, 30.906859943959276 ], [ 39.443580017393614, 30.906489944150536 ], [ 39.437680017354822, 30.906299943776226 ], [ 39.433490017951513, 30.906299943776226 ], [ 39.431590017345215, 30.906469943682666 ], [ 39.429300017649894, 30.906679944147658 ], [ 39.401320017222261, 30.916779944631035 ], [ 39.397320016891442, 30.918099943779755 ], [ 39.393520016577156, 30.919999943635137 ], [ 39.390470017896952, 30.921329942889212 ], [ 39.388190018247371, 30.922479944313579 ], [ 39.38647001756614, 30.924759943715458 ], [ 39.384190017916559, 30.927619943930466 ], [ 39.38152001827963, 30.933329944228507 ], [ 39.379240017731746, 30.938279943111098 ], [ 39.376950018036418, 30.942649944027757 ], [ 39.375240018299237, 30.946459943859793 ], [ 39.373150017722139, 30.949129944351004 ], [ 39.370480018085225, 30.951029943950431 ], [ 39.366870017741732, 30.952549944313631 ], [ 39.362870018309223, 30.953309944285923 ], [ 39.360580016817281, 30.954649944146226 ], [ 39.358490018036811, 30.955799943825092 ], [ 39.35640001835803, 30.95730994386215 ], [ 39.354490017705992, 30.959219943044161 ], [ 39.352210018056418, 30.959599944214425 ], [ 39.348780016739667, 30.960359944330197 ], [ 39.345750018150959, 30.960929944107225 ], [ 39.342120017715992, 30.961499944333905 ], [ 39.338500018225083, 30.961879944135628 ], [ 39.333740018011063, 30.961119943020151 ], [ 39.329940018595103, 30.961119943790461 ], [ 39.324040016759668, 30.961119943020151 ], [ 39.319470017414758, 30.96168994365345 ], [ 39.314710017200738, 30.962629943685748 ], [ 39.312982699741518, 30.96316198629745 ], [ 39.312474660227537, 30.962592981215263 ], [ 39.302852538419678, 30.961474130230602 ], [ 39.294125497960941, 30.962816751687935 ], [ 39.283384525365037, 30.965054453765163 ], [ 39.275776334796035, 30.966397075722771 ], [ 39.263245200400256, 30.968411008693241 ], [ 39.256755862415936, 30.969306089900076 ], [ 39.250714065106159, 30.970648711380907 ], [ 39.24288210509819, 30.973333953922253 ], [ 39.234378834976724, 30.975124117297934 ], [ 39.228337037666954, 30.976914278677683 ], [ 39.220952619231852, 30.978480670935003 ], [ 39.212896888886611, 30.980942144361208 ], [ 39.212643954743633, 30.981181026234538 ], [ 39.21001001707549, 30.981489943974353 ], [ 39.207350018382627, 30.981489943974353 ], [ 39.204870017818195, 30.981489943974353 ], [ 39.202780018139407, 30.980729944157854 ], [ 39.199730016764256, 30.980339944851004 ], [ 39.176130018405672, 30.979579942807387 ], [ 39.172700017088928, 30.979579942807387 ], [ 39.16738001700827, 30.97957994434773 ], [ 39.163560016602503, 30.979579942807387 ], [ 39.160140017128128, 30.979969943679816 ], [ 39.156710016709702, 30.980149944137363 ], [ 39.153290018133646, 30.980539944220695 ], [ 39.15005001768602, 30.980539942680366 ], [ 39.145290016573689, 30.981109943667466 ], [ 39.121690018215105, 30.980729944157854 ], [ 39.119020016781555, 30.980539944220695 ], [ 39.116170017219588, 30.980729944157854 ], [ 39.113310017611866, 30.980729944157854 ], [ 39.111410017005568, 30.980729944928015 ], [ 39.108360017427053, 30.980149943367191 ], [ 39.10493001700862, 30.97976994388571 ], [ 39.100940017621866, 30.97900994423431 ], [ 39.098270017086627, 30.978059943668299 ], [ 39.093890016814214, 30.977479944364916 ], [ 39.07067001660058, 30.974439944332527 ], [ 39.066860017138879, 30.974249944196512 ], [ 39.063250017693711, 30.973679943829971 ], [ 39.059630017304485, 30.973489943721635 ], [ 39.055060017061273, 30.973109943140614 ], [ 39.050110016876452, 30.972919944208396 ], [ 39.044780017648357, 30.973299944005319 ], [ 39.040590016448427, 30.972919944208396 ], [ 39.019460016811905, 30.972919944208396 ], [ 39.015470018323455, 30.972919944208396 ], [ 39.012610016919105, 30.973679943829971 ], [ 39.009190018343048, 30.975199944175408 ], [ 39.007470016763499, 30.976349943619791 ], [ 39.004810017172311, 30.976159944204962 ], [ 39.00176001759381, 30.975399944303881 ], [ 38.999290017075111, 30.973109943140614 ], [ 38.99719001735059, 30.970829944089079 ], [ 38.995860016656685, 30.967779943723368 ], [ 38.993580017905423, 30.965699944129124 ], [ 38.992050017194977, 30.963019945252849 ], [ 38.990340016559479, 30.961119943790461 ], [ 38.985010017331383, 30.960359944330197 ], [ 38.981960016854551, 30.959979943872781 ], [ 38.979690017250718, 30.959219943044161 ], [ 38.976830017642996, 30.957879944123626 ], [ 38.97321001725377, 30.955219944103064 ], [ 38.970540016718537, 30.954459943918383 ], [ 38.967690018054874, 30.954069945145534 ], [ 38.964640016679731, 30.954459943918383 ], [ 38.960450017276429, 30.955219944103064 ], [ 38.95646001609304, 30.955799943825092 ], [ 38.953220017442035, 30.956739944050931 ], [ 38.950740016877603, 30.957499943813684 ], [ 38.948840017169623, 30.959599944214425 ], [ 38.946370016650924, 30.961499944333905 ], [ 38.944270016926403, 30.962449944084398 ], [ 38.942370018116733, 30.962829943957548 ], [ 38.937990016946003, 30.962629943685748 ], [ 38.934760017442436, 30.96168994365345 ], [ 38.931710016067292, 30.960749944382986 ], [ 38.929050017374422, 30.958639944059801 ], [ 38.923520017231475, 30.953119943704092 ], [ 38.921050016712776, 30.951599943164886 ], [ 38.917240017251075, 30.95064994412569 ], [ 38.911150018139786, 30.949509943287396 ], [ 38.909070016710118, 30.948549944196067 ], [ 38.906770016969055, 30.947409943726246 ], [ 38.905060018130186, 30.944939943690073 ], [ 38.904680017290268, 30.941509944056989 ], [ 38.904120017423622, 30.938459944334799 ], [ 38.902580016667429, 30.935799943798422 ], [ 38.900110017047055, 30.934279942842849 ], [ 38.897450016557563, 30.933329942687418 ], [ 38.895160017760553, 30.932569944088449 ], [ 38.886790018101379, 30.931989944378234 ], [ 38.884690016580223, 30.931419943785951 ], [ 38.883740016726229, 30.930089943830325 ], [ 38.882220016959842, 30.926859943870358 ], [ 38.881450017030907, 30.924379944250202 ], [ 38.87993001726452, 30.923429944376085 ], [ 38.877650016716629, 30.923239943731318 ], [ 38.874220017196514, 30.923239942960691 ], [ 38.872700017430127, 30.922289944093553 ], [ 38.871180016765429, 30.920569942937593 ], [ 38.869450017835078, 30.917719944058437 ], [ 38.86737001730372, 30.914479944276188 ], [ 38.865280016726629, 30.912389943618702 ], [ 38.86318001610379, 30.910669943276996 ], [ 38.860320017394386, 30.908579944183607 ], [ 38.857850016875695, 30.907439944218055 ], [ 38.853860016590609, 30.907439944988816 ], [ 38.851190016953694, 30.908579944183607 ], [ 38.844530017930005, 30.911049944023596 ], [ 38.841480016554861, 30.912199944167895 ], [ 38.837480017122353, 30.912389943618702 ], [ 38.833480016791533, 30.912389943618702 ], [ 38.829110015666551, 30.911249944337779 ], [ 38.82644001692794, 30.909909944193419 ], [ 38.823600017411721, 30.909349944129975 ], [ 38.820920016830733, 30.909349944129975 ], [ 38.817310018283884, 30.909909944193419 ], [ 38.81426001690874, 30.910669944047722 ], [ 38.811600017317566, 30.912199944167895 ], [ 38.80931001672392, 30.911619944240918 ], [ 38.806270017191153, 30.910859944224281 ], [ 38.804170016568314, 30.90876994311456 ], [ 38.802840016772727, 30.906679944147658 ], [ 38.803410016685127, 30.904399943182479 ], [ 38.804930017349825, 30.903059942704584 ], [ 38.806640017985323, 30.900779944153058 ], [ 38.807790017855858, 30.899059944051935 ], [ 38.807790017855858, 30.896779942734636 ], [ 38.807030017972664, 30.894869944067274 ], [ 38.805120018218936, 30.894109943639105 ], [ 38.801320017006347, 30.893919944131284 ], [ 38.798460017398625, 30.894499944166025 ], [ 38.792560018258136, 30.894499944166025 ], [ 38.788370017058199, 30.895259943811343 ], [ 38.783800017713297, 30.896019944362081 ], [ 38.781140017223812, 30.896019944362081 ], [ 38.77847001668858, 30.897159944669152 ], [ 38.777330017762104, 30.899249944151755 ], [ 38.776000017068192, 30.902679944918638 ], [ 38.775050016315888, 30.904399943182479 ], [ 38.77390001644536, 30.906489944150536 ], [ 38.772200017652231, 30.90819994364859 ], [ 38.770100017029392, 30.909149943698516 ], [ 38.768380017246464, 30.909529944315061 ], [ 38.766480016640166, 30.910859944224281 ], [ 38.764580016932179, 30.91257994423367 ], [ 38.764000016974045, 30.916179943971635 ], [ 38.764000016974045, 30.91942994401883 ], [ 38.764000016974045, 30.922669944156173 ], [ 38.763630017078192, 30.925519942740163 ], [ 38.762100017266057, 30.927229944278928 ], [ 38.759440016776573, 30.928379944115331 ], [ 38.756580018067169, 30.928949944335706 ], [ 38.752580017736342, 30.929139943654125 ], [ 38.748580017405523, 30.929709943967737 ], [ 38.745160017032838, 30.930469943723914 ], [ 38.742870017337516, 30.931419943785951 ], [ 38.740400016818832, 30.932569944088449 ], [ 38.738500017110844, 30.933899944221675 ], [ 38.736600017402864, 30.936179944113793 ], [ 38.734310015910914, 30.937699944139364 ], [ 38.731830018041414, 30.939229942618372 ], [ 38.728980016682819, 30.939989945288474 ], [ 38.725750016280934, 30.9407499442271 ], [ 38.722320016760818, 30.941699943840685 ], [ 38.717560017445116, 30.941699943840685 ], [ 38.714700016939084, 30.941699943840685 ], [ 38.711660017406309, 30.941509944056989 ], [ 38.708610016929484, 30.940949943308375 ], [ 38.704990017438568, 30.940949943308375 ], [ 38.699280018268887, 30.941129944126967 ], [ 38.696610016835336, 30.941509944056989 ], [ 38.693570017302562, 30.941509944056989 ], [ 38.69053001597316, 30.941509944827466 ], [ 38.686910017380562, 30.940949944078863 ], [ 38.685010015875946, 30.940369944357425 ], [ 38.672630016738516, 30.940179944241304 ], [ 38.667690016599451, 30.939989943747491 ], [ 38.663120017254549, 30.940559943325383 ], [ 38.659310015996212, 30.941129944126967 ], [ 38.653600015928205, 30.941319943895589 ], [ 38.650180017352149, 30.941319943895589 ], [ 38.646740016887982, 30.941319943895589 ], [ 38.642940016573696, 30.941699943840685 ], [ 38.638750016272077, 30.942079943045428 ], [ 38.633420017043981, 30.942649944027757 ], [ 38.6277100178743, 30.943409942617635 ], [ 38.624280016557556, 30.943989943922912 ], [ 38.617430016664755, 30.943989943922912 ], [ 38.610390016801162, 30.943799944068974 ], [ 38.604870017602266, 30.943799944068974 ], [ 38.601440018082151, 30.943989943152463 ], [ 38.597250016882221, 30.943989943922912 ], [ 38.587540015585077, 30.943409944158557 ], [ 38.583930016139917, 30.943409944158557 ], [ 38.581070017430513, 30.943229943011186 ], [ 38.577840017028628, 30.942459943821216 ], [ 38.566600016817659, 30.939799943646481 ], [ 38.56108001672046, 30.938659944355202 ], [ 38.554420016798467, 30.937129942916865 ], [ 38.550800017307559, 30.935999943990485 ], [ 38.538430017317559, 30.931799943787809 ], [ 38.520540016332021, 30.925139943212116 ], [ 38.517300015884388, 30.924189943951401 ], [ 38.513500017366745, 30.922479944313579 ], [ 38.511020016802306, 30.921519944245535 ], [ 38.507020015573175, 30.920189943780013 ], [ 38.503990016984453, 30.918859944088776 ], [ 38.500360018346122, 30.917909944107773 ], [ 38.494650015583169, 30.916779943860362 ], [ 38.487420016647093, 30.915999943964874 ], [ 38.483040017272991, 30.915049944099199 ], [ 38.478660016102253, 30.914289944351268 ], [ 38.470660017237236, 30.912769943700649 ], [ 38.467440016881106, 30.912389943618702 ], [ 38.460380016926024, 30.911809944072662 ], [ 38.45259001632666, 30.910859942682833 ], [ 38.449920015791427, 30.910289943333591 ], [ 38.437160015814086, 30.909149943698516 ], [ 38.421360017202282, 30.907249944188184 ], [ 38.416220017046669, 30.906299943776226 ], [ 38.413370016586384, 30.905339943216788 ], [ 38.410320017007862, 30.904199943968507 ], [ 38.408420017299882, 30.904009943673003 ], [ 38.406330015824466, 30.904009943673003 ], [ 38.404610016939856, 30.90495994369137 ], [ 38.402900017202676, 30.907059943010353 ], [ 38.40157001561046, 30.908579942642124 ], [ 38.400620015756459, 30.909349944129975 ], [ 38.399090015944338, 30.909529944315061 ], [ 38.397190017134662, 30.908579944183607 ], [ 38.394710016570237, 30.906679944147658 ], [ 38.392050016080745, 30.904769943362922 ], [ 38.389190015574712, 30.903819943771122 ], [ 38.385960016969449, 30.903439944377524 ], [ 38.380050016884908, 30.903249944115014 ], [ 38.374730016804236, 30.902869944000177 ], [ 38.368440015879784, 30.90248994391839 ], [ 38.364640015565499, 30.902299944082614 ], [ 38.360450017060515, 30.902299944082614 ], [ 38.357400016583682, 30.902299944082614 ], [ 38.353210016282063, 30.902299943311821 ], [ 38.349220016895302, 30.901909943725002 ], [ 38.34047001639621, 30.900969943922512 ], [ 38.334370016340863, 30.89981994373041 ], [ 38.331330016808089, 30.899449942916377 ], [ 38.32771001731718, 30.899819942959596 ], [ 38.324850016811141, 30.899449943687191 ], [ 38.320090015698817, 30.898869944345854 ], [ 38.31667001712276, 30.897539944324656 ], [ 38.313810015718417, 30.896399943916993 ], [ 38.312100016879548, 30.895439944284089 ], [ 38.310390017142353, 30.89353994398466 ], [ 38.308480017388639, 30.892399943747524 ], [ 38.295920017427832, 30.893159943871805 ], [ 38.294020016821534, 30.892969944020773 ], [ 38.291730017126213, 30.892209943930329 ], [ 38.286400016101496, 30.890499944029909 ], [ 38.283920017333685, 30.889549943911494 ], [ 38.280880016004282, 30.889549943911494 ], [ 38.27783001642576, 30.889159944039623 ], [ 38.274980015965475, 30.888589942674798 ], [ 38.272120017256071, 30.887639943654513 ], [ 38.270030015780662, 30.886499944110362 ], [ 38.268310015997741, 30.885549943633922 ], [ 38.266790016231354, 30.884209943775122 ], [ 38.265840016377354, 30.881739942991349 ], [ 38.264130016640181, 30.880229943870123 ], [ 38.261650016974059, 30.878689944312569 ], [ 38.258610015644649, 30.876979944369246 ], [ 38.255560016964452, 30.8746999440067 ], [ 38.252520015635049, 30.87012994421692 ], [ 38.249850016896445, 30.866129944321411 ], [ 38.248520016202548, 30.864229944097701 ], [ 38.246620017392878, 30.863079943871103 ], [ 38.24490001671164, 30.861939944374441 ], [ 38.242240016222141, 30.86174994275494 ], [ 38.23825001683538, 30.861939944374441 ], [ 38.234810017269524, 30.863079943871103 ], [ 38.232530015823315, 30.863079943871103 ], [ 38.230050017055504, 30.863079943099997 ], [ 38.228150017347531, 30.863659943242016 ], [ 38.225680016828839, 30.864799943877713 ], [ 38.2228200163228, 30.865559943967249 ], [ 38.220330015712626, 30.865939944065879 ], [ 38.217490016196393, 30.865939944065879 ], [ 38.215210015648495, 30.866509943702738 ], [ 38.211970016997498, 30.865749944204847 ], [ 38.209300017360576, 30.864609944070569 ], [ 38.20569001611878, 30.862699944002763 ], [ 38.20169001578796, 30.861749944297177 ], [ 38.198650016255186, 30.860799943661057 ], [ 38.19465001592436, 30.859849943637105 ], [ 38.191220016404259, 30.859659944045113 ], [ 38.188560016813085, 30.859849943637105 ], [ 38.18684001703015, 30.859659944045113 ], [ 38.184560017380576, 30.858709942751371 ], [ 38.181900015992767, 30.858139943780866 ], [ 38.179610017195756, 30.858139943780866 ], [ 38.179410017179215, 30.859089943781392 ], [ 38.180560016151432, 30.860609943638131 ], [ 38.182850016745071, 30.864039943160883 ], [ 38.185890017176163, 30.868229943855539 ], [ 38.18760001691335, 30.871079944152804 ], [ 38.188560016813085, 30.873739945074327 ], [ 38.189890016608665, 30.876979942827251 ], [ 38.189510016667072, 30.880409944065086 ], [ 38.188560016813085, 30.884209943775122 ], [ 38.187980016854937, 30.889159944039623 ], [ 38.187790015985826, 30.893919944131284 ], [ 38.187030016102639, 30.896399943916993 ], [ 38.185510016336252, 30.901159944856477 ], [ 38.184940016423852, 30.905149942871887 ], [ 38.184750017351377, 30.913339943691465 ], [ 38.184360017364028, 30.916569943209844 ], [ 38.184750017351377, 30.919999943635137 ], [ 38.185510016336252, 30.923619943872794 ], [ 38.186080016248646, 30.927229944278928 ], [ 38.186460016190239, 30.931419943785951 ], [ 38.186460016190239, 30.934659943806331 ], [ 38.185320017263763, 30.936939944065617 ], [ 38.17790001566194, 30.941889944017149 ], [ 38.175800016835737, 30.943609943837298 ], [ 38.17428001706935, 30.944939943690073 ], [ 38.173520017186149, 30.947029944913023 ], [ 38.173140016346245, 30.949889943794147 ], [ 38.173330017215363, 30.956169943919758 ], [ 38.173520016287839, 30.959409943818279 ], [ 38.173330017215363, 30.96301994371224 ], [ 38.172180017344829, 30.967579943805685 ], [ 38.170850015752606, 30.972919944208396 ], [ 38.169330016884544, 30.978819943953415 ], [ 38.170470015811013, 30.980919945257043 ], [ 38.171810017448976, 30.983959943740267 ], [ 38.17466001701095, 30.986249943324914 ], [ 38.178280017400169, 30.988149943663313 ], [ 38.179990016239046, 30.990049943896384 ], [ 38.181320016034626, 30.99252994392765 ], [ 38.18246001675773, 30.995949944106073 ], [ 38.183420015759147, 30.999759944135299 ], [ 38.184180015642347, 31.003379943751089 ], [ 38.186460017088564, 31.006619944199915 ], [ 38.187980016854937, 31.008899944181113 ], [ 38.187790015985826, 31.01269994383804 ], [ 38.187420016089973, 31.015179943771646 ], [ 38.188180015973167, 31.016889943694441 ], [ 38.189890016608665, 31.019179943962346 ], [ 38.190460015622747, 31.021269944092982 ], [ 38.190840017360976, 31.024319944084812 ], [ 38.190650017390169, 31.027549943709836 ], [ 38.189700016637872, 31.031369943727015 ], [ 38.189510015768761, 31.034409944077222 ], [ 38.188750016783871, 31.036879943814121 ], [ 38.187980016854937, 31.038019943812078 ], [ 38.186080016248646, 31.039549943645028 ], [ 38.184180015642347, 31.041069943138396 ], [ 38.183230015788354, 31.044689944343865 ], [ 38.182460015859412, 31.048099944116036 ], [ 38.181710016920285, 31.051349943829386 ], [ 38.182080016816137, 31.054199944065296 ], [ 38.184360017364028, 31.058389944370504 ], [ 38.18723001611918, 31.062199943850906 ], [ 38.18894001585636, 31.064289943904416 ], [ 38.190080016579472, 31.066579943851735 ], [ 38.189700015739554, 31.069049944360813 ], [ 38.188750016783871, 31.071139943927424 ], [ 38.187420016988291, 31.072869943988472 ], [ 38.185510016336252, 31.074949944328068 ], [ 38.184560017380576, 31.078379942667379 ], [ 38.183420015759147, 31.08332994404363 ], [ 38.183010016578642, 31.086269943790473 ], [ 38.184010016661347, 31.087609943650317 ], [ 38.185690016261304, 31.092339943957505 ], [ 38.187960016763462, 31.094779944057365 ], [ 38.190040016396495, 31.096879943958886 ], [ 38.190400016246613, 31.099489944305123 ], [ 38.190400016246613, 31.103849943891809 ], [ 38.191100016753659, 31.107169944382015 ], [ 38.191970017140022, 31.109609944240376 ], [ 38.192320016944386, 31.112049945229419 ], [ 38.194410016623166, 31.113619944181615 ], [ 38.196170016589065, 31.115539943983748 ], [ 38.196680016227006, 31.117979944060831 ], [ 38.198600016924786, 31.119719944001599 ], [ 38.20156001698993, 31.123909943848165 ], [ 38.202780017180658, 31.12599994403412 ], [ 38.203480015891088, 31.129139944292934 ], [ 38.20644001685455, 31.130189944176717 ], [ 38.209060016262754, 31.13105994384491 ], [ 38.21272001683495, 31.131229943846972 ], [ 38.216560016433888, 31.131579943027639 ], [ 38.220400016032819, 31.133679944057015 ], [ 38.221270016419183, 31.136629943225213 ], [ 38.21865001701098, 31.137859943110826 ], [ 38.215170016363842, 31.141519943733133 ], [ 38.215170016363842, 31.14587994399939 ], [ 38.219000016815357, 31.152519944022142 ], [ 38.223890015827386, 31.152519944022142 ], [ 38.226500016986485, 31.151809944146823 ], [ 38.22947001709737, 31.151469945355139 ], [ 38.232080017358143, 31.152159944251945 ], [ 38.235400017273406, 31.153029943790436 ], [ 38.239580016630967, 31.153209943731806 ], [ 38.244460015597262, 31.153029945327976 ], [ 38.247950016290147, 31.153209943731806 ], [ 38.252670017219508, 31.154079945163858 ], [ 38.257370016260744, 31.155829943896691 ], [ 38.260340016371636, 31.15634994408839 ], [ 38.262250016125364, 31.157049944068838 ], [ 38.262780015854787, 31.15878994378112 ], [ 38.262950015734098, 31.162099943744924 ], [ 38.265220017134567, 31.163319943905964 ], [ 38.265570016938938, 31.165419943743508 ], [ 38.266790016231354, 31.168389943870892 ], [ 38.269230015714498, 31.17064994374249 ], [ 38.272720016407384, 31.172919943834053 ], [ 38.273760016673059, 31.175529943849352 ], [ 38.275860017295898, 31.177279943743784 ], [ 38.277250017365944, 31.179369944152388 ], [ 38.279000017286101, 31.180939943838908 ], [ 38.281260015945875, 31.182499942755303 ], [ 38.28423001605676, 31.184259943620603 ], [ 38.287720016749645, 31.185819943930319 ], [ 38.29155001720116, 31.188089943853203 ], [ 38.293820015906675, 31.190529944356637 ], [ 38.293820015906675, 31.193669944035985 ], [ 38.29504001609741, 31.195749944284639 ], [ 38.297660016403931, 31.198209943955366 ], [ 38.297660017302242, 31.202219944174541 ], [ 38.29801001710662, 31.206229944220247 ], [ 38.298700015771296, 31.209189943786395 ], [ 38.29783001718156, 31.212859945227571 ], [ 38.297140016720249, 31.21668994402836 ], [ 38.296260016288144, 31.219479943846864 ], [ 38.29731001570125, 31.221919943678969 ], [ 38.29748001737719, 31.224719943025036 ], [ 38.295040016995728, 31.226979945168029 ], [ 38.292250016809895, 31.227849944713125 ], [ 38.293120016297941, 31.230299943977336 ], [ 38.295390015901781, 31.231339943766937 ], [ 38.295740016604455, 31.233619943665346 ], [ 38.295740016604455, 31.236399944757874 ], [ 38.293820015906675, 31.237099944197944 ], [ 38.292770015595252, 31.238669944367366 ], [ 38.292250015911577, 31.241279943993135 ], [ 38.29155001720116, 31.243729943689559 ], [ 38.289110016819691, 31.244419943645156 ], [ 38.285970016829495, 31.244249944057319 ], [ 38.284050016131708, 31.242849945347665 ], [ 38.281440015870935, 31.240929943895743 ], [ 38.281440016769253, 31.242849943811589 ], [ 38.281440015870935, 31.245819945194068 ], [ 38.280220016578518, 31.248259943794892 ], [ 38.277250017365944, 31.249649943800627 ], [ 38.275510015694898, 31.246869944063704 ], [ 38.270270016878499, 31.246339944038144 ], [ 38.266440016426976, 31.245819945194068 ], [ 38.262430016050416, 31.247729944658804 ], [ 38.260340016371636, 31.248779943794702 ], [ 38.255980017089023, 31.248779943794702 ], [ 38.251270016205396, 31.249649943800627 ], [ 38.24691001692279, 31.251919943666618 ], [ 38.24412001673695, 31.253319945374191 ], [ 38.243590016109216, 31.254889943920784 ], [ 38.241850016234807, 31.257679943097894 ], [ 38.240450017017331, 31.260119943897145 ], [ 38.238880017022225, 31.262909944365937 ], [ 38.238360016440232, 31.26604994416785 ], [ 38.235740017032022, 31.270229943870138 ], [ 38.234520015942984, 31.273549944814349 ], [ 38.234350016063665, 31.276159945270873 ], [ 38.233480015677301, 31.279829944771052 ], [ 38.230860017167409, 31.283839943766246 ], [ 38.228070016981583, 31.287149944149331 ], [ 38.227370017372849, 31.290989943677626 ], [ 38.227370017372849, 31.293079944108015 ], [ 38.22964001607837, 31.295699944070336 ], [ 38.229820016901741, 31.299189944832584 ], [ 38.23138001595278, 31.301279945348412 ], [ 38.22947001709737, 31.302149944058829 ], [ 38.227020016670167, 31.303549944132435 ], [ 38.226330017107166, 31.307029944324714 ], [ 38.225110016916432, 31.309819943983602 ], [ 38.224930016991379, 31.310869944356703 ], [ 38.224930016093069, 31.313659943867517 ], [ 38.223710016800652, 31.316279944123547 ], [ 38.223419980439814, 31.3185919439379 ], [ 38.223360016097963, 31.319069945299329 ], [ 38.222320016730606, 31.318019944250825 ], [ 38.220050017126766, 31.316099945318751 ], [ 38.219753458996969, 31.315957952277795 ], [ 38.224676836710024, 31.327281721641253 ], [ 38.222477601892692, 31.36356910380518 ], [ 38.220278367075366, 31.393258779628454 ], [ 38.222477601892692, 31.410852662335177 ], [ 38.208182573334255, 31.440542337973039 ], [ 38.203784101902968, 31.454837366892999 ], [ 38.201584867085636, 31.472431248962476 ], [ 38.195708906862144, 31.475229325328485 ], [ 38.189422220721092, 31.478222984791984 ], [ 38.17849289656295, 31.48342742537853 ], [ 38.159599955308778, 31.48997697779172 ], [ 38.125708315371206, 31.501726080190828 ], [ 38.096021575192559, 31.512017482774688 ], [ 37.969772920084175, 31.59025608576189 ], [ 37.969840028727482, 31.5923400492463 ], [ 37.970039903878195, 31.595960049225035 ], [ 37.970039903878195, 31.598809924038616 ], [ 37.969650028756682, 31.601670048994936 ], [ 37.967740029002947, 31.604520049000755 ], [ 37.964130028659476, 31.609290048993014 ], [ 37.961840028964154, 31.6115700488652 ], [ 37.96051002916856, 31.61461004878576 ], [ 37.96051002916856, 31.618800049026635 ], [ 37.961270029051754, 31.624130048943424 ], [ 37.963550028701327, 31.626620049246732 ], [ 37.964130008896539, 31.627940001986218 ], [ 37.966410029207367, 31.629650048630886 ], [ 37.968120028944547, 31.630790049006031 ], [ 37.968880028827741, 31.632890048992284 ], [ 37.968690028856948, 31.634790049099667 ], [ 37.967740029002947, 31.636880049053104 ], [ 37.96527002938258, 31.638980049202001 ], [ 37.963360028730541, 31.640690048894417 ], [ 37.962790035106345, 31.643740019730217 ], [ 37.962790033309723, 31.643740048791091 ], [ 37.962980026093987, 31.647169923870276 ], [ 37.962980034178834, 31.647170049286245 ], [ 37.963360028730541, 31.651920048740028 ], [ 37.964305922385357, 31.657249947695803 ], [ 37.964510028601062, 31.658400049321816 ], [ 37.966970029074012, 31.664490049155869 ], [ 37.969650028756682, 31.66887004936558 ], [ 37.971739907162899, 31.671149920661261 ], [ 37.972507608303026, 31.672099926778724 ], [ 37.975740028766275, 31.676100049129037 ], [ 37.978326447352536, 31.678273509178037 ], [ 37.980500028980295, 31.680100048857071 ], [ 37.981738470685507, 31.680951476623925 ], [ 37.983540029411387, 31.68219004894274 ], [ 37.986590028989902, 31.683710048708932 ], [ 37.988300028727089, 31.684860048987126 ], [ 37.988870028639475, 31.686570049100805 ], [ 37.988870028639475, 31.687899923961218 ], [ 37.986769904049133, 31.689619924282894 ], [ 37.983160028571469, 31.691330049197219 ], [ 37.979550029126308, 31.692850049102987 ], [ 37.975930028737082, 31.694560048759559 ], [ 37.97345002907096, 31.696470048799096 ], [ 37.971170029421387, 31.699700049049849 ], [ 37.969270028815082, 31.702560048861418 ], [ 37.967740029002947, 31.705030049022344 ], [ 37.966970029074012, 31.708270049207115 ], [ 37.966970029074012, 31.71169992421212 ], [ 37.966970032667277, 31.711700048776748 ], [ 37.967170026395614, 31.7151199238128 ], [ 37.967994172278296, 31.71701991263927 ], [ 37.969070028798548, 31.719500049063143 ], [ 37.970257869302102, 31.721779935179558 ], [ 37.97155002936298, 31.724260048931139 ], [ 37.973260029100167, 31.726360049366484 ], [ 37.975740028766275, 31.729020048843992 ], [ 37.978779961823719, 31.730920007180622 ], [ 37.980499904114481, 31.733400049001744 ], [ 37.982019903880861, 31.736820048632971 ], [ 37.982780028629882, 31.740440049276131 ], [ 37.983920029352987, 31.743300049035888 ], [ 37.984629940074242, 31.744809932931435 ], [ 37.985260036380836, 31.746150047902731 ], [ 37.985620020061269, 31.749679953175011 ], [ 37.985620029044419, 31.749680048660888 ], [ 37.985420409913559, 31.74963043800377 ], [ 37.984196291845564, 31.749873145353352 ], [ 38.058609000176965, 31.76846980014027 ], [ 38.062813200148291, 31.769518599829482 ], [ 38.154274900408012, 31.792292399729224 ], [ 38.233334299955061, 31.811916099848712 ], [ 38.241981299623689, 31.814058900009424 ], [ 38.274576700250684, 31.8221304002947 ], [ 38.327217799830287, 31.835144800116137 ], [ 38.42870690043155, 31.860164200193434 ], [ 38.520643600169116, 31.882747100276774 ], [ 38.552825100232326, 31.890633600363394 ], [ 38.61631580028525, 31.906164999858785 ], [ 38.673775799917109, 31.920189600040256 ], [ 38.692367700448195, 31.924721000075014 ], [ 38.734790499603548, 31.93504849981203 ], [ 38.802860999621132, 31.951585300048972 ], [ 38.847127299842995, 31.962316700332686 ], [ 38.927885700154896, 31.981848100180063 ], [ 39.00602100007422, 32.000688400143204 ], [ 39.04310120023132, 32.029651199718188 ], [ 39.111152600269321, 32.08266400031367 ], [ 39.136161500149854, 32.102129899961504 ], [ 39.179226999873549, 32.135619600080588 ], [ 39.201763199797952, 32.153128800129195 ], [ 39.202836099962589, 32.153961777315963 ], [ 39.230809982863143, 32.149343039086503 ], [ 39.276859481144804, 32.141724972196826 ], [ 39.32746893560649, 32.13333178265664 ], [ 39.360839000215378, 32.127785668816216 ], [ 39.397855643667803, 32.121622452647216 ], [ 39.44175114718815, 32.114298774905912 ], [ 39.463257596624274, 32.110704599947255 ], [ 39.506184883354983, 32.10351874380293 ], [ 39.539445639163461, 32.097940235937159 ], [ 39.567011297056197, 32.093309811160296 ], [ 39.583857393697819, 32.090476835637965 ], [ 39.616293556262605, 32.085015292218088 ], [ 39.645612191990658, 32.080070994225856 ], [ 39.687154772423298, 32.073052674757214 ], [ 39.728877946567394, 32.065989077706952 ], [ 39.768927700372686, 32.059194825000844 ], [ 39.790986211263281, 32.055446844342086 ], [ 39.828956191810981, 32.048985652866811 ], [ 39.852801630566439, 32.044921714134531 ], [ 39.892981506238947, 32.038062902824414 ], [ 39.939510741713249, 32.03010306666507 ], [ 39.975799056286135, 32.02388235589499 ], [ 40.019394417398708, 32.016394155923606 ], [ 40.045998863564378, 32.011816460720809 ], [ 40.080811460822815, 32.005817316815474 ], [ 40.09310838286445, 32.003695767221977 ], [ 40.139627653327317, 31.995658199861229 ], [ 40.149516132803413, 31.993945552016964 ], [ 40.191008757923107, 31.986759181296875 ], [ 40.226881306131361, 31.980532816660471 ], [ 40.250665300121391, 31.976398593889201 ], [ 40.260079267006539, 31.974760875259218 ], [ 40.286862892037107, 31.970097317349154 ], [ 40.329443624900875, 31.962670541725554 ], [ 40.354388821651341, 31.958312492000221 ], [ 40.361471832850739, 31.957074086042795 ], [ 40.393254860915164, 31.951511819296101 ], [ 40.413277942085557, 31.948003196625628 ], [ 40.417978641812716, 31.945408280860867 ], [ 40.420747447147733, 31.943879697123553 ], [ 40.455348208187445, 31.924768105853598 ], [ 40.487809481359378, 31.906822432887001 ], [ 40.519998760832941, 31.889012008193554 ], [ 40.53581555344897, 31.880255002803981 ], [ 40.559135213658529, 31.867337414305037 ], [ 40.591168875280488, 31.849579875362302 ], [ 40.609773277665383, 31.839259893742831 ], [ 40.636301967106512, 31.824535525244745 ], [ 40.678115635735708, 31.801306643865679 ], [ 40.695315093677493, 31.791744385936482 ], [ 40.735515388954717, 31.769377727900519 ], [ 40.765774803330373, 31.752526461143049 ], [ 40.765774803330373, 31.752526461143049 ] ] ] ] } }
]
}
