{
"type": "FeatureCollection",
"name": "JAZAN",
"crs": { "type": "name", "properties": { "name": "urn:ogc:def:crs:OGC:1.3:CRS84" } },
"features": [
{ "type": "Feature", "properties": { "REG_CODE": "R10", "Region_Nam": "جازان", "region_n_1": "Jazan", "GovCounts": "17", "TotalConfi": 12129, "TotalDeath": 457, "TotalRecov": 11429, "TotalActiv": 243, "TotalCalcu": 2131, "GlobalID": "{1456039d-36b7-49b9-9716-e968b292cb5a}", "Shape__Are": 13491985604.100002, "Shape__Len": 948989.03234899999 }, "geometry": { "type": "MultiPolygon", "coordinates": [ [ [ [ 42.23012464933101, 18.040848305832871 ], [ 42.230317035227202, 18.038347296158801 ], [ 42.23198437486986, 18.036102800426686 ], [ 42.231933743125502, 18.035887616048008 ], [ 42.231960019745877, 18.03588005574878 ], [ 42.234200021009116, 18.033200057407456 ], [ 42.235330020788162, 18.030830056074272 ], [ 42.235610020272333, 18.027600057008282 ], [ 42.235120019827562, 18.02533005713018 ], [ 42.23464002032685, 18.024850056749006 ], [ 42.233067608355213, 18.023542989752301 ], [ 42.232954490698006, 18.022713467187774 ], [ 42.235340966759892, 18.018826921062939 ], [ 42.235613707856579, 18.017054110319108 ], [ 42.235613707856579, 18.016304075186262 ], [ 42.234931856911523, 18.013985784157953 ], [ 42.233704527366385, 18.01146293815383 ], [ 42.233159046969675, 18.005735396228413 ], [ 42.236091003428278, 18.001507924387749 ], [ 42.239909364408653, 17.988280029386232 ], [ 42.240932140377069, 17.978734124618928 ], [ 42.241110319417047, 17.977575821134117 ], [ 42.232901178380835, 17.982215770272813 ], [ 42.231607911595539, 17.982808517989675 ], [ 42.232120019579448, 17.981350055739025 ], [ 42.233280020394041, 17.977870056637773 ], [ 42.23476001997745, 17.975210056012425 ], [ 42.235540019952126, 17.973810055734781 ], [ 42.235780020151644, 17.971400057209888 ], [ 42.235990021112244, 17.969290057139407 ], [ 42.236900019884949, 17.967030057196521 ], [ 42.237800021306853, 17.9643200567977 ], [ 42.239200019626011, 17.959840055852244 ], [ 42.240300020166146, 17.956890056623195 ], [ 42.240887474344511, 17.954255417404287 ], [ 42.243370806760332, 17.952948399945445 ], [ 42.246345133157632, 17.949617155032545 ], [ 42.248605621399236, 17.942716717707043 ], [ 42.250271242564757, 17.932128115689068 ], [ 42.255506058101979, 17.927250220598903 ], [ 42.255387085225749, 17.925108706266581 ], [ 42.255625030978209, 17.922491298602733 ], [ 42.254316326644748, 17.919635945750169 ], [ 42.253840435139828, 17.916304701290652 ], [ 42.254554273295518, 17.913687292638706 ], [ 42.257052707289581, 17.908571452252865 ], [ 42.256695787762581, 17.906786857006075 ], [ 42.255981949606891, 17.901671014982689 ], [ 42.255421549091622, 17.899336010943859 ], [ 42.261050019861074, 17.894920056197712 ], [ 42.266000020045894, 17.891110056808206 ], [ 42.269040019578661, 17.888250056686683 ], [ 42.271710020113886, 17.885780055754918 ], [ 42.276470020327906, 17.882350056631154 ], [ 42.27951001986068, 17.879690056240808 ], [ 42.282180020395913, 17.877400056933155 ], [ 42.286560020668333, 17.874550056967088 ], [ 42.289980020142707, 17.871500056366727 ], [ 42.293790021401037, 17.869220057353672 ], [ 42.298360020745939, 17.865980057173047 ], [ 42.30121002030792, 17.862940056754571 ], [ 42.303090020822729, 17.861540056674571 ], [ 42.305340021233391, 17.860070056739339 ], [ 42.307130021336526, 17.858110057302515 ], [ 42.309280020391441, 17.856310055751894 ], [ 42.312530019986504, 17.854140055999085 ], [ 42.317220020778628, 17.851250055907716 ], [ 42.323730020912805, 17.848000057323357 ], [ 42.330220020955487, 17.845110055835192 ], [ 42.337080019995703, 17.839700057108232 ], [ 42.34755002027773, 17.834640057024636 ], [ 42.358790021387001, 17.826130056974922 ], [ 42.360100020192789, 17.826520056909786 ], [ 42.362030020936309, 17.826840056657314 ], [ 42.365080019616521, 17.82764005607719 ], [ 42.367810020426205, 17.829090057147173 ], [ 42.370950020416409, 17.831240057327161 ], [ 42.371780020619795, 17.828990056626587 ], [ 42.374690021354546, 17.82140005719603 ], [ 42.375210021038228, 17.807650057115087 ], [ 42.37521002013991, 17.797090057358172 ], [ 42.376260019553015, 17.791270056114286 ], [ 42.377850021436231, 17.784930057252982 ], [ 42.379960020308175, 17.780170055766099 ], [ 42.386310019710471, 17.778060056122879 ], [ 42.389480019837897, 17.77594005727839 ], [ 42.392650020863641, 17.771190056901105 ], [ 42.394230020904487, 17.768540057353544 ], [ 42.39476002063391, 17.76537005620834 ], [ 42.394230020904487, 17.763790056263751 ], [ 42.394230020006162, 17.762200057042154 ], [ 42.39846002138907, 17.758500057003356 ], [ 42.401100019990452, 17.755860056994297 ], [ 42.402160021245926, 17.752690056991501 ], [ 42.404810019893048, 17.751630056623885 ], [ 42.408510019749897, 17.751630056623885 ], [ 42.413790021444221, 17.747930056182202 ], [ 42.416960020673336, 17.746340056338596 ], [ 42.418550020759923, 17.742640056932409 ], [ 42.420130020800762, 17.739470056401039 ], [ 42.423310020075618, 17.736300057088918 ], [ 42.425420019845888, 17.733130055585274 ], [ 42.427000019886734, 17.729430057104942 ], [ 42.428060021142208, 17.725730055821199 ], [ 42.430700019743583, 17.723090056157677 ], [ 42.433350021085658, 17.725730056676866 ], [ 42.442860019671308, 17.727840057321085 ], [ 42.446040019844467, 17.731010055724191 ], [ 42.44920001992616, 17.734700056973363 ], [ 42.45396002014018, 17.737360056664734 ], [ 42.45555002022676, 17.740000055721513 ], [ 42.454490020767921, 17.743700056631358 ], [ 42.452380020997651, 17.747930056182202 ], [ 42.452380020997651, 17.752690056135961 ], [ 42.45343002041075, 17.758500056147849 ], [ 42.451850020369903, 17.765370057063823 ], [ 42.450790020012747, 17.772770057323275 ], [ 42.449730020553901, 17.777530056631065 ], [ 42.444980020385628, 17.782810056096594 ], [ 42.442330019941885, 17.784930056397595 ], [ 42.442330019941885, 17.798700057366066 ], [ 42.443570021122412, 17.799550055586916 ], [ 42.443390020299049, 17.801840055772946 ], [ 42.44392002092679, 17.809240057184152 ], [ 42.446560020426475, 17.81453005560418 ], [ 42.451850021268221, 17.818760055576522 ], [ 42.454490020767921, 17.818230057202154 ], [ 42.457660020895339, 17.816640056045472 ], [ 42.459250020083616, 17.813470056931635 ], [ 42.460920021434454, 17.810550056241119 ], [ 42.461360019853885, 17.809770055767913 ], [ 42.464000020251881, 17.805540056360353 ], [ 42.466120020067891, 17.803430057163233 ], [ 42.468230019838167, 17.801310056722588 ], [ 42.471400020863904, 17.800260055908112 ], [ 42.478800019679298, 17.799200056256357 ], [ 42.486200020291321, 17.798670057063088 ], [ 42.493600020005026, 17.80026005676342 ], [ 42.498880019902714, 17.802900056848628 ], [ 42.501000020617042, 17.806600056835283 ], [ 42.505760020831062, 17.809770055767913 ], [ 42.509510020916622, 17.811220056818634 ], [ 42.512450019991959, 17.811320056191111 ], [ 42.513310021230907, 17.811220055963378 ], [ 42.514390019882917, 17.810810057351294 ], [ 42.515370020772458, 17.810190057367663 ], [ 42.517080021407956, 17.807540056650659 ], [ 42.518990020263367, 17.804690056738451 ], [ 42.521270020811265, 17.802970057028826 ], [ 42.523550021359156, 17.802020056883613 ], [ 42.527550019893347, 17.802210056290935 ], [ 42.532690020947271, 17.802780056720188 ], [ 42.535350021436763, 17.80316005627984 ], [ 42.539920020781672, 17.802780056720188 ], [ 42.544300021054084, 17.801450056592458 ], [ 42.548110019617468, 17.800690056222958 ], [ 42.553060020700606, 17.80012005595994 ], [ 42.559150020710213, 17.800500056907786 ], [ 42.570760019918701, 17.800880056191129 ], [ 42.577040020797419, 17.801840056628247 ], [ 42.582750020865426, 17.804120056424075 ], [ 42.587700021050239, 17.805640057206769 ], [ 42.591130019672036, 17.806210056085803 ], [ 42.594740020015514, 17.805830056180191 ], [ 42.597020019665095, 17.805450057175701 ], [ 42.599510021173593, 17.806020056661819 ], [ 42.602740019778842, 17.806020055806538 ], [ 42.605020021225059, 17.80432005708689 ], [ 42.606160021049845, 17.801450056592458 ], [ 42.609210019730043, 17.798210055777336 ], [ 42.611500021221993, 17.795740057345679 ], [ 42.614350020783966, 17.794220056915702 ], [ 42.617210020391688, 17.794030056700358 ], [ 42.620440019895256, 17.79384005713813 ], [ 42.622920019561377, 17.792880057293448 ], [ 42.624250021153593, 17.790030056774508 ], [ 42.62577002091998, 17.786790057396459 ], [ 42.628440019658584, 17.784500055760137 ], [ 42.63243002084198, 17.783560056073178 ], [ 42.636430020274489, 17.78279005696654 ], [ 42.643670021052941, 17.782220056012143 ], [ 42.650140020105816, 17.781270055797528 ], [ 42.655860021117888, 17.780700055981249 ], [ 42.668600021003741, 17.780890055836934 ], [ 42.671260020594922, 17.780320057374524 ], [ 42.673550021188554, 17.778990056741868 ], [ 42.680030020287184, 17.773660056084442 ], [ 42.682510020851623, 17.77156005676331 ], [ 42.685350020367856, 17.770040056740708 ], [ 42.690490021421773, 17.768710056598998 ], [ 42.692590021146295, 17.768520056626546 ], [ 42.694870020795882, 17.768900057224997 ], [ 42.698300021214301, 17.771180056686113 ], [ 42.700580019965578, 17.772140056809516 ], [ 42.70287002055921, 17.772140055954068 ], [ 42.705910020091984, 17.771950057060639 ], [ 42.708540021342557, 17.770890056196308 ], [ 42.710780020809167, 17.773850056581981 ], [ 42.712650021278236, 17.775720055699701 ], [ 42.714510020803246, 17.777580056779396 ], [ 42.717080020881049, 17.77805005629228 ], [ 42.721980020837151, 17.778050057147698 ], [ 42.723380020952945, 17.777580056779396 ], [ 42.724080020561672, 17.775250056046836 ], [ 42.724080020561672, 17.773380056288765 ], [ 42.724780020170414, 17.771750056926717 ], [ 42.726880020793253, 17.770810056037394 ], [ 42.729690021070574, 17.77105005726218 ], [ 42.733190020910875, 17.771510055786273 ], [ 42.735990020244138, 17.770110056969351 ], [ 42.738380021295207, 17.76823005609922 ], [ 42.741000019805092, 17.768030056936432 ], [ 42.744580020011348, 17.766840056864606 ], [ 42.749660019892502, 17.766840056864606 ], [ 42.753840020148381, 17.766840056864606 ], [ 42.761010020606633, 17.76594005700683 ], [ 42.762800020709754, 17.765340057151565 ], [ 42.767880019692598, 17.763550056415401 ], [ 42.772060020846794, 17.763550057270891 ], [ 42.774450020999538, 17.765340057151565 ], [ 42.77505002015085, 17.767440056819598 ], [ 42.775660021144532, 17.769850055615311 ], [ 42.778520020752239, 17.770420055819336 ], [ 42.78347002093706, 17.770040055885254 ], [ 42.787080021280545, 17.769470057036038 ], [ 42.790320020829853, 17.769090055938157 ], [ 42.793750021248286, 17.769650057409251 ], [ 42.797360021591764, 17.771760056254369 ], [ 42.800030021228686, 17.775560057103281 ], [ 42.801760021057348, 17.780320057374524 ], [ 42.802880020790653, 17.782220056012143 ], [ 42.804210019687929, 17.784700056165505 ], [ 42.806310021209079, 17.78546005703215 ], [ 42.808980020846008, 17.785080055719973 ], [ 42.812780021160279, 17.783180056706687 ], [ 42.817540021374299, 17.780890055836934 ], [ 42.822300020689994, 17.779180055849753 ], [ 42.826680020064103, 17.7780400556057 ], [ 42.830860021218292, 17.777670056326802 ], [ 42.835050020621594, 17.778420057350591 ], [ 42.838100020200109, 17.780130056057267 ], [ 42.840000020806414, 17.782990056720308 ], [ 42.840760019791283, 17.787360056598022 ], [ 42.841150020676942, 17.790030056774508 ], [ 42.841720020589335, 17.793080056011746 ], [ 42.844000021137234, 17.79517005581441 ], [ 42.847430020657342, 17.79707005726144 ], [ 42.850470020190109, 17.797830056795981 ], [ 42.852760020783755, 17.79707005726144 ], [ 42.855610021244047, 17.795360057382407 ], [ 42.857030020552997, 17.79292005585755 ], [ 42.857420021438649, 17.788770057206129 ], [ 42.859870020967548, 17.785980055851905 ], [ 42.862660020255063, 17.784580056633466 ], [ 42.865100020636525, 17.785100056304412 ], [ 42.865390021064755, 17.785100057159795 ], [ 42.864700020603451, 17.780400055842748 ], [ 42.865750020914867, 17.774470056170312 ], [ 42.86610002071923, 17.770960056092125 ], [ 42.867140020984912, 17.766090056869956 ], [ 42.86784002059364, 17.760500057024888 ], [ 42.869940021216493, 17.755960057419287 ], [ 42.872030021793577, 17.75248005715909 ], [ 42.874130019721477, 17.748640057109821 ], [ 42.876570021001257, 17.744450056364862 ], [ 42.876920020805628, 17.741310056740325 ], [ 42.876570021001257, 17.738510056383134 ], [ 42.874820021081106, 17.735030056610725 ], [ 42.872380020699637, 17.731880056284162 ], [ 42.872030020895259, 17.728040056896297 ], [ 42.87308002120669, 17.723510056896092 ], [ 42.878660020680037, 17.71932005626909 ], [ 42.885290021363119, 17.71583005624106 ], [ 42.889130020962064, 17.714430056740078 ], [ 42.896100021403768, 17.713040055765106 ], [ 42.900650019758871, 17.712340055905937 ], [ 42.90449002115443, 17.713390055953997 ], [ 42.906580020833218, 17.714780055928312 ], [ 42.910070020627785, 17.716530056172292 ], [ 42.91565002099945, 17.718970055672155 ], [ 42.919490020598381, 17.720720056103882 ], [ 42.923680020900001, 17.723510056896092 ], [ 42.929270021317407, 17.724560056576493 ], [ 42.931710019902248, 17.725950056391284 ], [ 42.935200020595133, 17.725950056391284 ], [ 42.93694002136786, 17.727000057181531 ], [ 42.938000020826699, 17.727400056272113 ], [ 42.938950020680693, 17.727300056155325 ], [ 42.940130020688457, 17.726940057326519 ], [ 42.941480020575533, 17.725950056391284 ], [ 42.942680020674779, 17.723850056039755 ], [ 42.941760020059697, 17.720740057036938 ], [ 42.940430021162427, 17.717880056698061 ], [ 42.939860021250034, 17.715980057006412 ], [ 42.940050021220827, 17.714460056623913 ], [ 42.941760020958014, 17.713700057164669 ], [ 42.944430019696618, 17.713880056269197 ], [ 42.947480021071762, 17.714460056623913 ], [ 42.950140020662936, 17.714650056627384 ], [ 42.950520020604536, 17.713880056269197 ], [ 42.95072002062107, 17.712170056200282 ], [ 42.949760020721335, 17.710270055928454 ], [ 42.950140019764625, 17.707980055934854 ], [ 42.954900020876956, 17.700180055744379 ], [ 42.956610020614136, 17.698660056741783 ], [ 42.958320021249634, 17.697520057389159 ], [ 42.960040021032569, 17.696180056148119 ], [ 42.960420020974162, 17.694660055805347 ], [ 42.959470021120161, 17.692380057272285 ], [ 42.95794002130804, 17.689900056395796 ], [ 42.957560021366447, 17.688380056825356 ], [ 42.959090021178568, 17.687250057031324 ], [ 42.963650022274365, 17.684950056241824 ], [ 42.964800021246589, 17.683240056211154 ], [ 42.964800021246589, 17.680770056826951 ], [ 42.964230021334188, 17.677910057343631 ], [ 42.963990020236359, 17.675500055711151 ], [ 42.9642600205731, 17.673880055969825 ], [ 42.965070020685005, 17.672520056150073 ], [ 42.969390020682965, 17.671710056663102 ], [ 42.973180020053192, 17.67144005659399 ], [ 42.977770021286211, 17.673070056617323 ], [ 42.981010021733837, 17.675500055711151 ], [ 42.984520020721568, 17.67631005695549 ], [ 42.989660020877189, 17.674960056277918 ], [ 42.993440021099978, 17.672520056150073 ], [ 42.998570021209844, 17.668470057327266 ], [ 43.001810020759166, 17.664420056332986 ], [ 43.002580020688107, 17.660270055976433 ], [ 43.002740019623353, 17.657460056906114 ], [ 43.002410019910471, 17.653820056616539 ], [ 43.001920021262329, 17.651180056368613 ], [ 43.001420020771825, 17.648700057426016 ], [ 43.000430021633171, 17.64721005633514 ], [ 43.000010020610297, 17.646430056036465 ], [ 42.999060020756303, 17.644440057192192 ], [ 42.998450020660925, 17.642580056213514 ], [ 42.998280020781628, 17.641090056718216 ], [ 42.99894002110571, 17.638940055642209 ], [ 42.999770022207407, 17.636790056307898 ], [ 43.001260020039943, 17.632830056143703 ], [ 43.002580020688107, 17.630510056830534 ], [ 43.005060020354229, 17.627870056604348 ], [ 43.007370021039343, 17.624390056012448 ], [ 43.010510021029539, 17.620430055761677 ], [ 43.013660020167173, 17.617120056978035 ], [ 43.016070021309723, 17.615400056221311 ], [ 43.016560020856168, 17.614970056038999 ], [ 43.016950021741827, 17.614710056048938 ], [ 43.018400021188015, 17.613530055732983 ], [ 43.019810021349542, 17.612050057287323 ], [ 43.020570021232736, 17.609570056868293 ], [ 43.022090020999123, 17.607860056830262 ], [ 43.024380020694451, 17.607860056830262 ], [ 43.02800002108367, 17.60843005578861 ], [ 43.030470020704051, 17.608050057253834 ], [ 43.030470020704051, 17.605570055825396 ], [ 43.029900021689969, 17.602530056079953 ], [ 43.029520020850057, 17.600240055981224 ], [ 43.030850020645644, 17.599300057380528 ], [ 43.033330021210077, 17.599480056179537 ], [ 43.035990020801258, 17.599860057336379 ], [ 43.042820020602562, 17.59978005634807 ], [ 43.044020021600126, 17.597860056249797 ], [ 43.044440020826386, 17.591570055753245 ], [ 43.044570019624402, 17.590770057232415 ], [ 43.04523002174512, 17.590050056220825 ], [ 43.04691002134507, 17.58870005590537 ], [ 43.049320020690999, 17.587260055929445 ], [ 43.051730020935231, 17.585330056102311 ], [ 43.052940021080218, 17.581960056846334 ], [ 43.054590021441257, 17.580240056096972 ], [ 43.056310021224192, 17.582880056605202 ], [ 43.059090021364284, 17.584240057056327 ], [ 43.061130020814346, 17.585290056677717 ], [ 43.063260020676097, 17.58597005596809 ], [ 43.065910021119841, 17.587200055717169 ], [ 43.067510021252176, 17.588010057330592 ], [ 43.067910022183575, 17.588290055754307 ], [ 43.068390020785962, 17.588850055582061 ], [ 43.068370020694481, 17.589630055661907 ], [ 43.068350020602992, 17.590780057214378 ], [ 43.066350022234218, 17.594350055657664 ], [ 43.064570022176831, 17.597710056345964 ], [ 43.063300020859067, 17.599620055977692 ], [ 43.063896387223373, 17.599648342773879 ], [ 43.06599954901769, 17.601150601188309 ], [ 43.071009517137611, 17.601554630579596 ], [ 43.074969007042384, 17.59929206496491 ], [ 43.080213030311256, 17.595839750187078 ], [ 43.082810021170097, 17.594730055617596 ], [ 43.08739002056074, 17.59328005589375 ], [ 43.092450020350405, 17.592560056319638 ], [ 43.097740021192166, 17.59135005612772 ], [ 43.103290021426602, 17.590150057270233 ], [ 43.108100021869326, 17.589190055701376 ], [ 43.114850022203015, 17.5882200566172 ], [ 43.121110021193608, 17.588460055992464 ], [ 43.129790021372507, 17.588460055992464 ], [ 43.134360020717395, 17.588460055992464 ], [ 43.141590020551796, 17.589430056357564 ], [ 43.150020021383753, 17.590150057270233 ], [ 43.155560020674137, 17.591110056308629 ], [ 43.158396667677728, 17.592371515008804 ], [ 43.158441534932905, 17.592423560174641 ], [ 43.164178755750648, 17.59694869297676 ], [ 43.165067620757974, 17.598241586695121 ], [ 43.166119732110317, 17.598755952372247 ], [ 43.168703887840365, 17.600019317680637 ], [ 43.170804841575723, 17.600100124308597 ], [ 43.172420961077506, 17.598403198936658 ], [ 43.174521914812864, 17.593474038022073 ], [ 43.174616570294354, 17.593241042114716 ], [ 43.174760022262078, 17.593200056273037 ], [ 43.17647002110094, 17.591490056231791 ], [ 43.178000021811386, 17.588440056627576 ], [ 43.178439860330691, 17.587609249970409 ], [ 43.179710020650255, 17.585210056089316 ], [ 43.180470021431759, 17.583680056648696 ], [ 43.180470021431759, 17.581020055646157 ], [ 43.18123002131496, 17.57930005708851 ], [ 43.181800021227353, 17.577010057220235 ], [ 43.183330021039481, 17.57569005619073 ], [ 43.184470020864268, 17.573780056326402 ], [ 43.186180020601455, 17.571120056164624 ], [ 43.186940021382959, 17.568830056371201 ], [ 43.187710022210219, 17.564460055816483 ], [ 43.187710022210219, 17.561600057303778 ], [ 43.187520021341101, 17.558170056675198 ], [ 43.186940021382959, 17.555510056639296 ], [ 43.185990020630655, 17.55208005714233 ], [ 43.183900020951882, 17.548660055818686 ], [ 43.182180021168946, 17.546370057176585 ], [ 43.179520020679462, 17.544470056305759 ], [ 43.17666002107174, 17.543140056092216 ], [ 43.173620020640655, 17.541420057366903 ], [ 43.170380020193022, 17.539520055997169 ], [ 43.168480022281678, 17.537430057101215 ], [ 43.167530020631048, 17.53551005666975 ], [ 43.166950020672914, 17.532670056373743 ], [ 43.166390020806261, 17.530190056416856 ], [ 43.165040020919186, 17.528480055623795 ], [ 43.163160021302687, 17.527530056879211 ], [ 43.161050020634107, 17.526190055638914 ], [ 43.15934002089692, 17.524290056604602 ], [ 43.158390021042933, 17.521820056385632 ], [ 43.157250022116465, 17.518960055747858 ], [ 43.15611002139336, 17.516490056662654 ], [ 43.154390020712114, 17.513440055836657 ], [ 43.15347002099535, 17.509180056880027 ], [ 43.154010020770514, 17.506360055609402 ], [ 43.154680020242019, 17.503710056910322 ], [ 43.156660021214257, 17.500740055866029 ], [ 43.158810022065822, 17.498420055727895 ], [ 43.160960021120736, 17.496770055754165 ], [ 43.163110021073983, 17.495280056366042 ], [ 43.165090021147904, 17.493630056161155 ], [ 43.167400021833025, 17.492630056303362 ], [ 43.170710020804229, 17.492140055881546 ], [ 43.174680021896137, 17.492140055881546 ], [ 43.180800022042959, 17.492630056303362 ], [ 43.186420020800966, 17.493130057348235 ], [ 43.192850022365818, 17.493790055902096 ], [ 43.194710021890835, 17.494060055788182 ], [ 43.195130021117095, 17.494010056601102 ], [ 43.196250021748703, 17.494070055966652 ], [ 43.197320021253297, 17.494120055993996 ], [ 43.19818002159392, 17.494120055993996 ], [ 43.199350021555937, 17.494120055993996 ], [ 43.200320020603094, 17.494070055966652 ], [ 43.201380021858583, 17.493970056727477 ], [ 43.202400021134459, 17.493910057328922 ], [ 43.203320020851216, 17.493760056175589 ], [ 43.20428002075095, 17.493660056765886 ], [ 43.205500020043367, 17.493410055859041 ], [ 43.206370022226359, 17.493140055864323 ], [ 43.207120021165494, 17.492900056198749 ], [ 43.207840020865724, 17.49249005692959 ], [ 43.208350021401976, 17.492190055582935 ], [ 43.208600019850593, 17.49178005728292 ], [ 43.208760020582481, 17.491470057014084 ], [ 43.208860021039918, 17.490970055687804 ], [ 43.208960020599022, 17.490360055669118 ], [ 43.209210020844274, 17.489540055888771 ], [ 43.209470021135274, 17.48888005561561 ], [ 43.209720021380534, 17.488480056335309 ], [ 43.209920022295385, 17.488070055667212 ], [ 43.210230021018475, 17.487660055788318 ], [ 43.210840022012142, 17.487150056278939 ], [ 43.212060021304566, 17.48654005715461 ], [ 43.213280019698672, 17.486040055981345 ], [ 43.214350020999888, 17.485780055958983 ], [ 43.215920020994993, 17.485380055857906 ], [ 43.218010021572084, 17.485070056673916 ], [ 43.220700021300487, 17.484870055952612 ], [ 43.222680019577787, 17.484870055952612 ], [ 43.224870020612308, 17.485220056427966 ], [ 43.226650020669695, 17.485530056213101 ], [ 43.227870020860422, 17.486190056649015 ], [ 43.229800020705632, 17.48680005609048 ], [ 43.231680022118773, 17.487970055698398 ], [ 43.233160020803865, 17.488640057181165 ], [ 43.234990021089956, 17.489660055836847 ], [ 43.236710020872891, 17.490510057057335 ], [ 43.239510021104458, 17.491990055838102 ], [ 43.241650021011957, 17.493140055864323 ], [ 43.243220021007062, 17.494070055966652 ], [ 43.244030022017284, 17.494530055870804 ], [ 43.24526002225376, 17.494780056094129 ], [ 43.24627002058557, 17.494930056405789 ], [ 43.245530020793865, 17.496230055920844 ], [ 43.245660021388524, 17.497140055618079 ], [ 43.245410021143265, 17.498300057278584 ], [ 43.244890020561272, 17.499330055597412 ], [ 43.244370020877597, 17.500110056387189 ], [ 43.243340020657655, 17.501140057298045 ], [ 43.242300021290298, 17.501000056768493 ], [ 43.241270021070363, 17.50100005591176 ], [ 43.240370019648452, 17.501530056368601 ], [ 43.239850020863088, 17.502310056282102 ], [ 43.239200020584754, 17.50308005573514 ], [ 43.239070020888413, 17.503990056255429 ], [ 43.23817002126313, 17.505020056588805 ], [ 43.237520020984796, 17.505660055717421 ], [ 43.236490020764855, 17.506050056222552 ], [ 43.235070020557593, 17.506180056776 ], [ 43.23390002059557, 17.506180056776 ], [ 43.232740021577612, 17.506050056222552 ], [ 43.230930019586367, 17.505660056574136 ], [ 43.230150021408321, 17.504250055934055 ], [ 43.230150021408321, 17.503330056190954 ], [ 43.230030021757713, 17.502690055707927 ], [ 43.229120021188386, 17.50179005614066 ], [ 43.229510021175727, 17.50076005634407 ], [ 43.230540021395662, 17.499720056839166 ], [ 43.230800020788337, 17.498830056186048 ], [ 43.230800020788337, 17.498300056421837 ], [ 43.230270021058921, 17.497780055943096 ], [ 43.229380022377697, 17.497520057287666 ], [ 43.228220020664786, 17.497780055943096 ], [ 43.226920021006435, 17.498040056796818 ], [ 43.225630021393826, 17.499080057348802 ], [ 43.224980021115478, 17.499720056839166 ], [ 43.223560020009899, 17.501140055584578 ], [ 43.223560020009899, 17.502440056084929 ], [ 43.224470022375861, 17.503860055848222 ], [ 43.225630021393826, 17.504890056918651 ], [ 43.226280021672153, 17.50554005605256 ], [ 43.227180021297428, 17.506960057286186 ], [ 43.228340021213704, 17.507480057193359 ], [ 43.229640020872068, 17.507480056336657 ], [ 43.229770020568409, 17.50917005581973 ], [ 43.229120021188386, 17.509540056989412 ], [ 43.22810002191251, 17.50954005613271 ], [ 43.226790021310094, 17.509670056758349 ], [ 43.228220019766475, 17.511340057112257 ], [ 43.228600020606386, 17.512260057405072 ], [ 43.22757002218308, 17.513420055898088 ], [ 43.226790021310094, 17.514200056153292 ], [ 43.22602002138116, 17.515100055908267 ], [ 43.226150021975812, 17.516390056057705 ], [ 43.226540021963153, 17.517820056985677 ], [ 43.227180022195746, 17.518980056789406 ], [ 43.227440020690111, 17.519880055975694 ], [ 43.227310020993777, 17.520920055683163 ], [ 43.227310020993777, 17.521690055893671 ], [ 43.227830019779141, 17.522730057221786 ], [ 43.228860020897379, 17.524020056254418 ], [ 43.230030021757713, 17.524800057216858 ], [ 43.230540019599026, 17.525440056864028 ], [ 43.229770022365031, 17.526220056861742 ], [ 43.228990020593727, 17.526990055997398 ], [ 43.228340021213704, 17.527900056603027 ], [ 43.227440020690111, 17.52919005571102 ], [ 43.226540021064835, 17.530220056121575 ], [ 43.226790021310094, 17.530610056114366 ], [ 43.227960021272104, 17.530610056114366 ], [ 43.229250020884734, 17.531260055666515 ], [ 43.231060021977662, 17.532160055615488 ], [ 43.231710021357678, 17.533200056028384 ], [ 43.233130021564946, 17.533200056884969 ], [ 43.234030021190222, 17.533200056028384 ], [ 43.235320020802838, 17.531900057364329 ], [ 43.236110020823268, 17.530740056211144 ], [ 43.236750021055855, 17.53022005697817 ], [ 43.238040020668478, 17.52932005596891 ], [ 43.238940022090382, 17.529060056216561 ], [ 43.240240020850429, 17.528930055772335 ], [ 43.241270021070363, 17.529060056216561 ], [ 43.241920021348704, 17.52983005700343 ], [ 43.24294002062458, 17.530740056211144 ], [ 43.243210020961314, 17.531900057364329 ], [ 43.242050021045038, 17.533200056028384 ], [ 43.241660021057704, 17.534100055772434 ], [ 43.241530021361363, 17.535140057051841 ], [ 43.243210020961314, 17.535780057048822 ], [ 43.244240021181255, 17.535780057048822 ], [ 43.245530020793865, 17.535780056192252 ], [ 43.24657002105954, 17.536300055757806 ], [ 43.247600022177792, 17.5365600562662 ], [ 43.248510020950498, 17.537200056390454 ], [ 43.249020022385061, 17.53811005630433 ], [ 43.250190022347084, 17.538370055930251 ], [ 43.251090021074049, 17.537460057321375 ], [ 43.251350021365049, 17.536820056401762 ], [ 43.252510022179635, 17.534880056220452 ], [ 43.253030020964999, 17.534490056844113 ], [ 43.253940022432651, 17.533580056750655 ], [ 43.254190021779593, 17.532810057321957 ], [ 43.254970021754268, 17.531260057379697 ], [ 43.255100022348934, 17.529710056183585 ], [ 43.255620021134291, 17.528410057346814 ], [ 43.256260022265202, 17.527500055873016 ], [ 43.258200022156153, 17.526610056888014 ], [ 43.259360022072435, 17.525830055997119 ], [ 43.260790021427127, 17.524540056983064 ], [ 43.261690021052409, 17.523240056222178 ], [ 43.262210021634402, 17.522340055708927 ], [ 43.262850021867003, 17.521560056165232 ], [ 43.262850021867003, 17.520400055717712 ], [ 43.262610020769174, 17.519880055975694 ], [ 43.262610020769174, 17.519110056652547 ], [ 43.262470021027084, 17.517690056198649 ], [ 43.262610020769174, 17.516390056057705 ], [ 43.263760022436337, 17.515750056192935 ], [ 43.264920022352612, 17.514850056233481 ], [ 43.265700022327287, 17.514850057090147 ], [ 43.265960020821659, 17.513670055828563 ], [ 43.265960020821659, 17.512780055843962 ], [ 43.267250021332579, 17.512780055843962 ], [ 43.269060020628885, 17.512260057405072 ], [ 43.27048002083616, 17.511740055763699 ], [ 43.27048002083616, 17.510710055843276 ], [ 43.271260020810843, 17.510320055920591 ], [ 43.272160021334436, 17.510970056183112 ], [ 43.273320022149015, 17.511340056255573 ], [ 43.274750022402038, 17.511610055763196 ], [ 43.276430021103671, 17.512260055691709 ], [ 43.277330020728947, 17.512900055865313 ], [ 43.278630022183954, 17.51407005620068 ], [ 43.278630022183954, 17.514970055743408 ], [ 43.278630022183954, 17.516390056057705 ], [ 43.277590021019954, 17.517560056175164 ], [ 43.276810021045272, 17.518200055655289 ], [ 43.275910021419996, 17.518720056783792 ], [ 43.274490021212728, 17.519510056174628 ], [ 43.27307002190377, 17.519510056174628 ], [ 43.272420020727111, 17.520530056277071 ], [ 43.27307002190377, 17.5213100568211 ], [ 43.275520022330966, 17.521050056726686 ], [ 43.277070021336264, 17.521050055870049 ], [ 43.278360020948888, 17.521050055870049 ], [ 43.279400021214556, 17.521050056726686 ], [ 43.280170022041823, 17.520790056259795 ], [ 43.280300021738157, 17.519750056664048 ], [ 43.280300020839839, 17.519370056956159 ], [ 43.281080020814521, 17.519880056832339 ], [ 43.281080020814521, 17.5213100568211 ], [ 43.280690020827187, 17.522470055735258 ], [ 43.280690020827187, 17.52337005731702 ], [ 43.280690021725498, 17.524800056360235 ], [ 43.280690020827187, 17.526090056952221 ], [ 43.282120021080189, 17.52673005718869 ], [ 43.28366002183639, 17.526990055997398 ], [ 43.28470002120374, 17.526990055997398 ], [ 43.284960020596422, 17.527900056603027 ], [ 43.284960020596422, 17.529320056825512 ], [ 43.285860021120016, 17.529580057061793 ], [ 43.286380020803705, 17.530350057354468 ], [ 43.288320020694648, 17.530610056114366 ], [ 43.288320021592966, 17.531260057379697 ], [ 43.290770022020176, 17.531260057379697 ], [ 43.2912800207598, 17.531130055942437 ], [ 43.292190021329134, 17.531260057379697 ], [ 43.292460020767564, 17.531390056154006 ], [ 43.293490020987491, 17.530480056781006 ], [ 43.294000020625433, 17.530090057365296 ], [ 43.294650021802077, 17.52932005596891 ], [ 43.295430020878449, 17.528290057300797 ], [ 43.295550022325685, 17.527500055873016 ], [ 43.296200021705701, 17.52919005742422 ], [ 43.296200021705701, 17.530480056781006 ], [ 43.296200021705701, 17.532160055615488 ], [ 43.29620002080739, 17.533070056838291 ], [ 43.296720021389383, 17.534100055772434 ], [ 43.296980021680376, 17.534620055872846 ], [ 43.297880021305652, 17.535390057038448 ], [ 43.299290020568868, 17.535140057051841 ], [ 43.300340020880292, 17.535140057051841 ], [ 43.300720020821892, 17.534100055772434 ], [ 43.300720020821892, 17.53307005598171 ], [ 43.300720021720203, 17.532160055615488 ], [ 43.300980022011196, 17.531390057010597 ], [ 43.301196176431503, 17.530957747316613 ], [ 43.301217341637901, 17.530915413656988 ], [ 43.30153623997051, 17.530721940115111 ], [ 43.301760023782506, 17.530610043265455 ], [ 43.301890030665376, 17.52983004672426 ], [ 43.302103361680729, 17.529622182022987 ], [ 43.302280027059453, 17.529450044997844 ], [ 43.302620264871628, 17.528967127790331 ], [ 43.302895181687916, 17.528576923819898 ], [ 43.303125674118462, 17.528433345850921 ], [ 43.302694444154525, 17.527500000193445 ], [ 43.294250000209438, 17.523138889180498 ], [ 43.285361111184258, 17.517277777627903 ], [ 43.260444444028906, 17.489944443865181 ], [ 43.240749999827116, 17.480527777658992 ], [ 43.256500000006831, 17.457833333217188 ], [ 43.229671236429873, 17.432073893758282 ], [ 43.247055555979031, 17.401500000199121 ], [ 43.237397142233704, 17.391190178018686 ], [ 43.234805555639625, 17.389194443775633 ], [ 43.22802777760073, 17.38552777776858 ], [ 43.246277778436372, 17.371000000346136 ], [ 43.258833332634829, 17.36230555574355 ], [ 43.276750000109558, 17.358166667064516 ], [ 43.325999999915808, 17.328361110841946 ], [ 43.336500000335064, 17.303999999691385 ], [ 43.333194444431257, 17.303222221847758 ], [ 43.331527777626746, 17.303416667260276 ], [ 43.329833333117023, 17.303333332679564 ], [ 43.328388888852558, 17.303361110591446 ], [ 43.319396260581748, 17.304373653268762 ], [ 43.314983038813494, 17.304274183176982 ], [ 43.309972221785621, 17.301083332757415 ], [ 43.309750000143893, 17.29927777771098 ], [ 43.302444443909273, 17.293194444018585 ], [ 43.289480874908769, 17.290108818973341 ], [ 43.272222221583014, 17.291111111095649 ], [ 43.267222222067801, 17.292222221777685 ], [ 43.257655722145728, 17.281776955954705 ], [ 43.245571017208484, 17.274165672245385 ], [ 43.232444444408102, 17.268916667287904 ], [ 43.224065010641809, 17.26026292188396 ], [ 43.219212647446909, 17.259691963702338 ], [ 43.208542503417902, 17.261967653372242 ], [ 43.203215578224707, 17.25957018129732 ], [ 43.202009660922684, 17.256404856294875 ], [ 43.203682800088821, 17.249493056376533 ], [ 43.198769000213318, 17.244912789180752 ], [ 43.199916667159066, 17.242750000336866 ], [ 43.215159976196034, 17.212625087828211 ], [ 43.216305556355366, 17.210361111417011 ], [ 43.210310039350716, 17.207212511060234 ], [ 43.189249999610198, 17.188888889250606 ], [ 43.186584835604464, 17.187280672150038 ], [ 43.183956746867125, 17.185585774976985 ], [ 43.180765347072992, 17.184093555595556 ], [ 43.151946789090573, 17.174711291707798 ], [ 43.154216821932074, 17.161519582718967 ], [ 43.155604772046637, 17.156225025116939 ], [ 43.159143800092778, 17.13160184375127 ], [ 43.158027778099559, 17.114055556201357 ], [ 43.157888888675167, 17.10447222208305 ], [ 43.160166666791042, 17.086972221903377 ], [ 43.185277777882916, 17.098611111014595 ], [ 43.200555556175651, 17.084999999629474 ], [ 43.208055556346785, 17.078333332735365 ], [ 43.22722222235285, 17.075361111097571 ], [ 43.232723580611278, 17.05859717210236 ], [ 43.239694444333978, 17.047388888901384 ], [ 43.242611110568134, 17.033500000393968 ], [ 43.248638888769577, 17.015249999949084 ], [ 43.239777778347943, 17.023777778086483 ], [ 43.237472221628529, 17.02925000020138 ], [ 43.230944443834886, 17.029527777629074 ], [ 43.232333332688924, 17.022083333120122 ], [ 43.227472221699784, 17.020694444148205 ], [ 43.225388889317038, 17.011416667287385 ], [ 43.221222221856614, 17.014333333374179 ], [ 43.214583333242118, 17.021944444085477 ], [ 43.211527777583562, 17.022611111198902 ], [ 43.207305555611015, 17.020972222251761 ], [ 43.202722221674037, 17.01008333342234 ], [ 43.198027777814517, 17.013944444209606 ], [ 43.195722221993414, 17.013527777578425 ], [ 43.191000000428673, 17.016083333208979 ], [ 43.191888888792207, 17.018000000232487 ], [ 43.19147222231566, 17.019833333358555 ], [ 43.190416666822514, 17.024833332646281 ], [ 43.1885601581507, 17.024999218867002 ], [ 43.18642324215957, 17.025190138970856 ], [ 43.184228339018539, 17.025386214278218 ], [ 43.181401239309793, 17.025638730701726 ], [ 43.179222221976246, 17.025833333307837 ], [ 43.179000000334526, 17.016749999723189 ], [ 43.180388889188571, 17.015861110796354 ], [ 43.184083332965386, 17.014250000295192 ], [ 43.180027778122444, 17.008999999969216 ], [ 43.179722221568447, 17.006111111053556 ], [ 43.178777777794487, 17.002944443595652 ], [ 43.178388889023154, 16.996638888805396 ], [ 43.178047653182695, 16.993731474578862 ], [ 43.182711249793677, 16.991260861173227 ], [ 43.184861344070022, 16.989340060605304 ], [ 43.184696127719604, 16.985351917072247 ], [ 43.188240957984171, 16.98114145007683 ], [ 43.183305556321031, 16.978972222314766 ], [ 43.181194444436443, 16.978722222195309 ], [ 43.179869200321981, 16.976739414124591 ], [ 43.177666666890914, 16.978027777676228 ], [ 43.177444444350883, 16.975527778125265 ], [ 43.177499999761309, 16.971472221649471 ], [ 43.177750000006569, 16.968083332936235 ], [ 43.182288552926629, 16.963573655793255 ], [ 43.186527778210873, 16.959361110703107 ], [ 43.19491290010955, 16.955486994294166 ], [ 43.193666667315888, 16.950611110875244 ], [ 43.194039972113679, 16.944711732913799 ], [ 43.190222221987696, 16.941888888887384 ], [ 43.182750000420093, 16.938749999828673 ], [ 43.175472221890679, 16.936888889017691 ], [ 43.172250000000844, 16.93144444436879 ], [ 43.164277777942729, 16.930555556168603 ], [ 43.159940463815978, 16.927720578240059 ], [ 43.154194444000034, 16.928916666729364 ], [ 43.152333333259008, 16.928111111309843 ], [ 43.146499999892384, 16.925111111366174 ], [ 43.144321013999878, 16.925306056283478 ], [ 43.141925656294774, 16.918451138874207 ], [ 43.138110819405263, 16.917582921607714 ], [ 43.13792398599584, 16.907153000033794 ], [ 43.140157382845111, 16.901834613928667 ], [ 43.143410406169409, 16.894088196627358 ], [ 43.144171122009887, 16.888702464281039 ], [ 43.15046654426709, 16.877647433367418 ], [ 43.156837027952797, 16.876591033102624 ], [ 43.165978396573401, 16.869529028380679 ], [ 43.171699206069228, 16.865525669085809 ], [ 43.175083333119353, 16.857861111141915 ], [ 43.179972221813706, 16.849055556054882 ], [ 43.18720504235808, 16.847233502983023 ], [ 43.193554589009466, 16.847257161008493 ], [ 43.201987771674155, 16.844785081247394 ], [ 43.202277778390588, 16.849666666875464 ], [ 43.221277778165366, 16.838138889393669 ], [ 43.224611110876069, 16.823249999969129 ], [ 43.228611111206888, 16.814916666828804 ], [ 43.232555556127281, 16.806944444027451 ], [ 43.241361111138488, 16.805472222331851 ], [ 43.246179225164866, 16.807802663740212 ], [ 43.261638888946436, 16.800861111308947 ], [ 43.266611110756436, 16.794944443823024 ], [ 43.26252777820828, 16.786972222143632 ], [ 43.257361110665137, 16.786277778021592 ], [ 43.254672936313398, 16.779627410838501 ], [ 43.251621082612132, 16.774321096620287 ], [ 43.251291753042452, 16.769141657730753 ], [ 43.256778272030715, 16.76043968592138 ], [ 43.261436435630856, 16.758789116726632 ], [ 43.265110388836042, 16.753984499739566 ], [ 43.2616863999435, 16.752167339030233 ], [ 43.259101456390944, 16.750334360829715 ], [ 43.254688363980087, 16.74876718275581 ], [ 43.25204949366271, 16.747274869063123 ], [ 43.251444444182866, 16.742638889170689 ], [ 43.247888888932131, 16.743777778267766 ], [ 43.239694444333978, 16.741444444157178 ], [ 43.23543296867846, 16.744274133252038 ], [ 43.23290602215728, 16.741709278208184 ], [ 43.226305556284103, 16.745888889207652 ], [ 43.223999999564697, 16.737166666995005 ], [ 43.230527778256651, 16.730527778145657 ], [ 43.224500000055201, 16.72383333266021 ], [ 43.21751936086558, 16.718589921734193 ], [ 43.211666667007961, 16.70969444359973 ], [ 43.215529331101507, 16.705179906087672 ], [ 43.219194443985984, 16.700083333226509 ], [ 43.227638888829404, 16.701944444121256 ], [ 43.229583332686062, 16.692861111194151 ], [ 43.233249999655989, 16.68511111104479 ], [ 43.233777777851707, 16.67608333266347 ], [ 43.234998158029804, 16.669736483395766 ], [ 43.236416667033708, 16.667027778219587 ], [ 43.234666667113551, 16.659499999972525 ], [ 43.23455555629269, 16.650750000325715 ], [ 43.234722221625667, 16.642833333371737 ], [ 43.22686111128673, 16.641694444030779 ], [ 43.223611110793357, 16.647611110734434 ], [ 43.215670832826753, 16.650074692417718 ], [ 43.206222222412663, 16.647638888606856 ], [ 43.199425259054244, 16.650781418284208 ], [ 43.192944444285338, 16.65377777793411 ], [ 43.182999999767027, 16.657333332667516 ], [ 43.176472221973384, 16.659666667129208 ], [ 43.1660555555681, 16.665638888610328 ], [ 43.157388889082966, 16.666583332885669 ], [ 43.151638888831982, 16.677250000157091 ], [ 43.149583333256153, 16.673722222035909 ], [ 43.144795336147986, 16.671802778221025 ], [ 43.135944444062702, 16.662722222307075 ], [ 43.140805555950159, 16.655027778418457 ], [ 43.143000000052069, 16.645499999583027 ], [ 43.146333332762786, 16.636416667062637 ], [ 43.144416666611328, 16.628638888909322 ], [ 43.139305556275247, 16.621972222277819 ], [ 43.141611111198038, 16.613861111357959 ], [ 43.142166667098984, 16.605444444042153 ], [ 43.139833332674357, 16.596611110833024 ], [ 43.129472221679499, 16.592611111397385 ], [ 43.130999999957929, 16.584222221741427 ], [ 43.129749999629965, 16.573916667264211 ], [ 43.126416666919262, 16.574666666950094 ], [ 43.124531817298546, 16.559413179324437 ], [ 43.120722222078719, 16.528583333360139 ], [ 43.111888889362291, 16.528305556424112 ], [ 43.102305555910107, 16.528305556424112 ], [ 43.085861111303359, 16.528611111203997 ], [ 43.076166667030314, 16.528361111326571 ], [ 43.067166667184274, 16.529666667170495 ], [ 43.058833333161729, 16.525166666844573 ], [ 43.049499999954797, 16.524500000237513 ], [ 43.040166666747858, 16.524194444119576 ], [ 43.030861111246146, 16.523166667009171 ], [ 43.021500000333994, 16.522527778245816 ], [ 43.020027778364302, 16.523166667009171 ], [ 43.010333333192932, 16.522472221665186 ], [ 43.001333333346906, 16.521500000017586 ], [ 42.992166667269579, 16.521694444221854 ], [ 42.983499999886128, 16.515305555777662 ], [ 42.97502777823582, 16.51224999967738 ], [ 42.96680555593246, 16.506861111122131 ], [ 42.95816666715254, 16.502527778310032 ], [ 42.950305555915286, 16.496972221696385 ], [ 42.944749999600823, 16.489805556339853 ], [ 42.943249999925918, 16.480083332896893 ], [ 42.941722221647481, 16.470583333035332 ], [ 42.940305555986555, 16.461138888769529 ], [ 42.937972221561921, 16.450722222345703 ], [ 42.94224493065007, 16.442998293639842 ], [ 42.946500000419299, 16.435305556355999 ], [ 42.943722221812898, 16.424583332784334 ], [ 42.938343216791104, 16.408713963745274 ], [ 42.950000000259607, 16.407611111013065 ], [ 42.956472221744498, 16.402138889206128 ], [ 42.949750000014355, 16.399472221837513 ], [ 42.940750000168315, 16.398333333375437 ], [ 42.931611110897883, 16.398833333020573 ], [ 42.923305556377187, 16.394694444061578 ], [ 42.913861110552759, 16.393138889003545 ], [ 42.904555555949351, 16.391694444176284 ], [ 42.895305555858066, 16.390111111425366 ], [ 42.886138888882421, 16.388666667414558 ], [ 42.876777777970275, 16.387138889048153 ], [ 42.867527777878983, 16.385638889272364 ], [ 42.858305556391223, 16.383972221952185 ], [ 42.849250000236445, 16.382583333408522 ], [ 42.83963888907904, 16.381083333040785 ], [ 42.830611110629476, 16.37952777790257 ], [ 42.827361111034413, 16.388222222075871 ], [ 42.818472222009248, 16.392055555741017 ], [ 42.810805555606827, 16.395416666599797 ], [ 42.80366666740013, 16.401277778405859 ], [ 42.793361110917381, 16.403083332876694 ], [ 42.790333332964046, 16.403416667174547 ], [ 42.781138889181506, 16.404388889092779 ], [ 42.772138889335473, 16.404111110789465 ], [ 42.771850928981259, 16.404062604700474 ], [ 42.771880673098636, 16.40411364863791 ], [ 42.77184795465935, 16.404205373094012 ], [ 42.771827135304328, 16.404336244101227 ], [ 42.771776570933618, 16.404440344859584 ], [ 42.771740879070748, 16.404508753751319 ], [ 42.771696264242159, 16.404586086861837 ], [ 42.771654623735479, 16.404645574047883 ], [ 42.771583240009747, 16.404702084746511 ], [ 42.77153267563903, 16.404752649385806 ], [ 42.77148508738685, 16.404761571897097 ], [ 42.771395856831369, 16.404755624130782 ], [ 42.771306627174191, 16.404794289779087 ], [ 42.771276883955139, 16.40485080215802 ], [ 42.771276883955139, 16.404910288401407 ], [ 42.771300679428705, 16.404951928760955 ], [ 42.771345294257294, 16.404975724109875 ], [ 42.771425600948746, 16.405014389714452 ], [ 42.771494010352569, 16.405059004792069 ], [ 42.771425600948746, 16.405133362944781 ], [ 42.771336371291568, 16.40517797799512 ], [ 42.771208473652997, 16.405204747192762 ], [ 42.771059759354337, 16.405234490262632 ], [ 42.770881299141678, 16.40527018194048 ], [ 42.770789095162598, 16.405276131414563 ], [ 42.770518430970867, 16.405320744708686 ], [ 42.770226947424106, 16.405404026966718 ], [ 42.77004253856763, 16.405490282199366 ], [ 42.769878950862818, 16.405588434599551 ], [ 42.769771875274209, 16.405686586950225 ], [ 42.769667774007516, 16.405847200799336 ], [ 42.769614236213208, 16.405978070702467 ], [ 42.769584492994156, 16.406088120893575 ], [ 42.769539878165567, 16.406284426764849 ], [ 42.769483365151046, 16.406412323377811 ], [ 42.769462544897706, 16.406525347179517 ], [ 42.769379263884346, 16.406787087709098 ], [ 42.769293007650766, 16.406861446063242 ], [ 42.76917403477453, 16.406900113016611 ], [ 42.769078857371866, 16.406912010141461 ], [ 42.768971780884954, 16.40692688111562 ], [ 42.768823064789657, 16.406923908127307 ], [ 42.768733835132487, 16.406926881977355 ], [ 42.768585119037205, 16.406932831400791 ], [ 42.768376917402115, 16.406965548055993 ], [ 42.768260917949476, 16.407001241139813 ], [ 42.768237123374234, 16.407051804319966 ], [ 42.768222250866387, 16.407090471235513 ], [ 42.768183584681616, 16.407126161711211 ], [ 42.768162765326593, 16.407135084975419 ], [ 42.768141945073253, 16.407135084975419 ], [ 42.767895074558446, 16.406772217585992 ], [ 42.767707693176696, 16.406492631312041 ], [ 42.767326979074454, 16.406082174029542 ], [ 42.767285696097247, 16.406035179061501 ], [ 42.767253335187462, 16.406023758425125 ], [ 42.76722097427767, 16.40602566200819 ], [ 42.767091530638488, 16.406113225947369 ], [ 42.766792671024923, 16.406339751235624 ], [ 42.766651808001846, 16.406452060698822 ], [ 42.766625156784002, 16.406501553743563 ], [ 42.766590893242437, 16.406554853931507 ], [ 42.766579471163602, 16.406587213891044 ], [ 42.766566145554677, 16.40662909259294 ], [ 42.766585181753861, 16.406672874862554 ], [ 42.766630868272578, 16.406720464274876 ], [ 42.766842163705505, 16.406946988856248 ], [ 42.766884042265737, 16.406958411161913 ], [ 42.766943052596744, 16.406960313012362 ], [ 42.767097243025376, 16.406975543326553 ], [ 42.767201938078479, 16.406907013797213 ], [ 42.767470342108957, 16.40672617500357 ], [ 42.767536965662003, 16.406680489169307 ], [ 42.767586459240896, 16.406724271427358 ], [ 42.767681636643566, 16.406849907417513 ], [ 42.767715901981759, 16.406910820946049 ], [ 42.767748262891558, 16.406964121021893 ], [ 42.767761587602173, 16.407011711224722 ], [ 42.7677425523013, 16.407015516648038 ], [ 42.767702577271152, 16.406998385348651 ], [ 42.767649276632085, 16.406967928169607 ], [ 42.767584555710812, 16.406935568273383 ], [ 42.767538870090412, 16.406937470985792 ], [ 42.767536965662003, 16.406967928169607 ], [ 42.767565521308256, 16.407013613936392 ], [ 42.767624529842635, 16.407158284598697 ], [ 42.767664504872783, 16.407242041747661 ], [ 42.7676797340118, 16.407339123852491 ], [ 42.767689251662233, 16.407460953169398 ], [ 42.767668312831269, 16.40758278068656 ], [ 42.767637856349879, 16.407668441219801 ], [ 42.767611206030345, 16.407797883731817 ], [ 42.767569326571802, 16.407925424316719 ], [ 42.767538870090412, 16.408018698091769 ], [ 42.767502703018749, 16.408110069982918 ], [ 42.767500800386983, 16.40814623680847 ], [ 42.767521739217941, 16.408190018736725 ], [ 42.767546485109072, 16.408226187270877 ], [ 42.767584555710812, 16.408254740691731 ], [ 42.767630242229529, 16.408290908352129 ], [ 42.76768734903046, 16.408344208049929 ], [ 42.767685446398687, 16.408407026393899 ], [ 42.767691156988953, 16.408464133178335 ], [ 42.767727324958919, 16.408490783005337 ], [ 42.767782528229759, 16.408502205220376 ], [ 42.767820598831499, 16.408519337249089 ], [ 42.767847249151032, 16.408544082648387 ], [ 42.767862478290041, 16.408597383138567 ], [ 42.767860574759965, 16.40868685120094 ], [ 42.767833924440417, 16.408719210805909 ], [ 42.767803467060716, 16.408734440120689 ], [ 42.767784431759843, 16.408761089910669 ], [ 42.767753974380142, 16.408881013920389 ], [ 42.767719709940245, 16.409016168010652 ], [ 42.767712095819903, 16.409054239082945 ], [ 42.767731132019094, 16.409069468371506 ], [ 42.767746360259792, 16.409096118115592 ], [ 42.767746360259792, 16.409139899830098 ], [ 42.767721614368654, 16.409177970878176 ], [ 42.76770257816947, 16.40920842857301 ], [ 42.767696866680893, 16.409233174746394 ], [ 42.767710193188137, 16.409242693366274 ], [ 42.767721614368654, 16.409267440397027 ], [ 42.767714000248304, 16.409330256719461 ], [ 42.767681638440202, 16.409408303145376 ], [ 42.767658796079154, 16.409459698987625 ], [ 42.76764166341006, 16.409558685257888 ], [ 42.767607398970171, 16.409636731592169 ], [ 42.767582653977357, 16.409686223826839 ], [ 42.767550292169247, 16.409750946145852 ], [ 42.767540775417125, 16.409800438351464 ], [ 42.76755410012774, 16.409832798632941 ], [ 42.767575038958697, 16.40986135267973 ], [ 42.767576943387091, 16.409907037767127 ], [ 42.767567423940022, 16.409952723705512 ], [ 42.767542678048898, 16.409992699000522 ], [ 42.767493185368323, 16.410026962793939 ], [ 42.767483667717883, 16.410044094688384 ], [ 42.767504607447158, 16.410072648704165 ], [ 42.767542678048898, 16.410093587681143 ], [ 42.767586460139221, 16.410112623112802 ], [ 42.767626435169355, 16.410133562947205 ], [ 42.767647374000312, 16.410164021354152 ], [ 42.767645471368546, 16.410217319677095 ], [ 42.76762262810918, 16.410287751581869 ], [ 42.767609303398579, 16.410401965753351 ], [ 42.767588363669304, 16.410527601953916 ], [ 42.767552195699324, 16.410657044287152 ], [ 42.767548388639156, 16.410712247735677 ], [ 42.767557907187907, 16.410761741420174 ], [ 42.767588363669304, 16.410830268730084 ], [ 42.767607398970171, 16.410868341170822 ], [ 42.76762453074096, 16.410921641024235 ], [ 42.767626435169355, 16.410993976208474 ], [ 42.767626435169355, 16.411210983323244 ], [ 42.767643566940144, 16.411269992816393 ], [ 42.767651181958804, 16.411336619001325 ], [ 42.767683541970285, 16.411458446676786 ], [ 42.767721614368654, 16.411504133112558 ], [ 42.767757781440309, 16.411534589581489 ], [ 42.767799660000541, 16.411570756632155 ], [ 42.76783011738025, 16.411618345708185 ], [ 42.767849152681123, 16.41168116299497 ], [ 42.767856766801472, 16.41177253402774 ], [ 42.76784534472263, 16.411852484723351 ], [ 42.767841538560781, 16.411949567112746 ], [ 42.767839635030683, 16.412040938019445 ], [ 42.767837730602281, 16.412107563078621 ], [ 42.767832020012023, 16.412187512774818 ], [ 42.767809176752657, 16.412256041305895 ], [ 42.767784431759843, 16.412334087419744 ], [ 42.767715902880084, 16.412488276895392 ], [ 42.767675927849936, 16.412615816128831 ], [ 42.767647374000312, 16.412783330000188 ], [ 42.767645471368546, 16.412865183796498 ], [ 42.76763214575962, 16.412918483102786 ], [ 42.767615013988831, 16.412962265680463 ], [ 42.767611206928663, 16.412994626297685 ], [ 42.767611206928663, 16.413028890424069 ], [ 42.767613109560436, 16.413082189685493 ], [ 42.767552195699324, 16.413259221578574 ], [ 42.767455113868259, 16.413468613848881 ], [ 42.76742275295846, 16.413571406821141 ], [ 42.767405621187685, 16.413683718141652 ], [ 42.767399909699108, 16.413735113716033 ], [ 42.767373261176203, 16.413824582000657 ], [ 42.767314249946871, 16.414003517584742 ], [ 42.767234299886589, 16.414184358230855 ], [ 42.767156253356383, 16.414355678616189 ], [ 42.767083918314761, 16.414521289212608 ], [ 42.767051557404969, 16.414656442830964 ], [ 42.767059172423629, 16.4147915963554 ], [ 42.76706107595372, 16.415006698323317 ], [ 42.767042039754536, 16.415212284311121 ], [ 42.766996355032447, 16.415482589631832 ], [ 42.766927827050992, 16.415733862282242 ], [ 42.766819323141092, 16.416027012148465 ], [ 42.766678459219705, 16.416312547643351 ], [ 42.76646525935837, 16.416700874898911 ], [ 42.766191144737633, 16.417028289314288 ], [ 42.765858020684199, 16.417422328140333 ], [ 42.765574389311325, 16.417734513593743 ], [ 42.765471596889995, 16.417854438102822 ], [ 42.765374514160612, 16.417964845207049 ], [ 42.765313600299514, 16.418029567356374 ], [ 42.765283142919806, 16.418061927130434 ], [ 42.765256492600273, 16.418077155713728 ], [ 42.764456993794042, 16.417662176607916 ], [ 42.764331359011663, 16.417578421360531 ], [ 42.764262830131891, 16.41754796411464 ], [ 42.764190494191965, 16.417517506002287 ], [ 42.764171457992781, 16.41748704960855 ], [ 42.764154326221984, 16.417452785405899 ], [ 42.764139097981293, 16.417422328140333 ], [ 42.764101027379553, 16.417388063926285 ], [ 42.764081991180369, 16.41737473876104 ], [ 42.764030594969704, 16.417380450038653 ], [ 42.763979198759031, 16.41741280992073 ], [ 42.763916379571221, 16.41741471425404 ], [ 42.763889731048316, 16.417405196034068 ], [ 42.762751396700061, 16.416813186135606 ], [ 42.761835779863567, 16.416343004221048 ], [ 42.761588315562356, 16.416221176158263 ], [ 42.761521691111, 16.416186911732577 ], [ 42.761483619610942, 16.416165973411534 ], [ 42.761455065761325, 16.416143129880794 ], [ 42.761439838418937, 16.416110768925737 ], [ 42.761428416340102, 16.416078407965301 ], [ 42.761415090731177, 16.416044144376151 ], [ 42.761396055430303, 16.416007975572207 ], [ 42.761352274238298, 16.415985132884607 ], [ 42.761300877129315, 16.415971807623229 ], [ 42.761249480918657, 16.415979423289411 ], [ 42.761217120008865, 16.416002265115985 ], [ 42.761163820268102, 16.416063180087178 ], [ 42.761099098448526, 16.416198332634011 ], [ 42.761049605767944, 16.416276379751018 ], [ 42.760958235425448, 16.416325872019687 ], [ 42.760851634147315, 16.41637346165566 ], [ 42.760781201737458, 16.416379172100982 ], [ 42.760737421443771, 16.41638107558272 ], [ 42.76068031374453, 16.416375365137455 ], [ 42.760644145774563, 16.416360136420892 ], [ 42.760585135443542, 16.416333486810306 ], [ 42.760478535063733, 16.416263053647903 ], [ 42.760402392961929, 16.416204043946173 ], [ 42.759254540064923, 16.415383607237775 ], [ 42.757710745723301, 16.414275729811177 ], [ 42.755976593881378, 16.413044121124894 ], [ 42.754743081232142, 16.412185610975467 ], [ 42.754764020961424, 16.412141829084682 ], [ 42.7547982854013, 16.412158960792887 ], [ 42.754969605804078, 16.411941953873914 ], [ 42.754942956382862, 16.411919110708784 ], [ 42.755005773774052, 16.41186010141254 ], [ 42.755041941744018, 16.411871521706335 ], [ 42.755083820304243, 16.41188675077435 ], [ 42.75513140855643, 16.411911496607047 ], [ 42.755165673894616, 16.411928630058959 ], [ 42.755196131274332, 16.411926725671933 ], [ 42.755203745394681, 16.411915305381381 ], [ 42.755222780695554, 16.411890557825743 ], [ 42.75521897363538, 16.411863907602733 ], [ 42.755154251815782, 16.411810608007489 ], [ 42.755041941744018, 16.411742080181206 ], [ 42.755017194954569, 16.411734465210824 ], [ 42.754996257021929, 16.411734465210824 ], [ 42.754649805562934, 16.412181803929847 ], [ 42.754701202671917, 16.412231297240449 ], [ 42.755076206183901, 16.412474953979569 ], [ 42.755087628262736, 16.412505411158214 ], [ 42.755022906443152, 16.412596781803817 ], [ 42.755257046033748, 16.412760488657288 ], [ 42.755306537816011, 16.412701477892856 ], [ 42.755325574015195, 16.412690056786076 ], [ 42.756007051261086, 16.413171659993875 ], [ 42.756600965224671, 16.413598059395326 ], [ 42.756610482875097, 16.413647552345566 ], [ 42.756621904055621, 16.413693237405475 ], [ 42.756644747314979, 16.413710368977032 ], [ 42.75666758967602, 16.413712273346601 ], [ 42.756698046157418, 16.413698947929497 ], [ 42.756726600007035, 16.413697045283214 ], [ 42.757685999832162, 16.414361389982464 ], [ 42.760465337015575, 16.416371241070493 ], [ 42.760590971797946, 16.416464515104302 ], [ 42.760674729816721, 16.416502587303885 ], [ 42.76074706485835, 16.41650068296164 ], [ 42.760857472298348, 16.416468322927781 ], [ 42.761015467990518, 16.416394083712742 ], [ 42.761158236340307, 16.416327459260213 ], [ 42.761259125231554, 16.416316036642975 ], [ 42.761360015021104, 16.416310326195795 ], [ 42.76154846809299, 16.416350301045906 ], [ 42.761710270845334, 16.416426443758954 ], [ 42.763038961795552, 16.417106018996044 ], [ 42.764575142915142, 16.417890288600777 ], [ 42.765031999119195, 16.418130139076204 ], [ 42.765110044751076, 16.418175823944789 ], [ 42.765159538329968, 16.41820056983898 ], [ 42.765197608931715, 16.418225316591712 ], [ 42.765201415991889, 16.418259580658223 ], [ 42.765140502130791, 16.418389023877442 ], [ 42.765060552968812, 16.418539405939917 ], [ 42.764967278197915, 16.41875260461223 ], [ 42.764879713118965, 16.418947720644731 ], [ 42.764708391817869, 16.419304640403247 ], [ 42.764508516667156, 16.419680594863465 ], [ 42.764394303065302, 16.419932817690285 ], [ 42.764275330189072, 16.420180282009454 ], [ 42.764194427914596, 16.420270702066517 ], [ 42.764099249613608, 16.420408710729895 ], [ 42.764013589861371, 16.420594307898249 ], [ 42.763994553662194, 16.420679968732866 ], [ 42.764008829688677, 16.420708522048791 ], [ 42.764084972688792, 16.42072755816486 ], [ 42.764118285812792, 16.420765628668061 ], [ 42.76412304418885, 16.420837014072749 ], [ 42.764084972688792, 16.420975022334126 ], [ 42.764104008887976, 16.421055923980305 ], [ 42.763999312936562, 16.421341458983708 ], [ 42.763932687586887, 16.421546092159197 ], [ 42.763837510184217, 16.421803074153356 ], [ 42.763785161759344, 16.421917287593754 ], [ 42.763808957232911, 16.422036260825529 ], [ 42.763823234157726, 16.42214571685825 ], [ 42.763827991635466, 16.422226618017245 ], [ 42.763770884834528, 16.422302761014073 ], [ 42.763699501108803, 16.422355109899485 ], [ 42.763699501108803, 16.42239318094563 ], [ 42.763751850431987, 16.422416975022557 ], [ 42.763794680308095, 16.422450287931696 ], [ 42.763827991635466, 16.422516912871188 ], [ 42.763813714710658, 16.422616849806769 ], [ 42.763747091157605, 16.422664439626292 ], [ 42.763670948157497, 16.422669197745936 ], [ 42.763551975281267, 16.422664439626292 ], [ 42.76352342143165, 16.422735822610395 ], [ 42.763490109205968, 16.422759618368715 ], [ 42.763390171630604, 16.422735822610395 ], [ 42.763333064829673, 16.422764377347701 ], [ 42.763285474780872, 16.422769136326561 ], [ 42.763247404179126, 16.422797689335635 ], [ 42.763252161656872, 16.422845278249223 ], [ 42.763199815028635, 16.422873831247113 ], [ 42.763123672028527, 16.422864314156058 ], [ 42.763052288302788, 16.422854796202873 ], [ 42.762995180603546, 16.422921421003721 ], [ 42.762942833076991, 16.422983286808226 ], [ 42.762914279227381, 16.423026116703916 ], [ 42.762971386028305, 16.423083224365708 ], [ 42.763018975178795, 16.423130814071051 ], [ 42.763066565227604, 16.423168884965278 ], [ 42.763080842152419, 16.423259303632292 ], [ 42.763023735351481, 16.423268823289 ], [ 42.762999939877915, 16.423297376224681 ], [ 42.762990422227482, 16.423387795693589 ], [ 42.762852414050386, 16.423482974081836 ], [ 42.762752475576718, 16.423502009926221 ], [ 42.762690610399723, 16.423540080747742 ], [ 42.762628744324424, 16.423616224091742 ], [ 42.76258115517394, 16.423687606726329 ], [ 42.762543082775558, 16.423754232965049 ], [ 42.762514529824259, 16.423825616410614 ], [ 42.76249073524901, 16.423901758781099 ], [ 42.76238128002322, 16.424249160175943 ], [ 42.762328931598347, 16.424410963294363 ], [ 42.762314654673546, 16.424520418851564 ], [ 42.76230037774873, 16.424591802877405 ], [ 42.762295619372672, 16.4246393922134 ], [ 42.762305137921416, 16.424710776195546 ], [ 42.762357485447971, 16.424739328919404 ], [ 42.762400316222404, 16.424786919080937 ], [ 42.762452663748959, 16.424844026225401 ], [ 42.762509771448201, 16.424901133353089 ], [ 42.762538325297818, 16.424962999389152 ], [ 42.762557360598684, 16.425043900237242 ], [ 42.762514529824259, 16.425224739231389 ], [ 42.762476459222526, 16.425305640832192 ], [ 42.762447905372895, 16.425396060228529 ], [ 42.762405074598462, 16.425472202845459 ], [ 42.762352726173596, 16.425519792827536 ], [ 42.762309896297488, 16.425676836842271 ], [ 42.762305137921416, 16.425738702631417 ], [ 42.762328931598347, 16.425819604879933 ], [ 42.762371762372787, 16.425833881591764 ], [ 42.762400316222404, 16.425814845975754 ], [ 42.762471699049826, 16.425714908961115 ], [ 42.762538325297818, 16.425629247760302 ], [ 42.762571636625189, 16.425586416714903 ], [ 42.762638261974864, 16.4255483462942 ], [ 42.762681091850979, 16.425586416714903 ], [ 42.762719164249354, 16.4256720779346 ], [ 42.762714404974979, 16.425757739116538 ], [ 42.762714404974979, 16.425843399399071 ], [ 42.762681091850979, 16.425924300742349 ], [ 42.762662055651788, 16.425971889752077 ], [ 42.762643021249232, 16.426024237649319 ], [ 42.762662055651788, 16.426076586394114 ], [ 42.762733441174156, 16.426114657572995 ], [ 42.762790547975079, 16.426138452056012 ], [ 42.762847654776017, 16.426095621984487 ], [ 42.762852414050386, 16.426019478750153 ], [ 42.762880967001699, 16.425957613050382 ], [ 42.762909520851309, 16.425948096110325 ], [ 42.762995180603546, 16.425990926214357 ], [ 42.763042770652355, 16.426028997410022 ], [ 42.763133188780643, 16.42607182835788 ], [ 42.763185538103833, 16.426119415608177 ], [ 42.763228367979941, 16.426167006293429 ], [ 42.763271197856064, 16.426238388852855 ], [ 42.763323547179247, 16.426285978647325 ], [ 42.76339493090498, 16.426333568430138 ], [ 42.76345203770591, 16.426409710679767 ], [ 42.763504385232451, 16.426481094873346 ], [ 42.763547216006891, 16.426514407085939 ], [ 42.763609082082191, 16.426533442633431 ], [ 42.763647153582248, 16.426581032355646 ], [ 42.763680464909612, 16.426661933391866 ], [ 42.763723295684052, 16.426733318354447 ], [ 42.76376136808242, 16.426823737948222 ], [ 42.763823234157726, 16.42689036225023 ], [ 42.763904134635574, 16.426942709900072 ], [ 42.763951723786064, 16.426971264019329 ], [ 42.763980277635696, 16.426956985667754 ], [ 42.763942207033949, 16.426861808980739 ], [ 42.763956483958758, 16.426833254845402 ], [ 42.763999313834873, 16.426814219327277 ], [ 42.764051662259739, 16.426804702429163 ], [ 42.764075456834988, 16.426828495966049 ], [ 42.764065938286237, 16.42689036225023 ], [ 42.764104009786294, 16.426914155776625 ], [ 42.76418967133516, 16.426918914653889 ], [ 42.76424201796339, 16.426937951023397 ], [ 42.764289608012206, 16.426966505143355 ], [ 42.76435623336188, 16.42703312939642 ], [ 42.76442761708762, 16.427090235019222 ], [ 42.764460929313294, 16.427147343210187 ], [ 42.764475205339785, 16.427213968262905 ], [ 42.764494240640666, 16.427275834424378 ], [ 42.764527553764665, 16.427332940837506 ], [ 42.764556106715958, 16.427385289229779 ], [ 42.7645513483399, 16.427485227108743 ], [ 42.764584660565589, 16.427537573736707 ], [ 42.764689357415314, 16.427613717237882 ], [ 42.764741704941869, 16.427708895279935 ], [ 42.764779777340244, 16.427642271258541 ], [ 42.764827365592417, 16.42762323495802 ], [ 42.764841643415537, 16.427647030117974 ], [ 42.764855920340352, 16.427742208143709 ], [ 42.764908267866907, 16.427846903832013 ], [ 42.76503675839357, 16.427946840611938 ], [ 42.765108143017613, 16.427989671998752 ], [ 42.7651557312698, 16.428013467113836 ], [ 42.765189044393793, 16.428046779925396 ], [ 42.765208079694666, 16.428094368415373 ], [ 42.765174766570667, 16.428146716602527 ], [ 42.765193802769851, 16.428189547083651 ], [ 42.765284222694774, 16.428246654089907 ], [ 42.765384160270138, 16.428299002236045 ], [ 42.765412714119755, 16.428384663121708 ], [ 42.765465060747992, 16.428379904280344 ], [ 42.765507890624114, 16.428356109210132 ], [ 42.765560239947291, 16.428346590664248 ], [ 42.765593553071284, 16.428341832683593 ], [ 42.76562210602259, 16.428379904280344 ], [ 42.765645900597832, 16.428432250667299 ], [ 42.76562210602259, 16.428503635841214 ], [ 42.765584033624222, 16.428546466243663 ], [ 42.765536445372049, 16.428575020127266 ], [ 42.765522168447234, 16.428594054611271 ], [ 42.765522169345552, 16.428632127020244 ], [ 42.765493616394245, 16.428689233896435 ], [ 42.765493616394245, 16.428741581061701 ], [ 42.765507892420736, 16.428812966121978 ], [ 42.765545963920793, 16.428870072945024 ], [ 42.765612589270468, 16.429036635349824 ], [ 42.76565541914659, 16.4291698841369 ], [ 42.765755356721947, 16.429388795860515 ], [ 42.765979026447901, 16.429793302614883 ], [ 42.766055169448023, 16.429940829878063 ], [ 42.766088480775387, 16.430026490039936 ], [ 42.766102757700203, 16.430154981935207 ], [ 42.76614082920026, 16.430269195637301 ], [ 42.766178900700311, 16.430354855654411 ], [ 42.766212213824303, 16.43043575770437 ], [ 42.766250285324368, 16.430530936087386 ], [ 42.766274079001292, 16.430602319628644 ], [ 42.766297873576534, 16.430697498791698 ], [ 42.766326427426165, 16.430778399837354 ], [ 42.766354981275782, 16.430864061353219 ], [ 42.766383534227089, 16.430954479886481 ], [ 42.766412088076706, 16.431011587803376 ], [ 42.766454917952828, 16.431054417652994 ], [ 42.766526301678567, 16.431092488718242 ], [ 42.766643291972954, 16.431111921889649 ], [ 42.766756317103699, 16.431180330876742 ], [ 42.766845546760855, 16.431230894662495 ], [ 42.766949648027563, 16.431334995671268 ], [ 42.766976416924706, 16.431409354977596 ], [ 42.767003185821871, 16.431459917842112 ], [ 42.767026980397112, 16.431519405423529 ], [ 42.767074570445914, 16.431525353232882 ], [ 42.767137030307623, 16.431528326706673 ], [ 42.767261951827663, 16.431531301903675 ], [ 42.767398770635332, 16.431552122250025 ], [ 42.767505847122244, 16.431608633745814 ], [ 42.767606974067043, 16.431715709746356 ], [ 42.767651588895632, 16.431757350397302 ], [ 42.767678357792782, 16.431822784826263 ], [ 42.767714049655645, 16.431873349306432 ], [ 42.767788407703286, 16.431983398627906 ], [ 42.76790143283403, 16.432105346055287 ], [ 42.768103686723613, 16.432298678047339 ], [ 42.768311889257014, 16.432492008985374 ], [ 42.768469529216333, 16.432631802005329 ], [ 42.768570656161124, 16.432673443321537 ], [ 42.768662860140203, 16.432759697658874 ], [ 42.768740193408064, 16.432795391177379 ], [ 42.768832395590522, 16.432813236210929 ], [ 42.768897831570754, 16.432842979365908 ], [ 42.768951370263373, 16.432878671145868 ], [ 42.769082240427224, 16.433006568360121 ], [ 42.769144700288933, 16.433051182184858 ], [ 42.769216084014666, 16.433101746345301 ], [ 42.769236905166323, 16.433155283941463 ], [ 42.769257725419664, 16.433232615998772 ], [ 42.769230955624195, 16.433289127867337 ], [ 42.769245827233725, 16.43333671765815 ], [ 42.769302340248245, 16.433333744212032 ], [ 42.769385621261605, 16.433348614888626 ], [ 42.769474850020465, 16.433405126723446 ], [ 42.769516492323774, 16.433452715624224 ], [ 42.769525414391175, 16.433476510931857 ], [ 42.769596799015233, 16.433521124648667 ], [ 42.769653310233124, 16.43359250881446 ], [ 42.769677104808366, 16.433649022301559 ], [ 42.769727669179083, 16.433696611142587 ], [ 42.769793103362694, 16.433741225670463 ], [ 42.769867462308653, 16.433845327057277 ], [ 42.769923974424856, 16.433925634000211 ], [ 42.770007255438216, 16.433994043719728 ], [ 42.770078639163955, 16.43407137630474 ], [ 42.770144074245884, 16.434145733702049 ], [ 42.770152997211603, 16.4342022470282 ], [ 42.770173816566626, 16.434282553823575 ], [ 42.770221405717116, 16.434383680628621 ], [ 42.770260072800205, 16.434437217009865 ], [ 42.770334430847853, 16.434475883648805 ], [ 42.770411763217396, 16.434550241752884 ], [ 42.770444481656682, 16.434597831234736 ], [ 42.770495045129074, 16.434624599828499 ], [ 42.770524788348133, 16.434618651252428 ], [ 42.770554531567186, 16.434594856946315 ], [ 42.770587249108154, 16.434588908369335 ], [ 42.770652684190068, 16.434630549266 ], [ 42.770691350374847, 16.434669214143234 ], [ 42.770730015661307, 16.434681112153715 ], [ 42.770732990881534, 16.434731675889875 ], [ 42.770732990881534, 16.434776290180018 ], [ 42.770780580032017, 16.434791161607787 ], [ 42.770848989435855, 16.434823879606487 ], [ 42.770881706976823, 16.434898237577347 ], [ 42.770902528128467, 16.434954749822953 ], [ 42.770887655620633, 16.435017210616159 ], [ 42.770875759231316, 16.435073722827148 ], [ 42.770929296127314, 16.435127260741421 ], [ 42.770964987990176, 16.435162952963282 ], [ 42.771018525784477, 16.435201618596142 ], [ 42.771101807696148, 16.43523433738731 ], [ 42.771155344592145, 16.435252183058413 ], [ 42.771235652181915, 16.435240285944523 ], [ 42.771277291790277, 16.435237310804332 ], [ 42.771295138620026, 16.435261105893353 ], [ 42.771229702639786, 16.435374130156962 ], [ 42.771176164845478, 16.435383052986296 ], [ 42.771116679305685, 16.435368181603845 ], [ 42.771072063578778, 16.435412795747791 ], [ 42.771072063578778, 16.435478232391858 ], [ 42.771080987442815, 16.435555564385975 ], [ 42.771167241879766, 16.435689409242762 ], [ 42.771182114387599, 16.435778639096043 ], [ 42.771226729216188, 16.435844073032033 ], [ 42.771274318366686, 16.435909508669202 ], [ 42.771307035907647, 16.436004686955176 ], [ 42.771336779126713, 16.435924380010206 ], [ 42.771378418735075, 16.435844073032033 ], [ 42.771405189428847, 16.43583812535492 ], [ 42.771470623612458, 16.43585597097055 ], [ 42.771533085270804, 16.435888688789884 ], [ 42.771571750557257, 16.435942225617914 ], [ 42.771622314927974, 16.43609689179069 ], [ 42.771655033367246, 16.436236684801134 ], [ 42.771708570263243, 16.436546014831332 ], [ 42.771729391414887, 16.436641192805382 ], [ 42.771753185990136, 16.436712576686112 ], [ 42.771779954887286, 16.436775037775629 ], [ 42.771833492681594, 16.436789909050361 ], [ 42.771895953441614, 16.436843447353176 ], [ 42.771970312387573, 16.436998111946664 ], [ 42.772044670435214, 16.43713790603163 ], [ 42.772193385632185, 16.43740856857902 ], [ 42.772348051269596, 16.437759538691733 ], [ 42.772523536262035, 16.438277072129541 ], [ 42.772651432103984, 16.438773784618078 ], [ 42.772722815829717, 16.439157473840055 ], [ 42.772847738248075, 16.439544134793387 ], [ 42.773029171884332, 16.439996232683296 ], [ 42.773362295937758, 16.440748738013994 ], [ 42.773469372424685, 16.441099708120767 ], [ 42.773505064287555, 16.441185963885381 ], [ 42.773534806608296, 16.441227604229102 ], [ 42.773579422335196, 16.441284117217613 ], [ 42.773838188340996, 16.442093132894684 ], [ 42.774070186347956, 16.442902150370053 ], [ 42.774114801176538, 16.443187685144672 ], [ 42.774123725040575, 16.443383989735523 ], [ 42.774120749820348, 16.443499988592787 ], [ 42.774099929567008, 16.443604089917699 ], [ 42.774082083635584, 16.443654654776747 ], [ 42.774046391772707, 16.443687372143643 ], [ 42.773704344753547, 16.443767679324353 ], [ 42.773547056933822, 16.443814954658169 ], [ 42.773437601708032, 16.44384112921977 ], [ 42.773297213893748, 16.443860164792405 ], [ 42.77324724510607, 16.443843508881844 ], [ 42.773218691256446, 16.443836370757104 ], [ 42.773144927893519, 16.443857785992105 ], [ 42.773111614769519, 16.443883959686357 ], [ 42.773061646880166, 16.443919652021822 ], [ 42.773042610680967, 16.443950585029285 ], [ 42.773042610680967, 16.443993414610162 ], [ 42.773056887605783, 16.444041004362486 ], [ 42.77307830434048, 16.444064799234273 ], [ 42.773121134216588, 16.444086213582505 ], [ 42.773168723367078, 16.444102871195383 ], [ 42.773237726557319, 16.444100490674916 ], [ 42.773280557331745, 16.444083834784976 ], [ 42.773347181783102, 16.444052901798738 ], [ 42.773411428393914, 16.44402672812727 ], [ 42.773592267345443, 16.443981518031826 ], [ 42.773873042974024, 16.443931548603949 ], [ 42.774061020837109, 16.443888719009429 ], [ 42.774265654363887, 16.443819714844498 ], [ 42.774408421815366, 16.443803058068898 ], [ 42.774572604204891, 16.443764986910562 ], [ 42.774665403767003, 16.443757847921361 ], [ 42.774758203329114, 16.443753088595084 ], [ 42.77482006940442, 16.443750710655049 ], [ 42.77485814000616, 16.443774504700844 ], [ 42.774884314218589, 16.443814954658169 ], [ 42.775188886219041, 16.44490236859188 ], [ 42.775355447347451, 16.445654277658146 ], [ 42.775512491723731, 16.446299111603523 ], [ 42.775888446551605, 16.447788654689585 ], [ 42.775933656064915, 16.448009944852025 ], [ 42.776040731653517, 16.448431108830331 ], [ 42.776126393202375, 16.448688090580369 ], [ 42.77629771360516, 16.449454277186849 ], [ 42.776502347131931, 16.450332297731912 ], [ 42.776668910955287, 16.450984271226826 ], [ 42.776856887920061, 16.451731420860511 ], [ 42.777059142707969, 16.452568991592489 ], [ 42.777121008783276, 16.452875941892533 ], [ 42.777228084371878, 16.453232861337387 ], [ 42.777466030124337, 16.454270305702227 ], [ 42.777644490336996, 16.45499604160068 ], [ 42.777887195363824, 16.45594306796006 ], [ 42.777979994027625, 16.456423717929429 ], [ 42.778008546978931, 16.456606937358174 ], [ 42.77799664969131, 16.456766360717925 ], [ 42.777965717102809, 16.456930543811364 ], [ 42.777915749213442, 16.457163731379229 ], [ 42.777875297177893, 16.457399298162581 ], [ 42.777830087664583, 16.457687211774239 ], [ 42.777825330186843, 16.457806184629202 ], [ 42.777770602124782, 16.458122654066855 ], [ 42.777587384434383, 16.458774626363994 ], [ 42.777485067221839, 16.459148200753042 ], [ 42.777116251305529, 16.46052353033598 ], [ 42.776687947154471, 16.462096353111409 ], [ 42.776621321804797, 16.462405683275254 ], [ 42.776599906866736, 16.462655527171545 ], [ 42.776595147592353, 16.463005308430091 ], [ 42.776580871565869, 16.463297982041901 ], [ 42.776547559340187, 16.463524030583155 ], [ 42.776511866579, 16.46380956516057 ], [ 42.776490451640939, 16.4639689886295 ], [ 42.776478555251643, 16.464076064868735 ], [ 42.776490451640939, 16.464135551929918 ], [ 42.776521385127751, 16.464190279286441 ], [ 42.776552318614563, 16.464252144862844 ], [ 42.776571354813747, 16.464333047429317 ], [ 42.776607045778299, 16.464625720759766 ], [ 42.776630841251858, 16.46472327815124 ], [ 42.776671292389103, 16.464818456950326 ], [ 42.776716501902406, 16.464911256299061 ], [ 42.77674505485372, 16.465013573213149 ], [ 42.776752193765276, 16.465146822285487 ], [ 42.776723639915652, 16.465410943342327 ], [ 42.776728399190034, 16.465544193003009 ], [ 42.77673553810159, 16.466238995167192 ], [ 42.776756952141334, 16.46687906998195 ], [ 42.776747435389218, 16.46697900734063 ], [ 42.776716501902406, 16.467105118654882 ], [ 42.776695086066042, 16.467209816370875 ], [ 42.776659395101483, 16.467326409177737 ], [ 42.776614184689862, 16.467483452966817 ], [ 42.776583252101368, 16.467614324416793 ], [ 42.776578492826999, 16.467673810392199 ], [ 42.77661656522536, 16.467704743057741 ], [ 42.776678431300667, 16.467707123288545 ], [ 42.776761712314027, 16.467707123288545 ], [ 42.776821197853828, 16.467709501796392 ], [ 42.776885443566314, 16.467707123288545 ], [ 42.776956158945488, 16.467763589797752 ], [ 42.77697900220484, 16.467731229692482 ], [ 42.776910474223385, 16.467677929923678 ], [ 42.776878114211911, 16.467645569804112 ], [ 42.776855270952545, 16.467613207956209 ], [ 42.776853367422461, 16.467577040143222 ], [ 42.77685146299406, 16.467537064640098 ], [ 42.776864787704675, 16.467491380186711 ], [ 42.776927605994182, 16.467434272666537 ], [ 42.776990424283674, 16.467401913367759 ], [ 42.777043724024431, 16.467379069834287 ], [ 42.77708179462617, 16.467346708803351 ], [ 42.777117962596137, 16.467308637958158 ], [ 42.777129383776661, 16.46725343422866 ], [ 42.777127480246584, 16.467186809135764 ], [ 42.777144612017359, 16.467112570359511 ], [ 42.777169358806809, 16.467042138386557 ], [ 42.777192202066168, 16.467004065758598 ], [ 42.777226465607733, 16.466996452093582 ], [ 42.777275959186632, 16.466983126886877 ], [ 42.777342583637989, 16.466969801679255 ], [ 42.777388269258395, 16.466945055970267 ], [ 42.777413016047845, 16.466910791880494 ], [ 42.777413016047845, 16.466878430771384 ], [ 42.777386365728312, 16.466836552137057 ], [ 42.77734448806639, 16.466796577342688 ], [ 42.777308320096424, 16.466764217075976 ], [ 42.77728166977689, 16.466741374328823 ], [ 42.777262633577699, 16.466722338416982 ], [ 42.777262633577699, 16.466693784976442 ], [ 42.777277861818398, 16.466646194750908 ], [ 42.777308320096424, 16.466611930608305 ], [ 42.777333065987555, 16.466573859618791 ], [ 42.777274054758223, 16.466539596324871 ], [ 42.777215045325526, 16.466531980918667 ], [ 42.777178878253878, 16.466533884770246 ], [ 42.777178878253878, 16.466440609804422 ], [ 42.777184587945818, 16.466373985293622 ], [ 42.777171263235211, 16.466307359898451 ], [ 42.77716364821655, 16.466274998688601 ], [ 42.77715413056611, 16.46622931393777 ], [ 42.777138902325419, 16.466195048860005 ], [ 42.777104637885536, 16.466177916749583 ], [ 42.777068469915562, 16.466160784637651 ], [ 42.777018977234981, 16.466113196004205 ], [ 42.776963773964148, 16.466059896651966 ], [ 42.776927605994182, 16.466012307132278 ], [ 42.776946642193359, 16.465960910748031 ], [ 42.77697900220484, 16.465951393184756 ], [ 42.777062760223615, 16.465960910748031 ], [ 42.777138902325419, 16.465970428310836 ], [ 42.777213141795443, 16.465970428310836 ], [ 42.777264538006108, 16.465974235163529 ], [ 42.77731022272819, 16.465995175005713 ], [ 42.777352102186732, 16.466021824692564 ], [ 42.777392077216881, 16.466042765391073 ], [ 42.777403498397405, 16.466040860673196 ], [ 42.777418726638103, 16.466000885714735 ], [ 42.777424437228369, 16.465926647345768 ], [ 42.777424437228369, 16.465869540226077 ], [ 42.777413016047845, 16.46577626494059 ], [ 42.77743014781862, 16.465703928622375 ], [ 42.777477737867429, 16.465635399998 ], [ 42.777548170277292, 16.465578293653987 ], [ 42.777591950570972, 16.46557067907149 ], [ 42.777626215909159, 16.465591618957262 ], [ 42.777605277078216, 16.465643014577953 ], [ 42.777576723228584, 16.465681085750276 ], [ 42.777597662059549, 16.465719157776597 ], [ 42.777645252108357, 16.465774361081564 ], [ 42.777717587149979, 16.465875250938804 ], [ 42.77774804363137, 16.465907611353916 ], [ 42.777770886890721, 16.465926647345768 ], [ 42.777847029890843, 16.46593045419932 ], [ 42.777919365830783, 16.465945681612801 ], [ 42.777961244391008, 16.465964717600915 ], [ 42.778054519161913, 16.466023729410626 ], [ 42.778123047143353, 16.466063702641431 ], [ 42.778208707793908, 16.466101773731136 ], [ 42.778305789624973, 16.466149363228851 ], [ 42.778378124666595, 16.466168399196963 ], [ 42.778448557076452, 16.466155073933336 ], [ 42.77851708595621, 16.466149363228851 ], [ 42.778587518366066, 16.466141748668786 ], [ 42.778665564896265, 16.46613603882539 ], [ 42.778726478757363, 16.46613603882539 ], [ 42.778831174708777, 16.466134134969902 ], [ 42.778962520979739, 16.466137941819383 ], [ 42.779095770780778, 16.466145556379594 ], [ 42.779179527901228, 16.466160783776175 ], [ 42.779272802672125, 16.46617601375598 ], [ 42.779367980973113, 16.466189338156695 ], [ 42.779480291943194, 16.466202663417967 ], [ 42.779546917292876, 16.466231216930847 ], [ 42.779653516774374, 16.466263577286533 ], [ 42.779758212725788, 16.466261674293772 ], [ 42.779819126586901, 16.466263577286533 ], [ 42.779874330756058, 16.466282613243429 ], [ 42.779923823436633, 16.466313069736806 ], [ 42.779984737297724, 16.466353044630893 ], [ 42.780070397948279, 16.466402537058322 ], [ 42.780157963027229, 16.466444415786412 ], [ 42.780255044858301, 16.466495812042464 ], [ 42.780325477268157, 16.466533883908774 ], [ 42.780340704610531, 16.466598606236637 ], [ 42.780331186960098, 16.46668236187611 ], [ 42.780331186960098, 16.466775636725608 ], [ 42.780333089591863, 16.466838455124176 ], [ 42.780308344599057, 16.466914597853254 ], [ 42.780224586580282, 16.467080208422622 ], [ 42.780192226568794, 16.467217266348541 ], [ 42.780175094798011, 16.467276276054005 ], [ 42.780157963027229, 16.467335285741495 ], [ 42.780171286839526, 16.467396200977074 ], [ 42.780209359237894, 16.467487571640881 ], [ 42.780241719249382, 16.467586557626682 ], [ 42.780255044858301, 16.467695061040054 ], [ 42.780277887219349, 16.467809275048445 ], [ 42.780295018990124, 16.467873996088976 ], [ 42.780323572839748, 16.467946333320302 ], [ 42.780329284328324, 16.468005341942341 ], [ 42.780331186960098, 16.468049125022304 ], [ 42.780308344599057, 16.468100520852865 ], [ 42.780256948388384, 16.468163338822055 ], [ 42.780182708020043, 16.468262325324211 ], [ 42.780131311809384, 16.468368923664297 ], [ 42.7799143057862, 16.468679206072217 ], [ 42.779046278100196, 16.469832767996458 ], [ 42.778164925703592, 16.470927321370169 ], [ 42.778100203883994, 16.470965393227445 ], [ 42.778035482962721, 16.470974909683054 ], [ 42.777947918782083, 16.470974909683054 ], [ 42.77787558284215, 16.470948260677233 ], [ 42.777797537210269, 16.470910188816593 ], [ 42.777782308071252, 16.470866407244426 ], [ 42.777826091059879, 16.470815011285897 ], [ 42.777881294330719, 16.470778843208961 ], [ 42.777919365830783, 16.470746481022786 ], [ 42.777936497601566, 16.470698892653811 ], [ 42.777915557872284, 16.470649399600557 ], [ 42.777864161661618, 16.470620845877104 ], [ 42.777818476041219, 16.4706151353042 ], [ 42.777759464811886, 16.470645592839688 ], [ 42.777689033300348, 16.470700795603005 ], [ 42.777643347679955, 16.470754096263398 ], [ 42.777612891198558, 16.47076361359084 ], [ 42.777498675800075, 16.470782649105765 ], [ 42.777296898017589, 16.470927321370169 ], [ 42.777083699054572, 16.471079607031488 ], [ 42.776864788602992, 16.471237603989319 ], [ 42.776661107290408, 16.471445092819543 ], [ 42.776518339838944, 16.471580245579634 ], [ 42.77642696859813, 16.471702074224648 ], [ 42.776168083116396, 16.472113244797693 ], [ 42.776048705998292, 16.472306605843809 ], [ 42.775775066586334, 16.472791420812953 ], [ 42.775688812149383, 16.472946086037219 ], [ 42.775679889183671, 16.473059110744899 ], [ 42.775685836929163, 16.473106700257134 ], [ 42.775709633301034, 16.473172135386651 ], [ 42.775715581046533, 16.473216750313327 ], [ 42.775697735115102, 16.473285159962469 ], [ 42.775670966217945, 16.473377364308877 ], [ 42.775623377067454, 16.473496337010694 ], [ 42.775557941087222, 16.473722385718169 ], [ 42.775543070376003, 16.473894895761699 ], [ 42.775489532581702, 16.474171508660241 ], [ 42.775456814142423, 16.474302379039397 ], [ 42.775418147957645, 16.47436484008637 ], [ 42.775358660621222, 16.474442172947377 ], [ 42.775263483218552, 16.474578991356172 ], [ 42.775085023904211, 16.474813963262047 ], [ 42.77475189985077, 16.4752244199952 ], [ 42.773996420290082, 16.4760929230771 ], [ 42.773068430957188, 16.477267781773946 ], [ 42.77303571341622, 16.477285627885433 ], [ 42.772967304012397, 16.477270756269547 ], [ 42.772907816675961, 16.477246962026317 ], [ 42.772794792443548, 16.477205321662922 ], [ 42.772696638922341, 16.477163681290573 ], [ 42.77263715338254, 16.4771488088039 ], [ 42.77253305211584, 16.477223167780167 ], [ 42.772292131143168, 16.477377832050752 ], [ 42.772113671828812, 16.477478958788105 ], [ 42.771857880144921, 16.477597932416796 ], [ 42.77179839370681, 16.477597932416796 ], [ 42.771703216304147, 16.477636599067282 ], [ 42.771384962961918, 16.477713930622247 ], [ 42.771233271646409, 16.477743674646259 ], [ 42.770968556996799, 16.477889415904649 ], [ 42.770522407812628, 16.478139259652661 ], [ 42.7703558457859, 16.4782374123732 ], [ 42.770216052656345, 16.478430744048747 ], [ 42.770052464053208, 16.478638947043308 ], [ 42.770019747410565, 16.478671663676529 ], [ 42.769966208717946, 16.478665714728312 ], [ 42.769814518300755, 16.478876892802653 ], [ 42.769573598226387, 16.479129710605406 ], [ 42.769243447596537, 16.47943011775984 ], [ 42.769112577432693, 16.479566936952789 ], [ 42.769056065316477, 16.47967996124332 ], [ 42.769005501844077, 16.47982867722391 ], [ 42.768931143796436, 16.479965496996716 ], [ 42.768791349768556, 16.480197493948005 ], [ 42.768660479604698, 16.480432465929841 ], [ 42.768574224269436, 16.480536567240616 ], [ 42.768544481050384, 16.480607951333408 ], [ 42.768493917577985, 16.480738820809744 ], [ 42.768419560428654, 16.480831025054012 ], [ 42.768354124448408, 16.480952972785548 ], [ 42.768172690812165, 16.481357481427054 ], [ 42.768038845428087, 16.481601376150309 ], [ 42.767732490271804, 16.482151625795566 ], [ 42.767521313416495, 16.482556133656114 ], [ 42.767435058081233, 16.48274351736595 ], [ 42.767307161340966, 16.482978488842793 ], [ 42.767250649224756, 16.483136128091253 ], [ 42.767223881225924, 16.483222383247224 ], [ 42.767185214142835, 16.483421663055747 ], [ 42.767093010163755, 16.483674480955258 ], [ 42.766941319746564, 16.483995707836673 ], [ 42.766801526616995, 16.484263397789519 ], [ 42.766697426248612, 16.484453755093863 ], [ 42.766608195693117, 16.484664932886261 ], [ 42.766209635659443, 16.485384719074148 ], [ 42.765790256270733, 16.48604799490812 ], [ 42.765477951572322, 16.486485221139709 ], [ 42.765010983033122, 16.487080085005317 ], [ 42.764648113963993, 16.487505414136951 ], [ 42.764526166765862, 16.487680899159958 ], [ 42.764398270923913, 16.487844488414353 ], [ 42.76422278593148, 16.488011050138383 ], [ 42.763830175439921, 16.488347148343312 ], [ 42.763577357179621, 16.488555351012021 ], [ 42.763253155193581, 16.488736784583576 ], [ 42.763015210339439, 16.48886765459519 ], [ 42.762952747782784, 16.488876578408679 ], [ 42.762869467667741, 16.488849810412468 ], [ 42.762759417757231, 16.488799246143348 ], [ 42.762197269120421, 16.487582746919166 ], [ 42.762003939094861, 16.487157417957441 ], [ 42.761980143621294, 16.487121725829532 ], [ 42.76194742608034, 16.487106854969007 ], [ 42.761896862607941, 16.487109829313479 ], [ 42.761641070924057, 16.487145520582203 ], [ 42.76150722643829, 16.487145520582203 ], [ 42.761447739101861, 16.486809422013746 ], [ 42.760558415953732, 16.486904601160429 ], [ 42.760671440186151, 16.487770129209654 ], [ 42.761581585384249, 16.487674951349891 ], [ 42.76154886604666, 16.487294236858762 ], [ 42.761587533129749, 16.48728233863055 ], [ 42.761858196423169, 16.487252596071652 ], [ 42.76189983782816, 16.487261519098215 ], [ 42.762131834936817, 16.487743361060438 ], [ 42.762640444881001, 16.488888475677523 ], [ 42.762572034578852, 16.488956884959208 ], [ 42.762313267674742, 16.489212676833514 ], [ 42.761881990998418, 16.48966477519609 ], [ 42.76175706858006, 16.489765903268918 ], [ 42.7617184032936, 16.489783748228554 ], [ 42.761688660074547, 16.489780773925169 ], [ 42.761641070924057, 16.489756980357804 ], [ 42.761450714322081, 16.48964692936412 ], [ 42.76131686893801, 16.489566623099886 ], [ 42.76109379479508, 16.489406007887354 ], [ 42.76098374488457, 16.489328675833537 ], [ 42.760936154835768, 16.489304881349224 ], [ 42.760864772008347, 16.489298932727692 ], [ 42.76081420763763, 16.489310829970574 ], [ 42.760781490994979, 16.48931677773038 ], [ 42.76075174777592, 16.489319752902261 ], [ 42.760701183405217, 16.48931677773038 ], [ 42.760644672187318, 16.489295958416854 ], [ 42.760501902939211, 16.489239447363651 ], [ 42.760266932406971, 16.489162114381923 ], [ 42.760150932954339, 16.489108575880667 ], [ 42.760121189735287, 16.489043140967368 ], [ 42.760082522652183, 16.488912271074398 ], [ 42.760088473092637, 16.488751657041636 ], [ 42.760445391721319, 16.488763554318158 ], [ 42.760427545789881, 16.487874230882309 ], [ 42.759514427168192, 16.487868282216809 ], [ 42.759523350133918, 16.488715965207671 ], [ 42.759782117038029, 16.488733811125474 ], [ 42.759924885387825, 16.488763554318158 ], [ 42.759930833133311, 16.488817092053473 ], [ 42.759927858811409, 16.489105600705535 ], [ 42.759945704742847, 16.489141294190393 ], [ 42.759975447961899, 16.489162114381923 ], [ 42.760049806009548, 16.489206728209144 ], [ 42.760287751762007, 16.489298932727692 ], [ 42.760510826803241, 16.489400060130293 ], [ 42.760527789690755, 16.489485543292762 ], [ 42.760527789690755, 16.48953313135268 ], [ 42.760509943759317, 16.48955692580893 ], [ 42.760405843390942, 16.489628310021505 ], [ 42.759926976665803, 16.490021217738231 ], [ 42.759298799160661, 16.49054232072076 ], [ 42.756686151564743, 16.492526791910745 ], [ 42.753970103388042, 16.494634394640403 ], [ 42.753595231928408, 16.494925288298077 ], [ 42.7519248505902, 16.496203059263948 ], [ 42.751858899875302, 16.496253722375268 ], [ 42.750962518663982, 16.496294251821162 ], [ 42.750629394610549, 16.496332322997777 ], [ 42.750039288605457, 16.496351358583276 ], [ 42.749392074901131, 16.496351358583276 ], [ 42.74873534444469, 16.496408467051218 ], [ 42.748021506288993, 16.496427501767883 ], [ 42.747288631035808, 16.49658930582801 ], [ 42.746508168428754, 16.496912912680965 ], [ 42.745727704923389, 16.497331697317897 ], [ 42.745061456816515, 16.497693376421829 ], [ 42.744442796063495, 16.498159749614363 ], [ 42.744062081961246, 16.498416731739802 ], [ 42.743843172407971, 16.498740338981229 ], [ 42.743652814907698, 16.499054427160907 ], [ 42.743157888101905, 16.49927333664613 ], [ 42.742910422902376, 16.499397070343996 ], [ 42.742767656349223, 16.499615980302778 ], [ 42.742643923300314, 16.499882479835073 ], [ 42.742510675295897, 16.500158496605394 ], [ 42.742215620945878, 16.500358372235752 ], [ 42.741949122242119, 16.500329818586916 ], [ 42.741025890386958, 16.500501140416695 ], [ 42.740740354585697, 16.500577282829227 ], [ 42.740321569881708, 16.500672462094723 ], [ 42.740026517328324, 16.50073908686365 ], [ 42.739388821274439, 16.500910406608277 ], [ 42.738636910720381, 16.501281604322735 ], [ 42.738227643666818, 16.501586175147978 ], [ 42.73773271775935, 16.501833638644158 ], [ 42.737618503259178, 16.501709907366305 ], [ 42.737732716861039, 16.501367263973748 ], [ 42.738094393865779, 16.500967514591633 ], [ 42.738265715166882, 16.500758122876832 ], [ 42.738494144167213, 16.500529694040239 ], [ 42.738741607570113, 16.500234640875455 ], [ 42.738970035672132, 16.499987177056095 ], [ 42.739150874623654, 16.499806338010341 ], [ 42.73929364297345, 16.499625498795528 ], [ 42.739455445725795, 16.499530319876175 ], [ 42.739845678376788, 16.499501766966432 ], [ 42.740064587930064, 16.499520803101387 ], [ 42.740150248580619, 16.499568391277268 ], [ 42.740226390682409, 16.499615981164101 ], [ 42.740321569881708, 16.499454177912831 ], [ 42.740188320080669, 16.499320928328196 ], [ 42.740112177080562, 16.499292373664893 ], [ 42.739978927279516, 16.499292373664893 ], [ 42.739788570677561, 16.499292373664893 ], [ 42.739550624026776, 16.499358999770504 ], [ 42.739398338924865, 16.499368517414581 ], [ 42.739341232123941, 16.499311409820457 ], [ 42.739217499973336, 16.499254303070796 ], [ 42.739027143371374, 16.499339963619626 ], [ 42.738884375021584, 16.499463696413549 ], [ 42.738608357769067, 16.499768266656083 ], [ 42.738418001167105, 16.499930069644623 ], [ 42.738265715166882, 16.500158498328037 ], [ 42.73806584091448, 16.50045355074765 ], [ 42.737523324059879, 16.501119799880843 ], [ 42.737037914904533, 16.501709907366305 ], [ 42.736581057802169, 16.502176282071787 ], [ 42.736409737399391, 16.502461815644473 ], [ 42.736381182651456, 16.50259506564921 ], [ 42.736305039651349, 16.502785423008699 ], [ 42.736276486700035, 16.502928191120684 ], [ 42.736219379899111, 16.503080475727376 ], [ 42.736038540947575, 16.503385048026246 ], [ 42.735943362646594, 16.503461190164703 ], [ 42.735791076646372, 16.503470707606915 ], [ 42.735629273894027, 16.503499261653346 ], [ 42.735476988792115, 16.503508779093682 ], [ 42.735172416791663, 16.50357421514386 ], [ 42.734997527382262, 16.503781228328936 ], [ 42.734833344094419, 16.503988241292408 ], [ 42.734747683443871, 16.504116732401659 ], [ 42.734740545430618, 16.504245221702927 ], [ 42.734790514218297, 16.504313037284703 ], [ 42.734833344094419, 16.504380851981395 ], [ 42.734840483005975, 16.504466511982262 ], [ 42.734772668286865, 16.504552172806488 ], [ 42.73462276102552, 16.504630695123581 ], [ 42.734522824348474, 16.504637833592767 ], [ 42.734469286554166, 16.504694941336737 ], [ 42.734294396246447, 16.504887677264222 ], [ 42.734133782863537, 16.505141089838133 ], [ 42.733973168582317, 16.505483731712001 ], [ 42.733766156316669, 16.505687175360318 ], [ 42.73361981896025, 16.505783544145512 ], [ 42.733477050610468, 16.505979849920298 ], [ 42.733380682940044, 16.506151171051254 ], [ 42.733398529769786, 16.50623326192412 ], [ 42.733434220734338, 16.506318922826953 ], [ 42.733441359645909, 16.506397445287877 ], [ 42.733484190420342, 16.506529504857131 ], [ 42.733573420077512, 16.506550920053584 ], [ 42.733648372809874, 16.506422429700574 ], [ 42.733730463555474, 16.506315353623425 ], [ 42.733791140261353, 16.506268953971574 ], [ 42.733858954980455, 16.506218985103288 ], [ 42.733841108150706, 16.506161877809436 ], [ 42.73370904771911, 16.506151171051254 ], [ 42.733644802904934, 16.506086925321949 ], [ 42.733616249953627, 16.505979849920298 ], [ 42.733673356754551, 16.505901327289777 ], [ 42.733773294329914, 16.505851358326485 ], [ 42.733830401130838, 16.505833513126333 ], [ 42.7339053538632, 16.505851358326485 ], [ 42.733976737588939, 16.505854928399874 ], [ 42.734040984199751, 16.505819236275986 ], [ 42.734162335814844, 16.505733575151776 ], [ 42.734330088109317, 16.505683607006429 ], [ 42.734547809191461, 16.505498007725823 ], [ 42.734694145649563, 16.505387363638683 ], [ 42.734926142758212, 16.505319549294981 ], [ 42.734976112444215, 16.505408778961637 ], [ 42.735018942320323, 16.505626500415747 ], [ 42.735043926265007, 16.505883481232946 ], [ 42.735033219245132, 16.506172586289612 ], [ 42.734926142758212, 16.506483106117969 ], [ 42.734779806300111, 16.506686549576045 ], [ 42.734633469842016, 16.506786487058029 ], [ 42.734487133383915, 16.50687928610219 ], [ 42.734255135376955, 16.507022053775465 ], [ 42.734162335814844, 16.507150543729985 ], [ 42.734194458671084, 16.507396819277513 ], [ 42.734272981308393, 16.507607400994967 ], [ 42.734401470936731, 16.507846536748797 ], [ 42.734419317766488, 16.507967888670674 ], [ 42.734376486992062, 16.508107087230911 ], [ 42.734165905719792, 16.508292685729511 ], [ 42.733930338706195, 16.508481853213521 ], [ 42.733826833022533, 16.508617482242663 ], [ 42.733766157214987, 16.508774526126803 ], [ 42.733737604263673, 16.508885171720678 ], [ 42.733673357652869, 16.508977969757471 ], [ 42.733637665789999, 16.509163569142533 ], [ 42.733598404920507, 16.509370582372249 ], [ 42.733444928652538, 16.509506209916584 ], [ 42.733387821851608, 16.509720361922174 ], [ 42.733455636570724, 16.509873838356359 ], [ 42.73346277458397, 16.509963066782362 ], [ 42.733384252844985, 16.510077281691373 ], [ 42.733227209367008, 16.510180788275331 ], [ 42.733095148935405, 16.510227187849591 ], [ 42.733052318160972, 16.51015937261969 ], [ 42.73298450434018, 16.51009512822236 ], [ 42.732959518598868, 16.510234326112137 ], [ 42.732970227415365, 16.510391370405316 ], [ 42.7328560129152, 16.510523429830155 ], [ 42.732720384375284, 16.510480600314974 ], [ 42.732645430744611, 16.510344970870467 ], [ 42.73242770966246, 16.510402077789941 ], [ 42.732231405315005, 16.510394938672317 ], [ 42.732092205971831, 16.510312847844041 ], [ 42.732045806190776, 16.510130818695572 ], [ 42.731931591690604, 16.510063005154414 ], [ 42.731817378088756, 16.510220048725504 ], [ 42.731606795918168, 16.510391370405316 ], [ 42.731446181636933, 16.510466323807808 ], [ 42.731210616419993, 16.510573400169697 ], [ 42.730950064563409, 16.510744720675056 ], [ 42.730796589193744, 16.510937456600381 ], [ 42.730561023078472, 16.511115916735605 ], [ 42.730382562865813, 16.511183731629913 ], [ 42.730218379577963, 16.511198008945371 ], [ 42.730032783148687, 16.511073087351704 ], [ 42.729886445792275, 16.511037395329936 ], [ 42.72974010933418, 16.511115916735605 ], [ 42.729483127382537, 16.511344345123753 ], [ 42.729219007417647, 16.511722679101624 ], [ 42.729086946986051, 16.511986800348268 ], [ 42.729065531149665, 16.51212599773703 ], [ 42.729233283444145, 16.512097444964695 ], [ 42.729590202971146, 16.512043906782669 ], [ 42.729747247347426, 16.512200952189396 ], [ 42.729843615916167, 16.512325873054102 ], [ 42.729939982688272, 16.512468641011182 ], [ 42.729936413681649, 16.512586424388719 ], [ 42.729882875887334, 16.512618546176032 ], [ 42.729725832409365, 16.512672085060142 ], [ 42.729683000736621, 16.512743467632088 ], [ 42.729661586696878, 16.512918358740702 ], [ 42.729757954367294, 16.513075402575623 ], [ 42.72997210644283, 16.513182479214642 ], [ 42.730361147927759, 16.513221739916364 ], [ 42.730628836899271, 16.513071834358112 ], [ 42.730864403912861, 16.512921927822319 ], [ 42.731021449187459, 16.512871958089949 ], [ 42.731289138158971, 16.512975464899856 ], [ 42.73148544340475, 16.513125371394128 ], [ 42.731738856349772, 16.513314537593725 ], [ 42.731867346876435, 16.51345373661001 ], [ 42.732035099170908, 16.513628627075871 ], [ 42.732056514108962, 16.513792810187283 ], [ 42.732056514108962, 16.513960561360378 ], [ 42.731985130383229, 16.514203266924923 ], [ 42.731945868615419, 16.514481663576952 ], [ 42.731867346876435, 16.51468153818028 ], [ 42.731756703179521, 16.51485999830334 ], [ 42.731606796816486, 16.51512768688703 ], [ 42.731553259022178, 16.515249040266372 ], [ 42.731496152221254, 16.515413222862332 ], [ 42.731464029365007, 16.515630943383194 ], [ 42.731428336603827, 16.516009276720709 ], [ 42.73139978365252, 16.516298382135059 ], [ 42.731267724119228, 16.516512532643336 ], [ 42.731089263906576, 16.516823053085563 ], [ 42.730882250742603, 16.517022927850771 ], [ 42.7308037281053, 16.517304894608582 ], [ 42.730653822640583, 16.517740336309448 ], [ 42.730393270783999, 16.518265005928075 ], [ 42.730411116715437, 16.518489866360571 ], [ 42.730575300003288, 16.518693309237708 ], [ 42.730685944598513, 16.518925307113228 ], [ 42.730600283947972, 16.519082352094838 ], [ 42.730543178045352, 16.519239396087549 ], [ 42.730464655408056, 16.519478532089611 ], [ 42.730339733888016, 16.519946096350473 ], [ 42.730254073237468, 16.520317291960644 ], [ 42.730257643142409, 16.520649226811774 ], [ 42.730204103551472, 16.521166760145363 ], [ 42.730175550600165, 16.521388049997586 ], [ 42.730064906903252, 16.521552233405234 ], [ 42.73011844469756, 16.521866320692059 ], [ 42.730218382272916, 16.522205394146546 ], [ 42.730225521184472, 16.522569451914656 ], [ 42.730189828423292, 16.522944217408629 ], [ 42.730054198985066, 16.523340397233785 ], [ 42.729929278363343, 16.523597378610052 ], [ 42.729865031752531, 16.523872205764118 ], [ 42.729915001438528, 16.524104204309324 ], [ 42.730054198985066, 16.524157741733092 ], [ 42.730225521184472, 16.524072081847944 ], [ 42.730464656306367, 16.523975712709298 ], [ 42.73055745497016, 16.524029251029901 ], [ 42.730735915182827, 16.52400069657179 ], [ 42.73093579033354, 16.523897191362426 ], [ 42.731128525674386, 16.523932882731106 ], [ 42.731103540831377, 16.524118479808827 ], [ 42.730932221326917, 16.52451466067005 ], [ 42.730775176052319, 16.524864442086802 ], [ 42.73059314683303, 16.525185668587113 ], [ 42.730318318949962, 16.525556865323509 ], [ 42.730225521184472, 16.52573889371817 ], [ 42.729997092184142, 16.526077967263422 ], [ 42.729661587595189, 16.526463439333192 ], [ 42.729104794714111, 16.526831067372434 ], [ 42.728808551892968, 16.52700238810192 ], [ 42.728608675843937, 16.527202261807137 ], [ 42.728365971715426, 16.527502074130037 ], [ 42.728244619202009, 16.527759056857835 ], [ 42.72815538864652, 16.528119543967662 ], [ 42.728030468923109, 16.528654922767746 ], [ 42.727901976599817, 16.529176024958716 ], [ 42.727976931128801, 16.529415160713874 ], [ 42.728212497244073, 16.529572205777605 ], [ 42.728494463140407, 16.529604328185215 ], [ 42.728933474311326, 16.529518667271454 ], [ 42.729204733187785, 16.529450852785036 ], [ 42.729351068747569, 16.529507960085155 ], [ 42.729329653809501, 16.529668573845594 ], [ 42.728947751236134, 16.529911278619561 ], [ 42.728601538729009, 16.530153983949596 ], [ 42.72821606714902, 16.530418104109113 ], [ 42.72782345575915, 16.530700070257147 ], [ 42.727516505019821, 16.530753606713297 ], [ 42.727220263096996, 16.531110527236933 ], [ 42.727173863315947, 16.531492429993772 ], [ 42.727380875581595, 16.531820795849725 ], [ 42.727459398218897, 16.532142022833181 ], [ 42.727152446581265, 16.532266944580552 ], [ 42.726645621589533, 16.532477529330606 ], [ 42.726481440098318, 16.53256318893142 ], [ 42.726220888241741, 16.532763062907826 ], [ 42.725967476195031, 16.533034322084593 ], [ 42.725771170949251, 16.533580408855524 ], [ 42.725664095360649, 16.533944465844463 ], [ 42.725567726791915, 16.534358492361292 ], [ 42.725449944183431, 16.534740395581224 ], [ 42.725417822225509, 16.535125867577907 ], [ 42.725464221108247, 16.535375712296357 ], [ 42.725539173840609, 16.535554171381268 ], [ 42.725653388340781, 16.535743338003332 ], [ 42.725974615106594, 16.535764754267067 ], [ 42.726274427832671, 16.53559343097994 ], [ 42.726477871091689, 16.535414971931335 ], [ 42.726709869098656, 16.535325742345144 ], [ 42.726752698974771, 16.535400694683613 ], [ 42.726724145125146, 16.535525616905378 ], [ 42.726567100748866, 16.535782598424685 ], [ 42.726302980783977, 16.536025304122614 ], [ 42.726092398613382, 16.536232316982382 ], [ 42.725549881758795, 16.53689261786943 ], [ 42.725132286424234, 16.537585041021149 ], [ 42.72503948686213, 16.537867007032851 ], [ 42.724943119191714, 16.538238202635576 ], [ 42.724907427328844, 16.53860226117154 ], [ 42.724853888636225, 16.538834258376397 ], [ 42.724832473698164, 16.539037703068409 ], [ 42.724846749724662, 16.539308961175873 ], [ 42.724878872580909, 16.539537388941344 ], [ 42.724957396116523, 16.539755109818547 ], [ 42.725089455649808, 16.540261933569607 ], [ 42.725157270368925, 16.540568885137777 ], [ 42.725253638937659, 16.540900818753876 ], [ 42.725350005709764, 16.541082848179069 ], [ 42.725514188997614, 16.541304137591524 ], [ 42.725696218216889, 16.541496874019053 ], [ 42.725781879765755, 16.541632503975077 ], [ 42.725838986566686, 16.541864500980651 ], [ 42.72589966327255, 16.54206437479548 ], [ 42.726053138642214, 16.542371326940312 ], [ 42.726067414668698, 16.542735383704958 ], [ 42.726067414668698, 16.543024487851326 ], [ 42.726138799292755, 16.543481343785356 ], [ 42.726192337087056, 16.543727618644485 ], [ 42.726245874881357, 16.544059553714352 ], [ 42.726277996839286, 16.544505703426019 ], [ 42.726249443887987, 16.544998251075114 ], [ 42.726120953361317, 16.545494369390362 ], [ 42.725928217122167, 16.545994055760808 ], [ 42.725853262593176, 16.546201069118332 ], [ 42.725664096258967, 16.546497311880898 ], [ 42.725396407287448, 16.546811399909263 ], [ 42.725314315643523, 16.546996999097193 ], [ 42.725139426234122, 16.547286102883461 ], [ 42.725050195678627, 16.547403885687565 ], [ 42.725046625773686, 16.547510962232394 ], [ 42.72507517962331, 16.547660867745279 ], [ 42.725103732574624, 16.547853604709665 ], [ 42.725064472603442, 16.548096308998812 ], [ 42.72502878074058, 16.548778025428952 ], [ 42.724875306269233, 16.549416909959884 ], [ 42.724725399906191, 16.54996656525439 ], [ 42.724596909379528, 16.550248532111045 ], [ 42.724536232673664, 16.550534066941594 ], [ 42.724486263885986, 16.550723234373525 ], [ 42.7243542043527, 16.550994493268579 ], [ 42.724204297989665, 16.551208644033117 ], [ 42.723965161969446, 16.5514870407047 ], [ 42.723676058059873, 16.551793991629449 ], [ 42.72347618290916, 16.552029559408183 ], [ 42.723319137634562, 16.552293678896962 ], [ 42.723126402293715, 16.552568505653149 ], [ 42.723022894813418, 16.552754103604865 ], [ 42.722794467609717, 16.552914717817863 ], [ 42.722669546089676, 16.553057485894858 ], [ 42.722541054664696, 16.55324308337579 ], [ 42.72253034764482, 16.553414404763661 ], [ 42.722523208733264, 16.553571449235456 ], [ 42.72245896302077, 16.553735631955533 ], [ 42.722259088768368, 16.554014029283238 ], [ 42.722127029235082, 16.554135382324453 ], [ 42.721984260885293, 16.554363809750388 ], [ 42.72188789321487, 16.5546422070319 ], [ 42.721805801570959, 16.555059803061319 ], [ 42.721670173031036, 16.555320354405964 ], [ 42.721488143811754, 16.555638011851993 ], [ 42.721249007791549, 16.555884285822497 ], [ 42.720999164751468, 16.556084160604644 ], [ 42.720774305656072, 16.55643037162125 ], [ 42.720581570315225, 16.556812275913202 ], [ 42.720399541095944, 16.557087103976425 ], [ 42.720185389918733, 16.557454731351879 ], [ 42.719985513869702, 16.557676020919121 ], [ 42.719710686884937, 16.557954416860557 ], [ 42.719446566920055, 16.558297058858084 ], [ 42.719193153975034, 16.558532627299719 ], [ 42.718886204134023, 16.558803884676468 ], [ 42.718661345038626, 16.559028744367698 ], [ 42.718472177806092, 16.559264311053823 ], [ 42.718368671224106, 16.55943563139472 ], [ 42.718065288593102, 16.559842520145736 ], [ 42.717761907758714, 16.560170885094195 ], [ 42.717569172417875, 16.560299375835935 ], [ 42.717444250897834, 16.560470696978655 ], [ 42.717397851116786, 16.560649156950248 ], [ 42.717269358793487, 16.56085973912527 ], [ 42.717073055344343, 16.561059613913212 ], [ 42.717012377740161, 16.561141706406346 ], [ 42.716873180193623, 16.561341580040736 ], [ 42.716605491222104, 16.561591422653187 ], [ 42.716334233243963, 16.56178416032634 ], [ 42.716052265551014, 16.561991173086771 ], [ 42.715727469778571, 16.562144648425495 ], [ 42.715509749594744, 16.56226599979097 ], [ 42.715449072888873, 16.562455166901717 ], [ 42.715384827176386, 16.562662179802192 ], [ 42.715345567205205, 16.562737133569954 ], [ 42.7152813205944, 16.56285134824601 ], [ 42.715184952923984, 16.563011961793155 ], [ 42.715017200629504, 16.563140452362248 ], [ 42.714885141096218, 16.563268942845642 ], [ 42.714753080664607, 16.563415280010084 ], [ 42.714631728151197, 16.56358660182622 ], [ 42.714406869954118, 16.563772198638112 ], [ 42.714221270829896, 16.563925675141103 ], [ 42.714042810617237, 16.56406487295229 ], [ 42.713821522325091, 16.564143395169612 ], [ 42.713327040185376, 16.564333081363291 ], [ 42.713059351213857, 16.564505592313058 ], [ 42.712767866768779, 16.564785177805931 ], [ 42.712523972372509, 16.56504097085153 ], [ 42.712333614872236, 16.565380044189499 ], [ 42.712137309626456, 16.565731014631872 ], [ 42.711941004380677, 16.566058190796845 ], [ 42.711738749592769, 16.566367520775522 ], [ 42.711524598415565, 16.56671254318158 ], [ 42.711459164231954, 16.566998077726545 ], [ 42.711304497696226, 16.56738474060321 ], [ 42.711131987923999, 16.568187807902852 ], [ 42.711078450129705, 16.568503086670162 ], [ 42.711013015047776, 16.56897303076973 ], [ 42.711131987923999, 16.569145541868707 ], [ 42.711280704917606, 16.56924072004302 ], [ 42.711441318300515, 16.569347795648149 ], [ 42.711578137108184, 16.569484614868617 ], [ 42.711750647778707, 16.569633329730067 ], [ 42.711863672011134, 16.56975230256975 ], [ 42.712012389004734, 16.570049736069397 ], [ 42.712071875442838, 16.570192504364883 ], [ 42.712125413237146, 16.570394757905699 ], [ 42.712196796962886, 16.570597012095085 ], [ 42.712202744708378, 16.570733831288976 ], [ 42.712095669119783, 16.570876599077256 ], [ 42.711994543073295, 16.571049109331899 ], [ 42.712018337648544, 16.571179981244509 ], [ 42.712095669119783, 16.57135843904306 ], [ 42.712226541080256, 16.57148336121174 ], [ 42.712351461701985, 16.571673717785256 ], [ 42.712387153564855, 16.571792691086262 ], [ 42.712428794969846, 16.571881921013777 ], [ 42.712523973270827, 16.572006841981814 ], [ 42.712553715591575, 16.572143661895915 ], [ 42.712601304742059, 16.572280480851791 ], [ 42.712678638009933, 16.572339968185016 ], [ 42.712773816310907, 16.572423248354259 ], [ 42.712738124448038, 16.572595759806163 ], [ 42.712761919023286, 16.572690937997049 ], [ 42.712880891899516, 16.572833705195155 ], [ 42.712999864775746, 16.572970523660661 ], [ 42.713112889008158, 16.573154932725807 ], [ 42.713154530413156, 16.573309597673891 ], [ 42.713166426802474, 16.573494006414247 ], [ 42.713196170919836, 16.57362487666499 ], [ 42.713219964596767, 16.573737901018266 ], [ 42.713279451933197, 16.573850925305184 ], [ 42.713356784302746, 16.573940155139773 ], [ 42.713404374351555, 16.574059127901229 ], [ 42.713451961705417, 16.574195947217849 ], [ 42.713619688847061, 16.574548764774338 ], [ 42.713611941776044, 16.574628452801459 ], [ 42.713544127955252, 16.575092448887407 ], [ 42.713508436092383, 16.575328014868518 ], [ 42.713490590160944, 16.57566351939165 ], [ 42.713519143112258, 16.575966900903452 ], [ 42.713551265968498, 16.576195329131743 ], [ 42.713615511680985, 16.576427325856589 ], [ 42.713601234756176, 16.576730707886504 ], [ 42.71359052683799, 16.576919875425187 ], [ 42.713533420037059, 16.577148303383524 ], [ 42.713429914353398, 16.577426699591193 ], [ 42.71330499193504, 16.577755064692365 ], [ 42.713094409764452, 16.57821549139484 ], [ 42.712958780326232, 16.578547425600529 ], [ 42.712826719894622, 16.578790130827795 ], [ 42.712730353122517, 16.579064957663864 ], [ 42.712630414648842, 16.579279109939829 ], [ 42.712487647197371, 16.579564645650098 ], [ 42.712387709622014, 16.579753812986272 ], [ 42.712298479964844, 16.579971533197615 ], [ 42.712198543287791, 16.580146423617833 ], [ 42.712052205931386, 16.580335591243092 ], [ 42.711962976274208, 16.580456943197895 ], [ 42.711902299568344, 16.58066752609685 ], [ 42.711877315623667, 16.580942352834708 ], [ 42.711898730561721, 16.581281426580034 ], [ 42.711902301364979, 16.581459886206012 ], [ 42.711920147296418, 16.581695453003256 ], [ 42.711927285309663, 16.582027387233172 ], [ 42.712030790993325, 16.582166585732569 ], [ 42.71214857539843, 16.582248676975631 ], [ 42.712369864588894, 16.582402153386543 ], [ 42.712534047876737, 16.582537782099603 ], [ 42.712630416445471, 16.582609166364719 ], [ 42.712748199952266, 16.582773349299124 ], [ 42.712783890916818, 16.582962516063791 ], [ 42.712805306753189, 16.583158821650073 ], [ 42.712865982560743, 16.583351558396895 ], [ 42.712951643211284, 16.583508601703446 ], [ 42.712987335074168, 16.583662077970295 ], [ 42.713019457930407, 16.583858382842809 ], [ 42.71302302693703, 16.584022565572152 ], [ 42.713026595943653, 16.584350930610501 ], [ 42.713019457930407, 16.584504407066351 ], [ 42.713090840757822, 16.584586498172882 ], [ 42.713176502306688, 16.584607913313253 ], [ 42.713365670437533, 16.584575790601797 ], [ 42.713454899196392, 16.584575790601797 ], [ 42.713522713915509, 16.584615052266813 ], [ 42.713565543791624, 16.584704281415426 ], [ 42.713561974785001, 16.584797080856973 ], [ 42.713508436990701, 16.584975539804912 ], [ 42.713472745127831, 16.585125446295255 ], [ 42.713483453046017, 16.585207537136778 ], [ 42.713469176121201, 16.585393134628642 ], [ 42.713512005997316, 16.58551448769833 ], [ 42.713615512579302, 16.585653687118558 ], [ 42.713729727079468, 16.58576076220259 ], [ 42.713851079592885, 16.585903530036511 ], [ 42.713872493632628, 16.58608912771783 ], [ 42.713861786612753, 16.586281864111786 ], [ 42.713783263975451, 16.5864389076091 ], [ 42.713672620278551, 16.586603090718921 ], [ 42.713676189285167, 16.586749428225765 ], [ 42.713765418942337, 16.586967148269366 ], [ 42.71387606443588, 16.587131330928319 ], [ 42.71400812396918, 16.587227700349171 ], [ 42.714158030332214, 16.587338343983269 ], [ 42.714229414057947, 16.587470404097296 ], [ 42.714275812940691, 16.587613173245124 ], [ 42.714307935796931, 16.587755939704191 ], [ 42.714307935796931, 16.587930829935718 ], [ 42.714336489646549, 16.588062889642952 ], [ 42.714432857316972, 16.588219935129889 ], [ 42.714507810049334, 16.588351994638632 ], [ 42.714622025447817, 16.588516176976437 ], [ 42.714668425228879, 16.58867679235556 ], [ 42.714611318427949, 16.588848113212563 ], [ 42.714532795790639, 16.588940912376856 ], [ 42.714522087872453, 16.588994449872313 ], [ 42.714618457339512, 16.589101524818513 ], [ 42.714764792899295, 16.589251430676153 ], [ 42.714854022556459, 16.589472720717925 ], [ 42.714971806961572, 16.589565518719915 ], [ 42.7153894013978, 16.589918869415936 ], [ 42.715517892822781, 16.590090190888358 ], [ 42.715667799185823, 16.590343602579537 ], [ 42.715739182911562, 16.590632707590519 ], [ 42.715817703752229, 16.590836150959266 ], [ 42.71592835014409, 16.591096702102298 ], [ 42.716028286821128, 16.59120377759988 ], [ 42.716163916259362, 16.591453621056619 ], [ 42.716367360416704, 16.591778417839912 ], [ 42.716463728985431, 16.591946170036906 ], [ 42.716567234669107, 16.592242413030895 ], [ 42.716613633551844, 16.592452995081111 ], [ 42.716681449169272, 16.592677854209551 ], [ 42.716749263888389, 16.592949113406323 ], [ 42.716756401901634, 16.59322393981558 ], [ 42.716759970908257, 16.593441661138606 ], [ 42.716742125875143, 16.593559444123759 ], [ 42.716738555970196, 16.593777165927779 ], [ 42.716824216620751, 16.594094822767563 ], [ 42.716899170251423, 16.594394636050897 ], [ 42.716917016182862, 16.59467660241766 ], [ 42.716909877271291, 16.594926444805534 ], [ 42.716863476591932, 16.59520841125325 ], [ 42.716820646715803, 16.59540471639329 ], [ 42.716834925437247, 16.595579607416614 ], [ 42.716867048293494, 16.595615299284514 ], [ 42.716934863012604, 16.595661698961152 ], [ 42.717009815744966, 16.595722374848467 ], [ 42.717056214627704, 16.595800896202082 ], [ 42.717070491552519, 16.595907971662665 ], [ 42.717102614408766, 16.596036462653174 ], [ 42.717181137046069, 16.59609357088036 ], [ 42.717306057667784, 16.596114985600288 ], [ 42.717359597258721, 16.596182799868693 ], [ 42.717341750428972, 16.596289875977455 ], [ 42.717277504716492, 16.596364828701567 ], [ 42.717259658785053, 16.596482611617684 ], [ 42.717288212634671, 16.596593257674769 ], [ 42.717345320333912, 16.596657503382186 ], [ 42.717484517880443, 16.59666821114148 ], [ 42.71764513126336, 16.596657503382186 ], [ 42.717780760701579, 16.59666821114148 ], [ 42.71778789961315, 16.596721748207241 ], [ 42.717734360920524, 16.596821684654753 ], [ 42.717605871292179, 16.59688236189773 ], [ 42.717455964030826, 16.596946608369418 ], [ 42.7173203345926, 16.597050113945972 ], [ 42.717252520771808, 16.597157188710746 ], [ 42.717152583196444, 16.597346356823696 ], [ 42.717127599251768, 16.597517677704285 ], [ 42.71715972120969, 16.597788936959496 ], [ 42.717198982977493, 16.597896012173617 ], [ 42.717277504716492, 16.598006657417152 ], [ 42.717384581203397, 16.598113733370877 ], [ 42.717498794805259, 16.598213670816477 ], [ 42.717616578312047, 16.598320745794002 ], [ 42.717698669955979, 16.598456375333253 ], [ 42.717745068838717, 16.598592004776805 ], [ 42.717791468619765, 16.598774033910935 ], [ 42.717820021571079, 16.598966769643052 ], [ 42.71778789961315, 16.599123813972067 ], [ 42.717727222907278, 16.599241596919398 ], [ 42.717655840079857, 16.599423626299213 ], [ 42.717734360920524, 16.599709161373088 ], [ 42.717766483776771, 16.599905467082159 ], [ 42.717770052783401, 16.600048233883765 ], [ 42.717777190796646, 16.600180293877141 ], [ 42.717805746442892, 16.600287370341711 ], [ 42.717837868400828, 16.600387308378867 ], [ 42.717841437407444, 16.600512229776157 ], [ 42.717834299394198, 16.600697827130748 ], [ 42.717816452564449, 16.600897702726233 ], [ 42.717784329708202, 16.601090438911342 ], [ 42.717745068838717, 16.60124034402989 ], [ 42.717666547099725, 16.601433080732232 ], [ 42.717555900707865, 16.601579417282618 ], [ 42.717527347756558, 16.601765016189194 ], [ 42.717570179429302, 16.601914921642411 ], [ 42.717523778749943, 16.602121935136502 ], [ 42.717448826017581, 16.602261132864182 ], [ 42.717313198375976, 16.602428886243942 ], [ 42.717149015088133, 16.602557376318668 ], [ 42.71691344807455, 16.602685867168347 ], [ 42.716738557766831, 16.602685867168347 ], [ 42.716635051184845, 16.602607345183944 ], [ 42.71655652944586, 16.602510976584931 ], [ 42.716506560658182, 16.602353931580243 ], [ 42.716478005910247, 16.602246857127966 ], [ 42.716453021067252, 16.602000583078706 ], [ 42.716438745040755, 16.601807846084654 ], [ 42.716467297992061, 16.601597263951657 ], [ 42.716453021067252, 16.60151160319645 ], [ 42.716438745040755, 16.601404527413973 ], [ 42.716445883952318, 16.60127246740095 ], [ 42.716406622184508, 16.601104715594335 ], [ 42.716392345259699, 16.600986932067041 ], [ 42.716392345259699, 16.600837025889952 ], [ 42.716353084390207, 16.600665703663637 ], [ 42.716288838677713, 16.60053007568342 ], [ 42.716210316938735, 16.60040872262044 ], [ 42.716135364206373, 16.600290940388344 ], [ 42.7160604105757, 16.600169587174367 ], [ 42.716035426631016, 16.600055373124981 ], [ 42.716006872781392, 16.600044666415247 ], [ 42.716003303774762, 16.600290940388344 ], [ 42.716003303774762, 16.600490813824372 ], [ 42.716006872781392, 16.600687119595936 ], [ 42.7160604105757, 16.600897702726233 ], [ 42.716110380261696, 16.601311729100317 ], [ 42.716153210137804, 16.601586555606083 ], [ 42.716160348151057, 16.601693632148006 ], [ 42.716188901102356, 16.60179713861168 ], [ 42.716235300883412, 16.601904214175413 ], [ 42.716267423739659, 16.601986305601397 ], [ 42.716324531438893, 16.602175473265767 ], [ 42.716356654295147, 16.602275410321074 ], [ 42.71639591516464, 16.60236463988306 ], [ 42.716406623082825, 16.602553807174996 ], [ 42.71639591516464, 16.602803649654359 ], [ 42.716378069233201, 16.603160570116 ], [ 42.716335239357093, 16.603631702767306 ], [ 42.71629240858266, 16.603824438792895 ], [ 42.716263854733029, 16.604117113305211 ], [ 42.716256716719784, 16.604299142371204 ], [ 42.716260285726413, 16.604402648292275 ], [ 42.716310255412402, 16.604491877727305 ], [ 42.716360224200081, 16.604516862340464 ], [ 42.716385208144764, 16.604556124237799 ], [ 42.716381639138142, 16.604613230794335 ], [ 42.716388778049712, 16.604702460992421 ], [ 42.716410192089455, 16.604773843915865 ], [ 42.716420900007641, 16.604870212240844 ], [ 42.71643160792582, 16.604938026863429 ], [ 42.716460160877133, 16.605002272363894 ], [ 42.716488714726744, 16.605052240593366 ], [ 42.716513698671427, 16.605109347863301 ], [ 42.716600141754583, 16.605261272849432 ], [ 42.716673906015828, 16.605339796331851 ], [ 42.716733391555628, 16.605401662304114 ], [ 42.716795257630935, 16.605475425221599 ], [ 42.716842847679736, 16.605506358188386 ], [ 42.716888058091364, 16.605470665574778 ], [ 42.716890436830234, 16.605380246897244 ], [ 42.716914232303786, 16.605354072699132 ], [ 42.717002271693211, 16.605356452093577 ], [ 42.717142658609184, 16.605387385079517 ], [ 42.717297325144912, 16.605432595282775 ], [ 42.717432953684821, 16.605492081832416 ], [ 42.717592377698303, 16.60558726010137 ], [ 42.717682797623219, 16.605746682713857 ], [ 42.717732766410897, 16.605891830589503 ], [ 42.717758940623334, 16.606091705947406 ], [ 42.717732766410897, 16.606239232085048 ], [ 42.717713731110024, 16.606405794883507 ], [ 42.717661381786847, 16.606474798654368 ], [ 42.717559064574296, 16.606543803261296 ], [ 42.717492441021257, 16.606653258140803 ], [ 42.717506717946065, 16.606734159570834 ], [ 42.717554307096549, 16.606767471711915 ], [ 42.717639966848779, 16.606800784708074 ], [ 42.717704211662962, 16.606807922837561 ], [ 42.717789874110146, 16.606812681590409 ], [ 42.717870774587993, 16.606784129071567 ], [ 42.717896948800437, 16.606755574826781 ], [ 42.718034957875844, 16.606760333580922 ], [ 42.718118238889204, 16.60680316494544 ], [ 42.71820865791581, 16.60686265020987 ], [ 42.7182895601903, 16.606941172176935 ], [ 42.718346666991231, 16.607036350588825 ], [ 42.718391877402844, 16.607198153953004 ], [ 42.718422809991338, 16.607329023651715 ], [ 42.71848943534102, 16.607417063764867 ], [ 42.718565578341128, 16.607471791824484 ], [ 42.718651238093365, 16.607536037338487 ], [ 42.718732140367855, 16.607616940118433 ], [ 42.718794004646519, 16.607721635656304 ], [ 42.718848733606897, 16.607835850313915 ], [ 42.718941532270684, 16.607945305318104 ], [ 42.719055746770856, 16.608030965787517 ], [ 42.719181857660331, 16.608121384939164 ], [ 42.719327004748997, 16.60820466597092 ], [ 42.719419804311109, 16.608330777129659 ], [ 42.719484050023588, 16.608385504928965 ], [ 42.71955543285101, 16.608435474000153 ], [ 42.719655371324691, 16.608485443058338 ], [ 42.719726754152113, 16.608525892961392 ], [ 42.719771963665409, 16.608597277046698 ], [ 42.719779102576979, 16.608663902398607 ], [ 42.719750548727362, 16.608744803842708 ], [ 42.719764825652163, 16.608818567198227 ], [ 42.719871901240772, 16.608904227278224 ], [ 42.719957562789638, 16.608961334263942 ], [ 42.720062257842748, 16.609018442093522 ], [ 42.720162196316416, 16.609106482293214 ], [ 42.720271650643888, 16.609208799394214 ], [ 42.720452489595424, 16.609332529687713 ], [ 42.72063332944527, 16.609463401375649 ], [ 42.720795133994244, 16.609575235655463 ], [ 42.720923623622589, 16.609670413623075 ], [ 42.721009285171455, 16.609763213064522 ], [ 42.721230575260229, 16.609989262268638 ], [ 42.72140903367626, 16.610201034339873 ], [ 42.721461382999443, 16.610296211997383 ], [ 42.721528006552482, 16.610384251611404 ], [ 42.721616046840232, 16.610467533383709 ], [ 42.721680292552712, 16.610524639904632 ], [ 42.721773091216512, 16.610593644778412 ], [ 42.721868270415811, 16.610693581758898 ], [ 42.721992002566409, 16.610795898875274 ], [ 42.722089559606268, 16.610910113426542 ], [ 42.722158563694819, 16.611029085697453 ], [ 42.722196636093187, 16.611129023312188 ], [ 42.722260880907356, 16.611350313129346 ], [ 42.722306091318984, 16.61149546107492 ], [ 42.722358438845539, 16.611626331289074 ], [ 42.722420305819149, 16.611707233207035 ], [ 42.722489309907701, 16.611780996285678 ], [ 42.722546416708624, 16.611876174881864 ], [ 42.722613041159988, 16.611919005105641 ], [ 42.722701082346035, 16.611921384418768 ], [ 42.722774844810651, 16.611916624931659 ], [ 42.722858125824011, 16.61197849136823 ], [ 42.722860506359517, 16.612033218989001 ], [ 42.722872402748813, 16.612128398321012 ], [ 42.722910474248877, 16.612204539686683 ], [ 42.723098452111969, 16.612206918996272 ], [ 42.723257876125444, 16.612133156081224 ], [ 42.723800392980039, 16.611854759335987 ], [ 42.723940779896004, 16.611795273035071 ], [ 42.724002646869629, 16.611790514405669 ], [ 42.724009784882874, 16.611816687726762 ], [ 42.723902709294265, 16.611902349052109 ], [ 42.723686179378177, 16.611995148275977 ], [ 42.723486304227464, 16.612111741424822 ], [ 42.723241218665123, 16.612233093982262 ], [ 42.723074656638417, 16.612297338764527 ], [ 42.722927129912556, 16.612337788725611 ], [ 42.722798640284211, 16.612385379182861 ], [ 42.722672527598093, 16.612428209293068 ], [ 42.722622559708739, 16.612456762694571 ], [ 42.722584488208675, 16.612482936785685 ], [ 42.722567831646678, 16.612504352261521 ], [ 42.72257021128388, 16.612530526346145 ], [ 42.722605903146743, 16.612561459037625 ], [ 42.722655871934421, 16.612587633114472 ], [ 42.722889059310816, 16.612594771889729 ], [ 42.723112729036778, 16.612599531360029 ], [ 42.72327453178913, 16.612594771889729 ], [ 42.723476785678706, 16.612566217647931 ], [ 42.723671901555058, 16.612551940955846 ], [ 42.723874156342958, 16.612561459037625 ], [ 42.724183485821158, 16.612563839203617 ], [ 42.724590373237518, 16.612573354702345 ], [ 42.725675407845024, 16.61259477102891 ], [ 42.725730135008767, 16.612613807187753 ], [ 42.725761069393883, 16.612639981257463 ], [ 42.725770586145998, 16.612680431146376 ], [ 42.725787241809684, 16.61277799032095 ], [ 42.725782484331944, 16.612825578086657 ], [ 42.725763448132753, 16.612863650356694 ], [ 42.725758688858384, 16.612894582994517 ], [ 42.725772965783193, 16.612920757025961 ], [ 42.725792001982377, 16.612944550892603 ], [ 42.725799139995623, 16.612963587016768 ], [ 42.725796761256753, 16.613006416998022 ], [ 42.725770586145998, 16.613042109932994 ], [ 42.725753929584002, 16.613075420980081 ], [ 42.725753929584002, 16.613096837250659 ], [ 42.725765827769948, 16.613127769850923 ], [ 42.725765827769948, 16.613177737688325 ], [ 42.725749171207944, 16.613234845985826 ], [ 42.725711098809569, 16.613318127382804 ], [ 42.725661130920216, 16.613358577989693 ], [ 42.725604024119285, 16.613372853760993 ], [ 42.725404148968565, 16.613372853760993 ], [ 42.725223310017043, 16.613370475326668 ], [ 42.725097199127561, 16.613368096031493 ], [ 42.72501867559194, 16.613377613212002 ], [ 42.724978226251331, 16.613396649293243 ], [ 42.724029614294444, 16.61326530339322 ], [ 42.723967748219152, 16.61322961222136 ], [ 42.723865431904919, 16.613210576123567 ], [ 42.723744079391508, 16.613179642675824 ], [ 42.723627485254156, 16.613170126346319 ], [ 42.723468061240673, 16.613151090242624 ], [ 42.723346708727263, 16.61314157219007 ], [ 42.723089726775619, 16.613134432574324 ], [ 42.722923163850574, 16.613143952348864 ], [ 42.722806570611546, 16.613158228136118 ], [ 42.722768500009792, 16.61317726337829 ], [ 42.722751843447796, 16.613196298618572 ], [ 42.722751843447796, 16.613215334717786 ], [ 42.722763740735424, 16.613231992379067 ], [ 42.722794674222229, 16.613239130269555 ], [ 42.722832745722279, 16.613231992379067 ], [ 42.722877955235589, 16.61324864659564 ], [ 42.722939821310895, 16.61327244214328 ], [ 42.72298502992588, 16.613293856670257 ], [ 42.723032619974681, 16.613310512603096 ], [ 42.723106383337615, 16.613320032368911 ], [ 42.72322297657665, 16.613334308143074 ], [ 42.723315776138769, 16.613346206342364 ], [ 42.723377642214068, 16.613355722663144 ], [ 42.723422851727371, 16.613377138902461 ], [ 42.723456163953045, 16.613389036238281 ], [ 42.723487097439858, 16.613389036238281 ], [ 42.723525168939922, 16.613384276787553 ], [ 42.723584655378033, 16.613384276787553 ], [ 42.723637002904582, 16.613429485969419 ], [ 42.723698868979881, 16.61350325010817 ], [ 42.723739320117126, 16.613605565727649 ], [ 42.723772632342808, 16.613800682226422 ], [ 42.723794047280869, 16.613867308355712 ], [ 42.723810702944547, 16.613924414726512 ], [ 42.723832118780926, 16.613948209329603 ], [ 42.723903503404969, 16.613962485917881 ], [ 42.723977265869586, 16.61397914093191 ], [ 42.72401533736965, 16.614010074250867 ], [ 42.724031993033329, 16.614043386851673 ], [ 42.724043890320942, 16.614124287751377 ], [ 42.724098619281321, 16.614221846192414 ], [ 42.724136689883061, 16.614286092030966 ], [ 42.724174762281429, 16.614350336987219 ], [ 42.724191417046796, 16.614414581921967 ], [ 42.724205693971605, 16.614488344821499 ], [ 42.724241385834475, 16.614766742913602 ], [ 42.724277077697344, 16.614961858232476 ], [ 42.724362739246203, 16.615297363322135 ], [ 42.724453158272816, 16.615808947284879 ], [ 42.724588786812731, 16.616327669381807 ], [ 42.724683966012016, 16.616672690823627 ], [ 42.724850528937061, 16.617481707006636 ], [ 42.724895739348675, 16.617772002126589 ], [ 42.724926671937169, 16.617898113028101 ], [ 42.724971882348797, 16.618021846330855 ], [ 42.725052782826651, 16.618331176226057 ], [ 42.725186032627697, 16.618937938390683 ], [ 42.725285970203046, 16.619337688427251 ], [ 42.725485845353766, 16.619930172988564 ], [ 42.725592920044058, 16.620425101342615 ], [ 42.725719031831844, 16.62094620307942 ], [ 42.72589987168169, 16.621650523694854 ], [ 42.726061675332353, 16.622407192370112 ], [ 42.726402771035623, 16.623681869085985 ], [ 42.726427755878618, 16.62377109903121 ], [ 42.726452739823301, 16.623931713344529 ], [ 42.726420616967062, 16.624302909091838 ], [ 42.726377787090939, 16.624627705427308 ], [ 42.726345664234699, 16.624913240903702 ], [ 42.726263572590767, 16.6252059142615 ], [ 42.726131513057481, 16.625466465271899 ], [ 42.725992313714322, 16.625644925182723 ], [ 42.725913791975337, 16.625752001221706 ], [ 42.725824562318166, 16.625866214621894 ], [ 42.725606842134333, 16.626173164788543 ], [ 42.725460503879596, 16.626337348375255 ], [ 42.725378413133988, 16.626508669218541 ], [ 42.72536056720255, 16.62664786820563 ], [ 42.725396259065427, 16.626740667187335 ], [ 42.725478349811041, 16.626801342725102 ], [ 42.725660379928634, 16.626801342725102 ], [ 42.725810286291669, 16.626808480971771 ], [ 42.725949483838207, 16.626847741754073 ], [ 42.726017298557316, 16.626908418118745 ], [ 42.726106529112798, 16.626972664014843 ], [ 42.726170773926981, 16.627022633412835 ], [ 42.726327819201586, 16.62710115488176 ], [ 42.726434893891877, 16.627201091876284 ], [ 42.726524122650723, 16.627315306996145 ], [ 42.726599077179721, 16.62746521230109 ], [ 42.726641907055836, 16.627600841055322 ], [ 42.726659752987274, 16.627729333223044 ], [ 42.726681168823639, 16.628071974853 ], [ 42.726641907055836, 16.628282557218313 ], [ 42.726624062022715, 16.628353940843432 ], [ 42.726641907055836, 16.628425323581251 ], [ 42.726706152768323, 16.628496708874749 ], [ 42.726813229255242, 16.628528831129184 ], [ 42.726927441958786, 16.628578800121865 ], [ 42.727023809629202, 16.628646614117343 ], [ 42.727223684779915, 16.62892144281691 ], [ 42.727327192260212, 16.629067779076792 ], [ 42.727423559930635, 16.629199839771204 ], [ 42.727484235738189, 16.629299777393996 ], [ 42.727552051355616, 16.62945325237428 ], [ 42.727577035300293, 16.629567466153343 ], [ 42.72757346629367, 16.629674541724643 ], [ 42.72754134343743, 16.629770909601636 ], [ 42.727427591569636, 16.629870032665082 ], [ 42.726296158977703, 16.629848618266021 ], [ 42.723119577792509, 16.629787941970509 ], [ 42.719307681987232, 16.629680867323248 ], [ 42.718429659645388, 16.629677297823012 ], [ 42.718172677693744, 16.629659452042326 ], [ 42.718037050052139, 16.629630897756883 ], [ 42.717972804339652, 16.629673728322715 ], [ 42.717933542571842, 16.62972012837848 ], [ 42.717926404558597, 16.629823634367057 ], [ 42.717929973565219, 16.629895018279484 ], [ 42.717962097319777, 16.629962832670429 ], [ 42.718022774025641, 16.630009232656271 ], [ 42.718108433777878, 16.630027078404417 ], [ 42.718179818401929, 16.630034217391803 ], [ 42.718233355297919, 16.630002093667958 ], [ 42.718333292873282, 16.629977109788978 ], [ 42.718436800353579, 16.629984247917484 ], [ 42.722998225279085, 16.630080615638889 ], [ 42.727545375974735, 16.630194829905175 ], [ 42.727713127370897, 16.630237660345088 ], [ 42.727805926034691, 16.630276921286363 ], [ 42.72787730976043, 16.630301905126291 ], [ 42.727930847554731, 16.630305472893422 ], [ 42.727955832397726, 16.63032331861401 ], [ 42.727987955253973, 16.630366149885973 ], [ 42.728055769973089, 16.630416119260815 ], [ 42.728123584692206, 16.630462518276268 ], [ 42.728180692391447, 16.630483932606797 ], [ 42.728262783137055, 16.630508918141238 ], [ 42.728323458944608, 16.630566024725002 ], [ 42.728373427732286, 16.630648115947334 ], [ 42.728405550588519, 16.630698085248721 ], [ 42.728441241553078, 16.630751622295925 ], [ 42.72844838226127, 16.630801590709609 ], [ 42.728441243349714, 16.630876544596834 ], [ 42.728473366205954, 16.630965773778254 ], [ 42.728487643130769, 16.631030019176336 ], [ 42.728530473006877, 16.631079988378232 ], [ 42.728676810363297, 16.631212047687367 ], [ 42.728787454958528, 16.631336969688412 ], [ 42.728876684615692, 16.63144047566529 ], [ 42.728980192095996, 16.631543983307772 ], [ 42.72908726678628, 16.631683182084203 ], [ 42.729126528554083, 16.63178311927393 ], [ 42.729169359328523, 16.631847364398247 ], [ 42.729205050293075, 16.631908040903056 ], [ 42.72924788016919, 16.631990132411772 ], [ 42.729287141937, 16.63207579161956 ], [ 42.729369232682615, 16.63212576140975 ], [ 42.729454894231473, 16.632172160872376 ], [ 42.729540554882021, 16.632247114224029 ], [ 42.729619075722688, 16.632364896650564 ], [ 42.72971187618311, 16.632422004403224 ], [ 42.72964406056569, 16.632436281338727 ], [ 42.729504863019152, 16.632461264897398 ], [ 42.72935852566274, 16.632500527104991 ], [ 42.729297848956868, 16.632532648688962 ], [ 42.729322832901552, 16.632554063649103 ], [ 42.729454894231473, 16.632546925616229 ], [ 42.729772551990663, 16.632518371760629 ], [ 42.729847504723026, 16.632571910021216 ], [ 42.729858211742894, 16.632646864077376 ], [ 42.729861781647834, 16.632718246939131 ], [ 42.729761844970788, 16.632778924029157 ], [ 42.729301418861809, 16.63282532333378 ], [ 42.729290710943623, 16.632889568108997 ], [ 42.729808242955215, 16.63289670698985 ], [ 42.72983679680484, 16.632982366653476 ], [ 42.729847504723026, 16.633103719786487 ], [ 42.729843935716403, 16.633207227392113 ], [ 42.729779690003916, 16.633271472039404 ], [ 42.729690460346745, 16.633328577800668 ], [ 42.729629783640881, 16.63341067042283 ], [ 42.729576245846573, 16.633517745570167 ], [ 42.72948344718278, 16.633671220618425 ], [ 42.729497724107588, 16.633767589930326 ], [ 42.729551261901889, 16.633810419572434 ], [ 42.729565538826705, 16.633874664878395 ], [ 42.729544122990333, 16.633949618425412 ], [ 42.729512000134086, 16.634017433104272 ], [ 42.729476309169527, 16.63409952371012 ], [ 42.729444186313287, 16.634181616002277 ], [ 42.729422772273544, 16.63426727595273 ], [ 42.729433479293419, 16.63436364410439 ], [ 42.729440617306658, 16.634431458636843 ], [ 42.729419202368604, 16.634492136045562 ], [ 42.729372802587555, 16.634552810852924 ], [ 42.729301418861809, 16.634667025898974 ], [ 42.729269296005569, 16.634770532660848 ], [ 42.729080128773035, 16.635330895795466 ], [ 42.72893736132157, 16.635884120244665 ], [ 42.728833853841266, 16.636273162131069 ], [ 42.728816008808138, 16.636387376152463 ], [ 42.728833853841266, 16.636440914193649 ], [ 42.728873115609076, 16.636505158618338 ], [ 42.728908806573628, 16.636576542626077 ], [ 42.728958776259617, 16.636672912199373 ], [ 42.729065851848219, 16.636751433160594 ], [ 42.729119389642534, 16.636833525178197 ], [ 42.729133665669032, 16.636929892900916 ], [ 42.729144373587218, 16.63701555334513 ], [ 42.729144373587218, 16.637129767785023 ], [ 42.729126528554083, 16.637376042385743 ], [ 42.729126528554083, 16.637504533169089 ], [ 42.729115820635904, 16.637711546155781 ], [ 42.729119391439156, 16.637793637762321 ], [ 42.729147944390469, 16.637879297820646 ], [ 42.729183636253332, 16.637997081952182 ], [ 42.729197913178147, 16.638204095267778 ], [ 42.729222897122831, 16.638339724174415 ], [ 42.72923717404764, 16.638475352985107 ], [ 42.72923717404764, 16.638596705224057 ], [ 42.729251450972448, 16.638664520841555 ], [ 42.729272865910509, 16.638710918722069 ], [ 42.729333542616374, 16.638764457835858 ], [ 42.729358526561057, 16.638821565404104 ], [ 42.729372802587555, 16.638910794331615 ], [ 42.72939421842392, 16.639010732058249 ], [ 42.729387080410675, 16.639117808382032 ], [ 42.729408495348736, 16.639196329202687 ], [ 42.729462033143037, 16.639274851712582 ], [ 42.729522709848901, 16.639335527588628 ], [ 42.729636924349073, 16.639389065667292 ], [ 42.729715446088058, 16.639456881004509 ], [ 42.729733886704203, 16.639590724797369 ], [ 42.729755300743953, 16.639762046712697 ], [ 42.729733886704203, 16.639972629152595 ], [ 42.729698193943022, 16.640179642056424 ], [ 42.729633949128846, 16.640375946833608 ], [ 42.729601827170917, 16.640461608320241 ], [ 42.729569704314677, 16.640554406642956 ], [ 42.729544720369994, 16.640657913669379 ], [ 42.729558996396491, 16.640750712757761 ], [ 42.729633949128846, 16.640875633708973 ], [ 42.729673209998339, 16.640961294972314 ], [ 42.729698193943022, 16.641036248331165 ], [ 42.729744593724085, 16.641121907801352 ], [ 42.729741024717455, 16.641225415382046 ], [ 42.729733886704203, 16.641318214195699 ], [ 42.729723178786017, 16.641396735836459 ], [ 42.729744593724085, 16.641457412762289 ], [ 42.729756595216273, 16.641482613760758 ], [ 42.729780285586948, 16.641532365927148 ], [ 42.729780285586948, 16.641603749784469 ], [ 42.729780285586948, 16.641617606020009 ], [ 42.729780285586948, 16.641653717952359 ], [ 42.729769577668762, 16.641746517419353 ], [ 42.729755300743953, 16.641846453667679 ], [ 42.729708902759526, 16.642039190910577 ], [ 42.729698193943022, 16.642285465229424 ], [ 42.729673209998339, 16.642388971321125 ], [ 42.729641087142099, 16.642463924121724 ], [ 42.729616103197415, 16.642535309353494 ], [ 42.729655364066907, 16.642642383708555 ], [ 42.729683917916525, 16.642692353327064 ], [ 42.729683917916525, 16.642767306009024 ], [ 42.729683917916525, 16.642856535681975 ], [ 42.729658933971848, 16.642945766174069 ], [ 42.729637518135469, 16.643052841160522 ], [ 42.729573273321293, 16.643142070700545 ], [ 42.729516165622059, 16.643245577190356 ], [ 42.729509026710495, 16.643374069203702 ], [ 42.729526872641927, 16.643456160106759 ], [ 42.729591119252731, 16.643495420062912 ], [ 42.729698193943022, 16.643563235668761 ], [ 42.729819547354758, 16.643584650257576 ], [ 42.72989093108049, 16.643598927222577 ], [ 42.729973022724415, 16.643595358842106 ], [ 42.730008713688967, 16.643616773427329 ], [ 42.730033699430273, 16.643691725747793 ], [ 42.730033699430273, 16.643784525949439 ], [ 42.730033699430273, 16.643984399711496 ], [ 42.730026559620406, 16.644255658716823 ], [ 42.730022992410404, 16.644601870163424 ], [ 42.730030130423664, 16.644826729323821 ], [ 42.730040838341843, 16.644955220277126 ], [ 42.730040838341843, 16.645076572717215 ], [ 42.730047977253413, 16.645194355869087 ], [ 42.730080099211342, 16.645269309293926 ], [ 42.730065822286527, 16.645329984993801 ], [ 42.730062253279904, 16.645369246287441 ], [ 42.730080099211342, 16.645437061230243 ], [ 42.730076530204713, 16.645547705751046 ], [ 42.730051545361718, 16.645729735110603 ], [ 42.72999800756741, 16.645943886216287 ], [ 42.729983730642594, 16.646061668835099 ], [ 42.73000157657404, 16.646154467889161 ], [ 42.730040838341843, 16.646232990991241 ], [ 42.730130067999021, 16.64631151320048 ], [ 42.730165759861883, 16.646365051051966 ], [ 42.73016219085526, 16.646493541834506 ], [ 42.730112222067582, 16.64667913861874 ], [ 42.730065822286527, 16.646832615179878 ], [ 42.729976591731045, 16.646968244005766 ], [ 42.729944469773116, 16.647064611797404 ], [ 42.729937330861546, 16.647139565351392 ], [ 42.72996231480623, 16.647203811354423 ], [ 42.72999800756741, 16.64726448730244 ], [ 42.730005145580662, 16.647350148292301 ], [ 42.73000157657404, 16.647428670043752 ], [ 42.7299694537178, 16.647657097634781 ], [ 42.7299301928483, 16.647839126711901 ], [ 42.729919484930122, 16.647953340727121 ], [ 42.729905208005306, 16.648056848060961 ], [ 42.729944469773116, 16.648196046036499 ], [ 42.730030130423664, 16.648524410642686 ], [ 42.730119360080835, 16.648624349381198 ], [ 42.730201450826442, 16.648692164032678 ], [ 42.73025141961412, 16.648774255239584 ], [ 42.730290681381923, 16.648942006689516 ], [ 42.730262128430617, 16.649102620576148 ], [ 42.730233573682675, 16.649248956924485 ], [ 42.730176466881758, 16.649455970997053 ], [ 42.73012649809408, 16.649555908389001 ], [ 42.730019423403789, 16.649720090888128 ], [ 42.729990868655847, 16.649894980618402 ], [ 42.729994437662477, 16.650119839592051 ], [ 42.729951607786361, 16.650444636951438 ], [ 42.729869517040754, 16.650740880036953 ], [ 42.729673210896649, 16.651208442953649 ], [ 42.729466198631002, 16.65157607016446 ], [ 42.729380537980461, 16.651718838115585 ], [ 42.729262755371984, 16.651986528275049 ], [ 42.729191370747927, 16.652082896124501 ], [ 42.729134264845314, 16.652118587812662 ], [ 42.729037896276587, 16.652122156034409 ], [ 42.728945096714469, 16.652104310621812 ], [ 42.728791622243129, 16.652068618930983 ], [ 42.728695252776077, 16.652082896124501 ], [ 42.728620300043715, 16.652150710412386 ], [ 42.728534640291485, 16.652232801858606 ], [ 42.728406148866505, 16.652300616093424 ], [ 42.728259812408403, 16.652368431164877 ], [ 42.728120613065244, 16.652504060375119 ], [ 42.727999262348455, 16.652643259422636 ], [ 42.727888615956587, 16.652782458369007 ], [ 42.727881477943342, 16.652860978754656 ], [ 42.727920738812841, 16.65296091609158 ], [ 42.727917169806219, 16.652996609337421 ], [ 42.727795817292801, 16.652978762285013 ], [ 42.727685172697569, 16.652975193218587 ], [ 42.727660187854575, 16.653000178403445 ], [ 42.727599512047028, 16.653185775769657 ], [ 42.727574527204027, 16.653317836201758 ], [ 42.727613788971837, 16.653453464739759 ], [ 42.727678033786006, 16.653535555627666 ], [ 42.727802956204357, 16.653628355364823 ], [ 42.727974276607142, 16.653656908657638 ], [ 42.728077783189121, 16.653756845579291 ], [ 42.728070645175876, 16.653871061230298 ], [ 42.728045660332882, 16.653974567088085 ], [ 42.727981416417016, 16.654085211842254 ], [ 42.727881477943342, 16.654156596186997 ], [ 42.727735140586937, 16.654167304180671 ], [ 42.72763163400495, 16.654242256677062 ], [ 42.727613788971837, 16.654295794033587 ], [ 42.72754954325935, 16.654410007641943 ], [ 42.727488866553472, 16.654420715621445 ], [ 42.727421051834362, 16.654442130718024 ], [ 42.72741748282774, 16.654481391865637 ], [ 42.727399636896308, 16.654552776062719 ], [ 42.727335392082132, 16.654563484034242 ], [ 42.727217608575337, 16.654552776062719 ], [ 42.727121240006603, 16.654520653865831 ], [ 42.727071271218925, 16.654467114850899 ], [ 42.727017733424617, 16.654477822827207 ], [ 42.726992748581615, 16.654492099841146 ], [ 42.726939210787329, 16.654556345099753 ], [ 42.726910657836015, 16.654624160233197 ], [ 42.726899949917829, 16.654727667405261 ], [ 42.726874965973145, 16.654845449787729 ], [ 42.726842843116906, 16.654963232958391 ], [ 42.726789306220915, 16.655202368968023 ], [ 42.726757183364676, 16.655409381770614 ], [ 42.726685798740611, 16.655559288343788 ], [ 42.726650106877749, 16.655612826192787 ], [ 42.726617984021502, 16.655680640952156 ], [ 42.726585861165255, 16.655752023841625 ], [ 42.726568016132141, 16.655819840272958 ], [ 42.726543031289147, 16.655926914949681 ], [ 42.726518047344463, 16.65605183719488 ], [ 42.726489492596528, 16.656105374045556 ], [ 42.722388491983359, 16.656373064098812 ], [ 42.721585425068824, 16.656426601720309 ], [ 42.721285612342747, 16.656451587315551 ], [ 42.721132136973083, 16.656465864182355 ], [ 42.721007214554724, 16.656448018313842 ], [ 42.720928692815733, 16.656448018313842 ], [ 42.720875155021439, 16.656476571186285 ], [ 42.720860878994941, 16.65661933892715 ], [ 42.720860878994941, 16.656794229243143 ], [ 42.720868016109868, 16.656837059763721 ], [ 42.720907277877686, 16.656865612578162 ], [ 42.720946538747178, 16.656894167109584 ], [ 42.721025061384481, 16.656897735242357 ], [ 42.721121429054897, 16.656876321280986 ], [ 42.721424809889285, 16.656833490769191 ], [ 42.722277848286453, 16.656797797377781 ], [ 42.722284986299698, 16.656897735242357 ], [ 42.722538398346401, 16.656876320420366 ], [ 42.722541968251342, 16.656769243692608 ], [ 42.723013101380197, 16.656726414017484 ], [ 42.725611472051305, 16.65656579963829 ], [ 42.726104020118221, 16.656537246779145 ], [ 42.726296757255689, 16.656555092639344 ], [ 42.726336018125174, 16.656622907065049 ], [ 42.726361002968176, 16.656740690003179 ], [ 42.72635386405662, 16.656904873228953 ], [ 42.726328880111929, 16.657172563025263 ], [ 42.726321741200373, 16.657458098223415 ], [ 42.726318173092061, 16.657854279014909 ], [ 42.726353864954923, 16.657868554916522 ], [ 42.726393124926105, 16.657768616697975 ], [ 42.726410970857543, 16.657611573033613 ], [ 42.72647164666509, 16.657497358752735 ], [ 42.726560877220571, 16.657379576280004 ], [ 42.726678659829062, 16.657290345625317 ], [ 42.726824997185467, 16.657204685637975 ], [ 42.726896380911207, 16.657119023891067 ], [ 42.726946349698885, 16.657008380028987 ], [ 42.727003457398126, 16.656894166248968 ], [ 42.727071271218925, 16.656826351058697 ], [ 42.727128378918167, 16.656765673836194 ], [ 42.727178346807527, 16.656690720606115 ], [ 42.727231884601835, 16.656597923213404 ], [ 42.727285423294454, 16.656497986052983 ], [ 42.729637519932112, 16.656337370621582 ], [ 42.729717826623563, 16.656367946835015 ], [ 42.729717826623563, 16.656472048615367 ], [ 42.729652392439945, 16.656665378744744 ], [ 42.729589930781614, 16.656805172899482 ], [ 42.729491778158724, 16.656998504413789 ], [ 42.729399574179652, 16.65712342595997 ], [ 42.729351985029155, 16.657212655831813 ], [ 42.729325216132004, 16.657310809417378 ], [ 42.729349010707253, 16.657400038341287 ], [ 42.729393624637517, 16.657498190970184 ], [ 42.729411472365584, 16.657596344409395 ], [ 42.729378753926305, 16.657709368398081 ], [ 42.729340087741527, 16.657837263770531 ], [ 42.729256805829856, 16.65800680080617 ], [ 42.729185423002434, 16.658122798838157 ], [ 42.72916162932551, 16.658271515639477 ], [ 42.729170552291215, 16.658444026571217 ], [ 42.729200294611964, 16.658640332429673 ], [ 42.729280602201733, 16.658783100278562 ], [ 42.729369831858897, 16.658866380829128 ], [ 42.729476907447513, 16.658973457244823 ], [ 42.729598854645651, 16.65917273682976 ], [ 42.729601828967553, 16.659321452815618 ], [ 42.729560189359184, 16.659785448221104 ], [ 42.729509624988474, 16.660285134389554 ], [ 42.729485830413232, 16.660689643416038 ], [ 42.729542343427745, 16.660888922935939 ], [ 42.729634547406832, 16.661225022379199 ], [ 42.729661316303975, 16.661459993010201 ], [ 42.729688085201133, 16.661742553609535 ], [ 42.729765416672372, 16.662164909196996 ], [ 42.729705930234246, 16.66233444584298 ], [ 42.729509624988474, 16.662420700788758 ], [ 42.729357933672965, 16.662465315786424 ], [ 42.729149732037882, 16.662498033043157 ], [ 42.728944502928073, 16.662557519967233 ], [ 42.729075373091931, 16.663312998766401 ], [ 42.729524496598003, 16.66549020507075 ], [ 42.731112787190597, 16.665079749227644 ], [ 42.731648166031945, 16.664954826848795 ], [ 42.731695756080761, 16.665264156747305 ], [ 42.731746318654835, 16.665781689966089 ], [ 42.731680883572906, 16.665838201704023 ], [ 42.731487552649035, 16.665903636780037 ], [ 42.731371554094721, 16.665942304359028 ], [ 42.731225812321334, 16.666010712701887 ], [ 42.730550640350422, 16.666290300170274 ], [ 42.730217516296982, 16.666453886571361 ], [ 42.730065824981473, 16.666519323158028 ], [ 42.729946851206925, 16.666534193932907 ], [ 42.729824904008794, 16.666543117257859 ], [ 42.729762444147092, 16.666522297313097 ], [ 42.729720802742094, 16.666534193932907 ], [ 42.729670240168012, 16.666611527107126 ], [ 42.729557215037282, 16.666697781846679 ], [ 42.729423369653212, 16.666757268326108 ], [ 42.729337115216254, 16.666789986570375 ], [ 42.72917055318954, 16.666879216239593 ], [ 42.729018861874025, 16.666959523422666 ], [ 42.728858247592804, 16.667004138222957 ], [ 42.728730351750862, 16.667087417778745 ], [ 42.728349637648606, 16.667212341347348 ], [ 42.727751798945562, 16.667417569243547 ], [ 42.726948731132708, 16.667637670190512 ], [ 42.726419300935177, 16.667804232156751 ], [ 42.726199201114149, 16.667836950222021 ], [ 42.725833358621429, 16.667944025062187 ], [ 42.725422902198432, 16.668113561752687 ], [ 42.724988650301889, 16.668283099153566 ], [ 42.724506809254848, 16.668446687293475 ], [ 42.724135019016636, 16.668589453852537 ], [ 42.723760252659879, 16.668717351422146 ], [ 42.723546102380986, 16.668785759633607 ], [ 42.723355743982388, 16.668854170402319 ], [ 42.723221900394947, 16.668901758018414 ], [ 42.72303154289466, 16.668955297299501 ], [ 42.722897699307225, 16.668985040190652 ], [ 42.722787649396707, 16.669005859867482 ], [ 42.722668675622167, 16.669041551843225 ], [ 42.722525908170688, 16.669112935774724 ], [ 42.722371243431596, 16.669151602705259 ], [ 42.722368268211376, 16.669160525047598 ], [ 42.722442627157335, 16.66957098332572 ], [ 42.722537804559998, 16.669591802938793 ], [ 42.722606213963836, 16.669618570763546 ], [ 42.722668675622167, 16.669648314412164 ], [ 42.722743033669808, 16.669689955340353 ], [ 42.722796570565791, 16.669737543609155 ], [ 42.722867956088166, 16.66974051857477 ], [ 42.722992876709888, 16.669743492679775 ], [ 42.723096978874906, 16.669716724011931 ], [ 42.723183234210168, 16.669657236731343 ], [ 42.723239746326378, 16.66960667433548 ], [ 42.723227849038757, 16.66955313609721 ], [ 42.723132669839458, 16.669544212912616 ], [ 42.723061287012037, 16.669573956572791 ], [ 42.722978005998677, 16.669597751153379 ], [ 42.722945287559398, 16.669556111065692 ], [ 42.722960160067238, 16.669496623735167 ], [ 42.7230017996756, 16.66941036767545 ], [ 42.723049389724409, 16.669344933798481 ], [ 42.723111849586118, 16.669309241018766 ], [ 42.723245694071871, 16.669261652643442 ], [ 42.723516359161927, 16.669190267906853 ], [ 42.72370374144198, 16.669127808069195 ], [ 42.723986302023029, 16.669044526819658 ], [ 42.724117173085197, 16.669005859867482 ], [ 42.724167735659279, 16.669023706286467 ], [ 42.724209376165959, 16.669020732170274 ], [ 42.724337272906226, 16.668946374087028 ], [ 42.724417578699359, 16.668919605307675 ], [ 42.724485989001508, 16.668925554403721 ], [ 42.724530603830097, 16.668889860685216 ], [ 42.72459306459011, 16.668869040995762 ], [ 42.724673372179886, 16.668872015114317 ], [ 42.724741780685399, 16.668874990093389 ], [ 42.724813165309449, 16.668824426630259 ], [ 42.724872651747567, 16.668818478391628 ], [ 42.724896446322809, 16.668848221304049 ], [ 42.724881573814969, 16.668946374087028 ], [ 42.724857780138038, 16.669074269696939 ], [ 42.724857780138038, 16.669163500022183 ], [ 42.724869677425659, 16.669225959848195 ], [ 42.724878600391371, 16.669297343710905 ], [ 42.724869677425659, 16.669368728407544 ], [ 42.724863728781848, 16.669454983625471 ], [ 42.724878600391371, 16.669579904787934 ], [ 42.724860753561629, 16.669672109844068 ], [ 42.724848856274008, 16.669761339029961 ], [ 42.724857780138038, 16.66988626085298 ], [ 42.724881573814969, 16.670005234392708 ], [ 42.724914292254248, 16.670097438383323 ], [ 42.72495593186261, 16.670153949707355 ], [ 42.724997573267615, 16.670186667370871 ], [ 42.725077879959066, 16.670252102681111 ], [ 42.725125469109543, 16.670323487021566 ], [ 42.725167108717912, 16.670397843709097 ], [ 42.725193879411698, 16.670478151997187 ], [ 42.725238493341969, 16.670576303944074 ], [ 42.7252563392734, 16.670668509380612 ], [ 42.725312852287928, 16.670772610268465 ], [ 42.725396133301288, 16.670861839801706 ], [ 42.725479413416338, 16.670989735852412 ], [ 42.725524029143237, 16.671052196803391 ], [ 42.725535926430851, 16.671144400289474 ], [ 42.72555674578588, 16.671227682346142 ], [ 42.725616233122302, 16.671278246034753 ], [ 42.725672745238519, 16.671313936726055 ], [ 42.725761975794008, 16.671450755570643 ], [ 42.72589582027976, 16.671661933095322 ], [ 42.726002895868369, 16.671760086156031 ], [ 42.726092126423858, 16.671819572782823 ], [ 42.726208124978179, 16.671846342017016 ], [ 42.726347918107756, 16.671831469073297 ], [ 42.726398481580141, 16.671771981589647 ], [ 42.726341968565627, 16.671789828611189 ], [ 42.726199202012459, 16.671792804405442 ], [ 42.72613971467603, 16.671771983310759 ], [ 42.726098074169357, 16.671739265918337 ], [ 42.726053460239079, 16.671688703212119 ], [ 42.725999922444771, 16.671641112846949 ], [ 42.72595828103978, 16.671587576038498 ], [ 42.725919614855009, 16.671489422889291 ], [ 42.725866077060701, 16.671394243769072 ], [ 42.725821462232119, 16.671296092241789 ], [ 42.725776845606902, 16.67119496400009 ], [ 42.725773872183304, 16.671120605901223 ], [ 42.72580956404618, 16.671043273688706 ], [ 42.725913665312881, 16.670974863702668 ], [ 42.726098073271032, 16.67092429993388 ], [ 42.726478788271599, 16.670974862842112 ], [ 42.72665724668763, 16.671004606279887 ], [ 42.72686842444125, 16.67102245165189 ], [ 42.727067704008931, 16.671075990339588 ], [ 42.727240214679462, 16.671084912592192 ], [ 42.727445443789279, 16.671031374767548 ], [ 42.72754657073407, 16.67095701832622 ], [ 42.727609030595772, 16.67086778797681 ], [ 42.727623904001931, 16.670730968715336 ], [ 42.727612004917674, 16.670626866944271 ], [ 42.727543596412161, 16.670284818606721 ], [ 42.72744841811118, 16.669785132726687 ], [ 42.727323495692822, 16.669270574120084 ], [ 42.727243189001364, 16.668999909913367 ], [ 42.727207498036819, 16.668729247044929 ], [ 42.727201549393008, 16.668342584279635 ], [ 42.727207498036819, 16.66821468904126 ], [ 42.727261034932809, 16.668098690239965 ], [ 42.727320522269238, 16.668051099842447 ], [ 42.727442468569052, 16.66798566636125 ], [ 42.727579288275024, 16.667932126808875 ], [ 42.727799388096052, 16.667851820894516 ], [ 42.728037333848512, 16.667774488221493 ], [ 42.728269331855472, 16.667703103790704 ], [ 42.728471585745055, 16.667640644328202 ], [ 42.728575687910073, 16.667616848643682 ], [ 42.728673839634645, 16.667682283972134 ], [ 42.728724404005362, 16.667747720138777 ], [ 42.728733326971081, 16.667807206291851 ], [ 42.728718455361552, 16.667917256142623 ], [ 42.728760094969914, 16.668033254193325 ], [ 42.728825530950154, 16.668277150037536 ], [ 42.728864197134932, 16.66846155705802 ], [ 42.728902864218021, 16.668547812684867 ], [ 42.728935580860671, 16.668681656804232 ], [ 42.728929632216854, 16.668806580192687 ], [ 42.728932607437073, 16.668996935796802 ], [ 42.72900993980663, 16.669315189242138 ], [ 42.729105118107604, 16.669695902691323 ], [ 42.729173526613124, 16.669948719582507 ], [ 42.729405523721773, 16.670668507659492 ], [ 42.729509625886791, 16.671117630957067 ], [ 42.729578035290615, 16.671189014974594 ], [ 42.729673213591596, 16.671239577812869 ], [ 42.729807058077363, 16.671278245174197 ], [ 42.729940902563115, 16.671272296151294 ], [ 42.730065824981473, 16.671263373046877 ], [ 42.730324590987273, 16.671245526836788 ], [ 42.730574434027353, 16.671194963139534 ], [ 42.730758842883816, 16.671138451262408 ], [ 42.731008685923896, 16.671025425736971 ], [ 42.731163350662989, 16.670933223054114 ], [ 42.731407245957584, 16.67072204558567 ], [ 42.731743345231251, 16.670513842837739 ], [ 42.732061597675163, 16.670329435213407 ], [ 42.732275748852366, 16.670198563762877 ], [ 42.732397696050498, 16.670067693083393 ], [ 42.732483952284078, 16.669996310368639 ], [ 42.732588052652474, 16.669939798137481 ], [ 42.732724873256764, 16.669895183161067 ], [ 42.732867639809925, 16.669865440411382 ], [ 42.733004458617593, 16.669850568174244 ], [ 42.733182918830238, 16.669829747728762 ], [ 42.733301891706468, 16.669805953177022 ], [ 42.73345655644556, 16.669737542748592 ], [ 42.733685580130626, 16.669648314412164 ], [ 42.733944346136425, 16.669576929819826 ], [ 42.734021679404286, 16.669573955712231 ], [ 42.734042498759308, 16.669627493084111 ], [ 42.734024652827884, 16.669743490958652 ], [ 42.733959217745955, 16.669841645003519 ], [ 42.733893782664026, 16.669984413103496 ], [ 42.733867013766869, 16.670061744883416 ], [ 42.733792655719228, 16.670246152765742 ], [ 42.733759938178267, 16.670347279787823 ], [ 42.733733169281123, 16.670436510379979 ], [ 42.733745065670419, 16.67055250862462 ], [ 42.733709374705867, 16.670617944670305 ], [ 42.733560657712275, 16.670674455840611 ], [ 42.733397070007456, 16.670692302103962 ], [ 42.733227532760516, 16.670745840023486 ], [ 42.733057997310198, 16.670835070429764 ], [ 42.732894408707075, 16.671096810649459 ], [ 42.732751642153914, 16.671212809354341 ], [ 42.732573181941255, 16.671319884887101 ], [ 42.732406619914535, 16.671421012202217 ], [ 42.732281698394495, 16.671653009148518 ], [ 42.732121085909903, 16.671959365336388 ], [ 42.732022933287013, 16.672075364378845 ], [ 42.731877189717004, 16.672238951858169 ], [ 42.731796883923856, 16.672399565133947 ], [ 42.731707654266692, 16.67250366680101 ], [ 42.731538117019753, 16.672601820290421 ], [ 42.731386426602555, 16.672685100852121 ], [ 42.730967047213852, 16.672911149875244 ], [ 42.730681511412591, 16.673137197770711 ], [ 42.730488179590395, 16.673366221168855 ], [ 42.730366233290582, 16.673622014139095 ], [ 42.730282951378904, 16.67384508801392 ], [ 42.730220490618883, 16.673975957830571 ], [ 42.73015208121506, 16.674047341642115 ], [ 42.730065824981473, 16.674109803315904 ], [ 42.72990818681879, 16.674258519742683 ], [ 42.729720803640411, 16.674502413675036 ], [ 42.729530447038442, 16.674746309017493 ], [ 42.729432294415552, 16.674942613644578 ], [ 42.729405524620091, 16.675070510409284 ], [ 42.729453114668893, 16.675153790756774 ], [ 42.72956316457941, 16.675237072789077 ], [ 42.729676188811823, 16.675281687380274 ], [ 42.729753522079683, 16.675284662259674 ], [ 42.729869520634011, 16.675257892646087 ], [ 42.730000390797862, 16.675287637139032 ], [ 42.730134235283622, 16.675382814322152 ], [ 42.730268079769381, 16.675445276420394 ], [ 42.7303811040018, 16.675486916086825 ], [ 42.730526846673484, 16.675486916086825 ], [ 42.730660691159251, 16.675472044286693 ], [ 42.730800484288821, 16.675448249576181 ], [ 42.730999763856502, 16.675448249576181 ], [ 42.731136582664156, 16.675460147362074 ], [ 42.731389400924463, 16.67547501916313 ], [ 42.731606527321901, 16.675495838994237 ], [ 42.731826627142922, 16.675537480370728 ], [ 42.732002113033666, 16.675543429260994 ], [ 42.732240057887807, 16.67546907027074 ], [ 42.732406619914535, 16.675364969356895 ], [ 42.732457184285245, 16.675290611157806 ], [ 42.732513696401455, 16.675257892646087 ], [ 42.732531543231211, 16.675281687380274 ], [ 42.732540466196923, 16.675332250857899 ], [ 42.732546413942423, 16.675367943374464 ], [ 42.732605900380534, 16.675293585176529 ], [ 42.732659439073153, 16.675222200969522 ], [ 42.732730821900567, 16.675222200969522 ], [ 42.732745694408415, 16.675266816424724 ], [ 42.732718923714643, 16.675353070704546 ], [ 42.732686207071993, 16.675424455723249 ], [ 42.732629695854094, 16.675498813870313 ], [ 42.732525593689083, 16.675614813348115 ], [ 42.732451235641435, 16.675724863010601 ], [ 42.732421493320693, 16.675817066826159 ], [ 42.732400672169042, 16.675876553051907 ], [ 42.732350107798332, 16.675962808777836 ], [ 42.732308468189963, 16.676055013339219 ], [ 42.732269801106874, 16.676123422369109 ], [ 42.732225187176603, 16.676194806239771 ], [ 42.732132983197523, 16.676331625035612 ], [ 42.732079443606587, 16.676420855418044 ], [ 42.731972368916303, 16.676524955757209 ], [ 42.731841497854127, 16.676626082902281 ], [ 42.731728473621715, 16.676730184850804 ], [ 42.731603552999985, 16.67682238904225 ], [ 42.731484580123762, 16.676902696354357 ], [ 42.731231760965144, 16.677075205981247 ], [ 42.730946226960512, 16.677253666010664 ], [ 42.730732074884983, 16.677339921976067 ], [ 42.730610127686852, 16.67737561325745 ], [ 42.73050900074206, 16.677423203056478 ], [ 42.730390026967513, 16.677485662767321 ], [ 42.730250233837943, 16.677554073006551 ], [ 42.730140183927432, 16.677574892611343 ], [ 42.730021211051202, 16.677589765108493 ], [ 42.729914134564282, 16.6775957130744 ], [ 42.729783265298742, 16.677607610726703 ], [ 42.729643471270862, 16.677631406029093 ], [ 42.729467986278422, 16.677726583766955 ], [ 42.729369833655539, 16.677774172618118 ], [ 42.729295474709573, 16.677792019079646 ], [ 42.72920624505241, 16.677815812638041 ], [ 42.729128912682853, 16.677851506412193 ], [ 42.72901291502685, 16.677899095232274 ], [ 42.728792814307511, 16.677940735224997 ], [ 42.728715481937968, 16.677937761247435 ], [ 42.728611380671254, 16.677931811571113 ], [ 42.728456715033843, 16.677922888777346 ], [ 42.728316921904273, 16.677905043188552 ], [ 42.728016515391801, 16.677913965983159 ], [ 42.727867799296526, 16.677952632855838 ], [ 42.727725030946729, 16.677985350046054 ], [ 42.727543597310472, 16.678015093254306 ], [ 42.727261035831113, 16.678029964856695 ], [ 42.727159908886321, 16.678018068091188 ], [ 42.727064729687029, 16.677988324883398 ], [ 42.726999296401729, 16.677949658878465 ], [ 42.72694575770911, 16.677893146415276 ], [ 42.726823809612668, 16.677794993059479 ], [ 42.726698888990931, 16.677735506569881 ], [ 42.726579916114709, 16.67770278933693 ], [ 42.726481762593501, 16.677690891690546 ], [ 42.726300328957258, 16.677643302818659 ], [ 42.726196226792233, 16.677613558692052 ], [ 42.726130791710318, 16.677539202227681 ], [ 42.726041562951458, 16.677444022675513 ], [ 42.725916639634782, 16.67729233215632 ], [ 42.725684643424458, 16.677024642964394 ], [ 42.725601362411098, 16.676884849809841 ], [ 42.725491311602269, 16.676762902250143 ], [ 42.725318800931738, 16.676635005756555 ], [ 42.725119521364057, 16.67652495661774 ], [ 42.724863728781848, 16.676388137960199 ], [ 42.724732858617998, 16.676310805295479 ], [ 42.724500860611037, 16.676031217840702 ], [ 42.724096352831857, 16.675525584310716 ], [ 42.723801894963188, 16.675162715400809 ], [ 42.723501487552397, 16.674906923630257 ], [ 42.723272464765657, 16.674749283905221 ], [ 42.722853085376947, 16.674520261302387 ], [ 42.722421807802313, 16.674273391637165 ], [ 42.722047042343874, 16.673978933590824 ], [ 42.721722841256145, 16.673529810986551 ], [ 42.72166037869949, 16.673458426121336 ], [ 42.721544381043486, 16.673366222029404 ], [ 42.721419458625135, 16.673294838824241 ], [ 42.721345100577494, 16.673253197820095 ], [ 42.72131833168033, 16.673223454731893 ], [ 42.721279666393883, 16.673158018716816 ], [ 42.721205308346228, 16.673065816201181 ], [ 42.721119052112648, 16.672976585974766 ], [ 42.721032796777386, 16.6727862291667 ], [ 42.720887055004006, 16.672741613993491 ], [ 42.720750236196352, 16.673169916645154 ], [ 42.720568801661777, 16.673315658892644 ], [ 42.720423059888397, 16.67339001785945 ], [ 42.720235677608343, 16.673547656123009 ], [ 42.720042345786155, 16.673660681018891 ], [ 42.719828194608937, 16.673779653932563 ], [ 42.719533735841964, 16.673972984651904 ], [ 42.719099484843724, 16.674243648707588 ], [ 42.718697951386453, 16.674472671641606 ], [ 42.718254775625866, 16.674674927187869 ], [ 42.717963292977423, 16.674782003364481 ], [ 42.717659911244724, 16.674990205770055 ], [ 42.717543912690402, 16.675082409079209 ], [ 42.717505245607313, 16.675198407949004 ], [ 42.717478476710156, 16.675308458711612 ], [ 42.717398170018704, 16.675469071991817 ], [ 42.717237556635794, 16.675820041697232 ], [ 42.71709478918433, 16.676251320065319 ], [ 42.717029354102394, 16.676468444594111 ], [ 42.716999610883342, 16.676658802040489 ], [ 42.716996635663122, 16.676872953833634 ], [ 42.716999610883342, 16.67720607789051 ], [ 42.716996636561433, 16.677411307113754 ], [ 42.71698176495191, 16.677687920290676 ], [ 42.716940125343541, 16.677961557369276 ], [ 42.716871715041393, 16.67838688640926 ], [ 42.716827101111122, 16.678746780400193 ], [ 42.71674679441967, 16.679448720044867 ], [ 42.716583205816548, 16.680287479962793 ], [ 42.716520745056521, 16.680596810025406 ], [ 42.71644638700888, 16.681001319137629 ], [ 42.716413668569601, 16.681212495583264 ], [ 42.71637500328314, 16.681536698060622 ], [ 42.716354182131489, 16.68161403033308 ], [ 42.716363105097201, 16.681718132147815 ], [ 42.716357157351702, 16.681819259128162 ], [ 42.716348234385983, 16.68197689818853 ], [ 42.716315515946711, 16.682196997872428 ], [ 42.71629767091359, 16.682440892867355 ], [ 42.716273876338342, 16.682601506180767 ], [ 42.716247107441191, 16.682800786112068 ], [ 42.716217364222132, 16.683006015354266 ], [ 42.716202491714299, 16.683163654296639 ], [ 42.716214389001912, 16.683288575971307 ], [ 42.71623520925526, 16.683345087700395 ], [ 42.716267927694531, 16.683383754335313 ], [ 42.716315515946711, 16.683443240788755 ], [ 42.716345259165763, 16.6835057019752 ], [ 42.716366080317421, 16.683609802759921 ], [ 42.716377977605049, 16.683806107753917 ], [ 42.716369053741012, 16.683960773013172 ], [ 42.716351208707891, 16.684148155143507 ], [ 42.716324439810741, 16.684344461305692 ], [ 42.716291723168098, 16.684511023352147 ], [ 42.716154902563801, 16.684966094578467 ], [ 42.71613110888687, 16.685242707152032 ], [ 42.716110288633523, 16.685555011661389 ], [ 42.716062700381357, 16.685679932633867 ], [ 42.715967522080369, 16.685932750768639 ], [ 42.71590208610013, 16.686090390739519 ], [ 42.71583070237439, 16.686322387960402 ], [ 42.71576229297056, 16.686477053765206 ], [ 42.715720651565569, 16.686563309011632 ], [ 42.715607627333149, 16.686712026078883 ], [ 42.715503526066449, 16.686810178298934 ], [ 42.715331016294229, 16.686944023405744 ], [ 42.715188247046129, 16.687045150203083 ], [ 42.715078197135611, 16.687083816089565 ], [ 42.71497112244532, 16.687119508133481 ], [ 42.714861071636498, 16.687161148699541 ], [ 42.714748047404072, 16.687217661004759 ], [ 42.71459338266498, 16.687324737041525 ], [ 42.714423846316365, 16.68747940203524 ], [ 42.714292976152507, 16.687589451752846 ], [ 42.714200771275117, 16.687699502267577 ], [ 42.714081798398887, 16.68780360334982 ], [ 42.713995543063618, 16.687845242906359 ], [ 42.713900363864319, 16.687842269082861 ], [ 42.71382005717286, 16.687869038655556 ], [ 42.713659443789957, 16.687979089009296 ], [ 42.713460164222276, 16.68809508693893 ], [ 42.713246013045058, 16.68819621398772 ], [ 42.713132987914328, 16.688249752169732 ], [ 42.713019963681909, 16.688252725986885 ], [ 42.712960477243797, 16.688234879641332 ], [ 42.712921811059019, 16.688205137162512 ], [ 42.712841504367567, 16.688187291672993 ], [ 42.712746326066586, 16.688163495963419 ], [ 42.712695761695876, 16.688142675790711 ], [ 42.712615455004418, 16.688154572786683 ], [ 42.712526225347247, 16.688166470642397 ], [ 42.712439970011978, 16.688190266351604 ], [ 42.712365611964337, 16.68822000883274 ], [ 42.712291253916696, 16.688252725986885 ], [ 42.712139564397809, 16.688315187322718 ], [ 42.711904591170629, 16.68839549410988 ], [ 42.711571467117196, 16.688582876195198 ], [ 42.711247265131156, 16.688785129723051 ], [ 42.710940909076555, 16.689049845853535 ], [ 42.710598862057395, 16.689359176365578 ], [ 42.710369839270662, 16.689623890840444 ], [ 42.710250866394425, 16.689778555694463 ], [ 42.710149738551316, 16.689897528904865 ], [ 42.710087277791288, 16.689998655860354 ], [ 42.710033739996994, 16.690067065063918 ], [ 42.709932613052196, 16.690129525806757 ], [ 42.709864202750055, 16.690183064307632 ], [ 42.709754153737855, 16.690251474305651 ], [ 42.709694668198054, 16.690290138682968 ], [ 42.709632207438041, 16.690358548642656 ], [ 42.709572720101605, 16.690453727788505 ], [ 42.709340722992962, 16.69080469838169 ], [ 42.709218775794824, 16.69096531241135 ], [ 42.708992727329992, 16.691277616174297 ], [ 42.708754780679214, 16.691592894912922 ], [ 42.708606063685622, 16.691771354297021 ], [ 42.708549553366034, 16.691833815343248 ], [ 42.708528733112701, 16.691943865134693 ], [ 42.708522782672254, 16.692036068872195 ], [ 42.708496013775097, 16.692110428302499 ], [ 42.708463297132454, 16.692172888377417 ], [ 42.708427605269584, 16.692211554947335 ], [ 42.708388939084813, 16.692285912588432 ], [ 42.708335401290519, 16.692387040000849 ], [ 42.708302682851226, 16.692452474597605 ], [ 42.708266990988363, 16.692541705199766 ], [ 42.708210479770472, 16.692604165133702 ], [ 42.708153966755944, 16.692681498091158 ], [ 42.708094480317833, 16.692812367921032 ], [ 42.708064737098773, 16.692877804093044 ], [ 42.70804094342185, 16.692955136079288 ], [ 42.707996327694943, 16.69307708363532 ], [ 42.707942789900642, 16.69321390325555 ], [ 42.707883302564213, 16.693422105378442 ], [ 42.707767304009884, 16.693776050273609 ], [ 42.707722690079621, 16.693912869393294 ], [ 42.707698894606054, 16.693999123864813 ], [ 42.70768104957294, 16.694076457118104 ], [ 42.707621563134822, 16.69419840395841 ], [ 42.707538281223151, 16.694359017716646 ], [ 42.707419308346921, 16.694579118629406 ], [ 42.707368744874522, 16.694668348238341 ], [ 42.707356847586901, 16.694754603229221 ], [ 42.707359821908803, 16.69481706416061 ], [ 42.707377667840241, 16.694900346231147 ], [ 42.70737469441665, 16.694971729113238 ], [ 42.70737469441665, 16.69503716368521 ], [ 42.707336027333554, 16.69511747108907 ], [ 42.707306284114502, 16.695266186661716 ], [ 42.707312232758305, 16.695367315077974 ], [ 42.707321154825713, 16.695435724080259 ], [ 42.707339000757152, 16.695477365415432 ], [ 42.70737469441665, 16.69553090327824 ], [ 42.707398488093574, 16.695557671773791 ], [ 42.707422282668823, 16.695614184177131 ], [ 42.707419308346921, 16.695688542214807 ], [ 42.707413359703111, 16.69574505371898 ], [ 42.707398488093574, 16.695831309944609 ], [ 42.707306284114502, 16.696000846001159 ], [ 42.70724679767639, 16.696212023082282 ], [ 42.707223003101142, 16.696325048345518 ], [ 42.707220027880922, 16.696414277999381 ], [ 42.707240848134262, 16.696562993422909 ], [ 42.707282490437578, 16.696723607774398 ], [ 42.707327105266153, 16.696913964839545 ], [ 42.707386591704271, 16.697160832800328 ], [ 42.707410386279513, 16.697333344794465 ], [ 42.707419309245232, 16.697532624851583 ], [ 42.707431205634542, 16.697755699218707 ], [ 42.707460948853601, 16.698029336822081 ], [ 42.707514488444531, 16.698308923936043 ], [ 42.707559102374802, 16.698529023739347 ], [ 42.707594795135982, 16.698668817411971 ], [ 42.70763940906626, 16.698752097803176 ], [ 42.707684023894842, 16.698802661955657 ], [ 42.707719715757719, 16.698847277069525 ], [ 42.707776227873921, 16.698921634709031 ], [ 42.70784463817607, 16.699031684719561 ], [ 42.707933867833241, 16.699192297855578 ], [ 42.708037969099934, 16.699299374064974 ], [ 42.708139096044725, 16.699379681397737 ], [ 42.708231300922122, 16.699421321012675 ], [ 42.708332427866921, 16.699424294655948 ], [ 42.708439504353841, 16.699406450214344 ], [ 42.708519810146981, 16.699406450214344 ], [ 42.708561450653654, 16.699424294655948 ], [ 42.708582270907002, 16.699459987836303 ], [ 42.708612014126054, 16.699522448089471 ], [ 42.708665551920369, 16.69968901067239 ], [ 42.708763705441562, 16.700025109896778 ], [ 42.708876728775664, 16.700486130146935 ], [ 42.708974882296872, 16.700988791138585 ], [ 42.709022471447362, 16.701244583281497 ], [ 42.709064111954049, 16.701640169160665 ], [ 42.709067086275951, 16.702006011308846 ], [ 42.709064111954049, 16.702449186061109 ], [ 42.709067086275951, 16.702844771165594 ], [ 42.709046265124293, 16.703240356310943 ], [ 42.709022471447362, 16.703448558689825 ], [ 42.70901949712546, 16.703576455307619 ], [ 42.708986779584492, 16.704135629231395 ], [ 42.708960010687335, 16.704367626048906 ], [ 42.70889457560542, 16.704572855356307 ], [ 42.708841037811119, 16.704861363890753 ], [ 42.708796422982523, 16.705155821678503 ], [ 42.708823191879681, 16.705218282649778 ], [ 42.708855909420642, 16.705340230979914 ], [ 42.708852935098733, 16.705435408683286 ], [ 42.708849960776831, 16.705673355315309 ], [ 42.708811294592053, 16.70593509600987 ], [ 42.708751808153949, 16.706271195425092 ], [ 42.708668528038899, 16.706526987374406 ], [ 42.70865068120915, 16.706723292051176 ], [ 42.708617962769871, 16.70690472717212 ], [ 42.70854657994245, 16.707104006704906 ], [ 42.708451401641469, 16.707434157025183 ], [ 42.708436530031939, 16.70756502707059 ], [ 42.708451401641469, 16.707654256634672 ], [ 42.708448427319553, 16.707791075275942 ], [ 42.708368119729791, 16.708070662723117 ], [ 42.70824617342997, 16.708421632777565 ], [ 42.708043918642062, 16.708841013269723 ], [ 42.707892228224871, 16.709299059392208 ], [ 42.707841664752479, 16.709474544231107 ], [ 42.70775540941721, 16.709632182841624 ], [ 42.707675101827441, 16.709783874358237 ], [ 42.707636435642669, 16.709893924130526 ], [ 42.707636435642669, 16.709971256969574 ], [ 42.707636435642669, 16.710036692424296 ], [ 42.707618589711231, 16.710066434945009 ], [ 42.707576949204551, 16.710057511931165 ], [ 42.707443104718799, 16.710018846393417 ], [ 42.707255722438731, 16.709944487053065 ], [ 42.707029673075589, 16.709864180722548 ], [ 42.706910700199359, 16.709792797384868 ], [ 42.70687203401458, 16.70973330967238 ], [ 42.706869059692679, 16.70969761927298 ], [ 42.706833367829809, 16.709685721037722 ], [ 42.706779830035508, 16.709694644068946 ], [ 42.70669060037833, 16.709700592756199 ], [ 42.70661326711047, 16.709679773210389 ], [ 42.706330707427739, 16.709596492423312 ], [ 42.705084463854291, 16.70915331705497 ], [ 42.704480675609119, 16.708945114014661 ], [ 42.703475353906676, 16.708600093644318 ], [ 42.703451559331427, 16.708644708189638 ], [ 42.704834620814218, 16.709141419646166 ], [ 42.706506192420179, 16.709751155729961 ], [ 42.707904124614181, 16.710316279163195 ], [ 42.707981458780367, 16.71038468797218 ], [ 42.707838691328888, 16.710726735951205 ], [ 42.707743513027907, 16.710723761623594 ], [ 42.707624540151677, 16.710708889984851 ], [ 42.705723943962347, 16.710009923377349 ], [ 42.704343856801465, 16.709498339006437 ], [ 42.704308164938588, 16.709480492925216 ], [ 42.704293294227377, 16.7094477759657 ], [ 42.704311140158808, 16.70938234030907 ], [ 42.704323037446429, 16.709310955930793 ], [ 42.704296267650975, 16.709239573246595 ], [ 42.704260575788098, 16.709183059713343 ], [ 42.704180269096646, 16.70915331705497 ], [ 42.703689505083887, 16.708974858426249 ], [ 42.703671659152455, 16.709025421592269 ], [ 42.70414457723377, 16.70922172714118 ], [ 42.704168370910708, 16.709266340680816 ], [ 42.704168370910708, 16.709319878979539 ], [ 42.704150524979269, 16.709367469426184 ], [ 42.704129704725936, 16.709415057279802 ], [ 42.704091040337786, 16.709426954671549 ], [ 42.703323662591167, 16.709144394858825 ], [ 42.703311765303546, 16.709200906682756 ], [ 42.705474100922267, 16.710006949038569 ], [ 42.707419311041861, 16.71073268374591 ], [ 42.707437156973299, 16.710759452691484 ], [ 42.707463925870449, 16.71082488873634 ], [ 42.70746095065023, 16.710875452272614 ], [ 42.707392543043028, 16.710914117636825 ], [ 42.707285466556108, 16.710958733361984 ], [ 42.707288440878017, 16.711006321679221 ], [ 42.707264646302768, 16.711080679745475 ], [ 42.707181365289401, 16.711155038643135 ], [ 42.70713972388441, 16.71121154987172 ], [ 42.707098084276048, 16.711297805993503 ], [ 42.707080238344609, 16.71136621617142 ], [ 42.707044545583429, 16.711488163154897 ], [ 42.70701480326268, 16.711586316408795 ], [ 42.706996957331256, 16.711663647701698 ], [ 42.706970188434106, 16.711836158637229 ], [ 42.706952340706039, 16.71194323463823 ], [ 42.706910701097677, 16.712014618892308 ], [ 42.706877983556709, 16.71207113072672 ], [ 42.706848240337649, 16.7121306177105 ], [ 42.706851214659551, 16.712178205735505 ], [ 42.706872034912898, 16.712225796329758 ], [ 42.706892855166238, 16.712252565065889 ], [ 42.706916649741487, 16.712294205314631 ], [ 42.706925572707199, 16.71235369222887 ], [ 42.70692259838529, 16.712475638581338 ], [ 42.706928547029101, 16.712588663681114 ], [ 42.706964239790295, 16.712814711959098 ], [ 42.706993983009347, 16.713073478893971 ], [ 42.706993983009347, 16.713257887428632 ], [ 42.706931521351009, 16.713588038288364 ], [ 42.706869060590989, 16.713909264882755 ], [ 42.706779830933819, 16.714227518384082 ], [ 42.706589474331857, 16.714596333904922 ], [ 42.706568654078517, 16.714715307139834 ], [ 42.706527012673519, 16.714804536802241 ], [ 42.70644075823656, 16.714932432693633 ], [ 42.706348554257495, 16.715045457198514 ], [ 42.706205785907699, 16.715125763929674 ], [ 42.706119530572437, 16.715134686706524 ], [ 42.70605409459219, 16.715140636084548 ], [ 42.70595891718952, 16.715173352928417 ], [ 42.705863737990221, 16.715214994260482 ], [ 42.705771534011156, 16.715262583236964 ], [ 42.70570609892922, 16.715307197945414 ], [ 42.705634715203487, 16.715399401585788 ], [ 42.705557382833938, 16.715524323685997 ], [ 42.705527639614886, 16.715607605327477 ], [ 42.705554407613718, 16.715661142707479 ], [ 42.705584151731088, 16.715711706682946 ], [ 42.705619843593958, 16.715744424289234 ], [ 42.705649586813017, 16.715827704974291 ], [ 42.705658509778736, 16.715887190786916 ], [ 42.705670407066357, 16.715946678301705 ], [ 42.705703124607318, 16.715985344359034 ], [ 42.705717997115158, 16.716021036163482 ], [ 42.705729894402786, 16.71606862579927 ], [ 42.705765585367345, 16.716101343344356 ], [ 42.705807226772336, 16.716116213702477 ], [ 42.70582507180545, 16.71614893296011 ], [ 42.70582507180545, 16.716208418672579 ], [ 42.705813175416147, 16.716261956744329 ], [ 42.705798303806617, 16.716354160783638 ], [ 42.705744765113998, 16.716589133331833 ], [ 42.705709074149439, 16.716737849385964 ], [ 42.705566305799657, 16.717065025157325 ], [ 42.705331335267424, 16.717579583250568 ], [ 42.705233181746216, 16.717805631637905 ], [ 42.705138004343546, 16.718070347112803 ], [ 42.704977390062318, 16.718507573146283 ], [ 42.704819751001317, 16.718891260858786 ], [ 42.704617496213416, 16.719301718127625 ], [ 42.704412268001924, 16.719649714844518 ], [ 42.704212989332547, 16.719908481112128 ], [ 42.704076168728257, 16.720086940699154 ], [ 42.703820377044366, 16.720405193358342 ], [ 42.703552688072847, 16.720714523831386 ], [ 42.703222537443004, 16.721071442190418 ], [ 42.702737722972365, 16.721547334017437 ], [ 42.702449212849203, 16.721815023616163 ], [ 42.702193421165305, 16.722049994599352 ], [ 42.701830552994494, 16.722341480107406 ], [ 42.701562864022982, 16.722576451302274 ], [ 42.701161329667393, 16.722912549795605 ], [ 42.700840102003255, 16.723168342664568 ], [ 42.700417749190962, 16.723495518589711 ], [ 42.700182777760411, 16.7236947988611 ], [ 42.700034060766804, 16.723834592167414 ], [ 42.699766371795299, 16.724093357918782 ], [ 42.699480835994031, 16.724393765228175 ], [ 42.699272632562312, 16.724655506912111 ], [ 42.699079301638442, 16.724944016052241 ], [ 42.698841355885975, 16.725390164970651 ], [ 42.698621256064968, 16.725791698878933 ], [ 42.698398181922038, 16.726184309682083 ], [ 42.698071005614082, 16.726797021290068 ], [ 42.697770599101609, 16.727436501835715 ], [ 42.69763080597204, 16.727739883101876 ], [ 42.697458294403191, 16.728102750189258 ], [ 42.69729173237647, 16.728426952198618 ], [ 42.697027016828557, 16.728837408729188 ], [ 42.696711737808222, 16.729250840995618 ], [ 42.696494613207427, 16.729479864208344 ], [ 42.696206103982568, 16.729756475946854 ], [ 42.695801595305078, 16.73011042142128 ], [ 42.695406009593306, 16.730467340258254 ], [ 42.695069911217956, 16.730732055361926 ], [ 42.694760580841439, 16.730970001411773 ], [ 42.694353098740358, 16.731270408208815 ], [ 42.694165715561994, 16.731392355370318 ], [ 42.693871257693317, 16.731547019929742 ], [ 42.693648182652083, 16.731624352592529 ], [ 42.693392391866496, 16.731701685223936 ], [ 42.693231776686964, 16.731770094965611 ], [ 42.693056291694525, 16.731850400675803 ], [ 42.692955164749726, 16.731889067809856 ], [ 42.692785629299422, 16.731900964660056 ], [ 42.692598246121037, 16.731892041807406 ], [ 42.692387069265742, 16.731918811224382 ], [ 42.692137226225661, 16.73196640033386 ], [ 42.691917126404633, 16.732011014575523 ], [ 42.691735690971754, 16.732070501361875 ], [ 42.691554257335511, 16.732171628339891 ], [ 42.691423387171653, 16.732311423172895 ], [ 42.691304414295423, 16.732475010672552 ], [ 42.691164621165846, 16.732611829576189 ], [ 42.691015904172254, 16.732689161806924 ], [ 42.690870163297191, 16.73270998228223 ], [ 42.690679805796904, 16.732775417678269 ], [ 42.690560832920674, 16.732897364737084 ], [ 42.690394269995643, 16.733153157113204 ], [ 42.690337757879441, 16.733281053602656 ], [ 42.69022176022343, 16.733435718349913 ], [ 42.689945147387881, 16.733617152150075 ], [ 42.689707200737104, 16.733768842656342 ], [ 42.689493049559886, 16.734003814391336 ], [ 42.689427613579653, 16.73419119729456 ], [ 42.689424640156062, 16.73433098978586 ], [ 42.689439510867267, 16.734464835120217 ], [ 42.68931756366915, 16.734631397307002 ], [ 42.689195617369329, 16.734759293664624 ], [ 42.689005259869042, 16.734991291089479 ], [ 42.68885654377376, 16.735187596580722 ], [ 42.688606700733679, 16.735425543089509 ], [ 42.688466907604102, 16.735627796872194 ], [ 42.688368754981219, 16.735844922700768 ], [ 42.68833901176216, 16.735946050256633 ], [ 42.688246807783081, 16.736091791905398 ], [ 42.688148655160191, 16.736237532582422 ], [ 42.688047528215399, 16.736454658576449 ], [ 42.68807132189233, 16.736612298973043 ], [ 42.68808916872208, 16.736740194861326 ], [ 42.68808916872208, 16.736868089803501 ], [ 42.688062398926611, 16.737004909854267 ], [ 42.687964246303729, 16.737135780254984 ], [ 42.687839324783688, 16.737233933211591 ], [ 42.687687634366497, 16.737293419227779 ], [ 42.68754784123692, 16.737326136571774 ], [ 42.687336664381611, 16.737326136571774 ], [ 42.687253383368251, 16.737326136571774 ], [ 42.68709871683253, 16.737364802594737 ], [ 42.687048154258449, 16.737430238973111 ], [ 42.6870243596832, 16.737504596198765 ], [ 42.687027334005109, 16.737617621087562 ], [ 42.687027334005109, 16.737748491927665 ], [ 42.686979744854611, 16.737858541907137 ], [ 42.686929181382219, 16.737932898965628 ], [ 42.686848873792449, 16.737971565725701 ], [ 42.686765592779089, 16.738037001035423 ], [ 42.686747746847651, 16.738105411083506 ], [ 42.686795335998141, 16.738188692324385 ], [ 42.686857796758169, 16.738271972668603 ], [ 42.686955950279369, 16.738325511426787 ], [ 42.68704517993654, 16.738337407875143 ], [ 42.687107639798249, 16.738390945754695 ], [ 42.687205793319443, 16.738483150275439 ], [ 42.68727420272328, 16.738616995273834 ], [ 42.687309894586157, 16.738825197748675 ], [ 42.687318817551862, 16.738947145236967 ], [ 42.687309894586157, 16.739083963794677 ], [ 42.68727420272328, 16.739173194096143 ], [ 42.687193896031829, 16.739301089125551 ], [ 42.687113589340377, 16.739384370703981 ], [ 42.687000565107951, 16.739476574743911 ], [ 42.686955950279369, 16.739601497412959 ], [ 42.686920259314824, 16.739729392154814 ], [ 42.686994615565823, 16.739875135210692 ], [ 42.68706005244438, 16.739970312884552 ], [ 42.687250409046349, 16.740056568040529 ], [ 42.687512149374058, 16.740157695081354 ], [ 42.687815530208432, 16.740211234169831 ], [ 42.687901786442012, 16.740255848201535 ], [ 42.687970194947539, 16.740297489216726 ], [ 42.688059424604702, 16.740407538583952 ], [ 42.688151628583789, 16.740502717712285 ], [ 42.688252756426891, 16.740600869794445 ], [ 42.688386600912651, 16.740722817866523 ], [ 42.68852936926244, 16.740835841706218 ], [ 42.68865428988417, 16.740907226326545 ], [ 42.68874649476156, 16.740954814911579 ], [ 42.688826802351329, 16.740948867199336 ], [ 42.6888714162816, 16.74088343116933 ], [ 42.688919005432091, 16.740749586903103 ], [ 42.68898444141233, 16.740654407898116 ], [ 42.689103413390249, 16.740547331675721 ], [ 42.689281872704584, 16.740419436622776 ], [ 42.689439511765592, 16.740345077954082 ], [ 42.68959417830132, 16.740294515350371 ], [ 42.689751815565693, 16.740288565897021 ], [ 42.689992737436683, 16.740300463083035 ], [ 42.690278272339633, 16.740386718089521 ], [ 42.690507295126373, 16.740481896368021 ], [ 42.690658986441882, 16.740544356953023 ], [ 42.690780933640013, 16.740571126014682 ], [ 42.690911803803871, 16.740597895072579 ], [ 42.691006982104845, 16.740621690265467 ], [ 42.69112000723559, 16.740636561291737 ], [ 42.691197338706822, 16.74058897176695 ], [ 42.691286569262303, 16.740526511196578 ], [ 42.691387697105412, 16.740481896368021 ], [ 42.691465027678333, 16.740472973056953 ], [ 42.691530463658573, 16.740490818818419 ], [ 42.691628617179774, 16.74055625412306 ], [ 42.691747590056004, 16.740648459316255 ], [ 42.691848717000802, 16.740746611323317 ], [ 42.691923075048443, 16.740800149386025 ], [ 42.692024201993242, 16.740859636009141 ], [ 42.692113430752094, 16.740922097330522 ], [ 42.692232405424953, 16.740972659767657 ], [ 42.692354351724767, 16.740993480198039 ], [ 42.69243465931455, 16.740996454053491 ], [ 42.692550657868864, 16.741023223911849 ], [ 42.692610144306975, 16.741061890044676 ], [ 42.692693425320343, 16.741139223147005 ], [ 42.692755886080363, 16.741240349613058 ], [ 42.692809423874664, 16.741284964263972 ], [ 42.692922448107083, 16.741368245835304 ], [ 42.693014652984473, 16.741519936192109 ], [ 42.693145523148324, 16.741656754622408 ], [ 42.693231777585275, 16.741716241838247 ], [ 42.693291264921712, 16.741757881673941 ], [ 42.693356700003633, 16.741775729035499 ], [ 42.693404290052435, 16.741763831081396 ], [ 42.693413213018161, 16.741707318585004 ], [ 42.693410237797934, 16.741656754622408 ], [ 42.693407264374343, 16.741585372003463 ], [ 42.693434033271494, 16.741511012929674 ], [ 42.693463775592235, 16.741412859596021 ], [ 42.69350541699724, 16.741296862247996 ], [ 42.693564903435345, 16.741157068846046 ], [ 42.693585722790367, 16.741058916190251 ], [ 42.693573826401064, 16.740984556910945 ], [ 42.693547056605595, 16.740880455591633 ], [ 42.693508391319135, 16.740776354215434 ], [ 42.693451879202932, 16.740648459316255 ], [ 42.693395367086723, 16.740523537333793 ], [ 42.693315060395264, 16.74027369312309 ], [ 42.693267470346456, 16.740145797026184 ], [ 42.693222856416185, 16.740008978370849 ], [ 42.693219881195965, 16.739800776329531 ], [ 42.693255573058842, 16.739634212640084 ], [ 42.693318033818855, 16.739390317604816 ], [ 42.693437006695085, 16.739208884140428 ], [ 42.693567876858936, 16.738964990281122 ], [ 42.693749311393496, 16.738819248249445 ], [ 42.693966436892616, 16.738622942198621 ], [ 42.694079461125035, 16.738545609795285 ], [ 42.694180588968152, 16.7384980206084 ], [ 42.694323356419616, 16.738453405304771 ], [ 42.694415560398696, 16.738414740362995 ], [ 42.694513713021585, 16.738358226873043 ], [ 42.694608892220884, 16.738295767291763 ], [ 42.694712992589267, 16.738233305109244 ], [ 42.694906324411456, 16.738144075227808 ], [ 42.694950939240044, 16.738105410223252 ], [ 42.693796899645676, 16.737013831607257 ], [ 42.693874232913537, 16.736936499411037 ], [ 42.694823043398095, 16.737825822934049 ], [ 42.694853766679131, 16.737783323703201 ], [ 42.694967982077607, 16.737688145796966 ], [ 42.695110750427396, 16.737583449959171 ], [ 42.695148821029136, 16.737473994258782 ], [ 42.695172615604392, 16.737374057250722 ], [ 42.695115508803461, 16.737245565628722 ], [ 42.695148821029136, 16.737074245051769 ], [ 42.695220204754882, 16.736907683279835 ], [ 42.695310623781495, 16.736807745114472 ], [ 42.695443873582526, 16.736783951165727 ], [ 42.695548570432258, 16.736764915316382 ], [ 42.695600918857124, 16.736664977936396 ], [ 42.695629471808431, 16.736555523428883 ], [ 42.695700856432488, 16.736398478286919 ], [ 42.695848382260017, 16.736327093697653 ], [ 42.695995908087561, 16.73630805780267 ], [ 42.696162471012599, 16.736231915924236 ], [ 42.696362345265001, 16.736122461167948 ], [ 42.696519388742963, 16.736022524311252 ], [ 42.696781130867294, 16.735741746799345 ], [ 42.697142807872048, 16.735584701846921 ], [ 42.697561594372658, 16.735380069380192 ], [ 42.697831424029495, 16.735239680632745 ], [ 42.698017022255399, 16.735096913140037 ], [ 42.698178825007751, 16.734985078228274 ], [ 42.698314455344295, 16.734892278428937 ], [ 42.698521467609943, 16.734780444257339 ], [ 42.698695167649916, 16.734711440289402 ], [ 42.698871249123691, 16.734647193591456 ], [ 42.699075881752158, 16.734609123184477 ], [ 42.69920675281432, 16.734601983799447 ], [ 42.699347140628603, 16.734597224782796 ], [ 42.699494668252783, 16.734566292031925 ], [ 42.699701681416741, 16.734494907616547 ], [ 42.700060979682611, 16.734409247831287 ], [ 42.700241817735829, 16.734356900309152 ], [ 42.700415518674113, 16.734273618253724 ], [ 42.700608255811581, 16.734202234588984 ], [ 42.700886652701278, 16.734116573811889 ], [ 42.701029420152757, 16.734104677099999 ], [ 42.701186463630727, 16.734088021357998 ], [ 42.701326853241646, 16.734080881953449 ], [ 42.701552900808167, 16.73401663676346 ], [ 42.701631423445463, 16.733966667789456 ], [ 42.701759913972126, 16.733930976763212 ], [ 42.701855093171424, 16.733904802077983 ], [ 42.702057347061015, 16.733812002612837 ], [ 42.702242945286919, 16.73370254818709 ], [ 42.702383333101217, 16.733597851019645 ], [ 42.702592725902363, 16.733455084017432 ], [ 42.702835430030873, 16.733338490814599 ], [ 42.703056720119648, 16.733269486324527 ], [ 42.703197108832256, 16.73321713762904 ], [ 42.703366049597847, 16.733167169305677 ], [ 42.703520716133575, 16.733150512621457 ], [ 42.70363730937261, 16.733095785226478 ], [ 42.703749144235594, 16.733041057815782 ], [ 42.703925223912748, 16.73298157133237 ], [ 42.704072750638595, 16.732943499732365 ], [ 42.704244071939698, 16.732864977839846 ], [ 42.704365425351433, 16.732791214116563 ], [ 42.704517708656709, 16.732715071693171 ], [ 42.704698549404874, 16.732638929239357 ], [ 42.704817522281104, 16.732596097643995 ], [ 42.70491983859533, 16.732584200837191 ], [ 42.705041191108748, 16.732577062236579 ], [ 42.705231547710717, 16.73251281826019 ], [ 42.705412386662246, 16.732458088961533 ], [ 42.705557533750905, 16.732400981831951 ], [ 42.705681265901504, 16.732386706337302 ], [ 42.705871623401798, 16.732284388844512 ], [ 42.706012011216082, 16.732203488002483 ], [ 42.706154778667546, 16.732122585405552 ], [ 42.706216644742852, 16.732134482241172 ], [ 42.706238059680913, 16.732217764371136 ], [ 42.706242818955289, 16.732291526595802 ], [ 42.706304685030588, 16.732334357399331 ], [ 42.706357032557136, 16.732372428260742 ], [ 42.706368930743082, 16.732429535398882 ], [ 42.706302305393407, 16.732550888225674 ], [ 42.706207127092419, 16.732657963780319 ], [ 42.706166676853485, 16.73275314161825 ], [ 42.706223783654416, 16.732736485758124 ], [ 42.706437934831627, 16.732593718110635 ], [ 42.706566425358297, 16.732531851953464 ], [ 42.706673500946899, 16.732431914934292 ], [ 42.706742505933761, 16.732301043883865 ], [ 42.706778197796623, 16.732151138153906 ], [ 42.706775818159443, 16.731991714142723 ], [ 42.706768680146197, 16.73181325537476 ], [ 42.706732988283328, 16.731658590171097 ], [ 42.706799612734692, 16.731622897852318 ], [ 42.706878135371987, 16.731660969716135 ], [ 42.706940001447293, 16.731691902078289 ], [ 42.707028040836711, 16.731706179345547 ], [ 42.707080390159895, 16.731789460802389 ], [ 42.707225537248554, 16.731867982277741 ], [ 42.707480137766382, 16.731891776840307 ], [ 42.707713326041095, 16.731879879989538 ], [ 42.70795603106793, 16.731860843650306 ], [ 42.70823204832044, 16.731875120904913 ], [ 42.708339123909056, 16.731898914606305 ], [ 42.708381953785164, 16.731956022746605 ], [ 42.708308191320562, 16.73199647408472 ], [ 42.708153525683144, 16.732077375014622 ], [ 42.708013137868853, 16.732151138153906 ], [ 42.707839436930577, 16.732241558029759 ], [ 42.707708566766719, 16.732343874685256 ], [ 42.707582455877237, 16.732448570821031 ], [ 42.707108943111201, 16.732817387234185 ], [ 42.706709193708079, 16.733102922947381 ], [ 42.706147640654301, 16.733376560615145 ], [ 42.705533739175657, 16.733647820090358 ], [ 42.705222030958595, 16.733814382130983 ], [ 42.704455844378039, 16.734204614102257 ], [ 42.703665863222241, 16.734670987807025 ], [ 42.703339876283721, 16.734863725230998 ], [ 42.702947265792176, 16.73498983723524 ], [ 42.702671247641348, 16.735051702594458 ], [ 42.702192975600923, 16.735199229122781 ], [ 42.701726601746444, 16.735387206155266 ], [ 42.701279263192845, 16.735572804366424 ], [ 42.700974692989014, 16.73568701842801 ], [ 42.700341756209504, 16.736051075615013 ], [ 42.700068117695857, 16.736248570618582 ], [ 42.699853965620342, 16.736581696029482 ], [ 42.699675508102622, 16.736871990223676 ], [ 42.699456596752718, 16.737190837689329 ], [ 42.699211512088702, 16.737516823897469 ], [ 42.698956910672564, 16.737811877323871 ], [ 42.698628544995181, 16.738080756181745 ], [ 42.698295420043415, 16.738321081980324 ], [ 42.697833804565001, 16.738559028016873 ], [ 42.697503060148748, 16.738697035721646 ], [ 42.697069996723322, 16.738839804818006 ], [ 42.69682253421874, 16.738982572947123 ], [ 42.696608382143211, 16.739118201753442 ], [ 42.696089659863866, 16.73941563472868 ], [ 42.695780330385674, 16.739665478344282 ], [ 42.695675634434259, 16.739822521653483 ], [ 42.695506691872033, 16.740079504775725 ], [ 42.695328232557692, 16.740293655965779 ], [ 42.695121219393727, 16.74056491505592 ], [ 42.694987969592681, 16.740936109811894 ], [ 42.694828545579206, 16.741364412605908 ], [ 42.694695295778168, 16.74167850231521 ], [ 42.694514456826646, 16.742009247417787 ], [ 42.694409759976907, 16.742149634617686 ], [ 42.694352653175983, 16.742330474299198 ], [ 42.694340902313748, 16.742480875257726 ], [ 42.694224161751002, 16.742563660811037 ], [ 42.693881520047128, 16.742742120692828 ], [ 42.693555534905251, 16.742901545171275 ], [ 42.693434182391833, 16.742977687824844 ], [ 42.693208133028683, 16.743065728321501 ], [ 42.692965428900166, 16.743106178161138 ], [ 42.692748898085767, 16.743101420217151 ], [ 42.692453844634066, 16.743087142943551 ], [ 42.692023161744139, 16.743089522345855 ], [ 42.691318986765964, 16.743123330328853 ], [ 42.691109449336047, 16.743139490647554 ], [ 42.691042823986372, 16.743189459796376 ], [ 42.690961921711882, 16.743258464134453 ], [ 42.690911952924203, 16.74331557059034 ], [ 42.690785842034728, 16.74335602209738 ], [ 42.690626418021253, 16.743370299350815 ], [ 42.69046223563172, 16.743405991189388 ], [ 42.69030519125544, 16.743451200612579 ], [ 42.689979204316927, 16.743496410025042 ], [ 42.689817400666271, 16.743513066664963 ], [ 42.689693670312295, 16.743536860633434 ], [ 42.689581834551007, 16.743617762684675 ], [ 42.689531865763321, 16.743696285306857 ], [ 42.689562799250133, 16.743758151279632 ], [ 42.689612768037811, 16.743805740012579 ], [ 42.689591353099757, 16.743879503772483 ], [ 42.689548523223635, 16.743884263417485 ], [ 42.689477137701267, 16.743843811162424 ], [ 42.689417652161467, 16.743751013097697 ], [ 42.689360545360543, 16.74358207088579 ], [ 42.689327233134861, 16.74352020485582 ], [ 42.689317713687792, 16.743472615191294 ], [ 42.68934151005967, 16.743415507922251 ], [ 42.689370063010976, 16.743370299350815 ], [ 42.68940099559947, 16.743336986904765 ], [ 42.689420030900344, 16.743298914793378 ], [ 42.689422411435835, 16.743251325073558 ], [ 42.68937778762411, 16.743180952964348 ], [ 42.689322473860479, 16.743160906981778 ], [ 42.689265367059555, 16.743141870909437 ], [ 42.689191602798317, 16.743153768777457 ], [ 42.68912497834696, 16.743168045185829 ], [ 42.689039317696405, 16.743189460656609 ], [ 42.688982210895482, 16.743227531929644 ], [ 42.688927482833428, 16.743275120795182 ], [ 42.688903688258179, 16.743320331109672 ], [ 42.688894170607746, 16.743389335400327 ], [ 42.688920343921858, 16.743429786031463 ], [ 42.688984589634352, 16.743451202333041 ], [ 42.689070251183225, 16.743496410885271 ], [ 42.689158290572642, 16.74356065459893 ], [ 42.689220727976455, 16.743673557182749 ], [ 42.689274264872445, 16.743780633368129 ], [ 42.689339700852685, 16.743899605594269 ], [ 42.689387290003175, 16.743985860691328 ], [ 42.689405135934614, 16.744045348039933 ], [ 42.689357546784123, 16.744116732317593 ], [ 42.689333752208874, 16.744164320960934 ], [ 42.689348623818404, 16.744217858923186 ], [ 42.689333752208874, 16.744265448401492 ], [ 42.689250471195514, 16.744375498916995 ], [ 42.689173138825964, 16.744467703121501 ], [ 42.689074986203082, 16.744548008640962 ], [ 42.68904226776381, 16.744592624237516 ], [ 42.688997652935221, 16.744702673703728 ], [ 42.688958986750443, 16.744788930157512 ], [ 42.688920320565657, 16.744827596386056 ], [ 42.688851911161834, 16.744875185711994 ], [ 42.688744835573232, 16.744967389674567 ], [ 42.688652631594152, 16.745107182860451 ], [ 42.688551504649361, 16.745241028365523 ], [ 42.688506888922461, 16.74530943668649 ], [ 42.688429556552904, 16.745407589732434 ], [ 42.688361148047392, 16.745487896575987 ], [ 42.688295712067152, 16.745553332744468 ], [ 42.68823325220545, 16.745621741813466 ], [ 42.688176739190922, 16.745690150857889 ], [ 42.688102381143281, 16.745749637674113 ], [ 42.687971510979423, 16.745862662831815 ], [ 42.687891204287972, 16.745919174095174 ], [ 42.687828742629634, 16.745996506945659 ], [ 42.687799000308893, 16.746070865128356 ], [ 42.687781154377454, 16.746177940826016 ], [ 42.68776925619153, 16.746293940362435 ], [ 42.68774248819269, 16.746430758803946 ], [ 42.68772761568485, 16.746519989104378 ], [ 42.687733565226971, 16.746627063689267 ], [ 42.687745461616274, 16.746713320131583 ], [ 42.687721667939343, 16.746850139131968 ], [ 42.687662180602914, 16.74692152321844 ], [ 42.68755213069241, 16.747055366588008 ], [ 42.68748966993239, 16.747073212592902 ], [ 42.687430182595953, 16.747094033216563 ], [ 42.687361774090441, 16.747111879217833 ], [ 42.687332892355734, 16.747121987592724 ], [ 42.687257672823741, 16.747123775977606 ], [ 42.687225971277357, 16.747178150955992 ], [ 42.687249764954295, 16.747273330141518 ], [ 42.687270585207635, 16.74732984184644 ], [ 42.687300328426687, 16.747377431407234 ], [ 42.687306277070498, 16.747442866926384 ], [ 42.687270585207635, 16.747520198297835 ], [ 42.687255713598105, 16.747582660015365 ], [ 42.687261662241909, 16.747633223264778 ], [ 42.687220020836918, 16.747662966801805 ], [ 42.687154585754996, 16.747698657835805 ], [ 42.687121869112346, 16.747731375973096 ], [ 42.687121869112346, 16.747787888402279 ], [ 42.687095099316878, 16.747817631054936 ], [ 42.687017767845646, 16.747814657306002 ], [ 42.686919615222763, 16.747850349171781 ], [ 42.686869050852046, 16.747912809920795 ], [ 42.686848230598699, 16.747981219002323 ], [ 42.686782794618466, 16.748079372391455 ], [ 42.686723309078658, 16.748138857601049 ], [ 42.686708438367454, 16.748207268321778 ], [ 42.686696541079826, 16.748299472391292 ], [ 42.686628130777684, 16.748439264851338 ], [ 42.686580540728876, 16.748516598398719 ], [ 42.686521055189083, 16.748579058068959 ], [ 42.686482389004297, 16.748549314675039 ], [ 42.686399107990937, 16.748498751668908 ], [ 42.686306903113547, 16.748477932059064 ], [ 42.686226596422095, 16.748501727127572 ], [ 42.686173058627794, 16.748599880248371 ], [ 42.686158187018258, 16.74868910867206 ], [ 42.686110597867774, 16.748760492929282 ], [ 42.686068958259405, 16.748903259643004 ], [ 42.686030292074634, 16.748956797993259 ], [ 42.685949985383182, 16.74897167008907 ], [ 42.685893473266965, 16.749051977149847 ], [ 42.685908343978177, 16.749120385822064 ], [ 42.685944035841054, 16.749200692820104 ], [ 42.685961882670796, 16.749289922682625 ], [ 42.685982702924143, 16.74934643464919 ], [ 42.686012446143195, 16.749399972874816 ], [ 42.686042189362254, 16.749474330588551 ], [ 42.686033266396542, 16.74953381708271 ], [ 42.685941062417463, 16.749599252720937 ], [ 42.685851831861974, 16.749634944252158 ], [ 42.685762603103115, 16.749649816294994 ], [ 42.685658500938104, 16.749700379855625 ], [ 42.685599013601674, 16.749768790015256 ], [ 42.685631732040946, 16.749816378966425 ], [ 42.685679322089754, 16.749896685670876 ], [ 42.685717987376215, 16.749988889782404 ], [ 42.685762603103115, 16.750110837003881 ], [ 42.685747730595267, 16.75022683586457 ], [ 42.685700142343094, 16.750443961394286 ], [ 42.685664449581907, 16.750631343607719 ], [ 42.685643630226885, 16.750699752572611 ], [ 42.685607936567386, 16.750806829107823 ], [ 42.685557373993305, 16.750857393221342 ], [ 42.685530605096162, 16.750916879283327 ], [ 42.685491938911383, 16.750973391627127 ], [ 42.685417579965417, 16.751018005718073 ], [ 42.685343222816094, 16.751050724145117 ], [ 42.685316453020626, 16.751113184704337 ], [ 42.685316453020626, 16.751270824150502 ], [ 42.685236147227492, 16.751366003010357 ], [ 42.685173685569147, 16.75144035995616 ], [ 42.685117174351262, 16.751535538731243 ], [ 42.685048764049121, 16.751684255902138 ], [ 42.684971431679564, 16.75184784310758 ], [ 42.684908970919544, 16.751943021678912 ], [ 42.684810818296661, 16.752115533148253 ], [ 42.684676972912591, 16.752267222685244 ], [ 42.68451338610609, 16.752442709257828 ], [ 42.684439027160124, 16.752564655767532 ], [ 42.684382515043922, 16.752618193948244 ], [ 42.684346823181052, 16.752686603059292 ], [ 42.684326002927705, 16.752802602070755 ], [ 42.684305182674372, 16.75289778102487 ], [ 42.684284363319335, 16.753004856323649 ], [ 42.684239746694125, 16.753114906088562 ], [ 42.684153492257181, 16.753290391879609 ], [ 42.684108877428599, 16.753358800749069 ], [ 42.684088057175252, 16.75348669829356 ], [ 42.684091030598843, 16.753572951627866 ], [ 42.684129696783621, 16.753617567690071 ], [ 42.684168363866704, 16.753659208363821 ], [ 42.684195132763854, 16.753727617960902 ], [ 42.684218927339103, 16.753804951080284 ], [ 42.684195132763854, 16.753876334279269 ], [ 42.684183234577922, 16.753968538183464 ], [ 42.684177286832423, 16.754033973157405 ], [ 42.684174313408832, 16.754090484575759 ], [ 42.684150517935272, 16.754155921228133 ], [ 42.684108877428599, 16.754271919344113 ], [ 42.684049390990474, 16.754349252242335 ], [ 42.684007749585483, 16.754411711719147 ], [ 42.683948264045682, 16.754438482271972 ], [ 42.683930417215933, 16.754489045420748 ], [ 42.683954212689493, 16.754560429223332 ], [ 42.683978007264741, 16.754637761144142 ], [ 42.683998826619764, 16.754676427952948 ], [ 42.683983955010241, 16.754729964679459 ], [ 42.683936365859751, 16.754792426611861 ], [ 42.683891751031162, 16.754851913164408 ], [ 42.683876880319943, 16.754908425200075 ], [ 42.683882828065443, 16.755006577597911 ], [ 42.683909596962593, 16.755063089587647 ], [ 42.683960161333303, 16.755101757170213 ], [ 42.684013698229293, 16.75513150040047 ], [ 42.684117800394304, 16.755232627176529 ], [ 42.684150517935272, 16.755381343179049 ], [ 42.683972058620931, 16.755533034414107 ], [ 42.683799547950393, 16.755527084576734 ], [ 42.68365380617702, 16.75551518834213 ], [ 42.683573498587251, 16.755512213853272 ], [ 42.683502114861511, 16.755544930647595 ], [ 42.683418834746469, 16.755616314914306 ], [ 42.683261194787143, 16.755836414801141 ], [ 42.683097607082338, 16.756062464254239 ], [ 42.683029197678501, 16.756136821945784 ], [ 42.682963761698261, 16.756187384643333 ], [ 42.68290427615846, 16.756306357717929 ], [ 42.68284181539844, 16.756404511115111 ], [ 42.682761507808671, 16.756461024410065 ], [ 42.68268120201553, 16.75652645766684 ], [ 42.682639560610532, 16.756639483307371 ], [ 42.68263063764482, 16.756823890974154 ], [ 42.682615766035283, 16.757145118664724 ], [ 42.682645509254343, 16.757261116679018 ], [ 42.682645509254343, 16.757412808135989 ], [ 42.682615766035283, 16.757558549698178 ], [ 42.682556278698854, 16.75768644614055 ], [ 42.682461101296191, 16.757728085923993 ], [ 42.68233023113234, 16.757769727418658 ], [ 42.682246950118973, 16.757808392730915 ], [ 42.68219043800277, 16.757850034208005 ], [ 42.682136899310152, 16.757936289005357 ], [ 42.682053619195109, 16.758001724335333 ], [ 42.682038746687262, 16.758093928821225 ], [ 42.682095258803479, 16.758165312991892 ], [ 42.682151771817999, 16.758251566786164 ], [ 42.682187462782551, 16.758352695344794 ], [ 42.68222018122183, 16.758421104114831 ], [ 42.682205308713982, 16.758519257281339 ], [ 42.682130950666341, 16.758667973295786 ], [ 42.68196141521603, 16.758867252899762 ], [ 42.681875158982443, 16.758983251584514 ], [ 42.681833519374088, 16.759102224631338 ], [ 42.681827569831952, 16.759224172894797 ], [ 42.681851365305519, 16.759316375928133 ], [ 42.681833519374088, 16.759468066606754 ], [ 42.68175618610622, 16.759563245667788 ], [ 42.681646907848538, 16.759555270284817 ], [ 42.68161569498568, 16.759628954828464 ], [ 42.681577027902584, 16.759715209679534 ], [ 42.681523491006601, 16.759768748429039 ], [ 42.681472926635884, 16.759855004076883 ], [ 42.681464003670172, 16.759926386726672 ], [ 42.681493747787542, 16.760003719047262 ], [ 42.681514568040875, 16.760060232133377 ], [ 42.681565130614963, 16.760140538816117 ], [ 42.681568104936872, 16.760214896634313 ], [ 42.681538361717813, 16.760330895357576 ], [ 42.681458055026361, 16.760432021950841 ], [ 42.681368825369191, 16.76048258608747 ], [ 42.68122308359581, 16.760556943771981 ], [ 42.681107085041482, 16.760649147879722 ], [ 42.681071393178613, 16.760708635181789 ], [ 42.681035701315743, 16.760812736840457 ], [ 42.681005958096691, 16.760946580763441 ], [ 42.681017855384319, 16.761068527844703 ], [ 42.680961343268102, 16.761196423647927 ], [ 42.680937547794535, 16.76126780837485 ], [ 42.680925651405232, 16.761371909727533 ], [ 42.680916728439513, 16.761467087836095 ], [ 42.680943497336663, 16.761583086655993 ], [ 42.680916728439513, 16.761702059797297 ], [ 42.680934574370951, 16.761815084083597 ], [ 42.680961343268102, 16.761922160385637 ], [ 42.680916729337831, 16.762026261380239 ], [ 42.68084831903569, 16.762067901934156 ], [ 42.6807501664128, 16.762085748251678 ], [ 42.680681757008969, 16.76208872263777 ], [ 42.680562784132739, 16.762118464775831 ], [ 42.680491400407, 16.762139286334058 ], [ 42.680354580701021, 16.762231489674871 ], [ 42.680265351942161, 16.762276105427173 ], [ 42.680140430422121, 16.76232072030886 ], [ 42.680033353935208, 16.762380207088224 ], [ 42.679988739106619, 16.762439692988835 ], [ 42.680006585038058, 16.762508102869731 ], [ 42.680095814695221, 16.762549743318171 ], [ 42.680253453756222, 16.762627076292649 ], [ 42.680342684311711, 16.76270143399908 ], [ 42.680422990104852, 16.762760919799238 ], [ 42.680458682866032, 16.762876918690313 ], [ 42.680431913968881, 16.76295425067164 ], [ 42.680372426632452, 16.763064300703284 ], [ 42.68030104290672, 16.763227890167528 ], [ 42.680167199319278, 16.763468810403072 ], [ 42.680104736762623, 16.763617525988916 ], [ 42.680069045798071, 16.763784089336951 ], [ 42.680036329155428, 16.763974445672989 ], [ 42.679997662072338, 16.7640993668881 ], [ 42.679917356279198, 16.764262954602007 ], [ 42.679765664065371, 16.764494952201666 ], [ 42.679649666409361, 16.764664489127142 ], [ 42.679515821025298, 16.764807255951222 ], [ 42.67932249010142, 16.764997612983525 ], [ 42.679123209635421, 16.765184996347802 ], [ 42.678977467862047, 16.765372378667337 ], [ 42.67887336659534, 16.765556787330571 ], [ 42.678816853580813, 16.765687657026199 ], [ 42.678766291006738, 16.76576796391355 ], [ 42.678697880704583, 16.765872065383725 ], [ 42.678590806014299, 16.76593155191253 ], [ 42.67855213982952, 16.766011858696896 ], [ 42.67852239571215, 16.766101089277665 ], [ 42.678528345254279, 16.766175445625958 ], [ 42.67852537093237, 16.766249805385687 ], [ 42.678486703849281, 16.766321189076237 ], [ 42.678388551226398, 16.766395546198602 ], [ 42.678352860261839, 16.766505595959334 ], [ 42.67830824543325, 16.766574006098086 ], [ 42.67821604055586, 16.766612672201209 ], [ 42.67814168340653, 16.766663236415095 ], [ 42.678085170392002, 16.766785184131912 ], [ 42.678120862254879, 16.766874412629583 ], [ 42.67815357979584, 16.766922001603291 ], [ 42.678052452851041, 16.767029077610712 ], [ 42.677957273651757, 16.767130204943477 ], [ 42.67789183856982, 16.767219434999507 ], [ 42.677710404933578, 16.76745440673535 ], [ 42.67756763838041, 16.767674506687861 ], [ 42.67746056189349, 16.767829171878375 ], [ 42.677377280880137, 16.767900555836189 ], [ 42.677282101680831, 16.76804927225723 ], [ 42.677172051770327, 16.768218808594515 ], [ 42.67712446261983, 16.76831696100594 ], [ 42.677115540552428, 16.768415114226823 ], [ 42.67711256623052, 16.768522190253613 ], [ 42.677115540552428, 16.768605471088257 ], [ 42.677026310895258, 16.768775007789756 ], [ 42.676984671286895, 16.768846391392504 ], [ 42.676960875813329, 16.768914800689164 ], [ 42.677002516320016, 16.768953467176438 ], [ 42.677109591908618, 16.768992133655846 ], [ 42.67723748775056, 16.769051620068758 ], [ 42.677332666051548, 16.769078389421558 ], [ 42.677374308354857, 16.769111107323173 ], [ 42.677359434948698, 16.769197362174801 ], [ 42.677270206189846, 16.76929551494122 ], [ 42.677204771107917, 16.769328232805471 ], [ 42.677145283771495, 16.769360949803978 ], [ 42.677050106368817, 16.769384744841293 ], [ 42.676960875813329, 16.769429359775625 ], [ 42.676862723190439, 16.769476948109926 ], [ 42.67678241560067, 16.769494794592323 ], [ 42.676666417944666, 16.769497769722658 ], [ 42.676583136032988, 16.769518589612886 ], [ 42.676446318123645, 16.76958699780759 ], [ 42.676270832232888, 16.769717869890304 ], [ 42.676089398596645, 16.769836843963635 ], [ 42.675964476178279, 16.769967714154159 ], [ 42.675875247419427, 16.770125351739775 ], [ 42.675836580336345, 16.770235402782369 ], [ 42.675786016863945, 16.770339504387188 ], [ 42.675723556103918, 16.770401964634633 ], [ 42.675690838562957, 16.770461452326678 ], [ 42.675714633138206, 16.770523911673951 ], [ 42.675747349780856, 16.770604219099187 ], [ 42.67580386279537, 16.770738063872436 ], [ 42.675827657370625, 16.770794577209433 ], [ 42.675866322657086, 16.770868934302733 ], [ 42.675887143808737, 16.770961137711716 ], [ 42.675887143808737, 16.771080111007066 ], [ 42.675836580336345, 16.771210982062016 ], [ 42.675777093898226, 16.771371594577932 ], [ 42.675693812884866, 16.771576823968882 ], [ 42.675649198056277, 16.771752309931248 ], [ 42.675634326446755, 16.771912922849939 ], [ 42.675583762974355, 16.772082460042629 ], [ 42.675518326994109, 16.772326353607404 ], [ 42.675506429706495, 16.772483994397955 ], [ 42.675455867132406, 16.772686246647542 ], [ 42.675449917590285, 16.772766554019469 ], [ 42.675429098235256, 16.772849835575254 ], [ 42.675426123015043, 16.772930142878074 ], [ 42.675384483406674, 16.77304316737192 ], [ 42.675345817221896, 16.773114550232243 ], [ 42.675226843447348, 16.773185933925856 ], [ 42.675110844893027, 16.773257319312854 ], [ 42.675030539099893, 16.773301933338413 ], [ 42.674953205832026, 16.773346549073697 ], [ 42.674905615783217, 16.773406034124157 ], [ 42.674866949598446, 16.773456599111718 ], [ 42.674813412702463, 16.773504187298048 ], [ 42.674783668585086, 16.773569623292548 ], [ 42.674736080332913, 16.773673723931687 ], [ 42.674634953388114, 16.773745107415323 ], [ 42.674416467839656, 16.77389795115122 ], [ 42.674294520641524, 16.774031796185785 ], [ 42.674211238729846, 16.774156716814204 ], [ 42.674154726613644, 16.774284613276041 ], [ 42.674080368565988, 16.774376816748539 ], [ 42.673922728606676, 16.774421433091621 ], [ 42.673815653018075, 16.774448200828228 ], [ 42.673684782854224, 16.774457124266345 ], [ 42.673577708163933, 16.774480918665802 ], [ 42.673473605998907, 16.774522559932798 ], [ 42.673428992068644, 16.77460286566885 ], [ 42.673428992068644, 16.774739686115439 ], [ 42.673443863678166, 16.774935991035218 ], [ 42.673434940712447, 16.77524829483712 ], [ 42.673411146137205, 16.775405934064572 ], [ 42.673378428596244, 16.775572497407126 ], [ 42.673345711055291, 16.775783674046771 ], [ 42.673321917378345, 16.775982952917143 ], [ 42.673271353007635, 16.776095978175988 ], [ 42.673211866569524, 16.776203054177056 ], [ 42.673075046863545, 16.776399359305596 ], [ 42.672967971274943, 16.776521306797935 ], [ 42.672863870008236, 16.776655151705334 ], [ 42.672765717385353, 16.776833610575149 ], [ 42.672631872899593, 16.77707453163276 ], [ 42.672501002735736, 16.777339246426575 ], [ 42.672465310872873, 16.777482014054023 ], [ 42.672423670366193, 16.777600988428432 ], [ 42.672396900570732, 16.777797292973098 ], [ 42.672274954270904, 16.778106622238145 ], [ 42.672173827326112, 16.778255339275677 ], [ 42.672078648126821, 16.778424875111583 ], [ 42.671882342881034, 16.778579541016409 ], [ 42.671623576875241, 16.778921587801396 ], [ 42.671394553190183, 16.779239841030105 ], [ 42.671281528059453, 16.779403428617428 ], [ 42.671210145232031, 16.779635426662797 ], [ 42.671168503827033, 16.779787116613086 ], [ 42.671165530403442, 16.779915012726157 ], [ 42.671159580861321, 16.780072652382927 ], [ 42.671213118655622, 16.78021541967691 ], [ 42.671293426245391, 16.780361161823922 ], [ 42.671367784293032, 16.780506903859138 ], [ 42.671495680134981, 16.780694287417379 ], [ 42.671620601655022, 16.781122590156439 ], [ 42.671635474162869, 16.781348637933327 ], [ 42.671623576875241, 16.781705557010454 ], [ 42.67157301430116, 16.782166578284489 ], [ 42.671477835101854, 16.782591907079503 ], [ 42.671468912136149, 16.782737649123664 ], [ 42.671442143238991, 16.782889339177377 ], [ 42.671457014848521, 16.783023183899527 ], [ 42.671489732389482, 16.783127286240507 ], [ 42.67159085933428, 16.783252206910255 ], [ 42.671894241066973, 16.783403898273217 ], [ 42.672117060088368, 16.783527373018128 ], [ 42.672524798209302, 16.783704304867804 ], [ 42.672816281756063, 16.783790559977074 ], [ 42.673018537442282, 16.783876815907224 ], [ 42.673199970180214, 16.783933327917445 ], [ 42.673333814665973, 16.783974968833189 ], [ 42.673467660050051, 16.784010659073601 ], [ 42.673500376692701, 16.784049325069894 ], [ 42.673530119911753, 16.784087991918366 ], [ 42.673550941063404, 16.784126657898923 ], [ 42.673577709960554, 16.784177221753961 ], [ 42.673601503637485, 16.784218861756198 ], [ 42.673613400925113, 16.784242656653412 ], [ 42.673640169822264, 16.7842664506876 ], [ 42.673684784650845, 16.784311067288815 ], [ 42.673702630582284, 16.784355681299413 ], [ 42.673708580124412, 16.784415168063994 ], [ 42.673720477412033, 16.784477627985684 ], [ 42.673729400377759, 16.784510346676555 ], [ 42.673765092240622, 16.784546037676421 ], [ 42.673839450288263, 16.784546037676421 ], [ 42.673839450288263, 16.784587677597816 ], [ 42.673785911595644, 16.784617422236167 ], [ 42.673732113289901, 16.784654103986895 ], [ 42.673745013995706, 16.784698829722654 ], [ 42.673794834561363, 16.784730446659186 ], [ 42.673872167829224, 16.784772087400199 ], [ 42.673913808335904, 16.784792907337263 ], [ 42.673904885370192, 16.78483454806458 ], [ 42.673848373253989, 16.784864290944192 ], [ 42.673802880771362, 16.784899435750166 ], [ 42.673819056734679, 16.78495551399455 ], [ 42.673843048939297, 16.785038680983114 ], [ 42.67385826999346, 16.78521702189353 ], [ 42.67385544119864, 16.785242486006432 ], [ 42.673840701641453, 16.785610937783769 ], [ 42.673842423711847, 16.785643564255171 ], [ 42.673821604356824, 16.785816075253514 ], [ 42.673785911595644, 16.786009406758936 ], [ 42.673687759871072, 16.786134328113452 ], [ 42.67281925697629, 16.787026626150855 ], [ 42.67217382822443, 16.787675030104111 ], [ 42.671358863123949, 16.788504866626383 ], [ 42.670570666920611, 16.789263320175905 ], [ 42.670273233831722, 16.789504240951384 ], [ 42.669788419361097, 16.789831417227219 ], [ 42.669443397121711, 16.790027722894145 ], [ 42.668797968369859, 16.790277566254918 ], [ 42.668110898213008, 16.790533358028963 ], [ 42.667173985914395, 16.79092299463376 ], [ 42.665166315933085, 16.791732012408868 ], [ 42.664907549028975, 16.791660627943241 ], [ 42.664833190981327, 16.79165765315992 ], [ 42.664711242884877, 16.791630885267988 ], [ 42.664586322263155, 16.791589242590767 ], [ 42.664461399844797, 16.791541656354266 ], [ 42.664327556257355, 16.791508937154696 ], [ 42.664137198757075, 16.791476219669516 ], [ 42.663943866934886, 16.791455399605105 ], [ 42.663833817024383, 16.791407809895002 ], [ 42.663756484654826, 16.791312632159052 ], [ 42.663631563134778, 16.7912471971154 ], [ 42.663491770005223, 16.791238273605877 ], [ 42.663280593149906, 16.791244223185615 ], [ 42.663108081581058, 16.79123232574598 ], [ 42.662995057348645, 16.79123529967595 ], [ 42.662870135828605, 16.791223403095767 ], [ 42.662748188630474, 16.791208530864466 ], [ 42.662613853664574, 16.791146554764683 ], [ 42.662507267657794, 16.791038994397407 ], [ 42.662441832575873, 16.790925970288608 ], [ 42.6623942443237, 16.790854586379961 ], [ 42.662343679952983, 16.790792125115377 ], [ 42.662290143056993, 16.790738587363677 ], [ 42.662203886823413, 16.790682074798276 ], [ 42.662147373808892, 16.790619614336958 ], [ 42.662087888269085, 16.790536332829902 ], [ 42.661981206142578, 16.790468949578162 ], [ 42.661495145708649, 16.79037070368614 ], [ 42.661152504903086, 16.790389739331573 ], [ 42.660954669826381, 16.790450077344087 ], [ 42.660722623310399, 16.790538821720848 ], [ 42.660496429318485, 16.790534385750021 ], [ 42.660362778868823, 16.790470898378747 ], [ 42.660204893669437, 16.790526485628007 ], [ 42.660112934930424, 16.790569051337044 ], [ 42.660068321000161, 16.790616640397346 ], [ 42.659993962054195, 16.790682074798276 ], [ 42.659946373802022, 16.79066720338459 ], [ 42.659874989177965, 16.790622588276531 ], [ 42.659773862233173, 16.79058987063863 ], [ 42.659675708711973, 16.790616640397346 ], [ 42.659553762412152, 16.790640433632998 ], [ 42.659413969282589, 16.790625563076066 ], [ 42.659294994609724, 16.790670177323413 ], [ 42.659244432035642, 16.790717767218386 ], [ 42.659143305090851, 16.790824842718436 ], [ 42.65903325518034, 16.790922996353789 ], [ 42.658958897132699, 16.79097950712746 ], [ 42.65889346205077, 16.79102114821838 ], [ 42.658778163284047, 16.791217786340994 ], [ 42.658689662160583, 16.791302494312635 ], [ 42.65846515879803, 16.791437554325228 ], [ 42.65829562155109, 16.791535706783844 ], [ 42.657914908347159, 16.791877754319508 ], [ 42.657578809073492, 16.792175187355749 ], [ 42.657480655552298, 16.792240622079586 ], [ 42.657391426793438, 16.792267390745565 ], [ 42.657308145780071, 16.792282262893931 ], [ 42.657266505273398, 16.792329852384853 ], [ 42.65726055573127, 16.792392313143587 ], [ 42.657248659341967, 16.79246964515545 ], [ 42.656853423973139, 16.792849201083488 ], [ 42.656754921905616, 16.792868206380199 ], [ 42.656698408891089, 16.792841436938922 ], [ 42.656615127877721, 16.792847385608422 ], [ 42.656555642337928, 16.792909846196892 ], [ 42.656493179781279, 16.792993126662889 ], [ 42.656406925344328, 16.793118048583398 ], [ 42.656356361871929, 16.793213227134331 ], [ 42.656171953015459, 16.793373840830828 ], [ 42.655910212687751, 16.79361773630346 ], [ 42.655636575072428, 16.793873527877647 ], [ 42.655511653552388, 16.793909219697806 ], [ 42.65547893601142, 16.794010347345161 ], [ 42.655439736227379, 16.79411600628605 ], [ 42.655419449573316, 16.794179882878979 ], [ 42.655349951411353, 16.794198126081572 ], [ 42.655281971402225, 16.794260303285409 ], [ 42.655264334778259, 16.79427643431864 ], [ 42.655279657342057, 16.794343472218959 ], [ 42.655255860970179, 16.794405932315222 ], [ 42.655181503820849, 16.79446244463222 ], [ 42.655122017382745, 16.794507058837972 ], [ 42.655006017930106, 16.79455464863122 ], [ 42.654872174342657, 16.794602238412534 ], [ 42.65456143091621, 16.794779251963924 ], [ 42.654164283932467, 16.795095976207211 ], [ 42.653957015646967, 16.795196250965841 ], [ 42.653332410741704, 16.795687445072474 ], [ 42.653060808708815, 16.795949608126747 ], [ 42.652799068381114, 16.796131041642028 ], [ 42.652462969107447, 16.796303551712441 ], [ 42.652089370560567, 16.796480807914712 ], [ 42.651897847047053, 16.796571241933357 ], [ 42.651844309252745, 16.796612881797795 ], [ 42.651836643030109, 16.796676686171388 ], [ 42.651841334930836, 16.796725906820928 ], [ 42.651817540355594, 16.796785394010271 ], [ 42.651743182307946, 16.79684190475891 ], [ 42.651633132397443, 16.796931134621417 ], [ 42.651472857679394, 16.797033196326041 ], [ 42.651374366391636, 16.797085800935712 ], [ 42.651291085378283, 16.797192876284107 ], [ 42.651261679027456, 16.797300687720938 ], [ 42.651044555324972, 16.797575713073918 ], [ 42.650597471892908, 16.798010419018624 ], [ 42.65044791227956, 16.798278579822682 ], [ 42.650316696264326, 16.798514865037482 ], [ 42.650253693820197, 16.798615081231222 ], [ 42.65018344556497, 16.798719498377022 ], [ 42.650185155058956, 16.798782220187281 ], [ 42.650196577137798, 16.798846940570261 ], [ 42.650169926818258, 16.798924987175631 ], [ 42.65016611975809, 16.799001129754831 ], [ 42.650173733878439, 16.799069658049991 ], [ 42.650191897813478, 16.799200804794893 ], [ 42.650191247433213, 16.79924526309086 ], [ 42.650018022602026, 16.799566965166942 ], [ 42.649823858041572, 16.799892476387967 ], [ 42.649766751240648, 16.800008593647043 ], [ 42.649738198289349, 16.800067605101614 ], [ 42.649728679740591, 16.800132325906208 ], [ 42.649758415773128, 16.800304521889384 ], [ 42.649785787439839, 16.800452125078959 ], [ 42.649823858041572, 16.800535882100377 ], [ 42.649871448090387, 16.80062535015832 ], [ 42.649928554891311, 16.800690070772696 ], [ 42.649995179342675, 16.800718625267862 ], [ 42.650044672023249, 16.800714818174082 ], [ 42.650288143313013, 16.800703968773366 ], [ 42.650402356914874, 16.800708727855842 ], [ 42.650497535215862, 16.800718246020441 ], [ 42.65060699133997, 16.800765835116316 ], [ 42.650730722592257, 16.800856254193612 ], [ 42.650787830291499, 16.800979986760051 ], [ 42.650990984293003, 16.801175956689772 ], [ 42.651115904914725, 16.801324672861032 ], [ 42.651228930045455, 16.801431749257741 ], [ 42.651371698395252, 16.801598312134761 ], [ 42.651490671271482, 16.801824359615502 ], [ 42.651597746860084, 16.802074202929273 ], [ 42.651675079229626, 16.802228869351922 ], [ 42.651692925161065, 16.802454917801406 ], [ 42.651692925161065, 16.802740453024224 ], [ 42.651657233298202, 16.803067628845412 ], [ 42.651585849572463, 16.803311523900678 ], [ 42.651508517202906, 16.803614905410896 ], [ 42.651437132578856, 16.803846902253763 ], [ 42.651288417381892, 16.804114592153709 ], [ 42.651127803100664, 16.804513151283626 ], [ 42.651104007627104, 16.804786789398758 ], [ 42.650985034750875, 16.805066376265671 ], [ 42.650895805093697, 16.805197247121342 ], [ 42.650812524080344, 16.805221041109078 ], [ 42.6506816539165, 16.80522699025051 ], [ 42.650568629684074, 16.805268629935547 ], [ 42.650461554095465, 16.805393552375627 ], [ 42.650384220827611, 16.805607703955861 ], [ 42.650283093882805, 16.805804008785415 ], [ 42.650121581286307, 16.805995889841626 ], [ 42.648655832576551, 16.807052371175676 ], [ 42.648261235909906, 16.807333788958733 ], [ 42.64742803231421, 16.807928012761046 ], [ 42.646035730760403, 16.808941885637804 ], [ 42.645990582332544, 16.80897809058424 ], [ 42.645716626713607, 16.809144684672859 ], [ 42.645504095198852, 16.809337509135283 ], [ 42.64538512322094, 16.809423763776234 ], [ 42.645328610206413, 16.809447558953668 ], [ 42.64526615034471, 16.809450532598198 ], [ 42.645224508939712, 16.809438636299941 ], [ 42.645176919789222, 16.809402943101023 ], [ 42.645134578596618, 16.809336872785298 ], [ 42.645051998269174, 16.809382123283456 ], [ 42.644938768322561, 16.809477162107438 ], [ 42.644712924673613, 16.809777708885619 ], [ 42.644442261380192, 16.810060268910608 ], [ 42.643892010929314, 16.810524264605498 ], [ 42.643238869242431, 16.810987969370469 ], [ 42.642398547396425, 16.811609456735393 ], [ 42.642363175333799, 16.811631835347043 ], [ 42.6420239175836, 16.811921224679534 ], [ 42.641120913992005, 16.812520849872183 ], [ 42.640260739378228, 16.813052657659661 ], [ 42.639639699886338, 16.813566623336587 ], [ 42.639236380578275, 16.813977080116715 ], [ 42.638872323038022, 16.814337566660036 ], [ 42.638633187017817, 16.814665933227811 ], [ 42.638219160689893, 16.815172759032169 ], [ 42.637905072835629, 16.815522539212907 ], [ 42.637626675047613, 16.815668876820997 ], [ 42.63737326300091, 16.81577595285928 ], [ 42.637191794330363, 16.815862782426287 ], [ 42.637102004124458, 16.815993673348693 ], [ 42.637030621297036, 16.816143580044471 ], [ 42.636881304228822, 16.816428104914404 ], [ 42.636830609602399, 16.816577772214583 ], [ 42.636705823727972, 16.817028739131914 ], [ 42.636545211243373, 16.817396365607475 ], [ 42.63646311870113, 16.817592671992379 ], [ 42.636359612119143, 16.817703316366039 ], [ 42.636152598955185, 16.817935313172658 ], [ 42.635995554578905, 16.818088788607664 ], [ 42.635909894826668, 16.818203002964211 ], [ 42.635806388244688, 16.818242264778299 ], [ 42.635699311757769, 16.818270818350765 ], [ 42.635645774861779, 16.818327924622913 ], [ 42.635635066045282, 16.818392169695944 ], [ 42.635338825020774, 16.818770505172729 ], [ 42.635039013193008, 16.819184531258628 ], [ 42.634974766582204, 16.819280898854448 ], [ 42.634956920650772, 16.81936655908957 ], [ 42.634974766582204, 16.819423665891481 ], [ 42.635003320431828, 16.819487912312894 ], [ 42.634992613411953, 16.81955929576689 ], [ 42.63495335164415, 16.819627110668197 ], [ 42.63483200002905, 16.819712770746861 ], [ 42.634778462234742, 16.819802001029149 ], [ 42.634760714219674, 16.819881918719581 ], [ 42.634682092767697, 16.820037568084661 ], [ 42.634624985966767, 16.820201750802351 ], [ 42.634607140035335, 16.820344518005644 ], [ 42.634557172145968, 16.82046587060281 ], [ 42.634464372583857, 16.820662176388389 ], [ 42.63434658997538, 16.820779959418186 ], [ 42.634232376373525, 16.820829927928113 ], [ 42.634018224297996, 16.820912018961536 ], [ 42.633868317934962, 16.820972694658206 ], [ 42.633789796195977, 16.821061925207211 ], [ 42.633771950264538, 16.821158294428109 ], [ 42.63374344761889, 16.821341097693118 ], [ 42.633665482835383, 16.821432304927171 ], [ 42.633568506107203, 16.821443829005794 ], [ 42.633436445675599, 16.821550905221393 ], [ 42.633375769868053, 16.821650841821533 ], [ 42.633190170743831, 16.821675827253149 ], [ 42.633090234066785, 16.821672257046099 ], [ 42.632968880655042, 16.821700810961715 ], [ 42.632858236958143, 16.821747209883089 ], [ 42.632704760690167, 16.821811454656984 ], [ 42.632537010192316, 16.821889977641934 ], [ 42.632429933705403, 16.821997053605457 ], [ 42.63232999702835, 16.82208985301153 ], [ 42.632240767371179, 16.822189790187341 ], [ 42.632137259890882, 16.822314710938084 ], [ 42.632023045390724, 16.822439633326223 ], [ 42.631915969802108, 16.82252886318453 ], [ 42.631783910268823, 16.822585969893456 ], [ 42.631619726980979, 16.822675199682859 ], [ 42.631519790303933, 16.822764430290121 ], [ 42.6313841608657, 16.822860797785399 ], [ 42.631234255400976, 16.822885783057487 ], [ 42.631105763976009, 16.822857229320419 ], [ 42.630977271652711, 16.822882212873232 ], [ 42.630816659168119, 16.822921473718004 ], [ 42.630702444667946, 16.82308565737678 ], [ 42.63073099761926, 16.823192732664708 ], [ 42.630723861402643, 16.823317653614168 ], [ 42.630468869219349, 16.823469964728336 ], [ 42.630215707802613, 16.823554352185262 ], [ 42.629180526100114, 16.823804222760526 ], [ 42.629003510378432, 16.82391014026236 ], [ 42.628875018953451, 16.823960108806794 ], [ 42.628753666440041, 16.823963678970742 ], [ 42.628664435884552, 16.823981524630259 ], [ 42.62846813063878, 16.824006509754582 ], [ 42.628306137443595, 16.824033139798797 ], [ 42.628211148687129, 16.8240850309701 ], [ 42.627964874653671, 16.824184967953556 ], [ 42.627679339750721, 16.824359860127363 ], [ 42.627358113883218, 16.824541888146598 ], [ 42.627111839849768, 16.824631117874844 ], [ 42.626640705822595, 16.824784593046704 ], [ 42.626326617070021, 16.824891669094317 ], [ 42.626287356200535, 16.824902376953709 ], [ 42.626248095331036, 16.824863115659511 ], [ 42.626009667183276, 16.824551393936723 ], [ 42.625837637111424, 16.824384844341932 ], [ 42.625659176898758, 16.82423850658428 ], [ 42.625573517146528, 16.824110016080773 ], [ 42.625227304639402, 16.823649590272815 ], [ 42.62470263371624, 16.822967874920121 ], [ 42.624331438162741, 16.822453910656694 ], [ 42.624124424998776, 16.822171945218958 ], [ 42.623585477150812, 16.821600874387926 ], [ 42.623474831657269, 16.821425983967167 ], [ 42.623489108582085, 16.821386722812573 ], [ 42.623528370349888, 16.821333185095895 ], [ 42.623486227684957, 16.821260528830198 ], [ 42.623326799179914, 16.821355377685979 ], [ 42.622868664673213, 16.82167027503084 ], [ 42.621940954716372, 16.822268259703353 ], [ 42.62191955594799, 16.82228324042342 ], [ 42.620120386740759, 16.823628571670657 ], [ 42.619508494793408, 16.824289437230604 ], [ 42.619460546316795, 16.824344336137205 ], [ 42.618907874906228, 16.82496937995349 ], [ 42.618671296389635, 16.825270400889366 ], [ 42.618597532128398, 16.825287057239354 ], [ 42.618292961924574, 16.825210914035999 ], [ 42.617815660962975, 16.825129174828191 ], [ 42.617543431906022, 16.825106218263741 ], [ 42.617395905180167, 16.825077664001405 ], [ 42.617149807216506, 16.824974709375017 ], [ 42.616527402285385, 16.824701709177702 ], [ 42.616283153952899, 16.824620700633844 ], [ 42.615500087129838, 16.824301403105846 ], [ 42.615363845938894, 16.82420916111543 ], [ 42.615287702938787, 16.824156811669972 ], [ 42.615247251801541, 16.824128258984288 ], [ 42.615187766261741, 16.82411398177997 ], [ 42.614954577987035, 16.824044977570235 ], [ 42.614600364185662, 16.823923175835176 ], [ 42.613550696250897, 16.823438215808149 ], [ 42.612999129768134, 16.823223607998688 ], [ 42.612748816909161, 16.823145543017066 ], [ 42.612598911444437, 16.823076539314535 ], [ 42.612431367559111, 16.822993634061515 ], [ 42.612372862081294, 16.822943288638857 ], [ 42.612332410944042, 16.822914734910452 ], [ 42.612291959806804, 16.822905217000027 ], [ 42.612237232643061, 16.822905217000027 ], [ 42.612103982842029, 16.822933769869994 ], [ 42.611977871054229, 16.822938530114353 ], [ 42.611842243412639, 16.822926632942714 ], [ 42.611720890000903, 16.822881422651808 ], [ 42.611465555559491, 16.822716784803806 ], [ 42.611392268303668, 16.822659783038684 ], [ 42.611209305734796, 16.822555435824949 ], [ 42.61111888580988, 16.822510227165232 ], [ 42.611026087146094, 16.822498329966699 ], [ 42.610919010659167, 16.82250070923449 ], [ 42.610814314707753, 16.82250070923449 ], [ 42.610695341831523, 16.822493569711277 ], [ 42.610532806952214, 16.82239317782275 ], [ 42.610374115065703, 16.822288937086551 ], [ 42.610297972065588, 16.822224690754773 ], [ 42.610259900565538, 16.822108097829283 ], [ 42.610234840264049, 16.821973693380134 ], [ 42.610161611398716, 16.821812588833208 ], [ 42.610057646675941, 16.821720245885654 ], [ 42.609960087839461, 16.821679793863161 ], [ 42.609817321286307, 16.821648860665924 ], [ 42.609674466698237, 16.821645353229357 ], [ 42.609531784586714, 16.821710727915232 ], [ 42.609431847909676, 16.821751179071239 ], [ 42.609339049245882, 16.821760697039625 ], [ 42.609134414820794, 16.821725003580866 ], [ 42.608870294855897, 16.821701209944337 ], [ 42.608641866753871, 16.82168693341703 ], [ 42.608425335939465, 16.82168693341703 ], [ 42.608343703334661, 16.821631750841142 ], [ 42.607971694805833, 16.821691540634717 ], [ 42.607918510947748, 16.821748798934163 ], [ 42.607717831804855, 16.8218066771868 ], [ 42.607537797743824, 16.821860178654937 ], [ 42.607442619442836, 16.821886808140903 ], [ 42.607299851093046, 16.821884429725277 ], [ 42.607133539696285, 16.821872658889163 ], [ 42.606935062324155, 16.821955358262549 ], [ 42.606846562997312, 16.822094138626341 ], [ 42.606837046245182, 16.822246424927695 ], [ 42.606846562997312, 16.822332084682358 ], [ 42.606898912320489, 16.822441541384361 ], [ 42.606975055320611, 16.822493888724061 ], [ 42.607146375723389, 16.822541478374706 ], [ 42.607303420099669, 16.822541476654962 ], [ 42.607393840024599, 16.822493887864191 ], [ 42.607503295250382, 16.822365397037572 ], [ 42.607612749577861, 16.822213110831822 ], [ 42.607712688051542, 16.822136968112993 ], [ 42.60794587542793, 16.822046548863362 ], [ 42.60808388360504, 16.822079861268765 ], [ 42.608317070981435, 16.822041790316344 ], [ 42.608497909034647, 16.821994201400091 ], [ 42.608735855685424, 16.821979924034984 ], [ 42.608883382411271, 16.822065584769987 ], [ 42.609011873836252, 16.82222738817936 ], [ 42.609059462088432, 16.822370154716587 ], [ 42.609183195137341, 16.822603342752995 ], [ 42.609245061212647, 16.822736592807839 ], [ 42.609359274814501, 16.822831771115403 ], [ 42.609430657641923, 16.822879360681188 ], [ 42.609530595217286, 16.822846048416327 ], [ 42.609625774416578, 16.822769905091945 ], [ 42.609668605191011, 16.822698521127478 ], [ 42.609720951819249, 16.822636655060521 ], [ 42.609906550943471, 16.822584306900382 ], [ 42.610111183571931, 16.822560511651997 ], [ 42.610268227948218, 16.822627137995998 ], [ 42.610401477749257, 16.822693761736957 ], [ 42.610510933873364, 16.822760387174242 ], [ 42.610591835249537, 16.822836529642583 ], [ 42.610644183674403, 16.822984056823991 ], [ 42.610729845223261, 16.823145860309012 ], [ 42.610905924900422, 16.823260074197648 ], [ 42.611177183776874, 16.823431395331465 ], [ 42.611424648078085, 16.823536091169267 ], [ 42.6115007910782, 16.823559887155014 ], [ 42.611634039980913, 16.823569404172691 ], [ 42.611753013755468, 16.823578922049755 ], [ 42.611886262658189, 16.823593197574652 ], [ 42.611990960406239, 16.823645547175822 ], [ 42.612062344131971, 16.823702654408091 ], [ 42.612148003884208, 16.823788314364357 ], [ 42.612324083561361, 16.823893010864818 ], [ 42.612757146088477, 16.824178545621287 ], [ 42.612852324389458, 16.82424041290458 ], [ 42.61300461038968, 16.824402216176679 ], [ 42.61309027014191, 16.824530707341914 ], [ 42.61313310091635, 16.824602089756301 ], [ 42.613147376942834, 16.824673473863523 ], [ 42.613156894593281, 16.824744857943848 ], [ 42.613152137115534, 16.824830519148691 ], [ 42.613128340743657, 16.824920937929779 ], [ 42.613095030314611, 16.825025633804419 ], [ 42.613071233942733, 16.825139849139589 ], [ 42.613109306341102, 16.825306410108777 ], [ 42.61324255614214, 16.825591946174747 ], [ 42.61340911816886, 16.826115427414813 ], [ 42.613499122173806, 16.826392639724755 ], [ 42.61362550525282, 16.82655092607445 ], [ 42.613753401094762, 16.826675848249288 ], [ 42.613937809052914, 16.826797795249686 ], [ 42.614021090066281, 16.827038714786564 ], [ 42.613789092059321, 16.827113073922764 ], [ 42.613607658423064, 16.82720230415979 ], [ 42.613387557703724, 16.8273480446116 ], [ 42.613235868184852, 16.82751163371772 ], [ 42.613128791697932, 16.82769306713266 ], [ 42.6127986419664, 16.828296855677369 ], [ 42.612718335274941, 16.828341469662497 ], [ 42.612670746124444, 16.828311726720298 ], [ 42.612614234008241, 16.828264137659119 ], [ 42.612584490789182, 16.828195728255253 ], [ 42.61256367143416, 16.828130293038022 ], [ 42.612527977774661, 16.82816003686856 ], [ 42.61250418409773, 16.828216547726139 ], [ 42.61247741520058, 16.828308753371655 ], [ 42.612525004351077, 16.8283771627347 ], [ 42.612638027685172, 16.828395007978511 ], [ 42.612658848836823, 16.82843664859389 ], [ 42.612626131295862, 16.828511007181369 ], [ 42.61256664485775, 16.828641877330213 ], [ 42.612527977774661, 16.828725157583438 ], [ 42.612522029130851, 16.828817362981379 ], [ 42.612522029130851, 16.828915515872673 ], [ 42.612525004351077, 16.829016642910528 ], [ 42.612539875062282, 16.829126693341472 ], [ 42.61256367143416, 16.829239717042558 ], [ 42.612611258788021, 16.829320023700173 ], [ 42.610981328587052, 16.829685866238187 ], [ 42.6101306716237, 16.829843504956678 ], [ 42.609702369269279, 16.829569866894936 ], [ 42.609779699842207, 16.829519303100508 ], [ 42.609916520446497, 16.829447919959321 ], [ 42.609999800561532, 16.829364639164016 ], [ 42.61004738971203, 16.829263510592256 ], [ 42.610071185185589, 16.829162383686189 ], [ 42.610092005438929, 16.829055309192491 ], [ 42.610109851370368, 16.828939310322937 ], [ 42.61008903021871, 16.828882797961278 ], [ 42.610053339254151, 16.828906593275491 ], [ 42.610032519000818, 16.828972027364728 ], [ 42.609999800561532, 16.829105873110773 ], [ 42.609990877595827, 16.829204024992727 ], [ 42.609943289343647, 16.829317050367351 ], [ 42.609836212856713, 16.829385459366272 ], [ 42.60972616294621, 16.829436023196426 ], [ 42.60960719006998, 16.829441970718129 ], [ 42.60947334558422, 16.829465765962098 ], [ 42.607281266746448, 16.828276035355458 ], [ 42.607073064213047, 16.828165985290166 ], [ 42.606960039980635, 16.828055935160943 ], [ 42.60689757832229, 16.827919116178137 ], [ 42.606891629678479, 16.827767425152174 ], [ 42.606921373795856, 16.827716861736477 ], [ 42.607043320993988, 16.827648452994829 ], [ 42.607138499294969, 16.827600862907175 ], [ 42.607272343780728, 16.827538401705105 ], [ 42.607361574336217, 16.827461070233753 ], [ 42.607516238176999, 16.827258815303068 ], [ 42.607685775423938, 16.826997074723764 ], [ 42.607748236183951, 16.826863230067314 ], [ 42.607700647033475, 16.826753180041159 ], [ 42.607691724067749, 16.826604464036627 ], [ 42.60771551774468, 16.826521181991271 ], [ 42.607786903267055, 16.826470619102807 ], [ 42.607873157703999, 16.826470619102807 ], [ 42.607935617565715, 16.82650036233407 ], [ 42.608018900375697, 16.826553901170392 ], [ 42.608143820997427, 16.826625283682393 ], [ 42.6083936640375, 16.826776974763025 ], [ 42.608557252640637, 16.826904871019391 ], [ 42.608634585908497, 16.827017895186231 ], [ 42.60868812280448, 16.827190407255873 ], [ 42.608691097126389, 16.82731532814919 ], [ 42.608676226415177, 16.827395634762762 ], [ 42.60870299441401, 16.827478916423708 ], [ 42.608765456072348, 16.827475941342289 ], [ 42.608824941612149, 16.827449173346082 ], [ 42.60889037669407, 16.827380762788071 ], [ 42.608946889708598, 16.827279635736772 ], [ 42.6089498640305, 16.827175534405217 ], [ 42.608902273981691, 16.827056561016306 ], [ 42.608810070002612, 16.826940562642559 ], [ 42.608741660598788, 16.826821589965945 ], [ 42.608548329674917, 16.826631233012048 ], [ 42.608420433832968, 16.82650036233407 ], [ 42.608343100565108, 16.826390312097132 ], [ 42.608304435278647, 16.82623267308464 ], [ 42.608283614126989, 16.826021495829199 ], [ 42.608280639805081, 16.825967957702282 ], [ 42.608325256430305, 16.825911446173965 ], [ 42.608378793326288, 16.825878727743753 ], [ 42.60846504866155, 16.825902521715584 ], [ 42.608569149928258, 16.825926318263999 ], [ 42.608670276873049, 16.825914421279951 ], [ 42.608717866023547, 16.825893599836355 ], [ 42.608700020092108, 16.825777600750559 ], [ 42.608592943605188, 16.825709192168528 ], [ 42.608518587354176, 16.825661601593744 ], [ 42.608447202730119, 16.825599142331892 ], [ 42.608432331120596, 16.825551551729465 ], [ 42.608450177052028, 16.82547421858726 ], [ 42.608521560777767, 16.825337401179421 ], [ 42.608569149928258, 16.825191659180923 ], [ 42.608584020639469, 16.825132172302837 ], [ 42.60856320128444, 16.825069712006599 ], [ 42.608530483743479, 16.825001302309119 ], [ 42.608503713948011, 16.824941815371268 ], [ 42.608488843236799, 16.82486745796249 ], [ 42.608503713948011, 16.824813918649607 ], [ 42.608539406709191, 16.82475145910832 ], [ 42.608631610688278, 16.824581921664567 ], [ 42.608679199838768, 16.824546229597072 ], [ 42.608756533106629, 16.824531359118438 ], [ 42.608798172714998, 16.82454325618933 ], [ 42.608881453728358, 16.824587871058384 ], [ 42.608946889708598, 16.824647358107352 ], [ 42.609009349570307, 16.824703869152838 ], [ 42.609050990975298, 16.82476633042954 ], [ 42.609080734194357, 16.824807970982619 ], [ 42.609190784104868, 16.824846637263697 ], [ 42.609247296221078, 16.824840687878009 ], [ 42.60925621918679, 16.82473956119064 ], [ 42.609229450289639, 16.824641408715408 ], [ 42.609181861139142, 16.824555153259475 ], [ 42.609083709414577, 16.824471872033051 ], [ 42.608937966742872, 16.824391565040056 ], [ 42.608869557339048, 16.824355872936703 ], [ 42.608777353359969, 16.824349925255333 ], [ 42.608762480852135, 16.824329105359542 ], [ 42.60878032678356, 16.824269618210653 ], [ 42.60882791593405, 16.824198233951286 ], [ 42.608887403270479, 16.824097106061163 ], [ 42.608943916285014, 16.824025722596669 ], [ 42.609051850663022, 16.823828988642216 ], [ 42.609044764752056, 16.823758708286082 ], [ 42.609028841215334, 16.823690507922898 ], [ 42.608993868903006, 16.82365772203952 ], [ 42.608929148880051, 16.823623458038043 ], [ 42.608891077379994, 16.823608228922172 ], [ 42.608828259090494, 16.823617746797282 ], [ 42.608774959349738, 16.823640590039556 ], [ 42.60872927283102, 16.823669142798721 ], [ 42.608702624308116, 16.823711021776131 ], [ 42.608660744849566, 16.823781452626662 ], [ 42.608563663018501, 16.823977521094189 ], [ 42.608304778435091, 16.824510520325585 ], [ 42.608221021314627, 16.824666613017744 ], [ 42.608190563036608, 16.824689456133573 ], [ 42.60802304879568, 16.824761792075609 ], [ 42.607964039362983, 16.824786538055314 ], [ 42.607905029031969, 16.824820802706331 ], [ 42.607842209844151, 16.824904559282963 ], [ 42.607634720573088, 16.825285273029717 ], [ 42.60749956814027, 16.825536543752303 ], [ 42.607458338163681, 16.825654039999158 ], [ 42.607405038422925, 16.825711146626084 ], [ 42.607228005633246, 16.825931960646603 ], [ 42.607020517260509, 16.826192749977018 ], [ 42.606950084850652, 16.82628412082796 ], [ 42.606833967718707, 16.826438310060066 ], [ 42.606744500007991, 16.826571559997582 ], [ 42.606672164068051, 16.826687677257077 ], [ 42.606603636086597, 16.826710520129229 ], [ 42.606584599887412, 16.826706712697447 ], [ 42.606569371646721, 16.826672449247347 ], [ 42.60656746811663, 16.826626764350955 ], [ 42.606571276075123, 16.826529680792571 ], [ 42.606573178706896, 16.826405949420511 ], [ 42.606561756628061, 16.826381202792462 ], [ 42.606531300146671, 16.826365974758097 ], [ 42.606445638597798, 16.826369781336872 ], [ 42.606354268255309, 16.826377396213914 ], [ 42.606268607604761, 16.826404045701569 ], [ 42.606234344063196, 16.826424984889186 ], [ 42.60620388578517, 16.826468766975797 ], [ 42.606177237262258, 16.826544909673633 ], [ 42.606160104593172, 16.826666738098488 ], [ 42.606148683412641, 16.826807601875242 ], [ 42.606135357803723, 16.826893263007321 ], [ 42.6061087083825, 16.826956081260878 ], [ 42.606049698051493, 16.827062679723262 ], [ 42.606005915062852, 16.827159762148657 ], [ 42.605885989972428, 16.827546186785437 ], [ 42.605813654930799, 16.827707990673787 ], [ 42.605710861611158, 16.82793070779023 ], [ 42.605573804749945, 16.828231472085871 ], [ 42.605415809057774, 16.828438959859294 ], [ 42.60511123795564, 16.828884396410789 ], [ 42.604799052733149, 16.829343156021555 ], [ 42.604267515087962, 16.830109054985407 ], [ 42.604227334343619, 16.830082266725153 ], [ 42.603987485061076, 16.82991856032136 ], [ 42.603917051752909, 16.829859550418686 ], [ 42.603898015553725, 16.829787213843563 ], [ 42.60389230586177, 16.829671095904434 ], [ 42.603898015553725, 16.829543556629886 ], [ 42.603947510030928, 16.829537847287266 ], [ 42.603951317091102, 16.829490256814442 ], [ 42.603878981151162, 16.829490256814442 ], [ 42.603882788211344, 16.829433149607013 ], [ 42.603915149121143, 16.829402694027713 ], [ 42.603958931211451, 16.829357007210223 ], [ 42.603995099181425, 16.829339874865781 ], [ 42.603983678000894, 16.829315128620987 ], [ 42.603958931211451, 16.829315128620987 ], [ 42.603877077621078, 16.829379849760503 ], [ 42.603850428199863, 16.829423632883891 ], [ 42.603839007019339, 16.829492161362211 ], [ 42.603844299892991, 16.829598034411809 ], [ 42.60379523660712, 16.82961790360493 ], [ 42.603770490715988, 16.829627422897815 ], [ 42.603741936866363, 16.82963122941106 ], [ 42.603682927433674, 16.829627422897815 ], [ 42.603601072944976, 16.829615999918264 ], [ 42.603498279625342, 16.829600772143927 ], [ 42.603403102222664, 16.829638844156992 ], [ 42.603103813214403, 16.830052512878385 ], [ 42.60248681883624, 16.830878423724638 ], [ 42.601759655969936, 16.83185876170111 ], [ 42.601651152958347, 16.831938712138552 ], [ 42.601578817018407, 16.83196916902973 ], [ 42.601557878187442, 16.832005336044251 ], [ 42.601573106428141, 16.832058636011766 ], [ 42.601333494300839, 16.832318950020785 ], [ 42.600789822212782, 16.833003623054786 ], [ 42.600510518922967, 16.833348217399809 ], [ 42.599442388812477, 16.834644438115927 ], [ 42.599367396554243, 16.83465971621397 ], [ 42.599327420625791, 16.83467494358155 ], [ 42.599304578264743, 16.834699690845664 ], [ 42.599306481794834, 16.834747280009456 ], [ 42.59932547397657, 16.834786320001651 ], [ 42.598885792662436, 16.835369747027777 ], [ 42.597842638411798, 16.836715570862822 ], [ 42.5977771521259, 16.836763015072222 ], [ 42.597706414288851, 16.836798851004964 ], [ 42.597702756349015, 16.836860302318353 ], [ 42.597771849370787, 16.836891055051503 ], [ 42.597822412843179, 16.836929722305168 ], [ 42.597878924959389, 16.837072488939025 ], [ 42.597646927850747, 16.837221205322031 ], [ 42.597014389024899, 16.837547827239423 ], [ 42.596741453892122, 16.837659802112729 ], [ 42.596037133386865, 16.837945336751126 ], [ 42.595410933971984, 16.8381757310338 ], [ 42.594458450276235, 16.838577498674979 ], [ 42.593869532742268, 16.838755958621498 ], [ 42.593629210047567, 16.838787637909803 ], [ 42.592665748939041, 16.839094511878994 ], [ 42.592673854437855, 16.839130723961595 ], [ 42.591838068185723, 16.839401387930124 ], [ 42.591043924236885, 16.839609590851772 ], [ 42.590425264382183, 16.83971369222672 ], [ 42.590041575059715, 16.839785074937286 ], [ 42.589738194225333, 16.839808870601146 ], [ 42.589464555711693, 16.839850511286123 ], [ 42.589146303267775, 16.83990702381389 ], [ 42.588851845399113, 16.839895125988502 ], [ 42.588500875414233, 16.839889177935319 ], [ 42.588280774694901, 16.83988322902216 ], [ 42.58803687940032, 16.839877280968604 ], [ 42.587816778680981, 16.839886203908659 ], [ 42.587531243778024, 16.839835640289518 ], [ 42.587409296579892, 16.839788050685122 ], [ 42.587358733107493, 16.839734513010718 ], [ 42.587346835819872, 16.839683949351063 ], [ 42.587326015566532, 16.839645282659941 ], [ 42.587197458564539, 16.839537877913614 ], [ 42.586695459322513, 16.839359748006149 ], [ 42.586574738324749, 16.839285604328637 ], [ 42.586418868046543, 16.839228974682992 ], [ 42.586353411405049, 16.839228878385754 ], [ 42.586169003446891, 16.839184262666553 ], [ 42.5860232607752, 16.839100981854138 ], [ 42.58590131267875, 16.839029598025814 ], [ 42.585849947909118, 16.83895056798686 ], [ 42.585826956427738, 16.838744061583565 ], [ 42.585847775782753, 16.838628062630171 ], [ 42.5858685960361, 16.838598319583941 ], [ 42.58590131267875, 16.838559655250471 ], [ 42.585904287000659, 16.838520988329709 ], [ 42.585877519001812, 16.838467450296967 ], [ 42.585859673070388, 16.838425810167568 ], [ 42.585829929851329, 16.838381195118902 ], [ 42.585829929851329, 16.838143248588317 ], [ 42.58585372442657, 16.837940993888164 ], [ 42.5858685960361, 16.837860686587341 ], [ 42.585913210864689, 16.837777406052471 ], [ 42.585937006338249, 16.837723868669251 ], [ 42.58598756891233, 16.837688177358626 ], [ 42.586067875603781, 16.837670330411083 ], [ 42.586148183193551, 16.837661407366589 ], [ 42.586264180849561, 16.837652485181469 ], [ 42.586335564575293, 16.837655459243219 ], [ 42.58644264106222, 16.837604895888063 ], [ 42.586481307246999, 16.837527563368241 ], [ 42.586490230212711, 16.837432383846856 ], [ 42.586493203636302, 16.837363975175311 ], [ 42.586514023889649, 16.837295565619243 ], [ 42.586475358603188, 16.837021927147788 ], [ 42.586448589706023, 16.836989209777052 ], [ 42.586448589706023, 16.836894030844835 ], [ 42.58646346131556, 16.836828596053511 ], [ 42.586516999109861, 16.836781007412821 ], [ 42.587320066922722, 16.836730443824123 ], [ 42.587376579038931, 16.836742340988597 ], [ 42.58737360471703, 16.836703673696668 ], [ 42.587358733107493, 16.836650136869626 ], [ 42.587293298025571, 16.836605522262328 ], [ 42.586415872165063, 16.836673931207915 ], [ 42.586400999657229, 16.83675423815232 ], [ 42.586365308692663, 16.836905928858833 ], [ 42.586362334370769, 16.836977312628093 ], [ 42.586317718643869, 16.837045722299155 ], [ 42.585473010324321, 16.837081413730893 ], [ 42.585467060782193, 16.837176593428715 ], [ 42.585526548118629, 16.837259874227875 ], [ 42.58557413726912, 16.837316385809387 ], [ 42.585609830030307, 16.837378847225878 ], [ 42.585648496215072, 16.837476999978925 ], [ 42.58569905878916, 16.837667356349566 ], [ 42.585707982653197, 16.837857713388619 ], [ 42.585705008331288, 16.838333606008671 ], [ 42.585681212857722, 16.839243748570226 ], [ 42.585633623707231, 16.839341902075986 ], [ 42.58554736927028, 16.839392465827007 ], [ 42.5854075752424, 16.839448977631726 ], [ 42.585270756434731, 16.839487644362947 ], [ 42.585145834016373, 16.839523336194105 ], [ 42.585009016107037, 16.839535233183067 ], [ 42.584833530216279, 16.839573899036871 ], [ 42.584646147936212, 16.839618514664238 ], [ 42.584440919724727, 16.839600668758472 ], [ 42.584342767101838, 16.839564976082094 ], [ 42.584313022984468, 16.83949954221394 ], [ 42.58432789459399, 16.839443028704729 ], [ 42.584345741423739, 16.839318108073016 ], [ 42.584247587902532, 16.839285390239304 ], [ 42.584051281758448, 16.839264569405913 ], [ 42.58379846529477, 16.839243748570226 ], [ 42.58377466982121, 16.839178314591038 ], [ 42.58378061756671, 16.839056366104792 ], [ 42.583857950834577, 16.837848790352954 ], [ 42.583902566561477, 16.83729259069203 ], [ 42.58392338681481, 16.837161721362264 ], [ 42.583926361136719, 16.836974339415494 ], [ 42.58392338681481, 16.836917826012275 ], [ 42.583908515205295, 16.836885108623559 ], [ 42.583881745409819, 16.836864288385989 ], [ 42.5837627734319, 16.836840494071623 ], [ 42.583673542876419, 16.836828596053511 ], [ 42.583631902369731, 16.836864288385989 ], [ 42.58359918482877, 16.837081413730893 ], [ 42.583593237083271, 16.837155773223206 ], [ 42.583622980302337, 16.837221207041644 ], [ 42.583706261315697, 16.837227156038455 ], [ 42.58377466982121, 16.837253925232094 ], [ 42.583786567108838, 16.837346129057014 ], [ 42.583750875245961, 16.838000481042297 ], [ 42.583733030212848, 16.838128376597805 ], [ 42.583697338349978, 16.838172991706049 ], [ 42.58367651719832, 16.838241401804869 ], [ 42.583670567656192, 16.838294939041742 ], [ 42.583694364028077, 16.8383455030724 ], [ 42.583721132026909, 16.838413912249084 ], [ 42.583718157705, 16.838634011582776 ], [ 42.583703286993789, 16.838806523388826 ], [ 42.583620176660332, 16.838949286027994 ], [ 42.583575390253529, 16.839062315043936 ], [ 42.583533749746856, 16.839071238882202 ], [ 42.583444520089678, 16.839056366104792 ], [ 42.583325547213448, 16.839050418025256 ], [ 42.583139225843738, 16.839029634997114 ], [ 42.582903191706201, 16.839017700145277 ], [ 42.582810987727129, 16.838976060136911 ], [ 42.582745232844957, 16.839064657132372 ], [ 42.582721758968276, 16.839178314591038 ], [ 42.582659298208249, 16.839285390239304 ], [ 42.582468603839736, 16.839392643804786 ], [ 42.582364383097115, 16.839442613423358 ], [ 42.582211621888092, 16.839492582168951 ], [ 42.582074565026879, 16.839499720191618 ], [ 42.58192180291956, 16.839519707857367 ], [ 42.581848992669144, 16.839515425216206 ], [ 42.581711934909613, 16.839505430953473 ], [ 42.581553463110353, 16.839441186162336 ], [ 42.581360725972878, 16.839354098285426 ], [ 42.581269354732072, 16.83930127325954 ], [ 42.581202255071922, 16.839238455661679 ], [ 42.581032361193813, 16.839192770357364 ], [ 42.580888166319355, 16.839201335654174 ], [ 42.5807568200484, 16.839267008648854 ], [ 42.580652599305772, 16.839314122916846 ], [ 42.580569794399509, 16.839332681620757 ], [ 42.580499838096763, 16.839314122916846 ], [ 42.580468429401165, 16.839265582246309 ], [ 42.580429880895686, 16.839149940428285 ], [ 42.580429880895686, 16.839044291967426 ], [ 42.580404182790353, 16.838987185061786 ], [ 42.58033708313021, 16.838952920394252 ], [ 42.580242856145112, 16.838971479993369 ], [ 42.580158622917551, 16.839020020739323 ], [ 42.580058686240505, 16.839061424293703 ], [ 42.57995303717658, 16.839062850697793 ], [ 42.579888792362404, 16.839008600045947 ], [ 42.579815981213677, 16.838937216182792 ], [ 42.579674640286868, 16.838875825729424 ], [ 42.579549004606186, 16.838867260417878 ], [ 42.579374829357427, 16.838910090410909 ], [ 42.579202079735026, 16.838865832292718 ], [ 42.579056455640959, 16.838864404167548 ], [ 42.578939387193124, 16.838861548776972 ], [ 42.578858008811544, 16.838851556199316 ], [ 42.578773777380611, 16.838834423854045 ], [ 42.5786809778185, 16.838838705650812 ], [ 42.578586750833402, 16.838862976902167 ], [ 42.578493952169602, 16.838898668851105 ], [ 42.578405435774769, 16.838891530805771 ], [ 42.578385449158013, 16.838862976902167 ], [ 42.578349757295143, 16.838781598683148 ], [ 42.578309782264995, 16.838688799716483 ], [ 42.578254102887051, 16.838600284226082 ], [ 42.578206988945354, 16.838553170640235 ], [ 42.578128467206369, 16.838431819312557 ], [ 42.578039950811537, 16.838309038917924 ], [ 42.577965712239823, 16.838237653931184 ], [ 42.577888617025508, 16.838183403042859 ], [ 42.577852925162645, 16.838134862082395 ], [ 42.577850070316664, 16.838080610304811 ], [ 42.57788290733356, 16.838036351992706 ], [ 42.577848642893677, 16.83801493689856 ], [ 42.577735855816499, 16.837946408924953 ], [ 42.577600226378266, 16.83783647711331 ], [ 42.577391785791328, 16.837703702834531 ], [ 42.577607365289836, 16.837954975137958 ], [ 42.577758699075858, 16.838122013204845 ], [ 42.577965712239823, 16.838387560222746 ], [ 42.578292649595895, 16.838850128074032 ], [ 42.578458771448133, 16.839185933252054 ], [ 42.578381533401689, 16.839268319838656 ], [ 42.578218314904454, 16.83939404097331 ], [ 42.577847119350956, 16.839620566135086 ], [ 42.577445467316075, 16.839816633682194 ], [ 42.577173256225414, 16.839951786387427 ], [ 42.576822998604563, 16.840088844297153 ], [ 42.576586957280504, 16.84014214284899 ], [ 42.576493681611296, 16.84017450372075 ], [ 42.576301422377554, 16.840203058286324 ], [ 42.576107256918782, 16.840218286067852 ], [ 42.575848373233683, 16.840283007779803 ], [ 42.575522863300591, 16.84040674040282 ], [ 42.575222099258632, 16.840503822005999 ], [ 42.575077428277069, 16.84059138567795 ], [ 42.574826156915684, 16.840667528716093 ], [ 42.574651027656103, 16.840743670863823 ], [ 42.574496839922418, 16.840848368308944 ], [ 42.574390238644291, 16.840897861220032 ], [ 42.574279832102611, 16.840886439780164 ], [ 42.57420368910249, 16.840880729059965 ], [ 42.574116124921865, 16.840903571939709 ], [ 42.574074247259944, 16.840954968409051 ], [ 42.574022851049286, 16.841025400585117 ], [ 42.573883890657974, 16.841194818414792 ], [ 42.573786807928592, 16.841253828224119 ], [ 42.573674497856828, 16.841299513890796 ], [ 42.573575511597355, 16.841318549581992 ], [ 42.573407998254744, 16.841368042370135 ], [ 42.573202411615455, 16.841430860980857 ], [ 42.573072969772902, 16.841427052985246 ], [ 42.572960658802828, 16.841408017304961 ], [ 42.572859769911581, 16.84137565664409 ], [ 42.572763029440317, 16.841312265396706 ], [ 42.572728423640626, 16.841223371106874 ], [ 42.572713195399928, 16.841137711298138 ], [ 42.572720878690554, 16.841047322613914 ], [ 42.572739735226683, 16.840912054619359 ], [ 42.572776012791117, 16.8407836467903 ], [ 42.572814084291167, 16.840696083207295 ], [ 42.572848348731057, 16.840640878656227 ], [ 42.572956851742646, 16.840522858637005 ], [ 42.573149232248952, 16.840292995123143 ], [ 42.573202769144942, 16.840117508929115 ], [ 42.573223587601653, 16.839715974981274 ], [ 42.573265229006644, 16.839412592791025 ], [ 42.573306870411635, 16.839296595107072 ], [ 42.573351485240224, 16.839135981621464 ], [ 42.573348510918315, 16.838981316081483 ], [ 42.573345536596413, 16.838785010364745 ], [ 42.573405023034525, 16.838544090293968 ], [ 42.573446664439523, 16.838413220109707 ], [ 42.573479381082166, 16.83829127285021 ], [ 42.573491278369787, 16.838154452663886 ], [ 42.573509124301232, 16.83798789181596 ], [ 42.573529943656254, 16.837824303160978 ], [ 42.573616199889827, 16.837654767101075 ], [ 42.573678660649847, 16.837559589363245 ], [ 42.573794660102493, 16.837464409857965 ], [ 42.573916607300625, 16.83733353978716 ], [ 42.573961221230896, 16.837155080219418 ], [ 42.573961221230896, 16.837000415640528 ], [ 42.573997895850688, 16.836765420814885 ], [ 42.574226629379901, 16.83638637839838 ], [ 42.574443063176254, 16.836004016351033 ], [ 42.574496600072237, 16.835956426643278 ], [ 42.574538240578924, 16.835923709088426 ], [ 42.574570958119878, 16.835908836923565 ], [ 42.574606649982755, 16.835920734139663 ], [ 42.575040768928645, 16.836098877600598 ], [ 42.57518201732897, 16.836155376631474 ], [ 42.575263782884448, 16.836126893679495 ], [ 42.575411965380454, 16.83590852137262 ], [ 42.575710126104717, 16.83550432769221 ], [ 42.575754740034988, 16.835486482258446 ], [ 42.575799355761895, 16.83547755911102 ], [ 42.575891559740967, 16.835495405405442 ], [ 42.576011589035964, 16.835470698656572 ], [ 42.575894534062876, 16.835358585778135 ], [ 42.575838021946666, 16.835242587329962 ], [ 42.575799355761895, 16.835108743341358 ], [ 42.575787457575949, 16.835031409802017 ], [ 42.575799355761895, 16.834971924294475 ], [ 42.5758688215845, 16.83483300375666 ], [ 42.576173743029592, 16.834424925699579 ], [ 42.576257402233686, 16.834320546274519 ], [ 42.576319862993699, 16.834296750780673 ], [ 42.576468446138335, 16.834271450600113 ], [ 42.576748166246446, 16.833984447006717 ], [ 42.577029610221587, 16.833653180202383 ], [ 42.577096622745152, 16.833586165657202 ], [ 42.577282327870584, 16.833428720934538 ], [ 42.577584702591849, 16.833189123336521 ], [ 42.577736049852604, 16.833111286875695 ], [ 42.577978638996754, 16.83303542196137 ], [ 42.578019065879495, 16.833032428051077 ], [ 42.57840783786984, 16.832937483581933 ], [ 42.578589272404407, 16.832919637906272 ], [ 42.578767731718742, 16.832880972413204 ], [ 42.578901577102812, 16.83281553709492 ], [ 42.579080037315478, 16.832729281921626 ], [ 42.579279315984849, 16.832648974989873 ], [ 42.579329880355559, 16.832657898270579 ], [ 42.579410187047017, 16.832660872410781 ], [ 42.5795083396699, 16.832646000849486 ], [ 42.579594595005162, 16.832598411157633 ], [ 42.579686798085937, 16.832556770597364 ], [ 42.57977305431951, 16.832562718880894 ], [ 42.579880129908112, 16.832595437016451 ], [ 42.58001694871578, 16.832678718110831 ], [ 42.580159717065563, 16.832773896582392 ], [ 42.580207085230498, 16.832810967980091 ], [ 42.580167164099272, 16.832886930144632 ], [ 42.580187984352612, 16.832928569772481 ], [ 42.580283161755283, 16.832994005911527 ], [ 42.580247470790724, 16.833112979010394 ], [ 42.580202855063824, 16.833279540707345 ], [ 42.580196907318332, 16.833380667994607 ], [ 42.580244495570504, 16.833356873242483 ], [ 42.580289111297404, 16.833226002912181 ], [ 42.580333726125993, 16.833044568778323 ], [ 42.58038131527649, 16.833038619650104 ], [ 42.580469646618376, 16.833044059762013 ], [ 42.580561414914534, 16.833147158752343 ], [ 42.580602891029521, 16.833228967585395 ], [ 42.580727813447879, 16.83327953210911 ], [ 42.580825966070762, 16.833285481229758 ], [ 42.580962783980119, 16.833249788222684 ], [ 42.58101929699464, 16.833196251278938 ], [ 42.581049040213699, 16.833130815209771 ], [ 42.581043091569889, 16.833038611051855 ], [ 42.581049040213699, 16.832955330975565 ], [ 42.58120073063089, 16.832797691407766 ], [ 42.581316730083529, 16.832764974166974 ], [ 42.58138961219916, 16.832779260177389 ], [ 42.581518101827506, 16.832795915867131 ], [ 42.581648972889674, 16.832795915867131 ], [ 42.581748911363348, 16.832788776731903 ], [ 42.581844088766019, 16.832817330691714 ], [ 42.581864611676991, 16.83289975788179 ], [ 42.581884825567521, 16.832925587038229 ], [ 42.581900668255869, 16.832950483280722 ], [ 42.581863124066885, 16.83304575877591 ], [ 42.581889298279314, 16.833117143140587 ], [ 42.581950260649435, 16.833151635857849 ], [ 42.582079678237477, 16.833160235820927 ], [ 42.582139142217706, 16.833159972714682 ], [ 42.582246217806315, 16.833219459651239 ], [ 42.582400883443732, 16.833262290062024 ], [ 42.58252461469602, 16.833319396974723 ], [ 42.582634069921816, 16.833393160367248 ], [ 42.58268403781117, 16.833433610748468 ], [ 42.58274905607481, 16.833508255414809 ], [ 42.582766221083261, 16.833518160572556 ], [ 42.582902949161081, 16.833514513204637 ], [ 42.583074269563859, 16.833485959349943 ], [ 42.583243212126085, 16.833428851627652 ], [ 42.583336010789878, 16.833397918629142 ], [ 42.583500194077722, 16.8333598473717 ], [ 42.583645341166388, 16.833343190871734 ], [ 42.583764314042618, 16.833340811740118 ], [ 42.583647719905258, 16.833307499595186 ], [ 42.583614407679583, 16.833226597910404 ], [ 42.583624805678994, 16.833142711740582 ], [ 42.583616919369113, 16.833086186016075 ], [ 42.583561940677093, 16.832970567938276 ], [ 42.583512447996512, 16.832875390425379 ], [ 42.583257369574966, 16.832719296758775 ], [ 42.583030845003016, 16.832597468787377 ], [ 42.582867137822277, 16.832515614970511 ], [ 42.582674877690224, 16.832473736219836 ], [ 42.582480713129769, 16.832460410613695 ], [ 42.582273223858707, 16.832391883209315 ], [ 42.581964846594708, 16.832235790004024 ], [ 42.581921063606082, 16.83205875896736 ], [ 42.581938166630778, 16.832001472829969 ], [ 42.581873921816602, 16.83190391482054 ], [ 42.581800157555364, 16.831770665194682 ], [ 42.581790639904924, 16.831706420358611 ], [ 42.581876299657154, 16.831775424357176 ], [ 42.582021447644131, 16.831825393406511 ], [ 42.582135662144296, 16.83189201821191 ], [ 42.582347433684326, 16.831896775651696 ], [ 42.582480684383675, 16.831856325802047 ], [ 42.582652004786453, 16.831820634245283 ], [ 42.582778115675936, 16.831799219307996 ], [ 42.582954196251407, 16.831789700984093 ], [ 42.583449124853821, 16.831775424357176 ], [ 42.583839355708193, 16.831782562670767 ], [ 42.584198654872374, 16.831813495933126 ], [ 42.584491327788577, 16.831930088904596 ], [ 42.584569851324197, 16.832063339278115 ], [ 42.584576989337435, 16.832179932095777 ], [ 42.584615060837493, 16.832294145696892 ], [ 42.584676926014481, 16.832422638387818 ], [ 42.584684064926051, 16.832553508413454 ], [ 42.584750689377401, 16.832686758348348 ], [ 42.584786382138596, 16.832855698698083 ], [ 42.584781621965902, 16.832922324860675 ], [ 42.584724515164979, 16.832841422151521 ], [ 42.584660271249113, 16.832701034906567 ], [ 42.584536538200204, 16.832586819831185 ], [ 42.584410427310722, 16.832503538696393 ], [ 42.584231967996381, 16.832448812400184 ], [ 42.584039230858906, 16.8324964012698 ], [ 42.583963087858791, 16.832565404980535 ], [ 42.583955948947235, 16.832634408666127 ], [ 42.583998779721661, 16.832667721789278 ], [ 42.584039230858906, 16.832605856398384 ], [ 42.584084441270527, 16.832567784981727 ], [ 42.584166952427694, 16.832545647014317 ], [ 42.584271148915803, 16.832616247405468 ], [ 42.584362520156624, 16.832686678384487 ], [ 42.584387266946067, 16.832764724817402 ], [ 42.584396783698182, 16.832869420656028 ], [ 42.584392978434636, 16.83296269623855 ], [ 42.58437203780705, 16.833033127948543 ], [ 42.58434348395744, 16.833103559632345 ], [ 42.584347291915925, 16.833173992149778 ], [ 42.584338644732995, 16.833264659736567 ], [ 42.584362439308237, 16.833687014198418 ], [ 42.584329721767276, 16.834118290930178 ], [ 42.584291057379133, 16.834335416844493 ], [ 42.584297799235351, 16.834439865046839 ], [ 42.584328255716741, 16.834487454275934 ], [ 42.584381556355801, 16.834536947990109 ], [ 42.58450719203649, 16.834565500826507 ], [ 42.584655670078227, 16.834565500826507 ], [ 42.584743234258866, 16.834536947990109 ], [ 42.58480034105979, 16.834464612341673 ], [ 42.584834604601355, 16.834382757612211 ], [ 42.584847930210287, 16.834318035602863 ], [ 42.584835160658521, 16.834112874924088 ], [ 42.584856177642905, 16.833704859801767 ], [ 42.58489742378918, 16.833430973671053 ], [ 42.58489742378918, 16.83324252013098 ], [ 42.584884098180261, 16.833050259958913 ], [ 42.584821280789072, 16.832808506298495 ], [ 42.584752751909299, 16.832488706674805 ], [ 42.584695644210058, 16.832157486264297 ], [ 42.58463473124727, 16.831965225850542 ], [ 42.584516708788613, 16.831824361610057 ], [ 42.58432444865656, 16.831740604653568 ], [ 42.5840865029041, 16.831673979794907 ], [ 42.583861881862255, 16.831641619189945 ], [ 42.583474009983824, 16.831662188071231 ], [ 42.583066190116192, 16.831685401790512 ], [ 42.582426591430533, 16.831761544111117 ], [ 42.5820896594186, 16.831774868906596 ], [ 42.581931662828119, 16.831727278995842 ], [ 42.581863133948353, 16.831664462324539 ], [ 42.581825063346606, 16.831592127298567 ], [ 42.58181364216609, 16.831548343816614 ], [ 42.581817449226257, 16.831510273047193 ], [ 42.581832676568638, 16.831476008746296 ], [ 42.581826965978387, 16.831436034293958 ], [ 42.581790798906724, 16.831426515951804 ], [ 42.581758437996932, 16.831428418760446 ], [ 42.581200692901646, 16.831477912414268 ], [ 42.580434131723607, 16.831503797653689 ], [ 42.57978331038511, 16.831532816976196 ], [ 42.579693365668966, 16.831525678653186 ], [ 42.579653390638825, 16.831501408180984 ], [ 42.579580578591788, 16.831472854882602 ], [ 42.579539177036978, 16.831441446077445 ], [ 42.57951205061034, 16.831412892770029 ], [ 42.579473503901497, 16.831371490122688 ], [ 42.579389444947097, 16.831310223611784 ], [ 42.579367579953079, 16.831307308778836 ], [ 42.579340730207562, 16.831331514788459 ], [ 42.579329309027038, 16.831508547364734 ], [ 42.579289333996897, 16.83154423898031 ], [ 42.57923508204194, 16.831569936767394 ], [ 42.579185113254262, 16.831578503268869 ], [ 42.5791465656471, 16.831578503268869 ], [ 42.579119440118781, 16.831567081266815 ], [ 42.579083748255911, 16.831585641589889 ], [ 42.579023785710703, 16.83161847769113 ], [ 42.578960968319514, 16.831624187830862 ], [ 42.578933841892876, 16.831614194871264 ], [ 42.578898150928325, 16.831619905870951 ], [ 42.578846753819342, 16.831637038009163 ], [ 42.578813916802446, 16.831664163103312 ], [ 42.578762520591781, 16.831684150736372 ], [ 42.578361343765685, 16.831782660691452 ], [ 42.578265690255904, 16.831816924936877 ], [ 42.577941606847482, 16.831924001308742 ], [ 42.577159239812033, 16.832238090045301 ], [ 42.576786219780203, 16.832422995216305 ], [ 42.576607405631322, 16.832525593265483 ], [ 42.575922121325249, 16.83318232470651 ], [ 42.575551571660441, 16.833552875050994 ], [ 42.575333242418843, 16.833801397135261 ], [ 42.574826418325436, 16.834423862963813 ], [ 42.574460931565575, 16.834852165631297 ], [ 42.574309598677864, 16.835059179271752 ], [ 42.574136849953781, 16.835304739897335 ], [ 42.573854169896798, 16.835633105382499 ], [ 42.573423010899774, 16.836109949386266 ], [ 42.573293092950131, 16.836221308625888 ], [ 42.573168884692421, 16.836299829936767 ], [ 42.573081796618887, 16.836286981794494 ], [ 42.572864789697384, 16.836214169619804 ], [ 42.572799116561903, 16.836151351857438 ], [ 42.572685058368599, 16.83626274202588 ], [ 42.572729161157469, 16.836338377797603 ], [ 42.572440769611923, 16.836671025915415 ], [ 42.572403651224384, 16.836616774578179 ], [ 42.572370814207488, 16.836591076616156 ], [ 42.572276587222383, 16.836715285406505 ], [ 42.572372241630475, 16.836816649025611 ], [ 42.572170939056768, 16.837219254422472 ], [ 42.572137256725192, 16.837205714198802 ], [ 42.572076712969988, 16.837323474045391 ], [ 42.571993907165414, 16.837567607038611 ], [ 42.571858001944392, 16.838084015120625 ], [ 42.571766905588056, 16.838515583626954 ], [ 42.57177975598821, 16.838595533833121 ], [ 42.572229473280679, 16.838661207037962 ], [ 42.572270875733814, 16.838781132672203 ], [ 42.572286580979934, 16.838833956123633 ], [ 42.572292291570186, 16.838871076203173 ], [ 42.572290864147199, 16.838966729609723 ], [ 42.57228515265863, 16.839055245788582 ], [ 42.57226802088784, 16.839146618172169 ], [ 42.572226618434705, 16.839232278022134 ], [ 42.572123826013382, 16.839436435790478 ], [ 42.571768333909361, 16.839373618237467 ], [ 42.571628423100492, 16.839973241672759 ], [ 42.571618429342962, 16.840023211138075 ], [ 42.571575598568529, 16.840264488719498 ], [ 42.57143283111705, 16.840795584110165 ], [ 42.571424361800553, 16.840875744001757 ], [ 42.571449963786151, 16.840904086953415 ], [ 42.571472806147192, 16.840918363751818 ], [ 42.571549676782688, 16.840912873998388 ], [ 42.571582973737016, 16.840922740078241 ], [ 42.571668398130633, 16.84092978604955 ], [ 42.571708373160774, 16.840952628063583 ], [ 42.571732642944802, 16.840996887413453 ], [ 42.571739781856373, 16.841053993712809 ], [ 42.571746919869618, 16.841118238816357 ], [ 42.571748348190923, 16.841181056650196 ], [ 42.571762625115731, 16.841246729817829 ], [ 42.571785466578461, 16.841309547609018 ], [ 42.571801170926257, 16.841356659649055 ], [ 42.571796888657296, 16.841419479123342 ], [ 42.571716938597021, 16.841537974905108 ], [ 42.571648148307503, 16.84162317540704 ], [ 42.571594157762291, 16.8416907373702 ], [ 42.5715499013615, 16.841716434639963 ], [ 42.571457100901078, 16.841705014109273 ], [ 42.571234384287642, 16.841632203158671 ], [ 42.571050214383028, 16.841559391320267 ], [ 42.570951704230659, 16.8415037106993 ], [ 42.570913155725187, 16.841460881293109 ], [ 42.570848911809335, 16.841333817683779 ], [ 42.570788949264113, 16.841218177129267 ], [ 42.570776099762284, 16.84116677987161 ], [ 42.570773244018, 16.841083973674781 ], [ 42.570783238673854, 16.840978326293339 ], [ 42.570808936779187, 16.840835559165889 ], [ 42.570883176249211, 16.840572865788019 ], [ 42.570926006125326, 16.840512903977846 ], [ 42.571000244697032, 16.840451514035475 ], [ 42.570997389851058, 16.840377273629141 ], [ 42.570973120067038, 16.840320167985414 ], [ 42.570921722059737, 16.84028447630449 ], [ 42.570870325849079, 16.840277336591832 ], [ 42.570836062307507, 16.840287330813815 ], [ 42.570813219048141, 16.840307319256191 ], [ 42.570793232431384, 16.840357286913733 ], [ 42.570794659854378, 16.840392978580923 ], [ 42.570794659854378, 16.840435809948335 ], [ 42.570804652713591, 16.840520042821826 ], [ 42.570794659854378, 16.840597136817028 ], [ 42.570766106004754, 16.840705639774026 ], [ 42.570721847807341, 16.840894092764 ], [ 42.570707570882526, 16.840945490095702 ], [ 42.570696149702009, 16.841178202154349 ], [ 42.5707446910667, 16.84129812619399 ], [ 42.570831779140235, 16.841463735784689 ], [ 42.570868899324402, 16.841533693169406 ], [ 42.570968836001448, 16.841606505017687 ], [ 42.571058779819268, 16.841635057647661 ], [ 42.571177276588394, 16.84168788202226 ], [ 42.571330037797409, 16.84173499482791 ], [ 42.571471377825887, 16.841772115198349 ], [ 42.571662991170939, 16.841799323959254 ], [ 42.571922609677941, 16.841813357370967 ], [ 42.572046731697384, 16.841819228842819 ], [ 42.572195209739114, 16.842179002094682 ], [ 42.57222661933303, 16.84225466989394 ], [ 42.572277437926964, 16.842302754113078 ], [ 42.572315509427021, 16.842355101981788 ], [ 42.572348821652696, 16.842428865293009 ], [ 42.572334544727894, 16.842569253922569 ], [ 42.57234406237832, 16.842731057011015 ], [ 42.572360718940317, 16.842840512241164 ], [ 42.572394031166006, 16.843030869236674 ], [ 42.572396409904876, 16.843216467165941 ], [ 42.572401169179251, 16.843411582653307 ], [ 42.572394031166006, 16.843630493982698 ], [ 42.572372616227945, 16.843887475066655 ], [ 42.572394031166006, 16.844080210865567 ], [ 42.572436861940439, 16.844201563730635 ], [ 42.572482070555424, 16.844403817759634 ], [ 42.57250586602899, 16.844565620999159 ], [ 42.572503486391795, 16.844784532713163 ], [ 42.572467795427251, 16.845022477773043 ], [ 42.572465414891745, 16.845246146922637 ], [ 42.572453517604124, 16.84542222676037 ], [ 42.572391407187055, 16.845779382910209 ], [ 42.5723417923356, 16.846225849933305 ], [ 42.572307640185137, 16.846629664777701 ], [ 42.57223871784327, 16.846932788647482 ], [ 42.572164966158446, 16.847295348977582 ], [ 42.571993552330873, 16.848160847736082 ], [ 42.571872199817463, 16.848756903724894 ], [ 42.571815093016532, 16.849124529656216 ], [ 42.57184593936676, 16.849407368874928 ], [ 42.571753583572402, 16.850027812840082 ], [ 42.571679820209475, 16.850320487926563 ], [ 42.571617954134169, 16.850601263688478 ], [ 42.571613194859793, 16.850813035122304 ], [ 42.571622713408544, 16.850936767738087 ], [ 42.571634610696172, 16.851055740735578 ], [ 42.571627471784609, 16.851140450337684 ], [ 42.571579881735808, 16.851292734771736 ], [ 42.571478299345159, 16.851559351740285 ], [ 42.571446631934762, 16.851726748347087 ], [ 42.571414271923281, 16.851875227102997 ], [ 42.571385718971982, 16.852010379793111 ], [ 42.57137429689314, 16.85213791940582 ], [ 42.571381911911793, 16.85218550934329 ], [ 42.571406657802932, 16.852250230401012 ], [ 42.571450439893248, 16.85234160071203 ], [ 42.571503739634004, 16.852377768992259 ], [ 42.571532294381939, 16.852377768992259 ], [ 42.57155513674298, 16.852360637011852 ], [ 42.571541811134068, 16.85229210821495 ], [ 42.571549426152721, 16.852242615704924 ], [ 42.57152658289337, 16.852189316262656 ], [ 42.57148470433313, 16.852162666106018 ], [ 42.571463764603855, 16.852128402104682 ], [ 42.571469476092432, 16.852082715613591 ], [ 42.571505643164095, 16.852044643815827 ], [ 42.571541811134068, 16.852025609203686 ], [ 42.571541811134068, 16.85197230884053 ], [ 42.571524679363272, 16.851901877300133 ], [ 42.57151896877302, 16.85184857690211 ], [ 42.571520872303104, 16.851772434064419 ], [ 42.571576074675626, 16.851736267387917 ], [ 42.571602725893477, 16.85174959077726 ], [ 42.571616049705767, 16.851787662634404 ], [ 42.571633182374867, 16.851850481224936 ], [ 42.571642700923618, 16.851919009322096 ], [ 42.571686483013934, 16.851951369039579 ], [ 42.571745493344942, 16.851979922687761 ], [ 42.571806407206047, 16.851981827009265 ], [ 42.571884453736253, 16.851953273361367 ], [ 42.571943464965578, 16.851941851729052 ], [ 42.571962500266451, 16.851978020085724 ], [ 42.571945367597351, 16.852023704882626 ], [ 42.571914911115961, 16.852061775824858 ], [ 42.571848285766279, 16.852136015085893 ], [ 42.571743588916547, 16.852274976226781 ], [ 42.571665544182977, 16.85237396207669 ], [ 42.571614147073994, 16.852452008129273 ], [ 42.571539906705659, 16.852533861921817 ], [ 42.571486131756124, 16.852600961749882 ], [ 42.571478993742879, 16.852625232955553 ], [ 42.57148470433313, 16.852659496866892 ], [ 42.571490414923396, 16.852679484862087 ], [ 42.571487560077415, 16.852719459986403 ], [ 42.571481848588839, 16.852775139026374 ], [ 42.571464716818063, 16.852846522827864 ], [ 42.57144901157195, 16.852886497916874 ], [ 42.571421886941941, 16.852947888123584 ], [ 42.571394759616993, 16.853023555055142 ], [ 42.571340508560361, 16.853157756919238 ], [ 42.571309100763074, 16.853269114724736 ], [ 42.571294823838272, 16.853360486263021 ], [ 42.571299107005537, 16.853419022004701 ], [ 42.571304817595802, 16.853494687888048 ], [ 42.571313383930352, 16.853546084376198 ], [ 42.571314812251657, 16.853616040732614 ], [ 42.571287684926702, 16.85372597197474 ], [ 42.571269125732933, 16.853840186329744 ], [ 42.5712434276276, 16.854055765317735 ], [ 42.571240643748531, 16.854185825995547 ], [ 42.571229827134196, 16.854245314061004 ], [ 42.571138675980635, 16.854549153916647 ], [ 42.571114937100937, 16.85470963997567 ], [ 42.571106370766387, 16.854782451911799 ], [ 42.571063539991954, 16.854902376785674 ], [ 42.570953809881686, 16.855149509031001 ], [ 42.57088650899891, 16.855309264675149 ], [ 42.570845105647471, 16.855460599197663 ], [ 42.570815125273178, 16.855606220744171 ], [ 42.570807986361615, 16.855700448869001 ], [ 42.570799420027065, 16.855774688421199 ], [ 42.570820835863437, 16.855841788818918 ], [ 42.570846533968776, 16.855903178066335 ], [ 42.570857955149293, 16.85597741667922 ], [ 42.570855454239542, 16.856127909001195 ], [ 42.570855100303319, 16.856368601210384 ], [ 42.57084224990318, 16.856571332270569 ], [ 42.570817980119152, 16.856661274222564 ], [ 42.570793709436806, 16.856766923163285 ], [ 42.570786571423554, 16.856898268972078 ], [ 42.570779433410308, 16.857009628013916 ], [ 42.57077297093015, 16.857224398695664 ], [ 42.570677877070807, 16.857541379645117 ], [ 42.570679494936634, 16.857683491960646 ], [ 42.570678068411965, 16.85782768639244 ], [ 42.570633810214545, 16.857944755951927 ], [ 42.570596690030378, 16.85800614623604 ], [ 42.570578129938283, 16.858084667963649 ], [ 42.570573847669337, 16.858118932605269 ], [ 42.570612394378173, 16.858151769261084 ], [ 42.570653796831301, 16.858148914161593 ], [ 42.570726608878338, 16.858137492903452 ], [ 42.570765155587182, 16.858323089767151 ], [ 42.570734900328418, 16.858361463778543 ], [ 42.570515988978514, 16.858713624664485 ], [ 42.57042901768596, 16.858974537331587 ], [ 42.570309326157513, 16.859489054095871 ], [ 42.570249839719395, 16.85964847766677 ], [ 42.570239713909515, 16.859939103808347 ], [ 42.570246649801817, 16.860001520789229 ], [ 42.570209390378778, 16.860100574809717 ], [ 42.570135627015851, 16.860221927713486 ], [ 42.569903758366294, 16.860677502688159 ], [ 42.569887812371682, 16.860702854358763 ], [ 42.569847713374031, 16.860750167896807 ], [ 42.56979060567479, 16.860752548403209 ], [ 42.569632820188396, 16.860734727702898 ], [ 42.569407320594202, 16.860762914652824 ], [ 42.569388662585752, 16.860814934166374 ], [ 42.569421788860168, 16.860904832834184 ], [ 42.569593276349593, 16.861089699677265 ], [ 42.569571694324893, 16.861168954305501 ], [ 42.569540761736391, 16.861276030402827 ], [ 42.569512207886774, 16.861349793213499 ], [ 42.569464618736284, 16.861449730294805 ], [ 42.569362303320375, 16.861618670755679 ], [ 42.569232724933897, 16.86193533398842 ], [ 42.569145770709333, 16.862139774166437 ], [ 42.569026797833104, 16.862349165947524 ], [ 42.568853096894827, 16.862546661095923 ], [ 42.568715088717731, 16.862715603155529 ], [ 42.56864493478561, 16.862731456698505 ], [ 42.568572321266252, 16.862710843911522 ], [ 42.568505695916578, 16.862698946660672 ], [ 42.568470004053701, 16.862722742021312 ], [ 42.568455727128899, 16.8627727097758 ], [ 42.56845810676608, 16.862820299615819 ], [ 42.568467625314838, 16.862879785824383 ], [ 42.568477142965271, 16.862917857159982 ], [ 42.568407802906805, 16.863071346849136 ], [ 42.568393510710628, 16.863091833222622 ], [ 42.568146047307742, 16.863367849707398 ], [ 42.567984242758769, 16.863434474582544 ], [ 42.567793887055117, 16.863491581845317 ], [ 42.567527386554723, 16.863691457129164 ], [ 42.567337029952746, 16.863967475317363 ], [ 42.567099084200294, 16.864310115949618 ], [ 42.566868698669268, 16.864611388956114 ], [ 42.566704444414519, 16.864857118407404 ], [ 42.566528363839041, 16.865164068721072 ], [ 42.566411770600013, 16.86533063057151 ], [ 42.566252346586531, 16.865485296059372 ], [ 42.566126234798737, 16.865580474361451 ], [ 42.565973948798508, 16.86568992926361 ], [ 42.565859735196653, 16.865768452097949 ], [ 42.565719348280687, 16.865858871092687 ], [ 42.565555164992837, 16.865942152159921 ], [ 42.565471883081166, 16.866037331091594 ], [ 42.565331495266875, 16.866194374719623 ], [ 42.565183970337664, 16.866320487162742 ], [ 42.565084031863982, 16.866341901631458 ], [ 42.564988853563008, 16.866310968856155 ], [ 42.564984095186944, 16.866353798652995 ], [ 42.564995991576247, 16.866425181626159 ], [ 42.564986122684537, 16.86654680986307 ], [ 42.564705698297239, 16.866943905111555 ], [ 42.564512962058082, 16.86719850761914 ], [ 42.564346399133044, 16.867348414170422 ], [ 42.564089417181407, 16.867545909252897 ], [ 42.563934753340625, 16.867610153954512 ], [ 42.563887163291817, 16.867674400353629 ], [ 42.563849091791766, 16.867755301062267 ], [ 42.563803883176774, 16.867821926969725 ], [ 42.563753914389096, 16.867790993577017 ], [ 42.563584970928552, 16.868012283751266 ], [ 42.563658735189797, 16.868067010935857 ], [ 42.563639699888931, 16.868107460780628 ], [ 42.563558797614441, 16.8681645683507 ], [ 42.563499311176322, 16.868185984329774 ], [ 42.563396993963778, 16.868214537245436 ], [ 42.56334702607441, 16.868245471428473 ], [ 42.563325610238046, 16.868278782579395 ], [ 42.56326612379992, 16.868323993200939 ], [ 42.563197119711376, 16.868388237638023 ], [ 42.562998825595564, 16.868739473758804 ], [ 42.563015930416881, 16.868821574099943 ], [ 42.563451722025832, 16.869154423852084 ], [ 42.563427926552272, 16.869282915578353 ], [ 42.563408891251399, 16.869363817317634 ], [ 42.563377958662905, 16.869475652144253 ], [ 42.563235155278818, 16.869797389667376 ], [ 42.563204257724621, 16.869837330224406 ], [ 42.562759896187863, 16.870354127311657 ], [ 42.562616180115455, 16.870487196742854 ], [ 42.562059816629066, 16.870997957293167 ], [ 42.561826550200919, 16.871219797326933 ], [ 42.561464872297869, 16.871460122160194 ], [ 42.561050845969937, 16.871681412335409 ], [ 42.560708204266064, 16.871893185945328 ], [ 42.560486914177289, 16.872002639769718 ], [ 42.559665998636355, 16.872411907313975 ], [ 42.559178210742139, 16.872599885131454 ], [ 42.558925988064871, 16.872635576731007 ], [ 42.558840327414316, 16.872633197233938 ], [ 42.558811773564706, 16.872618920250886 ], [ 42.558780426852863, 16.872530864217591 ], [ 42.558664245940541, 16.872212032657522 ], [ 42.558628554975982, 16.872164444323015 ], [ 42.558564309263495, 16.872157305813914 ], [ 42.558507201564247, 16.872190617134795 ], [ 42.558500062652691, 16.872231068675681 ], [ 42.558514339577499, 16.872264380843209 ], [ 42.558564537435579, 16.87230833714662 ], [ 42.558630933714859, 16.87236431902982 ], [ 42.558645210639668, 16.872407149173817 ], [ 42.558626176237119, 16.872447599808698 ], [ 42.558580965825492, 16.872488049575267 ], [ 42.558519099750185, 16.872533260049217 ], [ 42.558442956750078, 16.872583228648185 ], [ 42.558364435909411, 16.872614162115944 ], [ 42.558254979785303, 16.87264509471899 ], [ 42.558140766183449, 16.872637956228047 ], [ 42.558114240729736, 16.872600160217868 ], [ 42.557974729671166, 16.872418354658176 ], [ 42.556621558731145, 16.870498502920682 ], [ 42.556559691757528, 16.870550851581172 ], [ 42.557907039817884, 16.872466704574769 ], [ 42.557937560079651, 16.872509433257392 ], [ 42.557516870947268, 16.872840655223918 ], [ 42.557336031995732, 16.872855883816001 ], [ 42.556709758020673, 16.872947255342691 ], [ 42.556517497888635, 16.872945351232389 ], [ 42.556365211888405, 16.872960578956384 ], [ 42.556313815677733, 16.873010072059643 ], [ 42.555837923274503, 16.873074793724367 ], [ 42.554315066865513, 16.871510060095616 ], [ 42.554143745564424, 16.871690899424095 ], [ 42.554031436390972, 16.87157858794351 ], [ 42.553466076277019, 16.871039879954267 ], [ 42.553445137446062, 16.871045590623417 ], [ 42.553342344126413, 16.871146479369873 ], [ 42.553359475897189, 16.871171226160762 ], [ 42.553300465566188, 16.87122642867719 ], [ 42.553095609257213, 16.871069108125138 ], [ 42.552934979704638, 16.871026555345455 ], [ 42.552204009778166, 16.870746729746816 ], [ 42.551907052796373, 16.870916147600695 ], [ 42.551427354231279, 16.871254982852687 ], [ 42.551427354231279, 16.871336836240623 ], [ 42.551547897362632, 16.871484526769247 ], [ 42.552239607317929, 16.870966395154802 ], [ 42.552335356049113, 16.871009423335753 ], [ 42.552685612771654, 16.871144575241424 ], [ 42.552809344922252, 16.871293054220317 ], [ 42.552834090813391, 16.871313992738539 ], [ 42.552853127012568, 16.871319704259058 ], [ 42.552961630024164, 16.871249272189864 ], [ 42.553229917273661, 16.871418111048353 ], [ 42.553314368791838, 16.871479605272199 ], [ 42.553289044385657, 16.871551939660588 ], [ 42.553367090017552, 16.871593818356626 ], [ 42.553435619795628, 16.871563954126103 ], [ 42.553898185691622, 16.871837473852153 ], [ 42.553875724216255, 16.871921611072825 ], [ 42.553897836246975, 16.872010053371945 ], [ 42.554050122247197, 16.872105231826048 ], [ 42.554080929969864, 16.872174405052935 ], [ 42.554050122247197, 16.872238482268941 ], [ 42.553935907747025, 16.872447874035689 ], [ 42.553707478746681, 16.872619196196922 ], [ 42.553612301344018, 16.872685820389208 ], [ 42.553421943843738, 16.872704857219269 ], [ 42.553145925692917, 16.872723893187775 ], [ 42.552936038818352, 16.872750128676081 ], [ 42.552795147947506, 16.872845453756426 ], [ 42.552661302563436, 16.872893043638662 ], [ 42.552497116580639, 16.872914610379034 ], [ 42.552408486099765, 16.872985248141735 ], [ 42.552224078141613, 16.873012016572517 ], [ 42.552125924620405, 16.873017965303209 ], [ 42.552009926066084, 16.872997144744971 ], [ 42.551804622396105, 16.872981464851541 ], [ 42.551727767930281, 16.872999910217271 ], [ 42.551375607677656, 16.873047500060597 ], [ 42.551090071876388, 16.873133160029088 ], [ 42.550775983123827, 16.873266409746911 ], [ 42.550604661822724, 16.873352069616129 ], [ 42.550174766755312, 16.873481959702389 ], [ 42.549785129687343, 16.873624727972427 ], [ 42.549484723174871, 16.873740726951198 ], [ 42.549285442708864, 16.873809136219279 ], [ 42.549106984292834, 16.873862673703183 ], [ 42.5490326262452, 16.873963800784388 ], [ 42.548937447045901, 16.874044108228262 ], [ 42.548842267846595, 16.874044108228262 ], [ 42.548729243614183, 16.874014363874874 ], [ 42.548681655362003, 16.87398164688598 ], [ 42.548556732943652, 16.873954877732967 ], [ 42.548446683033134, 16.873895390712683 ], [ 42.54840801684837, 16.873821032770625 ], [ 42.548282308404133, 16.873751819743635 ], [ 42.548189011175353, 16.87369463821409 ], [ 42.548095713048269, 16.873681239863473 ], [ 42.548012431136584, 16.87364554760185 ], [ 42.547932042698442, 16.873530771833515 ], [ 42.547790988334214, 16.873428047306977 ], [ 42.547738794419573, 16.873434370828154 ], [ 42.547135005276083, 16.87302688839889 ], [ 42.547073504815096, 16.872982402722396 ], [ 42.547029220566543, 16.873039478731453 ], [ 42.546977366215081, 16.873184527107554 ], [ 42.546837572187201, 16.873360012704619 ], [ 42.546290296058224, 16.873880519814325 ], [ 42.545826705184503, 16.874360962969469 ], [ 42.545795841766285, 16.87438697128626 ], [ 42.5452492815946, 16.874939380899725 ], [ 42.544865594967071, 16.875480708242172 ], [ 42.5447823130554, 16.875537219577932 ], [ 42.544449189001959, 16.875772192875683 ], [ 42.543970724722072, 16.876131281732995 ], [ 42.543637197325062, 16.87648008188722 ], [ 42.543348687201892, 16.87682510420143 ], [ 42.543047493765229, 16.877282940359613 ], [ 42.542646748130466, 16.878127859203747 ], [ 42.542691362959047, 16.878151652621256 ], [ 42.542938230778915, 16.877669812767316 ], [ 42.543199972004921, 16.87720879178023 ], [ 42.543310021915431, 16.8771463306249 ], [ 42.543345712879983, 16.877137407723826 ], [ 42.543393302928799, 16.877143357184213 ], [ 42.543464686654538, 16.87718797082433 ], [ 42.543553916311701, 16.877300995895755 ], [ 42.54364909461269, 16.877405097151488 ], [ 42.543711556271028, 16.877527044116427 ], [ 42.543702633305308, 16.877604376611789 ], [ 42.543693710339589, 16.877663863323512 ], [ 42.543372483573776, 16.877869091948277 ], [ 42.5430393577237, 16.878095141208181 ], [ 42.542771669650506, 16.878309293069989 ], [ 42.542521826610425, 16.878544264637981 ], [ 42.542417725343718, 16.87863646896108 ], [ 42.542228959658118, 16.878826825160321 ], [ 42.542228959658118, 16.879005670911173 ], [ 42.542248188096778, 16.879058822673812 ], [ 42.542647745260425, 16.879167473763236 ], [ 42.542695335309226, 16.879253135254125 ], [ 42.542715156635978, 16.879305692093858 ], [ 42.542600157008252, 16.879595777390627 ], [ 42.542453417206595, 16.879921377963242 ], [ 42.542397111702897, 16.879923771981893 ], [ 42.542364784030767, 16.879975993386481 ], [ 42.54233423232796, 16.880025347113513 ], [ 42.542349315041577, 16.880064144803892 ], [ 42.542228959658118, 16.880195401352612 ], [ 42.540493334579139, 16.880971315124015 ], [ 42.540277801793032, 16.881032971281901 ], [ 42.539800829614819, 16.881328700672434 ], [ 42.539324425171877, 16.881801151200133 ], [ 42.538976428610589, 16.882187814063617 ], [ 42.537610249166939, 16.882259838332761 ], [ 42.53744362515647, 16.882458741322203 ], [ 42.536837889363753, 16.882116431029893 ], [ 42.536796247958762, 16.882181865621767 ], [ 42.537346499307944, 16.88251499011092 ], [ 42.537536855909913, 16.882681552135072 ], [ 42.537569992065798, 16.883963059704982 ], [ 42.538921703243489, 16.88604442367037 ], [ 42.539177494029069, 16.886444173575018 ], [ 42.539205145071818, 16.886566652799587 ], [ 42.539203669139816, 16.886608357109125 ], [ 42.539183442672879, 16.886688067783503 ], [ 42.539157759838901, 16.886779405110421 ], [ 42.539066242172701, 16.886868057924509 ], [ 42.538991896701468, 16.886885564131951 ], [ 42.538931219995604, 16.886890322766863 ], [ 42.538850318619431, 16.886884373613622 ], [ 42.538862215907059, 16.886841544174569 ], [ 42.537089325116831, 16.88629633916176 ], [ 42.536374488932864, 16.886303786586126 ], [ 42.536364222087478, 16.884993870032293 ], [ 42.536169001108249, 16.885001320946408 ], [ 42.536166688844709, 16.8844485737234 ], [ 42.533929502003261, 16.884466582156399 ], [ 42.533934687079075, 16.884834760109463 ], [ 42.534215203992844, 16.884846623301801 ], [ 42.534227193806949, 16.887268503202705 ], [ 42.534266859816633, 16.890835284382472 ], [ 42.534279947372006, 16.892466404582251 ], [ 42.534284706646382, 16.893206416890425 ], [ 42.533585145415508, 16.893211176225496 ], [ 42.533119960032145, 16.893218314798098 ], [ 42.532017080391519, 16.892939918002416 ], [ 42.531469804262564, 16.892766216987027 ], [ 42.531432921233623, 16.890031025722369 ], [ 42.531410316926127, 16.886517752063035 ], [ 42.530753584673057, 16.885441046419892 ], [ 42.530458532119667, 16.884966343423525 ], [ 42.530133735448906, 16.885149562099457 ], [ 42.530074249010795, 16.885291139615621 ], [ 42.529718519751547, 16.885141234411478 ], [ 42.529716141012678, 16.885119818635808 ], [ 42.529693534908553, 16.885029399405873 ], [ 42.529637618375368, 16.884965153752681 ], [ 42.529576941669504, 16.884933030917885 ], [ 42.52951983486858, 16.884927081702951 ], [ 42.529468676711467, 16.884938980132631 ], [ 42.529421087560976, 16.884967533094361 ], [ 42.529369929403856, 16.885023451913156 ], [ 42.529349703835237, 16.885086507016837 ], [ 42.529340185286479, 16.885154321637728 ], [ 42.529353271943549, 16.885199531657982 ], [ 42.529396102717975, 16.885241171800526 ], [ 42.529432984848597, 16.885273293723294 ], [ 42.5294781943619, 16.885286380940393 ], [ 42.52955314799258, 16.885291139615621 ], [ 42.529599546875318, 16.885285192131146 ], [ 42.529647136025808, 16.885256638357884 ], [ 42.529679258882055, 16.885228084580298 ], [ 42.530021900585936, 16.885369662037565 ], [ 42.529960035408948, 16.885518379112117 ], [ 42.529818457326904, 16.885786067831866 ], [ 42.529737555052421, 16.885968096907181 ], [ 42.529647136025808, 16.886123950632037 ], [ 42.529687634773765, 16.886211341026449 ], [ 42.529740458407424, 16.886385517407529 ], [ 42.529777197705904, 16.886571305714021 ], [ 42.529798656661413, 16.886686756922597 ], [ 42.529816126198746, 16.88677098981713 ], [ 42.529824691634978, 16.886995135624488 ], [ 42.529826119057965, 16.887967383742641 ], [ 42.529827942637993, 16.889125360210546 ], [ 42.52983672816147, 16.889579995593564 ], [ 42.529836729059788, 16.890231679192123 ], [ 42.529856101228894, 16.891119694332321 ], [ 42.529864666665127, 16.89159796535068 ], [ 42.52987323299967, 16.89207195284682 ], [ 42.529891793990075, 16.892308947867477 ], [ 42.5299460450467, 16.892507395017358 ], [ 42.530050264891031, 16.892740106336756 ], [ 42.53014020870885, 16.892872879776721 ], [ 42.530257278054989, 16.893012793422727 ], [ 42.530372919978149, 16.893112730081469 ], [ 42.530563126561461, 16.893249837115523 ], [ 42.530728411183844, 16.893325454382826 ], [ 42.530929436178127, 16.893396625165863 ], [ 42.531360949111374, 16.893495513829954 ], [ 42.532789263226604, 16.893863925155948 ], [ 42.532753571363735, 16.893997174853936 ], [ 42.532779744677853, 16.89407807717782 ], [ 42.532820195815091, 16.894139943081203 ], [ 42.53287968225321, 16.894175634906254 ], [ 42.53296296326657, 16.89420656827426 ], [ 42.533027208979064, 16.894211326724548 ], [ 42.533134284567666, 16.894166117144202 ], [ 42.533225080886695, 16.894100972077062 ], [ 42.533307984607632, 16.894059040783851 ], [ 42.533391265620992, 16.894047143788747 ], [ 42.533491204094659, 16.89409711271032 ], [ 42.533503101382287, 16.894242260086703 ], [ 42.533519757944291, 16.894523036760393 ], [ 42.533549094226522, 16.894799082945788 ], [ 42.534490578051624, 16.895046517986422 ], [ 42.534771353680199, 16.895136935854762 ], [ 42.534766595304134, 16.895208319980384 ], [ 42.534757076755383, 16.895372502765131 ], [ 42.534745180366073, 16.895484337657674 ], [ 42.534764214768629, 16.895634243240629 ], [ 42.534778491693444, 16.895715145721976 ], [ 42.534804666804192, 16.895779391153376 ], [ 42.53485701433074, 16.895822222001843 ], [ 42.53493077769366, 16.895888845741212 ], [ 42.535061647857518, 16.895962608785336 ], [ 42.53517586235769, 16.89601495812099 ], [ 42.535259144269361, 16.896083961853329 ], [ 42.535373356972897, 16.896152966419969 ], [ 42.535497090021821, 16.896205314843254 ], [ 42.535694584637042, 16.896233867819301 ], [ 42.535727896862717, 16.895991162657666 ], [ 42.535889701411683, 16.894913267310535 ], [ 42.535787384199146, 16.894891851784326 ], [ 42.535829545728689, 16.894762879809932 ], [ 42.535896594184862, 16.894739391045956 ], [ 42.536006293752415, 16.894725290222176 ], [ 42.53623272040798, 16.894776738239472 ], [ 42.536670164018744, 16.894900470427256 ], [ 42.536827208395025, 16.894937062050293 ], [ 42.536820070381779, 16.895046517126879 ], [ 42.537048497585488, 16.895079828706717 ], [ 42.537050807154074, 16.894982908367339 ], [ 42.537593772267996, 16.895043237970913 ], [ 42.537630828671787, 16.895168910830382 ], [ 42.53758387732514, 16.895186905347213 ], [ 42.538216813206347, 16.897359353086781 ], [ 42.53845238021993, 16.897290348961487 ], [ 42.538519005569604, 16.897585402210755 ], [ 42.538590390193662, 16.897592540617826 ], [ 42.538588009658156, 16.897637749376962 ], [ 42.538568974357283, 16.897673442259237 ], [ 42.538471417317432, 16.89770437505365 ], [ 42.538343694850333, 16.897719715957475 ], [ 42.538128773816929, 16.897775759067173 ], [ 42.537193645572458, 16.898577637342896 ], [ 42.537257891284952, 16.898651401054561 ], [ 42.536777241403975, 16.899065426737515 ], [ 42.536589262642565, 16.898882207821959 ], [ 42.535187761441939, 16.897326041049975 ], [ 42.534773734215698, 16.89685490837622 ], [ 42.534723765428019, 16.896766867945669 ], [ 42.534666657728771, 16.896643135263059 ], [ 42.534607171290659, 16.896588407766156 ], [ 42.534540545940985, 16.896566991570591 ], [ 42.53450009480374, 16.896586027711475 ], [ 42.534464403839181, 16.896633617625511 ], [ 42.534476301126809, 16.896690725162685 ], [ 42.534497715166552, 16.896750211016144 ], [ 42.534566720153414, 16.896819215339043 ], [ 42.534987886291226, 16.897277499807977 ], [ 42.536029137910099, 16.898452001135649 ], [ 42.536594399209363, 16.899135910314055 ], [ 42.536569966830264, 16.899160344007047 ], [ 42.536513919143061, 16.899258799887679 ], [ 42.536509303599132, 16.899343652042806 ], [ 42.536558350715325, 16.899397904283525 ], [ 42.536598305084212, 16.899439953863574 ], [ 42.53666302690381, 16.899457085871628 ], [ 42.536737266373834, 16.899458988854967 ], [ 42.536786758156097, 16.899449472219032 ], [ 42.536870417360191, 16.899421445757799 ], [ 42.536994247427167, 16.899519904080694 ], [ 42.537902249244993, 16.900551636772686 ], [ 42.537891224221504, 16.900582730684331 ], [ 42.537881549365899, 16.900600647328073 ], [ 42.537843238015661, 16.900629684406518 ], [ 42.537738040804314, 16.900595126646909 ], [ 42.537696394907748, 16.900636778003459 ], [ 42.537898344268449, 16.900887193923683 ], [ 42.537898442184819, 16.900926641416607 ], [ 42.537854660992814, 16.900978037890425 ], [ 42.537763288853682, 16.90106750486974 ], [ 42.537513921022395, 16.900922833760493 ], [ 42.537220771999095, 16.901372075625147 ], [ 42.537064678938705, 16.901589083019672 ], [ 42.536885744415571, 16.901775633353051 ], [ 42.536807697885372, 16.901895556750887 ], [ 42.536796275806537, 16.901973603828477 ], [ 42.536788661686181, 16.902101143224773 ], [ 42.536819119065896, 16.902264849857183 ], [ 42.536857189667636, 16.90236193062076 ], [ 42.536928297610579, 16.902513553192779 ], [ 42.537039933047559, 16.902617009661274 ], [ 42.537106558397241, 16.902681730628014 ], [ 42.537207447288488, 16.902736935102514 ], [ 42.537319945108152, 16.902786369686645 ], [ 42.537347192807346, 16.902785008226658 ], [ 42.537405418010806, 16.902755969761099 ], [ 42.537447296571031, 16.902695055580729 ], [ 42.537451102732895, 16.902618914331743 ], [ 42.537451102732895, 16.902537059897746 ], [ 42.537451102732895, 16.902459013912893 ], [ 42.53751011396222, 16.902348607363521 ], [ 42.53758054727038, 16.902238199889997 ], [ 42.537643363763259, 16.902163961412562 ], [ 42.537706182052766, 16.902169671999594 ], [ 42.537778517992699, 16.902200127887834 ], [ 42.537856563624587, 16.902226778719907 ], [ 42.537936414870195, 16.902248244983856 ], [ 42.537987909895534, 16.90221535668962 ], [ 42.538005042564635, 16.902141118203193 ], [ 42.537965066636183, 16.902053553830914 ], [ 42.537945933418946, 16.902000781572902 ], [ 42.538012557870303, 16.901896085350536 ], [ 42.538121301630397, 16.901814527993903 ], [ 42.538286771305728, 16.901623346643728 ], [ 42.538351492227001, 16.901644286954554 ], [ 42.538716977190241, 16.901255958684335 ], [ 42.53881786608148, 16.901341618743647 ], [ 42.539489825676938, 16.900741994932737 ], [ 42.539657339917852, 16.900932352041107 ], [ 42.539712543188699, 16.901006591003433 ], [ 42.539670664628467, 16.90106179424933 ], [ 42.539592618996586, 16.901137936986604 ], [ 42.539546933376187, 16.90120456228626 ], [ 42.539607847237278, 16.901236923014807 ], [ 42.539653532857685, 16.901214079693137 ], [ 42.539741097038323, 16.901147454396849 ], [ 42.539784879128639, 16.901126515749876 ], [ 42.539811529448173, 16.901118901305171 ], [ 42.539840082399472, 16.90114555229006 ], [ 42.540047570772224, 16.90138159388308 ], [ 42.540296938603525, 16.901623346643728 ], [ 42.540399731024856, 16.901731849797866 ], [ 42.540467569998484, 16.901778896920746 ], [ 42.540510137566535, 16.901807992264573 ], [ 42.540542500272956, 16.901821317279037 ], [ 42.540569148795861, 16.90179847488767 ], [ 42.540553920555169, 16.901750885417425 ], [ 42.540479681983456, 16.901667130224112 ], [ 42.540483489043631, 16.901638576351612 ], [ 42.540572956754346, 16.901520554033848 ], [ 42.540658517691902, 16.901448745978524 ], [ 42.540706206555392, 16.901436796159686 ], [ 42.540791768391252, 16.901486817272879 ], [ 42.540944054391481, 16.901620066742598 ], [ 42.541012681187617, 16.901705199755352 ], [ 42.541031715590172, 16.901775631634028 ], [ 42.541022198838043, 16.901868906731508 ], [ 42.541008874127435, 16.901969795333997 ], [ 42.540991742356653, 16.902061167378374 ], [ 42.540955574386693, 16.902158249106336 ], [ 42.540892756097179, 16.902253426969686 ], [ 42.540833744867854, 16.902308630710074 ], [ 42.540778541597021, 16.90234289506289 ], [ 42.540749988645707, 16.902363833574789 ], [ 42.540729049814743, 16.902403809357025 ], [ 42.540717627735908, 16.902438072833039 ], [ 42.540763844260645, 16.902496022650286 ], [ 42.540803289284767, 16.902519927310006 ], [ 42.540854684597122, 16.902491372707136 ], [ 42.540884191559272, 16.902430461019819 ], [ 42.540917502886629, 16.90238477380338 ], [ 42.540953670856595, 16.902356220039557 ], [ 42.541032509700884, 16.902357490394632 ], [ 42.541156717958586, 16.902380331858769 ], [ 42.541239522864842, 16.902390326234002 ], [ 42.541288064229533, 16.902371765987724 ], [ 42.541336604695907, 16.902327508121633 ], [ 42.541379434572029, 16.902256124112036 ], [ 42.541413699910223, 16.902193306814461 ], [ 42.541453674940371, 16.902114783658924 ], [ 42.541479373045703, 16.902051967173776 ], [ 42.541540762115588, 16.902001996921658 ], [ 42.541627851087441, 16.90198914894868 ], [ 42.541716366583962, 16.90200342628868 ], [ 42.541784894565403, 16.90203197924642 ], [ 42.541859134933745, 16.902079091617239 ], [ 42.541896255117926, 16.902116212165584 ], [ 42.541897681642588, 16.902173318902086 ], [ 42.541881978193111, 16.902296099057597 ], [ 42.541812020992047, 16.902728684687045 ], [ 42.541807737824762, 16.902777227104448 ], [ 42.54185485176648, 16.902785792957065 ], [ 42.541883404717773, 16.902760093679017 ], [ 42.541887687885058, 16.902664439903923 ], [ 42.541891971052337, 16.902535947693483 ], [ 42.541914814311689, 16.902400319749198 ], [ 42.541950506174558, 16.902258980263685 ], [ 42.541986198037428, 16.902143338318822 ], [ 42.542033311080814, 16.902079091617239 ], [ 42.542104694806561, 16.902036262189711 ], [ 42.542188928034115, 16.902010563669013 ], [ 42.542267449773107, 16.901993431033429 ], [ 42.542504444209669, 16.901997714837105 ], [ 42.54259724377178, 16.902004853077162 ], [ 42.54271859538688, 16.902009136021064 ], [ 42.542811394948998, 16.902016274260685 ], [ 42.542904193612785, 16.902033406034679 ], [ 42.543002703765154, 16.90206909894453 ], [ 42.543135714614337, 16.902071954239499 ], [ 42.543076229074543, 16.903785166403171 ], [ 42.542935603206701, 16.903777551206328 ], [ 42.54255060593718, 16.903749473818184 ], [ 42.54207233479508, 16.903742335644178 ], [ 42.541738378003366, 16.903720071931268 ], [ 42.541419411398799, 16.90371830307345 ], [ 42.541352785150814, 16.903713544003523 ], [ 42.541308765006946, 16.903696887687573 ], [ 42.541283781062262, 16.903648108283939 ], [ 42.541261175856455, 16.903606467906613 ], [ 42.541258559064033, 16.903563876049141 ], [ 42.541244282139225, 16.903371139909332 ], [ 42.541286696993673, 16.902781243583451 ], [ 42.541229590192749, 16.902686065986533 ], [ 42.541192171767904, 16.902712980618848 ], [ 42.541168377192655, 16.902726068345196 ], [ 42.541151720630658, 16.902745103864383 ], [ 42.541130305692597, 16.902999705360365 ], [ 42.541112458862848, 16.903439906305341 ], [ 42.541102942110726, 16.903677852264476 ], [ 42.541096992568605, 16.903726630800907 ], [ 42.54111334190678, 16.903784514040389 ], [ 42.543076051208111, 16.903923385610497 ], [ 42.542933283756632, 16.906464648863448 ], [ 42.542780998654727, 16.906873917308729 ], [ 42.542733410402548, 16.906988131320155 ], [ 42.542543052902275, 16.907035721187398 ], [ 42.542476427552593, 16.907207041172029 ], [ 42.536651506908605, 16.906959579113018 ], [ 42.536651506908605, 16.906826329119617 ], [ 42.53657536390849, 16.906797775168997 ], [ 42.536746685209586, 16.903828207730633 ], [ 42.536918005612364, 16.903771100635851 ], [ 42.537022701563778, 16.903675922679106 ], [ 42.537051256311713, 16.903533153934895 ], [ 42.537041737762976, 16.903409423113203 ], [ 42.536956077112428, 16.903323762274272 ], [ 42.536794274360084, 16.90331424411438 ], [ 42.536670542209478, 16.90335231503207 ], [ 42.536622953058981, 16.903409423113203 ], [ 42.536565846258057, 16.903590261101751 ], [ 42.536527774757992, 16.90405663593679 ], [ 42.536537293306758, 16.904532527717045 ], [ 42.536461150306636, 16.905665152267009 ], [ 42.536394525855272, 16.906712115010158 ], [ 42.536385008204839, 16.906997650154054 ], [ 42.536423078806578, 16.907235595920145 ], [ 42.536470667957069, 16.907359327668569 ], [ 42.536641990156483, 16.907416435395358 ], [ 42.536727649908713, 16.907416435395358 ], [ 42.536927524161115, 16.907340291755794 ], [ 42.537070293409229, 16.907283184865424 ], [ 42.537251130564115, 16.907235595920145 ], [ 42.537470041914034, 16.907226077957752 ], [ 42.538088701768729, 16.907273667764919 ], [ 42.540591895037174, 16.907378361860449 ], [ 42.542790517203478, 16.90749257728519 ], [ 42.542885694606142, 16.907635343890345 ], [ 42.543180748057843, 16.908016057746693 ], [ 42.543313997858888, 16.90815882481483 ], [ 42.543234732314843, 16.908704882841697 ], [ 42.542680355901872, 16.911372188896408 ], [ 42.542638232101567, 16.911699463872026 ], [ 42.542405795716746, 16.91329566424141 ], [ 42.542315061381473, 16.913830298089987 ], [ 42.542284127894668, 16.914503685045357 ], [ 42.542260333319426, 16.91481301522618 ], [ 42.542284127894668, 16.915362671397379 ], [ 42.542315061381473, 16.915779077145135 ], [ 42.542365030169158, 16.916185965322118 ], [ 42.542386444208894, 16.916509570700892 ], [ 42.54240072113371, 16.916604749911574 ], [ 42.542431653722204, 16.916657097812369 ], [ 42.542464966846197, 16.91667851258504 ], [ 42.542491141058626, 16.916697549273401 ], [ 42.542510177257824, 16.916733241125133 ], [ 42.542543488585181, 16.916778449591067 ], [ 42.542567284058748, 16.916823659765036 ], [ 42.542588698996795, 16.916890286395649 ], [ 42.542602975921611, 16.91700450035243 ], [ 42.542671980010162, 16.917287655577837 ], [ 42.542771916687201, 16.917642194602859 ], [ 42.542829024386457, 16.917806376757202 ], [ 42.542878994072446, 16.91798959618567 ], [ 42.542936100873362, 16.918182332845408 ], [ 42.543012243873484, 16.918408381922106 ], [ 42.543081247962036, 16.918527355373282 ], [ 42.543135976024082, 16.918579702739802 ], [ 42.543162150236519, 16.918565425796086 ], [ 42.543112181448841, 16.918463109100188 ], [ 42.543071730311596, 16.918367929969023 ], [ 42.543040796824783, 16.918270372727736 ], [ 42.543024141161098, 16.918177573281291 ], [ 42.542898029373319, 16.917889658962736 ], [ 42.542805229811201, 16.917530359963553 ], [ 42.542755261023522, 16.917225788676053 ], [ 42.542710050611902, 16.917016396758267 ], [ 42.542698154222599, 16.916742758607345 ], [ 42.542695773687093, 16.916654718870504 ], [ 42.542740984098707, 16.916604749911574 ], [ 42.542855198598886, 16.916504812813404 ], [ 42.543052694112411, 16.916362045192781 ], [ 42.543290639864871, 16.916245451040009 ], [ 42.543456726682798, 16.916171212063603 ], [ 42.543729412982238, 16.916104110764032 ], [ 42.543903589129307, 16.916075557359719 ], [ 42.544034061339488, 16.916064676760847 ], [ 42.544227670741101, 16.916075557359719 ], [ 42.544410415019357, 16.916118388753734 ], [ 42.544448960829875, 16.916054143377952 ], [ 42.544648835980588, 16.916098399739738 ], [ 42.544848711131309, 16.916168356982219 ], [ 42.545005756405914, 16.916235457399463 ], [ 42.545102838236986, 16.916274004418575 ], [ 42.545277014384048, 16.916393928905059 ], [ 42.545454046275403, 16.916526702016981 ], [ 42.545591103136623, 16.916666615298428 ], [ 42.54571245565004, 16.91681794876256 ], [ 42.54581667459604, 16.916994980305116 ], [ 42.545905191889183, 16.91719771071309 ], [ 42.545952304932577, 16.917340477700403 ], [ 42.545987996795446, 16.917478962846683 ], [ 42.546015122323766, 16.917618875420875 ], [ 42.546022261235329, 16.917794478682374 ], [ 42.546015122323766, 16.917942957904835 ], [ 42.545993708284023, 16.918108568182475 ], [ 42.54594945008661, 16.91829273871361 ], [ 42.545873783193599, 16.91850546296444 ], [ 42.545823815304232, 16.918603973197857 ], [ 42.545748148411221, 16.918733889709568 ], [ 42.545649638258851, 16.918879514010676 ], [ 42.545491167357895, 16.919053690296991 ], [ 42.545335550404587, 16.919185035735229 ], [ 42.545205630658316, 16.919289257400401 ], [ 42.544987197212144, 16.919403470762045 ], [ 42.544738779798415, 16.919526251724466 ], [ 42.544049213223396, 16.919873178005584 ], [ 42.543849338072675, 16.919978825942387 ], [ 42.543694176565225, 16.920099145985656 ], [ 42.543589501275058, 16.920195833397873 ], [ 42.543527964881463, 16.920294281727852 ], [ 42.543435311744737, 16.920431399072825 ], [ 42.543346796248215, 16.920601292262184 ], [ 42.543297779674745, 16.920733590583744 ], [ 42.543244131387667, 16.9209545866191 ], [ 42.543216877400255, 16.92113571974172 ], [ 42.54322163667463, 16.921271348812436 ], [ 42.543276683638609, 16.921513234192211 ], [ 42.543294965252954, 16.921626574751663 ], [ 42.543284738831765, 16.921723922274634 ], [ 42.54323829593158, 16.921839224764678 ], [ 42.543212516079556, 16.921983591911587 ], [ 42.543211916004935, 16.922098546177757 ], [ 42.543230487775126, 16.922264178584033 ], [ 42.543294965252954, 16.922397520789872 ], [ 42.543456768005306, 16.922664020143678 ], [ 42.543685196107326, 16.922863893766969 ], [ 42.543803938116525, 16.9229209091339 ], [ 42.543930049904318, 16.922963738971305 ], [ 42.544065679342545, 16.922985154745771 ], [ 42.54420130788246, 16.922987533607682 ], [ 42.544353593882676, 16.922980396162441 ], [ 42.544532284064054, 16.922959073204318 ], [ 42.54465601621466, 16.92302569680518 ], [ 42.544855891365373, 16.923206535734852 ], [ 42.545093837117832, 16.923387376209686 ], [ 42.545284193719802, 16.92353014280225 ], [ 42.545352966941323, 16.923591918254282 ], [ 42.54537093055206, 16.923685031296632 ], [ 42.545417444419158, 16.923768089174416 ], [ 42.545524358311006, 16.923875003417429 ], [ 42.545614708167342, 16.923910765240159 ], [ 42.545633742569891, 16.923936938606786 ], [ 42.545626836321986, 16.923977482180092 ], [ 42.545088847874737, 16.924864929276623 ], [ 42.545095977803157, 16.924930991010687 ], [ 42.545136437025235, 16.924955348309698 ], [ 42.545188784551783, 16.924991041174739 ], [ 42.545233994963411, 16.92504814699463 ], [ 42.54528634338827, 16.925131427716604 ], [ 42.545483838003491, 16.925350338831617 ], [ 42.545659918578956, 16.925514521141448 ], [ 42.545793168379994, 16.925650151355352 ], [ 42.545793168379994, 16.925721535096436 ], [ 42.545805065667622, 16.925764365156212 ], [ 42.545826480605676, 16.925797678182107 ], [ 42.54584551680486, 16.925804816379959 ], [ 42.545881208667737, 16.92577388304144 ], [ 42.54592879691991, 16.925769123669188 ], [ 42.545990663893527, 16.925807196065652 ], [ 42.546357100172649, 16.926118905411553 ], [ 42.54676160885014, 16.926402060683852 ], [ 42.547097113439087, 16.926694734228366 ], [ 42.547111390363895, 16.926768497246936 ], [ 42.547109009828397, 16.926835122937486 ], [ 42.547099493076267, 16.927011203164593 ], [ 42.547061420677906, 16.927382398733045 ], [ 42.547040005739845, 16.928008197366307 ], [ 42.546992416589354, 16.928655409908149 ], [ 42.546980520200037, 16.928895736324666 ], [ 42.546969305632039, 16.929012359599035 ], [ 42.5449094659906, 16.928923546992454 ], [ 42.544903518245114, 16.929155544744784 ], [ 42.546949251641635, 16.929220922620029 ], [ 42.546909135575994, 16.929638127891572 ], [ 42.546904377199937, 16.929978390788769 ], [ 42.5468782029875, 16.930271064788812 ], [ 42.546830612938692, 16.931070564377528 ], [ 42.546756849575772, 16.931572629830978 ], [ 42.546718779872343, 16.93171063786928 ], [ 42.546656913797037, 16.931805817130911 ], [ 42.54611677568132, 16.932284088024019 ], [ 42.54496058911343, 16.933352558033818 ], [ 42.545702750251699, 16.934118653063944 ], [ 42.545721784654262, 16.934147206310261 ], [ 42.545726543928637, 16.934201934069726 ], [ 42.545688473326898, 16.934280455881602 ], [ 42.545488598176178, 16.934530300292277 ], [ 42.545474321251362, 16.934615959830847 ], [ 42.545552843888665, 16.93468734360923 ], [ 42.545360107649515, 16.935182271884134 ], [ 42.54530085836663, 16.935325633660643 ], [ 42.545091467362113, 16.936779484888284 ], [ 42.544822588122841, 16.938492696753915 ], [ 42.544639368635814, 16.939708601026474 ], [ 42.544394284870101, 16.941295701656461 ], [ 42.544151579843273, 16.942913735748366 ], [ 42.54397312142725, 16.94405825616716 ], [ 42.543918393365189, 16.944389001822763 ], [ 42.543874032759831, 16.944621203928421 ], [ 42.54376134988722, 16.944945795038269 ], [ 42.543587560914048, 16.945290362910878 ], [ 42.543463916798331, 16.945481174252503 ], [ 42.543321149346866, 16.945645357043635 ], [ 42.542999921682735, 16.945980861346943 ], [ 42.541941061287659, 16.94717297117808 ], [ 42.541505620021674, 16.947617929936399 ], [ 42.54028495687426, 16.948921873797516 ], [ 42.539042877890481, 16.950309099674847 ], [ 42.538556987238131, 16.950832853774237 ], [ 42.538390906708408, 16.951020559182147 ], [ 42.538310952156543, 16.951152555130271 ], [ 42.538263628009055, 16.951308630760732 ], [ 42.538240993158851, 16.951484051351795 ], [ 42.538202921658794, 16.951912353871148 ], [ 42.538126778658679, 16.9530259422128 ], [ 42.537917386755836, 16.955862259003506 ], [ 42.537727031052192, 16.958803273232537 ], [ 42.537558096574806, 16.958825191885449 ], [ 42.537486711950748, 16.958848986282035 ], [ 42.537431984787013, 16.958887057997714 ], [ 42.537401052198518, 16.958934645912958 ], [ 42.537377395065519, 16.959020212705735 ], [ 42.537386505779125, 16.959493961760394 ], [ 42.537431984787013, 16.959519994414705 ], [ 42.537458158999449, 16.959558065135163 ], [ 42.537462918273825, 16.959603275340857 ], [ 42.537458158999449, 16.95976269931429 ], [ 42.537441502437453, 16.959967332411285 ], [ 42.537213075233744, 16.960007784012586 ], [ 42.536730043918944, 16.960088684611325 ], [ 42.536408817153131, 16.960267144749146 ], [ 42.536158973214732, 16.960407531599106 ], [ 42.536104246050996, 16.960436086008968 ], [ 42.536054277263318, 16.960497951590785 ], [ 42.535899611625908, 16.960709725056326 ], [ 42.535675941899939, 16.961042849866853 ], [ 42.53558790161221, 16.961202274337165 ], [ 42.53546892873598, 16.961483049971545 ], [ 42.535547452271594, 16.961542535975056 ], [ 42.53572829122313, 16.961126130977185 ], [ 42.53575922381161, 16.961078541898548 ], [ 42.535899611625908, 16.960892943947059 ], [ 42.536178009413916, 16.960481296003373 ], [ 42.536220839290038, 16.960445603858204 ], [ 42.536439748843307, 16.960336148992454 ], [ 42.536760977405756, 16.960174345395529 ], [ 42.536865674255495, 16.960150551166787 ], [ 42.537058408698016, 16.960126756075791 ], [ 42.537322529561223, 16.960086305359354 ], [ 42.537429605149825, 16.960086305359354 ], [ 42.537401424999366, 16.960402301377986 ], [ 42.537213067148905, 16.963095821067053 ], [ 42.537136925047108, 16.964513979265764 ], [ 42.537003675246069, 16.966027317049274 ], [ 42.536999108211162, 16.966083558923039 ], [ 42.536951811013132, 16.967068834221337 ], [ 42.536934679242357, 16.967320105170703 ], [ 42.536879475073199, 16.967835972415848 ], [ 42.536856753984715, 16.967836291182937 ], [ 42.536019062405863, 16.967773154667789 ], [ 42.535428954604143, 16.967731275871007 ], [ 42.535347101912087, 16.967727468707196 ], [ 42.535162455900391, 16.967830261243687 ], [ 42.534888342177965, 16.967993969128081 ], [ 42.534924509249613, 16.968079628884684 ], [ 42.53540611314142, 16.967828358092401 ], [ 42.535602180333647, 16.967839778718247 ], [ 42.536658661091529, 16.96792544026361 ], [ 42.537258284747047, 16.967934957733341 ], [ 42.537334914634044, 16.967965298155445 ], [ 42.537361078066695, 16.968001581726394 ], [ 42.537365354047445, 16.968216420121372 ], [ 42.53732728164907, 16.968644723161503 ], [ 42.537279693396897, 16.9689492953936 ], [ 42.537222585697648, 16.96969168604528 ], [ 42.537032229095693, 16.969910596837654 ], [ 42.53677524804236, 16.970110471798122 ], [ 42.536575371993329, 16.970291310987463 ], [ 42.536556946648538, 16.97032048509562 ], [ 42.536506019358455, 16.970460518174068 ], [ 42.536461159289786, 16.970549746773425 ], [ 42.536467850840339, 16.970668902041535 ], [ 42.536491507075027, 16.970758794701219 ], [ 42.536543902212301, 16.97081505835617 ], [ 42.536613094947057, 16.970841231208787 ], [ 42.536821296582147, 16.970775797352012 ], [ 42.53695510693192, 16.970717567841888 ], [ 42.537127408294985, 16.970691060744233 ], [ 42.537372944811594, 16.970667297919761 ], [ 42.537478624418249, 16.970701438130352 ], [ 42.537657081935961, 16.970734154644955 ], [ 42.537859336723862, 16.970787693793699 ], [ 42.538046719902248, 16.970832307591337 ], [ 42.538162717558251, 16.970832307591337 ], [ 42.53826384540136, 16.970814462932754 ], [ 42.538353075058531, 16.970811488393224 ], [ 42.538469073612859, 16.970811488393224 ], [ 42.538683224790063, 16.97080554017322 ], [ 42.538927680633385, 16.970813376048731 ], [ 42.539123426228748, 16.970918564053754 ], [ 42.539212654987601, 16.970992922330218 ], [ 42.539278090967841, 16.971043486010121 ], [ 42.539337577405952, 16.97108810060617 ], [ 42.53945357596028, 16.971111895167617 ], [ 42.539521986262429, 16.971129740657126 ], [ 42.539578498378638, 16.971156509747409 ], [ 42.539629061851038, 16.971210047916518 ], [ 42.53969449693296, 16.97126655974353 ], [ 42.539733164016049, 16.97131712420893 ], [ 42.53978372659013, 16.971370660613847 ], [ 42.539822393673219, 16.971430147781483 ], [ 42.539810496385591, 16.971498556798089 ], [ 42.539789675233948, 16.971581838427088 ], [ 42.539825367995128, 16.971682966315257 ], [ 42.539849161672052, 16.971793016002774 ], [ 42.539864034179899, 16.971906040148021 ], [ 42.53984023870634, 16.972069627628755 ], [ 42.539810496385591, 16.972215369582329 ], [ 42.539787840874126, 16.972405553008574 ], [ 42.539730188795822, 16.972610955910174 ], [ 42.53969449693296, 16.972842953021743 ], [ 42.539643934358871, 16.973048181889055 ], [ 42.539590394767941, 16.973170128785366 ], [ 42.539465474146226, 16.973241513387368 ], [ 42.539391894937928, 16.973254364228112 ], [ 42.539329211395717, 16.973286207365312 ], [ 42.539278091866159, 16.973306947243923 ], [ 42.539260245036402, 16.973360485658947 ], [ 42.539275116645939, 16.973414023199521 ], [ 42.53931080940712, 16.973601406189641 ], [ 42.539343526948073, 16.973854224376858 ], [ 42.539340551727854, 16.973940478591622 ], [ 42.53937327016714, 16.974005914782079 ], [ 42.539429782283349, 16.974047555045018 ], [ 42.539536857871951, 16.974092169786321 ], [ 42.539569575412919, 16.974157605064715 ], [ 42.539590394767941, 16.974303347115594 ], [ 42.539623114105538, 16.974490730077129 ], [ 42.53965285732459, 16.974657292361634 ], [ 42.539706395118898, 16.974883340571694 ], [ 42.539762907235101, 16.975112363840125 ], [ 42.539831316638939, 16.97534436215604 ], [ 42.539875930569202, 16.975502001146747 ], [ 42.53994136744776, 16.975674512318115 ], [ 42.540045467816149, 16.975945175322305 ], [ 42.540128748829503, 16.976141480010256 ], [ 42.540215004164779, 16.976352656752205 ], [ 42.54026259421358, 16.976593576879026 ], [ 42.540283413568609, 16.976742294061516 ], [ 42.540319105431479, 16.97684044730304 ], [ 42.54036074683647, 16.97692372828034 ], [ 42.54040238734315, 16.976998085896344 ], [ 42.540432129663898, 16.977060546580315 ], [ 42.540458898561042, 16.977161674094347 ], [ 42.540467822425079, 16.977233057178303 ], [ 42.540476745390791, 16.977304441094276 ], [ 42.540476745390791, 16.977369876971103 ], [ 42.540482694034601, 16.977441259975873 ], [ 42.540497564745813, 16.977554285015941 ], [ 42.54051838499916, 16.977631616813611 ], [ 42.540542179574402, 16.977685155713392 ], [ 42.540596526750782, 16.977750173044072 ], [ 42.540684947924198, 16.977827923174257 ], [ 42.540744435260613, 16.977920126994277 ], [ 42.540801297719788, 16.978067387702353 ], [ 42.540916945931158, 16.978294892381697 ], [ 42.540963101370451, 16.978533762633308 ], [ 42.54097643236927, 16.978788630147299 ], [ 42.54099130487711, 16.97903252499286 ], [ 42.540994279199012, 16.979410265139514 ], [ 42.541000227842829, 16.97966010797586 ], [ 42.541015098554048, 16.980011079035528 ], [ 42.541048761122688, 16.980263896320828 ], [ 42.541048761122688, 16.980469124805829 ], [ 42.541113252075249, 16.980781429114398 ], [ 42.541199507410511, 16.981147270815139 ], [ 42.54124709566269, 16.981254346593293 ], [ 42.541297660033401, 16.981349524820541 ], [ 42.541345249183898, 16.981453626112401 ], [ 42.541434478841069, 16.981641008807685 ], [ 42.541556426937518, 16.982039569390309 ], [ 42.541615911579001, 16.982194234411704 ], [ 42.541660528204211, 16.982247772009664 ], [ 42.541717040320428, 16.982337001019275 ], [ 42.541728936709724, 16.982429205201036 ], [ 42.541737860573761, 16.98248571794565 ], [ 42.541731911031633, 16.982589818607085 ], [ 42.541720013744012, 16.982658227851736 ], [ 42.541604015189684, 16.982690946577787 ], [ 42.541490990957271, 16.982714741386506 ], [ 42.541336326218172, 16.982753407085077 ], [ 42.541199507410511, 16.98277720188587 ], [ 42.540953581923382, 16.982845345587386 ], [ 42.540725154719681, 16.982911971161176 ], [ 42.540420582719229, 16.982988114276903 ], [ 42.540249262316451, 16.983064255643445 ], [ 42.540135047816278, 16.983159434670796 ], [ 42.540077941015348, 16.98333075576738 ], [ 42.540058904816171, 16.983511595105693 ], [ 42.540096976316221, 16.983701951799056 ], [ 42.540296852365252, 16.984273021579352 ], [ 42.541201048021229, 16.986785733904476 ], [ 42.541305743074325, 16.986899946637422 ], [ 42.541448512322432, 16.987061751254931 ], [ 42.541667421875708, 16.987185482890673 ], [ 42.541886332327294, 16.987214036663918 ], [ 42.542057652730072, 16.987233073083079 ], [ 42.542305117929601, 16.987185482890673 ], [ 42.542581135182104, 16.987052233036898 ], [ 42.542666794934341, 16.987004643657734 ], [ 42.542723901735272, 16.987033196599381 ], [ 42.542781009434506, 16.98712837619027 ], [ 42.542819080934564, 16.987271144197361 ], [ 42.542781009434506, 16.98744246411599 ], [ 42.543152204988004, 16.987394875694964 ], [ 42.545550703203347, 16.987147410040762 ], [ 42.549186519331464, 16.986785733045348 ], [ 42.549410148633235, 16.986757363918535 ], [ 42.551000508045938, 16.986581314752012 ], [ 42.551006456689741, 16.986599159629598 ], [ 42.551000508045938, 16.986759774620072 ], [ 42.551000508045938, 16.986932284891239 ], [ 42.551012405333559, 16.987194025998637 ], [ 42.550970764826879, 16.987568790902543 ], [ 42.550982662114507, 16.987884068829235 ], [ 42.551030251264997, 16.988127964737053 ], [ 42.551065944026178, 16.988270731983224 ], [ 42.55109568724523, 16.988407550599554 ], [ 42.551089737703109, 16.988472986040268 ], [ 42.551083789059298, 16.988639547940039 ], [ 42.55109568724523, 16.98886559734601 ], [ 42.551244402442208, 16.988984570879431 ], [ 42.551286043847206, 16.989055953760495 ], [ 42.551232505154587, 16.989305798355367 ], [ 42.551113532278357, 16.989579434837029 ], [ 42.550976714369007, 16.989942304043133 ], [ 42.55094697025163, 16.990204044386054 ], [ 42.550970764826879, 16.990406298076223 ], [ 42.551024301722869, 16.990519323037098 ], [ 42.551036199908808, 16.990721577246322 ], [ 42.551018353977369, 16.990923831237392 ], [ 42.551077841313798, 16.991108239704367 ], [ 42.551202761935528, 16.991185571069376 ], [ 42.551309838422448, 16.991304543989997 ], [ 42.55127414566126, 16.99160792566979 ], [ 42.551238453798398, 16.991833974074815 ], [ 42.551250351086011, 16.992012434098971 ], [ 42.551280096101706, 16.992250378815431 ], [ 42.55122060876527, 16.992476429023203 ], [ 42.551089738601426, 16.99286309215794 ], [ 42.551000508944256, 16.993089139908808 ], [ 42.550875587424215, 16.993297343148647 ], [ 42.550941021607819, 16.993457956697636 ], [ 42.55102430262118, 16.993547186387612 ], [ 42.551107585431168, 16.993689952944166 ], [ 42.551143276395727, 16.993820824411475 ], [ 42.551173019614787, 16.993927898968025 ], [ 42.551232506052898, 16.994076616153446 ], [ 42.55130388977863, 16.994136102135485 ], [ 42.5513395816415, 16.994219384024998 ], [ 42.551344115438745, 16.994359890665528 ], [ 42.551345531183628, 16.994403791827917 ], [ 42.551363376216756, 16.994564405288095 ], [ 42.551387170791998, 16.994641737804855 ], [ 42.551458555416048, 16.994665531956393 ], [ 42.551506144566538, 16.994695275285881 ], [ 42.551523991396287, 16.994885631795622 ], [ 42.551494247278917, 16.995129528046338 ], [ 42.551488297736796, 16.995343679039667 ], [ 42.551512093210349, 16.995623265311 ], [ 42.551559682360839, 16.995861210599148 ], [ 42.55158347603777, 16.996027773667493 ], [ 42.551642963374206, 16.996218131401381 ], [ 42.551761936250429, 16.996450127668417 ], [ 42.5518511659076, 16.996640484973401 ], [ 42.551916600989529, 16.996801098235341 ], [ 42.551934447819278, 16.996973609577182 ], [ 42.551958242394534, 16.997086634015226 ], [ 42.551940395564777, 16.997229401312509 ], [ 42.551928499175467, 16.997520886390305 ], [ 42.551904703701915, 16.997663653356838 ], [ 42.551934447819278, 16.997752882763077 ], [ 42.552023676578138, 16.997776677378777 ], [ 42.5522080854346, 16.997800472850528 ], [ 42.552231880009856, 16.99789565127104 ], [ 42.552172393571738, 16.998169288960774 ], [ 42.552112907133626, 16.998395337185759 ], [ 42.552142651250996, 16.998603539686581 ], [ 42.552196188146986, 16.998728462106943 ], [ 42.552297315990089, 16.998900973392988 ], [ 42.552360372333148, 16.99900765159466 ], [ 42.552531692735933, 16.999159937609747 ], [ 42.552817227638876, 16.999131383937652 ], [ 42.552969512740788, 16.999150420005886 ], [ 42.553188424989003, 16.999264633797495 ], [ 42.553350227741348, 16.999426437194092 ], [ 42.553435888391896, 16.99970245483485 ], [ 42.553473958993635, 17.000035579150804 ], [ 42.553388299241405, 17.00031159675347 ], [ 42.553340709192597, 17.000644721704756 ], [ 42.553350227741348, 17.001253863996798 ], [ 42.553369263042221, 17.001453738205431 ], [ 42.553312156241283, 17.001843969375106 ], [ 42.553283602391673, 17.002177094179473 ], [ 42.553283602391673, 17.002424558034665 ], [ 42.553264567090793, 17.002710093837294 ], [ 42.553025176847363, 17.003302654943187 ], [ 42.552598318085607, 17.003833199683079 ], [ 42.552103390381497, 17.00415680617839 ], [ 42.551408586628369, 17.004566073249897 ], [ 42.551018355774005, 17.00510859028579 ], [ 42.550647161118825, 17.005565446829717 ], [ 42.550104644264223, 17.005822428629287 ], [ 42.549685857763606, 17.006098446297756 ], [ 42.54919093095782, 17.006307838592374 ], [ 42.548857806006069, 17.006460123828639 ], [ 42.548657930855349, 17.006621927024977 ], [ 42.548701157786823, 17.006939189051867 ], [ 42.548549468267943, 17.007064110210088 ], [ 42.548308548193582, 17.00713251997362 ], [ 42.547923674891571, 17.00717051316969 ], [ 42.547676507932721, 17.007228745965811 ], [ 42.547292431436368, 17.007339701688437 ], [ 42.547124765380161, 17.007343698752781 ], [ 42.546886818729384, 17.007296109371012 ], [ 42.546726206244799, 17.007266366323403 ], [ 42.54648825869571, 17.007260416682474 ], [ 42.546288441935481, 17.007254747944149 ], [ 42.54624546832892, 17.007268318039241 ], [ 42.545662500337087, 17.007815594851337 ], [ 42.54530558081008, 17.008220102659671 ], [ 42.544822137168573, 17.008569828790279 ], [ 42.544299155976461, 17.008970654919374 ], [ 42.544096901188567, 17.009047986645129 ], [ 42.543930339161847, 17.009065832819935 ], [ 42.543737008237976, 17.009068807611747 ], [ 42.543389362917956, 17.008977552866281 ], [ 42.54322244964996, 17.008934963408947 ], [ 42.543091578587799, 17.008988500242523 ], [ 42.542972604813258, 17.009086652925546 ], [ 42.542852386872042, 17.009224602280792 ], [ 42.542690045130527, 17.009378137597192 ], [ 42.542579995220009, 17.009449521301359 ], [ 42.542337290193174, 17.009413531802242 ], [ 42.542058892405166, 17.009356425001915 ], [ 42.541644866975552, 17.009213656636394 ], [ 42.540952442859613, 17.008970952141002 ], [ 42.54056697127961, 17.00887101520761 ], [ 42.540124391102061, 17.008806770621579 ], [ 42.539724641698953, 17.008721108848526 ], [ 42.539203539782413, 17.008678278806332 ], [ 42.538775235631356, 17.008642588099221 ], [ 42.53816133594934, 17.008599757180043 ], [ 42.537476050744964, 17.008585481063836 ], [ 42.53667676304282, 17.008602687310027 ], [ 42.535762838632316, 17.008556926251082 ], [ 42.535256013640591, 17.008492680698293 ], [ 42.534770980879351, 17.008306080783086 ], [ 42.534142426081793, 17.008178591966363 ], [ 42.5337355377671, 17.008107208636858 ], [ 42.533378619138418, 17.008150039668664 ], [ 42.532764717659781, 17.008328498759646 ], [ 42.532029464566037, 17.008621172640858 ], [ 42.531458393861826, 17.008949539297245 ], [ 42.530623203192718, 17.009499194976655 ], [ 42.529807296657815, 17.01033209683284 ], [ 42.529232322773687, 17.010754231325762 ], [ 42.529143242236863, 17.010839929106506 ], [ 42.52863159508869, 17.011155299316439 ], [ 42.528067663296035, 17.011633570831847 ], [ 42.527767850569965, 17.012026181723449 ], [ 42.527546561379502, 17.012447346874879 ], [ 42.527453761817391, 17.012718605342698 ], [ 42.527375240078413, 17.013068385780237 ], [ 42.527375240078413, 17.013546656704605 ], [ 42.527475177653763, 17.013860745882713 ], [ 42.527482315667008, 17.014153419708215 ], [ 42.527503730605069, 17.014417540016087 ], [ 42.527496591693506, 17.014660246042613 ], [ 42.527518008428196, 17.01486011969018 ], [ 42.527617945105241, 17.015316975640228 ], [ 42.527610806193678, 17.01563106614358 ], [ 42.527575115229126, 17.015880908806945 ], [ 42.527532285353004, 17.01613789019601 ], [ 42.527539423366257, 17.016466255697651 ], [ 42.527546561379502, 17.01673037617876 ], [ 42.527632222928361, 17.016973081784016 ], [ 42.527646498954866, 17.017451353041803 ], [ 42.527625084016805, 17.017672643289142 ], [ 42.527589392153935, 17.018015284933096 ], [ 42.52759653016718, 17.018300821018428 ], [ 42.527617946003552, 17.018550664413695 ], [ 42.527575116127437, 17.018829060726159 ], [ 42.527468039640517, 17.019178841773442 ], [ 42.527232472626928, 17.019699944375237 ], [ 42.52718964275082, 17.020035447692909 ], [ 42.527211057688874, 17.020378090165575 ], [ 42.527218195702119, 17.020706455100996 ], [ 42.527218195702119, 17.02115617423604 ], [ 42.527103982100272, 17.021870012391172 ], [ 42.527046876197666, 17.022176963378069 ], [ 42.52702546036128, 17.022698063645155 ], [ 42.526939799710739, 17.023483286297772 ], [ 42.526911246759433, 17.023890174774625 ], [ 42.526818448095632, 17.02433989227168 ], [ 42.526718511418593, 17.024875270839328 ], [ 42.526561466143995, 17.025339265962248 ], [ 42.526358021986653, 17.025926696275675 ], [ 42.52628663826092, 17.026343100815275 ], [ 42.526215253636863, 17.026581046586625 ], [ 42.526108178048261, 17.026777353209212 ], [ 42.525864283651991, 17.026896325856576 ], [ 42.525353803415378, 17.026994051705891 ], [ 42.524877910113823, 17.027398560162961 ], [ 42.524509094197512, 17.027779274368054 ], [ 42.52400940721904, 17.028005322926543 ], [ 42.523200390762369, 17.028231372070834 ], [ 42.523156736232821, 17.028257317878186 ], [ 42.521658587087408, 17.029002150065892 ], [ 42.520857783029065, 17.029479044641235 ], [ 42.519976222223306, 17.029885098086634 ], [ 42.518013167070585, 17.03089636913932 ], [ 42.515728884253733, 17.03189574302132 ], [ 42.514424937398019, 17.032586992001448 ], [ 42.514068106804231, 17.032690314991868 ], [ 42.513705238633413, 17.032815237001952 ], [ 42.5133393727845, 17.033187673165198 ], [ 42.511921745926202, 17.034025361939559 ], [ 42.511854406415878, 17.034056786769369 ], [ 42.511206804639343, 17.034177477752923 ], [ 42.510873679687592, 17.034183427397171 ], [ 42.510409686368618, 17.03421317132101 ], [ 42.510070611874731, 17.034284554142207 ], [ 42.509666104095551, 17.03435593779507 ], [ 42.509208056725441, 17.034540347299789 ], [ 42.509058957049533, 17.034696902368935 ], [ 42.508686488583272, 17.034948100691363 ], [ 42.508488271722577, 17.035194698398978 ], [ 42.508363350202536, 17.035266081704414 ], [ 42.508208684565126, 17.035325568344053 ], [ 42.508121073672093, 17.035321960100564 ], [ 42.507900458218096, 17.035345962090279 ], [ 42.507341284801505, 17.03522698880505 ], [ 42.506912982447083, 17.035191298007184 ], [ 42.506341911742865, 17.035298373815952 ], [ 42.505556688963132, 17.035762368851387 ], [ 42.504997516444853, 17.036214466153478 ], [ 42.504582878364218, 17.036665689725218 ], [ 42.504193343704188, 17.037199395106356 ], [ 42.503592529780924, 17.037764517158525 ], [ 42.503176124714123, 17.038014360327868 ], [ 42.502718079140642, 17.038305843746599 ], [ 42.50228977588791, 17.038549739264081 ], [ 42.501920959971599, 17.038734147209347 ], [ 42.501248761424272, 17.039013733960886 ], [ 42.5006984876172, 17.039112028930646 ], [ 42.49965562621734, 17.039462430816872 ], [ 42.498299332733382, 17.039843145371186 ], [ 42.497394034844561, 17.040042851260242 ], [ 42.496900297408217, 17.04017967070077 ], [ 42.496466044613349, 17.040328387221006 ], [ 42.495906871196759, 17.040590126703766 ], [ 42.495240623988195, 17.040899456975207 ], [ 42.494556528153254, 17.04117904392383 ], [ 42.493955715128294, 17.041446733346355 ], [ 42.493283515682656, 17.0417144232444 ], [ 42.492986085288713, 17.041797703723471 ], [ 42.492647010794833, 17.041934522738433 ], [ 42.492117579698977, 17.042148675159321 ], [ 42.491677380056935, 17.042350929425627 ], [ 42.491338307359683, 17.042487748035629 ], [ 42.490975440087183, 17.04255318433194 ], [ 42.490731543894285, 17.042547234954043 ], [ 42.490368676621785, 17.042529390254696 ], [ 42.490041501212154, 17.042458006287063 ], [ 42.489785708629945, 17.042398519340253 ], [ 42.489470431406261, 17.042339033233375 ], [ 42.489125408268563, 17.042303340357748 ], [ 42.488810130146554, 17.042249802749268 ], [ 42.488488903380734, 17.042196264266575 ], [ 42.48812603520993, 17.04215462369103 ], [ 42.487650141908382, 17.042041599838416 ], [ 42.48685897228146, 17.041988061296092 ], [ 42.486353335760853, 17.041892883822321 ], [ 42.48603210899504, 17.041803653984097 ], [ 42.485419397784142, 17.041690629919259 ], [ 42.484788840641819, 17.041619244772424 ], [ 42.484033361979449, 17.041595450576292 ], [ 42.483361164330447, 17.041595452294032 ], [ 42.482956655652949, 17.041488375797343 ], [ 42.482659222564067, 17.041333710783451 ], [ 42.482254714784887, 17.041262327218053 ], [ 42.481814515142837, 17.041292070874622 ], [ 42.481475440648957, 17.041339659341094 ], [ 42.481160163425265, 17.0413575050129 ], [ 42.480761604289903, 17.041393198069141 ], [ 42.48029165873384, 17.041399145766022 ], [ 42.479958534680414, 17.041286122315466 ], [ 42.479690845708895, 17.041179045641577 ], [ 42.479476693633359, 17.041006534668128 ], [ 42.479238747880906, 17.040834024394346 ], [ 42.479006750772257, 17.040673411119251 ], [ 42.478596292552645, 17.040613923604496 ], [ 42.478251272109894, 17.040554437788568 ], [ 42.477906249870514, 17.040643668223115 ], [ 42.477596920392322, 17.040839972967898 ], [ 42.477150772106469, 17.041137404839425 ], [ 42.476817647154704, 17.04133966019997 ], [ 42.476502368134383, 17.041589503744529 ], [ 42.476191990322249, 17.041926666647772 ], [ 42.475882659945746, 17.042105127023056 ], [ 42.475359178392019, 17.042354971262196 ], [ 42.474776211298497, 17.04242635441031 ], [ 42.473943399368267, 17.042485841348263 ], [ 42.473074895575166, 17.042450149359539 ], [ 42.472313468268993, 17.04265240329962 ], [ 42.471064251271947, 17.042961732734835 ], [ 42.469529497575344, 17.043425729363221 ], [ 42.468173205888014, 17.043842133587034 ], [ 42.467054859054834, 17.043937312644783 ], [ 42.465615286354158, 17.044080081140521 ], [ 42.464687296122939, 17.044615459881044 ], [ 42.463973457967249, 17.045115145608072 ], [ 42.462640959956865, 17.046685590894274 ], [ 42.461855738075435, 17.047518401922524 ], [ 42.460463752728614, 17.048291727603363 ], [ 42.460286286950975, 17.04836424129531 ], [ 42.459588643623228, 17.04856759158557 ], [ 42.459063973598383, 17.048696082629348 ], [ 42.458528594757041, 17.048821005108451 ], [ 42.458203798086281, 17.048867404742442 ], [ 42.457839741444353, 17.048970911114282 ], [ 42.457586327601014, 17.049160077902084 ], [ 42.457450699061106, 17.049381368421454 ], [ 42.457354331390682, 17.049602657819875 ], [ 42.457122334282033, 17.049802531917649 ], [ 42.456933166151188, 17.049956008167143 ], [ 42.45668332221279, 17.050134467745213 ], [ 42.456390649296594, 17.050309357846093 ], [ 42.456105114393644, 17.050455695071445 ], [ 42.455858838563557, 17.05049852499635 ], [ 42.455591149592038, 17.05057704707238 ], [ 42.45533773844366, 17.050716244631399 ], [ 42.45519140018893, 17.050887566609632 ], [ 42.4549843888216, 17.051051749845755 ], [ 42.454716698951763, 17.051308731004411 ], [ 42.454666730164085, 17.051433654313012 ], [ 42.454345503398272, 17.051622821183624 ], [ 42.453995722782828, 17.051854818335439 ], [ 42.453617388317774, 17.052061831146752 ], [ 42.453289022640384, 17.052233151890938 ], [ 42.45296422596963, 17.052422321387212 ], [ 42.452546630635084, 17.052504411919447 ], [ 42.452278940765254, 17.052515118854753 ], [ 42.451904176205126, 17.052515118854753 ], [ 42.451607934282315, 17.05259364094195 ], [ 42.451268859788435, 17.052807792311462 ], [ 42.451065415631085, 17.053186127372076 ], [ 42.450886956316744, 17.053571600155347 ], [ 42.450565728652613, 17.05395350376482 ], [ 42.450415823187889, 17.054153378360198 ], [ 42.450226655955355, 17.054303284381067 ], [ 42.45008031859895, 17.0545959576123 ], [ 42.449819767640676, 17.054820816924462 ], [ 42.449776937764561, 17.055063521187478 ], [ 42.449862599313427, 17.055291950007103 ], [ 42.450048195742703, 17.055488255679965 ], [ 42.450091025618818, 17.055688130350497 ], [ 42.450012504778144, 17.055859451203727 ], [ 42.449901859284594, 17.05594868119983 ], [ 42.449730538881816, 17.0559736655911 ], [ 42.449494971868234, 17.055991511582821 ], [ 42.449252266841405, 17.055991511582821 ], [ 42.448916763150777, 17.055998649979028 ], [ 42.448731164924872, 17.056309169950055 ], [ 42.44864907328094, 17.056534028917103 ], [ 42.448595536384957, 17.056758886754597 ], [ 42.44852772076753, 17.056987316076921 ], [ 42.448524152659225, 17.057230021818377 ], [ 42.448470614864917, 17.057504848911591 ], [ 42.448484890891415, 17.057836783074336 ], [ 42.448566983433651, 17.058129457638334 ], [ 42.448677628028875, 17.05842926918811 ], [ 42.448770426692676, 17.058657698184668 ], [ 42.448752580761237, 17.058829018889902 ], [ 42.448724026911627, 17.058961078886519 ], [ 42.448659782097451, 17.059096707928585 ], [ 42.448517013747654, 17.059203783780116 ], [ 42.448374247194501, 17.059293013895751 ], [ 42.44823861685795, 17.059389382235334 ], [ 42.447988773817876, 17.059567842246569 ], [ 42.447821022421721, 17.05966777871345 ], [ 42.447703238016615, 17.05971060910219 ], [ 42.447414134107035, 17.05984266933406 ], [ 42.447028660730417, 17.060071098319035 ], [ 42.446739556820837, 17.060235281210986 ], [ 42.446429037074893, 17.060335218179411 ], [ 42.446204177979489, 17.060399463958557 ], [ 42.445961472952661, 17.060485124390524 ], [ 42.445786581746631, 17.060713551730679 ], [ 42.445687835337338, 17.060892962867193 ], [ 42.445537928974304, 17.061339112417592 ], [ 42.445391591617884, 17.061696031118494 ], [ 42.445263101989539, 17.062202857403978 ], [ 42.445238117146538, 17.062413438983715 ], [ 42.445216702208484, 17.06260260675511 ], [ 42.445248825064724, 17.062845311208648 ], [ 42.445309500872277, 17.063038046747138 ], [ 42.445405869441011, 17.063298597645392 ], [ 42.445373746584764, 17.063569857057729 ], [ 42.445288085934223, 17.063787577770114 ], [ 42.445173873230679, 17.063958898920504 ], [ 42.445016827956081, 17.064076683408341 ], [ 42.444816952805368, 17.064112373841073 ], [ 42.444581386690096, 17.064048129339699 ], [ 42.444424343212127, 17.064026714214734 ], [ 42.444021023904064, 17.063994591093298 ], [ 42.443810440835165, 17.064055267427879 ], [ 42.443631980622506, 17.064173050996136 ], [ 42.443464230124668, 17.064497848113891 ], [ 42.443382137582425, 17.064733413758759 ], [ 42.44333930770631, 17.064919011869133 ], [ 42.443317892768256, 17.065129593819766 ], [ 42.443275062892134, 17.065447252955856 ], [ 42.443264354973948, 17.065693527017181 ], [ 42.443278631000453, 17.065807741399912 ], [ 42.443346446617873, 17.065986201286677 ], [ 42.443382137582425, 17.066150383269981 ], [ 42.443410691432042, 17.066414503116434 ], [ 42.443346446617873, 17.06665720776596 ], [ 42.443300046836818, 17.06692132775391 ], [ 42.443317892768256, 17.067199725021709 ], [ 42.443549889876898, 17.067506675418088 ], [ 42.443746196020989, 17.067827902056425 ], [ 42.443735488102803, 17.068070608302818 ], [ 42.443546320870276, 17.068573863778802 ], [ 42.4434820760561, 17.068805861337022 ], [ 42.443371430562557, 17.069123519368148 ], [ 42.443296477830195, 17.069394778043161 ], [ 42.443153710378716, 17.069744558067747 ], [ 42.443150142270412, 17.069980124818692 ], [ 42.443018081838808, 17.070408427786763 ], [ 42.442814637681465, 17.070779623698648 ], [ 42.442689716161425, 17.071079436398211 ], [ 42.442596916599321, 17.07127574092647 ], [ 42.442479133990837, 17.071522015883176 ], [ 42.44237919641548, 17.071664783041115 ], [ 42.442407750265104, 17.071886072649932 ], [ 42.442475564984221, 17.072003857286898 ], [ 42.442600485605936, 17.072143055186807 ], [ 42.442639748272057, 17.072375052600837 ], [ 42.442600485605936, 17.072578496104232 ], [ 42.442575501661253, 17.072846186032773 ], [ 42.442571931756312, 17.073113874718484 ], [ 42.442696855072988, 17.073263781829109 ], [ 42.442807498769909, 17.073467225222061 ], [ 42.442946698113069, 17.073659961812481 ], [ 42.442964544044507, 17.073859835916906 ], [ 42.44284676143603, 17.07399546615428 ], [ 42.442404181258475, 17.074216754715955 ], [ 42.442047261731474, 17.074448752986019 ], [ 42.441758157821901, 17.074570104847936 ], [ 42.441576127704309, 17.074702165728535 ], [ 42.441365546432031, 17.074762842875014 ], [ 42.441162102274689, 17.074784256767863 ], [ 42.440951520104107, 17.074748565800121 ], [ 42.440848012623803, 17.07478068878773 ], [ 42.440669553309462, 17.07488776422819 ], [ 42.440533924769554, 17.075144746064975 ], [ 42.440344756638709, 17.075662279215894 ], [ 42.440205559092163, 17.075912122351284 ], [ 42.440062791640699, 17.076129843260993 ], [ 42.439873624408172, 17.07626190303731 ], [ 42.439812947702301, 17.076543868912179 ], [ 42.439688027080571, 17.07675802114214 ], [ 42.439406061184251, 17.07703641833001 ], [ 42.439127664294546, 17.077325522331918 ], [ 42.438802866725474, 17.077550380881064 ], [ 42.438399549214054, 17.077807363342867 ], [ 42.4380105068308, 17.078139298319716 ], [ 42.437685711058357, 17.078357018346939 ], [ 42.437307375694992, 17.078585446994648 ], [ 42.437111071347523, 17.078906674307106 ], [ 42.436904058183558, 17.079256455387871 ], [ 42.436497168970568, 17.079452759897766 ], [ 42.436150958260072, 17.079581251150252 ], [ 42.435726224912266, 17.079759710742337 ], [ 42.435033801694637, 17.080130906936819 ], [ 42.434808941700922, 17.080348627214924 ], [ 42.434512698879793, 17.080512810297677 ], [ 42.434162919162667, 17.080784067867203 ], [ 42.433852399416722, 17.081001789958755 ], [ 42.433534740759207, 17.081080311224305 ], [ 42.433138560362707, 17.081315879116012 ], [ 42.432892286329256, 17.081465784786428 ], [ 42.432803056672078, 17.081665659971083 ], [ 42.432831609623392, 17.081804858388487 ], [ 42.432710257109974, 17.08203685580613 ], [ 42.4324889670212, 17.082254577293515 ], [ 42.432260540715809, 17.082497281084216 ], [ 42.432092788421329, 17.082739987135028 ], [ 42.431892914168941, 17.083039797782732 ], [ 42.431571685606485, 17.083253950280906 ], [ 42.431257597752236, 17.083425270728444 ], [ 42.431114829402439, 17.083571607749622 ], [ 42.430957785026159, 17.083825020116944 ], [ 42.430925662169905, 17.084067726156647 ], [ 42.430672250123209, 17.084303291991194 ], [ 42.430461667952621, 17.084438922361322 ], [ 42.430090472399122, 17.084549566060204 ], [ 42.429754967810183, 17.084642365584816 ], [ 42.429512262783341, 17.084781564355779 ], [ 42.429394479276553, 17.084945746969609 ], [ 42.429305249619382, 17.085277682118836 ], [ 42.429005436893313, 17.085673862339487 ], [ 42.428876947264953, 17.085838045026097 ], [ 42.42871276397711, 17.086162841344482 ], [ 42.428505750813144, 17.086534036811937 ], [ 42.42831658358061, 17.086940925333096 ], [ 42.428095294390154, 17.087048000660161 ], [ 42.427816896602138, 17.087080123246285 ], [ 42.42757062256868, 17.087101538300633 ], [ 42.427256533816113, 17.087137231197286 ], [ 42.427085213413335, 17.087197906014723 ], [ 42.426999551864469, 17.087372796587541 ], [ 42.426970998014852, 17.08761193199075 ], [ 42.426956721090036, 17.087793961930839 ], [ 42.426792538700511, 17.088058082040646 ], [ 42.426724723981387, 17.088186571655609 ], [ 42.426614081182798, 17.088557768244748 ], [ 42.426514142709124, 17.088900411254436 ], [ 42.426417775038701, 17.089125269582201 ], [ 42.426214330881358, 17.089246623054866 ], [ 42.425882396197345, 17.08945006704154 ], [ 42.42573605884094, 17.089674924706127 ], [ 42.425725351821072, 17.089928338221064 ], [ 42.425689659059891, 17.09002113678504 ], [ 42.425589722382838, 17.090196027284549 ], [ 42.425436247013181, 17.090399471093438 ], [ 42.425200679999591, 17.090574361237884 ], [ 42.424975821802519, 17.090792083057167 ], [ 42.424736685782307, 17.091045495052938 ], [ 42.42456179457627, 17.091334599655532 ], [ 42.424331895033809, 17.091759196621954 ], [ 42.42418887605406, 17.091835866419064 ], [ 42.423516021736575, 17.092255451225157 ], [ 42.423198363977377, 17.092519571880956 ], [ 42.422780768642831, 17.092830092027111 ], [ 42.422534493711062, 17.093162026872324 ], [ 42.422177575082372, 17.093604606318493 ], [ 42.422035012446784, 17.093789543743682 ], [ 42.421838502385121, 17.093915126373616 ], [ 42.421645766145971, 17.094018632657438 ], [ 42.421413768139004, 17.094189952654958 ], [ 42.421339772112425, 17.09435125915785 ], [ 42.421217462893225, 17.094421951829329 ], [ 42.421010449729266, 17.09461111890495 ], [ 42.420714207806448, 17.094843115837612 ], [ 42.420464363868049, 17.09510009764276 ], [ 42.420182397971722, 17.095321387771193 ], [ 42.419953969869702, 17.095646183874987 ], [ 42.419709096309774, 17.096072904690445 ], [ 42.419361484227423, 17.096367160941128 ], [ 42.419104502275786, 17.096556327758805 ], [ 42.418858228242328, 17.096713371747185 ], [ 42.418686906941232, 17.096813308917884 ], [ 42.41845133992765, 17.096959645729843 ], [ 42.418301433564615, 17.097170228418896 ], [ 42.418119406141962, 17.097569978375425 ], [ 42.417757078756942, 17.098085250360459 ], [ 42.417530488608001, 17.098269540237613 ], [ 42.417277075662973, 17.098540797721334 ], [ 42.417073633302273, 17.098679997272239 ], [ 42.416809512439059, 17.098833471091815 ], [ 42.416370501268133, 17.099001224296423 ], [ 42.416174196022354, 17.099147561106715 ], [ 42.415945767920334, 17.099390266079119 ], [ 42.415767307707682, 17.099754323374022 ], [ 42.415585280285029, 17.100154072936192 ], [ 42.415417531583813, 17.100602347182239 ], [ 42.415089162313173, 17.101014248390566 ], [ 42.414728674677868, 17.10138544432164 ], [ 42.414618029184311, 17.101688825920583 ], [ 42.414343202199561, 17.102227774239733 ], [ 42.414334714018437, 17.102625858835456 ], [ 42.414318218254877, 17.102802414328963 ], [ 42.414239694719264, 17.102995149777993 ], [ 42.414043388575159, 17.103159332655604 ], [ 42.413839946214452, 17.103259269801843 ], [ 42.412769189430072, 17.104829715034061 ], [ 42.412644266113411, 17.104908235703025 ], [ 42.412348023292267, 17.10510454238204 ], [ 42.412105319163757, 17.105254447803063 ], [ 42.411887598081606, 17.105536415316998 ], [ 42.411687722930886, 17.105950440889519 ], [ 42.41158778625384, 17.106168161049332 ], [ 42.41158778625384, 17.106339481891098 ], [ 42.411680584019322, 17.106471541724225 ], [ 42.411834060287305, 17.106585756881088 ], [ 42.41183762929392, 17.106739231912101 ], [ 42.411737691718564, 17.106796338987888 ], [ 42.411569940322416, 17.106896276757645 ], [ 42.411466432842118, 17.106978368211657 ], [ 42.411312958370772, 17.107188949874345 ], [ 42.411259420576471, 17.107424517382487 ], [ 42.411270127596339, 17.107656513807555 ], [ 42.411345082125329, 17.107949188304726 ], [ 42.411491417685113, 17.108266845736637 ], [ 42.411784092397937, 17.108766532677386 ], [ 42.412034380104089, 17.108982915338235 ], [ 42.412069752166715, 17.109103922751448 ], [ 42.412051781369449, 17.109384003329392 ], [ 42.411969689725531, 17.109658829963859 ], [ 42.411801938329369, 17.109865843861542 ], [ 42.411739010445402, 17.109904568256557 ], [ 42.411412896844446, 17.10992651986108 ], [ 42.411188036850731, 17.109947934864515 ], [ 42.410998869618197, 17.110030025831286 ], [ 42.410916777974272, 17.110183502315351 ], [ 42.410945331823889, 17.110287009001198 ], [ 42.411006007631443, 17.110397652801705 ], [ 42.411164980690643, 17.1104658049268 ], [ 42.411337944112084, 17.110568974043645 ], [ 42.411669877897772, 17.110729588101339 ], [ 42.411805507335998, 17.110847372227926 ], [ 42.411876891061731, 17.111118630275826 ], [ 42.411844768205491, 17.111257829008924 ], [ 42.411662739884527, 17.111457703138282 ], [ 42.41147000364537, 17.111529087317138 ], [ 42.41131295926909, 17.11165400892034 ], [ 42.411248713556596, 17.111868160290335 ], [ 42.411266558589709, 17.111989512681184 ], [ 42.411223728713594, 17.112139419426072 ], [ 42.411134499056423, 17.112321447717346 ], [ 42.411091669180308, 17.112510614638857 ], [ 42.411084531167056, 17.112714058969306 ], [ 42.411120222131615, 17.112885378937445 ], [ 42.411205883680474, 17.113063839252014 ], [ 42.411309390262453, 17.113203038247249 ], [ 42.411409326939506, 17.113345805238637 ], [ 42.411462864733807, 17.113492141935041 ], [ 42.411434310884189, 17.113667031856593 ], [ 42.411441449795738, 17.113849061229249 ], [ 42.411541388269427, 17.114006105227087 ], [ 42.411619910906715, 17.114280933621469 ], [ 42.411677017707653, 17.114452254722686 ], [ 42.411823354165747, 17.114680682898449 ], [ 42.411998245371777, 17.11494480265393 ], [ 42.412126735000122, 17.115183938712978 ], [ 42.412230241582115, 17.115323136980791 ], [ 42.412301626206158, 17.115505167308946 ], [ 42.41232661104916, 17.115662210767582 ], [ 42.412394424869959, 17.115901345904593 ], [ 42.412437254746074, 17.116029836055567 ], [ 42.412512208376747, 17.116108358867827 ], [ 42.412615714958733, 17.116176173216719 ], [ 42.412801312286327, 17.116276110242428 ], [ 42.413029741286664, 17.116443863182841 ], [ 42.413226047430754, 17.11665444529633 ], [ 42.41344019770964, 17.116897149765784 ], [ 42.413761425373792, 17.117407545073753 ], [ 42.413989854374115, 17.117793018149484 ], [ 42.414082652139605, 17.118057137779374 ], [ 42.414161173878583, 17.118267718925313 ], [ 42.414243266420826, 17.118471163829128 ], [ 42.414296804215134, 17.118810237029692 ], [ 42.414311081139942, 17.119020819040177 ], [ 42.414307511235002, 17.119238539362417 ], [ 42.414346773002812, 17.119481244753189 ], [ 42.41435748002268, 17.119613304704316 ], [ 42.414346773002812, 17.119791763716748 ], [ 42.414339634091242, 17.119970224274986 ], [ 42.41435748002268, 17.120091577391136 ], [ 42.414407447912048, 17.120266467118725 ], [ 42.414400310797106, 17.120419942027617 ], [ 42.414389602878927, 17.120619816616891 ], [ 42.414436003558301, 17.12094104441184 ], [ 42.414489306892314, 17.121526582953496 ], [ 42.414478890926588, 17.121707807945043 ], [ 42.414528802222087, 17.122172415634264 ], [ 42.414550218058473, 17.122504349672809 ], [ 42.414532371228717, 17.122747055094678 ], [ 42.414489541352602, 17.123007605784796 ], [ 42.414375326852436, 17.123289572153208 ], [ 42.414257544243952, 17.123517999779359 ], [ 42.414157605770278, 17.12369646019626 ], [ 42.414025546236992, 17.12387848919866 ], [ 42.413964870429446, 17.124049810045925 ], [ 42.41394702359969, 17.124171162217237 ], [ 42.413924043796406, 17.124349064846594 ], [ 42.413961301422816, 17.124456698142595 ], [ 42.413957732416193, 17.124660142286324 ], [ 42.413932747573192, 17.124763647786107 ], [ 42.413929177668258, 17.124924261608264 ], [ 42.413893485805382, 17.125056321987053 ], [ 42.413872070867335, 17.125181243091781 ], [ 42.413836379004458, 17.125370410672545 ], [ 42.413789979223402, 17.12557385467511 ], [ 42.413743580340658, 17.125837975274699 ], [ 42.413693611552979, 17.125977173296068 ], [ 42.413611519909068, 17.126066403204394 ], [ 42.413561552019694, 17.126166340925597 ], [ 42.413547275094885, 17.126291262143091 ], [ 42.413547275094885, 17.126526828644799 ], [ 42.41350380831323, 17.126724455178987 ], [ 42.413436628703032, 17.126862332195184 ], [ 42.413475891369153, 17.127019377225121 ], [ 42.413561552019694, 17.1271086066333 ], [ 42.413758718749833, 17.127136031582349 ], [ 42.413854224935903, 17.127194268164093 ], [ 42.413968439436061, 17.127262081905005 ], [ 42.414046962073357, 17.127426264833158 ], [ 42.414046962073357, 17.127554754748822 ], [ 42.414032686046866, 17.127654694245482 ], [ 42.413972009341002, 17.127826014188976 ], [ 42.41390062561527, 17.127975921048908 ], [ 42.413843518814346, 17.128111549652743 ], [ 42.413797119033276, 17.128311423701373 ], [ 42.413768566081984, 17.128450623304865 ], [ 42.413729304314174, 17.128643359658575 ], [ 42.4137721350886, 17.128807543083887 ], [ 42.41385779484083, 17.128896770775395 ], [ 42.414086222942856, 17.128975294164658 ], [ 42.414332497874625, 17.129010985900972 ], [ 42.414510957188973, 17.129018124075717 ], [ 42.414696555414878, 17.129039540315251 ], [ 42.414832184853104, 17.12911092289789 ], [ 42.414875014729219, 17.129196584364589 ], [ 42.414878583735842, 17.12930008991443 ], [ 42.414857168797788, 17.12939289031279 ], [ 42.414821476934918, 17.129517811079303 ], [ 42.414778646160485, 17.129589195195233 ], [ 42.414653724640445, 17.129728392983523 ], [ 42.414514526195596, 17.129864022884256 ], [ 42.414382465763993, 17.129985376411639 ], [ 42.414353912812693, 17.13009959000993 ], [ 42.414436005354929, 17.130163834913514 ], [ 42.414514526195596, 17.130213802679588 ], [ 42.41457520290146, 17.130331587345811 ], [ 42.414607324859396, 17.130431523632797 ], [ 42.414632309702384, 17.130556446276749 ], [ 42.414657293647075, 17.130770597345794 ], [ 42.414618032777575, 17.130924073028229 ], [ 42.414564494983274, 17.131045425005134 ], [ 42.414528803120405, 17.131173915853243 ], [ 42.414585909921335, 17.131313115030256 ], [ 42.414735816284377, 17.13149157397438 ], [ 42.414857168797788, 17.13167003274717 ], [ 42.414921415408593, 17.131780679280734 ], [ 42.415010644167452, 17.131962708094441 ], [ 42.415146272707361, 17.132319626280921 ], [ 42.415299748975329, 17.132655131395317 ], [ 42.415374701707691, 17.132826451881179 ], [ 42.415417531583813, 17.133008481387627 ], [ 42.415435378413562, 17.133115555969695 ], [ 42.415449655338371, 17.133283308313452 ], [ 42.415471069378114, 17.13339038359565 ], [ 42.415503192234361, 17.133490320813415 ], [ 42.415649528692455, 17.133543858831818 ], [ 42.415753036172752, 17.133536720830861 ], [ 42.415738759247951, 17.133590258835898 ], [ 42.415685220555332, 17.133683057950858 ], [ 42.415624544747772, 17.133797271852416 ], [ 42.415624544747772, 17.133882932017912 ], [ 42.415674515332093, 17.13403997712593 ], [ 42.415785159028999, 17.134161328785385 ], [ 42.415956480330102, 17.13433265131663 ], [ 42.416081401850136, 17.13448255636311 ], [ 42.416220600294984, 17.134618185370115 ], [ 42.416406199419214, 17.134757382826059 ], [ 42.416620349698107, 17.13491442805358 ], [ 42.416759549041274, 17.13503935025987 ], [ 42.416802378917382, 17.135114303371648 ], [ 42.416798809910766, 17.135178548258793 ], [ 42.416784532985957, 17.135289192703638 ], [ 42.416777394972712, 17.13542482198039 ], [ 42.416805947924011, 17.13552832921259 ], [ 42.416877331649758, 17.135649680758611 ], [ 42.416955855185364, 17.135760325781384 ], [ 42.417048652950847, 17.135824572162068 ], [ 42.41714145161464, 17.135935217080711 ], [ 42.417120036676586, 17.136063707123633 ], [ 42.417084344813716, 17.136181489799533 ], [ 42.417073637793841, 17.136324258894504 ], [ 42.417077205902146, 17.136452748668411 ], [ 42.417123605683209, 17.136563394929897 ], [ 42.417191421300629, 17.136634778056731 ], [ 42.417277081951184, 17.136677608778104 ], [ 42.417416280396033, 17.136663332158221 ], [ 42.417555478840882, 17.136684746658418 ], [ 42.417591170703751, 17.136713299893788 ], [ 42.417616154648435, 17.136777545945002 ], [ 42.417648278403, 17.136852499214118 ], [ 42.41769824629236, 17.13692745159457 ], [ 42.417744645175105, 17.136938158829754 ], [ 42.417798183867724, 17.137020250759942 ], [ 42.417837444737209, 17.137130895825074 ], [ 42.417837444737209, 17.13723083274818 ], [ 42.417823167812394, 17.137373601036913 ], [ 42.417808890887592, 17.137459262129187 ], [ 42.417826736819023, 17.137548490817856 ], [ 42.417876705606702, 17.137619875283114 ], [ 42.417858858776953, 17.137712674102676 ], [ 42.417826736819023, 17.13778762699458 ], [ 42.417837444737209, 17.137873287895978 ], [ 42.417905258558008, 17.137941102032887 ], [ 42.417998058120119, 17.137983931594718 ], [ 42.41808371877066, 17.138080301291847 ], [ 42.418112271721974, 17.138201652888117 ], [ 42.418076580757415, 17.13828374511851 ], [ 42.418033750881307, 17.13835512758444 ], [ 42.418026611969736, 17.138476480718065 ], [ 42.418097994797158, 17.138533588350619 ], [ 42.418197933270832, 17.138562142160307 ], [ 42.418312146872694, 17.1386192489081 ], [ 42.418408515441421, 17.138683494300302 ], [ 42.418501314105221, 17.138822692144643 ], [ 42.418558420906145, 17.138936907179357 ], [ 42.418590543762392, 17.13909038212676 ], [ 42.418537005968084, 17.139233148986641 ], [ 42.418440638297675, 17.139325947858868 ], [ 42.418362115660372, 17.139429454634783 ], [ 42.418287162029692, 17.139554377239335 ], [ 42.418258609078379, 17.139779236170703 ], [ 42.418276455009817, 17.13991486474529 ], [ 42.418351407742179, 17.140093324871689 ], [ 42.418429931277799, 17.140189692616268 ], [ 42.418497745098598, 17.140275354127017 ], [ 42.418569128824323, 17.140361013881442 ], [ 42.418647650563315, 17.140468090235753 ], [ 42.418733312112181, 17.14054304287448 ], [ 42.418836817795849, 17.140614427047602 ], [ 42.418936755371206, 17.140675103315669 ], [ 42.419036692946563, 17.140714363813796 ], [ 42.419158044561669, 17.140750055870871 ], [ 42.419257982137026, 17.140789317211574 ], [ 42.419368627630568, 17.140832146975228 ], [ 42.419447150267871, 17.14086783986809 ], [ 42.419464996199295, 17.140935653770388 ], [ 42.419436443248003, 17.141007037792647 ], [ 42.419343644584202, 17.141142667187694 ], [ 42.419190169214545, 17.141231896682591 ], [ 42.41910807757062, 17.141388940729872 ], [ 42.419040262851503, 17.141556693330234 ], [ 42.418997432975381, 17.141685183777621 ], [ 42.418954602200948, 17.141835089759532 ], [ 42.419008139995256, 17.141945735390873 ], [ 42.419093800645804, 17.142013549758094 ], [ 42.419190169214545, 17.142031396091884 ], [ 42.419311521727963, 17.142117055894985 ], [ 42.419361489617323, 17.142156316946771 ], [ 42.419418598214875, 17.142220562832605 ], [ 42.419522103898544, 17.142359760601938 ], [ 42.419675579268201, 17.142534651697961 ], [ 42.419750532000563, 17.142609604361279 ], [ 42.419807638801494, 17.142702404122073 ], [ 42.419879023425544, 17.142905847179144 ], [ 42.419957545164529, 17.142998646791938 ], [ 42.420050343828322, 17.143116430221813 ], [ 42.42010388162263, 17.143216367358765 ], [ 42.420132434573937, 17.143312736058427 ], [ 42.420160989321872, 17.143434087670393 ], [ 42.420200251089675, 17.143559010157148 ], [ 42.420346586649458, 17.143844544624287 ], [ 42.420353724662711, 17.144080112053327 ], [ 42.420414402266893, 17.144237156267771 ], [ 42.420442955218199, 17.144369215799468 ], [ 42.420428678293391, 17.144522692267579 ], [ 42.420285910841912, 17.144676166033673 ], [ 42.42007175876639, 17.144743981979218 ], [ 42.419932561219852, 17.144822502963972 ], [ 42.419829054637866, 17.144947425375292 ], [ 42.419850468677609, 17.145018808714212 ], [ 42.419986099014153, 17.145061639219428 ], [ 42.420160989321872, 17.145093762091861 ], [ 42.420307325779973, 17.145129454165822 ], [ 42.420377420423272, 17.145143021100747 ], [ 42.420417971273515, 17.145150869406908 ], [ 42.420489354999255, 17.145175852993326 ], [ 42.420525046862117, 17.145193699023277 ], [ 42.420571445744862, 17.145268652330348 ], [ 42.420603568601109, 17.145325758733225 ], [ 42.420657107293728, 17.145497081270076 ], [ 42.420657107293728, 17.145586311248348 ], [ 42.420671384218537, 17.145643418411943 ], [ 42.420710645088022, 17.145721939016429 ], [ 42.42072849101946, 17.14576833941269 ], [ 42.420764181984019, 17.145850430874376 ], [ 42.4207998747452, 17.145928953108122 ], [ 42.420849844431196, 17.146018182020494 ], [ 42.420871257572621, 17.146075289051293 ], [ 42.420881966389132, 17.146128826876712 ], [ 42.420903381327179, 17.146200210619934 ], [ 42.420903381327179, 17.146260886780091 ], [ 42.420914088347054, 17.14632513210454 ], [ 42.420910519340424, 17.146375100674859 ], [ 42.420864119559376, 17.146496453719461 ], [ 42.420792735833636, 17.146667774317944 ], [ 42.420735629032706, 17.146767712119125 ], [ 42.420664245306973, 17.146821250603313 ], [ 42.420596430587857, 17.146871219040129 ], [ 42.420571445744862, 17.146967588418526 ], [ 42.420539323786933, 17.147103216894589 ], [ 42.420514338943939, 17.147228137771759 ], [ 42.420500062019123, 17.147342351930014 ], [ 42.420475078074439, 17.147438721063907 ], [ 42.420428678293391, 17.147552935092641 ], [ 42.420378710404016, 17.147643353802682 ], [ 42.420277582560907, 17.147916993396212 ], [ 42.420170507870623, 17.148119247033264 ], [ 42.420093176399384, 17.148285808989559 ], [ 42.419968253082715, 17.148535653360618 ], [ 42.419837382918864, 17.148684368392225 ], [ 42.419665571137621, 17.148721926749435 ], [ 42.419458515752837, 17.148988139789854 ], [ 42.419349594126324, 17.149255440011096 ], [ 42.419010519632444, 17.149451745367134 ], [ 42.41874878020306, 17.149558819913956 ], [ 42.41846919304561, 17.149725383154021 ], [ 42.418302631018882, 17.149796767231397 ], [ 42.418284785985762, 17.149909790963001 ], [ 42.41822529864934, 17.150225070260916 ], [ 42.418213401361712, 17.150409477573596 ], [ 42.418195556328591, 17.150570092404852 ], [ 42.418076582554058, 17.150784242721944 ], [ 42.417927865560451, 17.151087624418555 ], [ 42.417695867553483, 17.151391005619402 ], [ 42.417666125232742, 17.151694387182843 ], [ 42.417785098108972, 17.151765769644786 ], [ 42.417993300642365, 17.151759822037235 ], [ 42.418171760855031, 17.151759822037235 ], [ 42.41831452830651, 17.151801463011381 ], [ 42.418457295757982, 17.151896640996917 ], [ 42.418606012751582, 17.152086997679966 ], [ 42.418784472065923, 17.152241662609455 ], [ 42.419040263749821, 17.152432019797079 ], [ 42.419284159044402, 17.152562889821162 ], [ 42.419575642591163, 17.152741348952294 ], [ 42.41977789737907, 17.152860321897183 ], [ 42.419920664830542, 17.152991191619321 ], [ 42.420075328671317, 17.153235087248159 ], [ 42.420146713295381, 17.153455187194613 ], [ 42.420259738426104, 17.153663390070445 ], [ 42.420432249096642, 17.153901336418787 ], [ 42.420652349815981, 17.154282049770014 ], [ 42.420902192856055, 17.154769839890086 ], [ 42.420920038787493, 17.1552933214234 ], [ 42.420937884718931, 17.155739469662755 ], [ 42.420902192856055, 17.156322436818868 ], [ 42.420789168623635, 17.156655562170474 ], [ 42.420432249994953, 17.156947046255336 ], [ 42.420146714193692, 17.157048173332409 ], [ 42.41980169285263, 17.157113608874479 ], [ 42.419545900270428, 17.157119557168823 ], [ 42.419272262655092, 17.157119557168823 ], [ 42.418927240415719, 17.157125506321318 ], [ 42.418606012751582, 17.157125507179661 ], [ 42.41825504276671, 17.157196890127992 ], [ 42.418052787978802, 17.157256377327858 ], [ 42.417678024316999, 17.15736940080923 ], [ 42.417136695933522, 17.157399143954731 ], [ 42.416910648367001, 17.15739319566935 ], [ 42.416708392680789, 17.157315862791982 ], [ 42.416440703709277, 17.157232583308538 ], [ 42.416113528299647, 17.157190941836127 ], [ 42.415768506060267, 17.157089813978512 ], [ 42.415494868444945, 17.15702438014473 ], [ 42.415137948917931, 17.156917303895721 ], [ 42.414596622331096, 17.156839970820052 ], [ 42.414198062297409, 17.156619870595634 ], [ 42.413740015825617, 17.156262951894668 ], [ 42.413478273701287, 17.156084492715962 ], [ 42.413145149647839, 17.155929826696706 ], [ 42.412657360855306, 17.155793008134754 ], [ 42.412169571164455, 17.155876289980867 ], [ 42.411812651637455, 17.155941725077778 ], [ 42.411283222338234, 17.156084493574308 ], [ 42.410890610948364, 17.156286747754994 ], [ 42.410605075147096, 17.15647710422763 ], [ 42.410200567367923, 17.156637718100594 ], [ 42.409712777677065, 17.156726947874589 ], [ 42.409272578035015, 17.156732897039667 ], [ 42.409016784554503, 17.156631768932463 ], [ 42.408778838802043, 17.156381926015715 ], [ 42.408665814569623, 17.156132081904286 ], [ 42.408582533556263, 17.155911981698701 ], [ 42.408481405713154, 17.155668087870556 ], [ 42.408326741872372, 17.155489628119863 ], [ 42.408207768996142, 17.155329014970043 ], [ 42.408082846577791, 17.155192195106846 ], [ 42.407910335907253, 17.155097017094363 ], [ 42.407642646037417, 17.155073221939855 ], [ 42.407244086902054, 17.155102966311688 ], [ 42.406780091786459, 17.155204091818508 ], [ 42.40620902108224, 17.155322271788034 ], [ 42.406151914281303, 17.155227093842257 ], [ 42.406104325130826, 17.155041495634659 ], [ 42.406056735980336, 17.154870175037946 ], [ 42.405942522378474, 17.154641745612977 ], [ 42.405785477103869, 17.154551327736243 ], [ 42.405590361227539, 17.154513256405654 ], [ 42.405438076125627, 17.154470426363996 ], [ 42.405304826324581, 17.154399042367039 ], [ 42.405223924050091, 17.154246756014533 ], [ 42.405157299598734, 17.154170613220611 ], [ 42.404995495948071, 17.154137302240571 ], [ 42.404867005421416, 17.15416585622625 ], [ 42.404757550195612, 17.154199168059527 ], [ 42.404605264195389, 17.154156337087041 ], [ 42.404595747443274, 17.154037364114437 ], [ 42.404633818045014, 17.153956463376538 ], [ 42.404671890443382, 17.153889837900184 ], [ 42.404790863319612, 17.153775624336323 ], [ 42.404985978297638, 17.15359954384564 ], [ 42.40512874574911, 17.153447257695575 ], [ 42.405314343975014, 17.153352078788345 ], [ 42.405409523174313, 17.153237864893601 ], [ 42.405890173055298, 17.152738178170551 ], [ 42.40624709168398, 17.152457402400177 ], [ 42.406442207560318, 17.15236222298542 ], [ 42.406618288135789, 17.152328909964137 ], [ 42.406822921662567, 17.152281322375821 ], [ 42.407108455667199, 17.152248009340013 ], [ 42.407803259420334, 17.152186142870782 ], [ 42.40870269490361, 17.152038616043665 ], [ 42.409016783656185, 17.151976750363012 ], [ 42.409435570156802, 17.151743562896094 ], [ 42.409840077935982, 17.151515134773778 ], [ 42.410097059887619, 17.151348573139369 ], [ 42.410458737790684, 17.151205805292108 ], [ 42.410696684441454, 17.151143939333924 ], [ 42.410825174069799, 17.151267671229675 ], [ 42.410882281769048, 17.151377125837282 ], [ 42.410939388569972, 17.151548447082728 ], [ 42.410972700795654, 17.151634107646164 ], [ 42.411077545867414, 17.151732209307458 ], [ 42.411249375614958, 17.151641239801517 ], [ 42.411237479225647, 17.151391397034395 ], [ 42.411144022995067, 17.151248636087001 ], [ 42.411127271211647, 17.151213610423667 ], [ 42.411186852871182, 17.151024966147421 ], [ 42.411191612145565, 17.150877440114304 ], [ 42.411148781371132, 17.150691840991279 ], [ 42.411129746070259, 17.15054907435573 ], [ 42.411101193118945, 17.150420583173986 ], [ 42.411039326145328, 17.15026353818017 ], [ 42.410982219344405, 17.150139807331957 ], [ 42.410872764118615, 17.149997039413549 ], [ 42.410663371317462, 17.149811441127159 ], [ 42.410444460865875, 17.149725780581136 ], [ 42.410187479812549, 17.149711504105753 ], [ 42.409911460763404, 17.149711504105753 ], [ 42.409625926758764, 17.149711504105753 ], [ 42.409359427156687, 17.149711504105753 ], [ 42.409140516705101, 17.149744815879949 ], [ 42.408992989979261, 17.149816199949854 ], [ 42.408812151027725, 17.149920896593287 ], [ 42.408555169076074, 17.149987520918945 ], [ 42.408450472226342, 17.14996848478664 ], [ 42.40833625772617, 17.149954208329913 ], [ 42.408226804297009, 17.149906620132903 ], [ 42.408084035048908, 17.149849511705263 ], [ 42.407917473920499, 17.149763852035182 ], [ 42.407793740871583, 17.149678190608832 ], [ 42.407641455769678, 17.149544940853243 ], [ 42.407460616818142, 17.149525904675563 ], [ 42.407232188716115, 17.149506870212686 ], [ 42.407075145238146, 17.149483075200003 ], [ 42.406841956963433, 17.149454522210803 ], [ 42.406656358737528, 17.149449763378847 ], [ 42.40643744918426, 17.149425968358841 ], [ 42.406223298007042, 17.149435486882233 ], [ 42.405880655404857, 17.149483076058381 ], [ 42.405434188217072, 17.149500543989422 ], [ 42.405348311970862, 17.149511623892934 ], [ 42.404753447589712, 17.149559213049567 ], [ 42.404170478699555, 17.149559213049567 ], [ 42.403682689907022, 17.149583008052492 ], [ 42.403206796605481, 17.149583008052492 ], [ 42.402719007812941, 17.149547315117765 ], [ 42.402589604597949, 17.149538286732106 ], [ 42.402549410378882, 17.149478318085528 ], [ 42.40225327625388, 17.149477452843467 ], [ 42.402178213927058, 17.149416452410087 ], [ 42.402087794002142, 17.149349826162762 ], [ 42.401992614802836, 17.149335548800092 ], [ 42.401797499824816, 17.149335548800092 ], [ 42.40141202734651, 17.149397416219237 ], [ 42.401192918367244, 17.149400696071712 ], [ 42.400886822824077, 17.149499726816469 ], [ 42.400613185208741, 17.149594905123624 ], [ 42.400566160200256, 17.149623119891729 ], [ 42.400493554765731, 17.149749576421094 ], [ 42.400474518566547, 17.149839994919841 ], [ 42.400507831690547, 17.149944692408237 ], [ 42.400526867889724, 17.150082700692792 ], [ 42.400522108615341, 17.150135047659191 ], [ 42.400479277840915, 17.150239744981203 ], [ 42.400431688690425, 17.150349200194828 ], [ 42.400350788212563, 17.150477691425973 ], [ 42.400288921238953, 17.150591905302129 ], [ 42.400260368287647, 17.150891717358409 ], [ 42.400265126663705, 17.151129663825955 ], [ 42.40029368141164, 17.151405681105899 ], [ 42.400336511287762, 17.151596038292372 ], [ 42.400369822615119, 17.151734047066125 ], [ 42.400403134840808, 17.151824466315137 ], [ 42.400431688690425, 17.151929161826057 ], [ 42.400426931212678, 17.152076687881792 ], [ 42.400407895013494, 17.152195662111023 ], [ 42.400422171039985, 17.152328910822497 ], [ 42.400441207239176, 17.152409813128081 ], [ 42.400484038013602, 17.152519267920656 ], [ 42.400545904987219, 17.152709624823615 ], [ 42.400622047089023, 17.152804804060256 ], [ 42.400717225390004, 17.152861910720457 ], [ 42.400747345901479, 17.152958869257148 ], [ 42.400811710191583, 17.153004162278851 ], [ 42.40090282271759, 17.152971366104826 ], [ 42.400940895115973, 17.152976124846518 ], [ 42.40105510871782, 17.153009436893299 ], [ 42.401136010992303, 17.15306178560953 ], [ 42.401240706045407, 17.153218829952944 ], [ 42.401278778443782, 17.153304490603961 ], [ 42.401303229687507, 17.153437735086083 ], [ 42.401388232771261, 17.153466294329522 ], [ 42.401454858120935, 17.153523400786227 ], [ 42.40148341197056, 17.153594784261571 ], [ 42.401511964921866, 17.153675686873822 ], [ 42.401545278045866, 17.153775624336323 ], [ 42.401635697970782, 17.15394694508494 ], [ 42.401721357723019, 17.154056399829514 ], [ 42.401787983072694, 17.154118265675436 ], [ 42.401868885347184, 17.154170614078964 ], [ 42.401992615701154, 17.154208686338187 ], [ 42.402073517975644, 17.154265793424845 ], [ 42.402135384050943, 17.154318140928417 ], [ 42.402225803975867, 17.154403801930478 ], [ 42.402292428427231, 17.15449422073743 ], [ 42.402340017577721, 17.154579881658233 ], [ 42.40239712527697, 17.154665541681155 ], [ 42.402468509002702, 17.154722648627256 ], [ 42.402577964228492, 17.154770239023108 ], [ 42.402692177830353, 17.154851140264679 ], [ 42.402763561556078, 17.154941559712068 ], [ 42.402853980582698, 17.155036738662616 ], [ 42.40294505717609, 17.155127152011147 ], [ 42.403104094913985, 17.155117213188589 ], [ 42.403258490158507, 17.155060532963457 ], [ 42.403358426835545, 17.155084327261243 ], [ 42.403420292910852, 17.155150952308837 ], [ 42.403444088384411, 17.155222336016621 ], [ 42.403463123685277, 17.155293719696949 ], [ 42.403616662835326, 17.155359348127515 ], [ 42.403670792619401, 17.155341303937945 ], [ 42.403896841982551, 17.155305612110361 ], [ 42.404078646623006, 17.155318598058429 ], [ 42.404367318442937, 17.155288961873023 ], [ 42.404505326620033, 17.155360344669383 ], [ 42.404648094969829, 17.155465041619415 ], [ 42.404743273270803, 17.155650639403479 ], [ 42.404790863319612, 17.15575533533141 ], [ 42.40490031764709, 17.155898102254628 ], [ 42.404962183722382, 17.155969485675055 ], [ 42.405024049797689, 17.156045628589364 ], [ 42.405119228098677, 17.156088459125879 ], [ 42.405233442598849, 17.156121772330781 ], [ 42.40535241637339, 17.156121772330781 ], [ 42.405547531351409, 17.156064664956823 ], [ 42.40568554042683, 17.155998039378879 ], [ 42.405955076334571, 17.155876681386399 ], [ 42.406050254635559, 17.155757707799818 ], [ 42.406133534750595, 17.156293086622153 ], [ 42.406323892250882, 17.156602417067983 ], [ 42.406442865127111, 17.156911746998247 ], [ 42.406383378688993, 17.157685071714056 ], [ 42.406193022087024, 17.158208552749727 ], [ 42.405859898033583, 17.158601164059483 ], [ 42.405467285745402, 17.158898595900741 ], [ 42.404908113227116, 17.159588639919061 ], [ 42.404610681036559, 17.159981251742153 ], [ 42.40431324794767, 17.160373861876185 ], [ 42.403861151017992, 17.160885446704796 ], [ 42.402939604402313, 17.161804143694976 ], [ 42.402682621552358, 17.162103957380559 ], [ 42.402325702025351, 17.162432320720438 ], [ 42.402068720972025, 17.162660749997009 ], [ 42.401668971568903, 17.162846348308896 ], [ 42.401469097316507, 17.163031945576794 ], [ 42.401197838440048, 17.163203267221423 ], [ 42.400655320687143, 17.16321754437563 ], [ 42.400027143182001, 17.163303203844563 ], [ 42.399413242601675, 17.163474526097005 ], [ 42.398999216273744, 17.163802891302545 ], [ 42.398456699419157, 17.16410270261629 ], [ 42.39787135179013, 17.164431069284817 ], [ 42.397043300032593, 17.164987862641436 ], [ 42.396329460978585, 17.165416165802771 ], [ 42.395615622822895, 17.165773085778923 ], [ 42.395215875216415, 17.166272772591711 ], [ 42.393930966356507, 17.167329252969434 ], [ 42.392517566071625, 17.168414287704959 ], [ 42.391061335012317, 17.169185233374947 ], [ 42.388976928244489, 17.170056114832526 ], [ 42.387920445689986, 17.171012659266076 ], [ 42.387429380741608, 17.171577385619713 ], [ 42.387039212769302, 17.172341766969723 ], [ 42.386915482415333, 17.172475016661338 ], [ 42.386725124915053, 17.172708203820367 ], [ 42.386449106764218, 17.172960427036294 ], [ 42.386106465060351, 17.173236443595179 ], [ 42.385787617033401, 17.17347438972897 ], [ 42.385587742780999, 17.173650470237817 ], [ 42.385373590705477, 17.173783719847119 ], [ 42.385097572554649, 17.173945522876682 ], [ 42.384745413200335, 17.174273889282322 ], [ 42.384540779673557, 17.174469005227106 ], [ 42.384331386872404, 17.174626048614083 ], [ 42.383884048318798, 17.174897307946914 ], [ 42.383665137867204, 17.174997245134428 ], [ 42.383417673566001, 17.175101942158712 ], [ 42.383060754937311, 17.175249467810922 ], [ 42.382865639060974, 17.175325611393685 ], [ 42.382651487883756, 17.175411272135943 ], [ 42.382423058883418, 17.175563557420769 ], [ 42.382218425356648, 17.175653976213038 ], [ 42.381899578228015, 17.175811021170926 ], [ 42.381647354652436, 17.175915717735592 ], [ 42.381314230598989, 17.176020414241137 ], [ 42.381109597072218, 17.176029931400134 ], [ 42.380847855846191, 17.176048966574925 ], [ 42.380514731792758, 17.176077520620822 ], [ 42.380214919066688, 17.176134627841172 ], [ 42.379905588690171, 17.176191735043922 ], [ 42.379653366911221, 17.176291672391837 ], [ 42.379386867309137, 17.17639636868504 ], [ 42.37925361660978, 17.176391609685879 ], [ 42.379206028357608, 17.176282155246277 ], [ 42.379129903323808, 17.176172913588427 ], [ 42.379117530827394, 17.176217188205747 ], [ 42.379034707056519, 17.176282155246277 ], [ 42.379020430131703, 17.176372575404528 ], [ 42.379039928963266, 17.176567130419787 ], [ 42.378692063556009, 17.176610520945939 ], [ 42.378659704442839, 17.176522005360372 ], [ 42.378530101801857, 17.176481418716655 ], [ 42.378477913277109, 17.176515341907781 ], [ 42.378254243551147, 17.176581966982148 ], [ 42.378063886949192, 17.176605761952281 ], [ 42.377840217223223, 17.176629556061105 ], [ 42.377592753820331, 17.176667628002079 ], [ 42.377350047895177, 17.176667628002079 ], [ 42.377183485868457, 17.176662869009885 ], [ 42.376950299390373, 17.176653351025131 ], [ 42.376831325615832, 17.176653351025131 ], [ 42.376664763589112, 17.176648592032571 ], [ 42.37652199613764, 17.176648592032571 ], [ 42.376379227787844, 17.176672386135898 ], [ 42.37620314811069, 17.176686663111379 ], [ 42.376031826809594, 17.176719976049895 ], [ 42.375917613207747, 17.176748529134176 ], [ 42.375727256605778, 17.176800878017396 ], [ 42.375589246632046, 17.176857985014891 ], [ 42.37540365020277, 17.176929368951573 ], [ 42.375275157879472, 17.17702454691889 ], [ 42.375179979578498, 17.177105448753458 ], [ 42.375080042003141, 17.177191108673217 ], [ 42.375008660074037, 17.177276770269888 ], [ 42.374927757799547, 17.177381466006668 ], [ 42.374832591176656, 17.177440854042306 ], [ 42.374739938938255, 17.177609419424378 ], [ 42.374613827150455, 17.177740288851243 ], [ 42.374468680061796, 17.177873538953676 ], [ 42.37426642707053, 17.178054376815204 ], [ 42.374045136981756, 17.178273287827938 ], [ 42.373926164105519, 17.178406538405419 ], [ 42.373540690728895, 17.178765835588425 ], [ 42.37326943275076, 17.179053752416831 ], [ 42.37291251322376, 17.179484433014217 ], [ 42.372617459772059, 17.179715241768495 ], [ 42.3723176479443, 17.17989846029144 ], [ 42.372060666890974, 17.180062643014384 ], [ 42.371499113837196, 17.180367215256208 ], [ 42.371037498358774, 17.180533776581193 ], [ 42.370652024982149, 17.180655128738529 ], [ 42.370368868818076, 17.180743168607009 ], [ 42.370099991375433, 17.180783619575319 ], [ 42.369902494963597, 17.180769342915433 ], [ 42.36958840621103, 17.180802655978351 ], [ 42.369250522883213, 17.180912112039479 ], [ 42.368798425055225, 17.181019187308426 ], [ 42.368481956665462, 17.181111985882016 ], [ 42.368248770187385, 17.181100089115716 ], [ 42.368039377386232, 17.181073914854007 ], [ 42.367875194098389, 17.181109606013877 ], [ 42.367701493160098, 17.181200026391672 ], [ 42.367363609832282, 17.181311860367195 ], [ 42.367139941004645, 17.181399900781891 ], [ 42.36702810614166, 17.181471284685646 ], [ 42.366873441402554, 17.181497458891233 ], [ 42.366740190703204, 17.181530770965026 ], [ 42.366504623689622, 17.181542669420129 ], [ 42.366316646724847, 17.181568841899178 ], [ 42.366181018184932, 17.181652123327694 ], [ 42.366047768383893, 17.181744921584322 ], [ 42.365897862919169, 17.181916243103078 ], [ 42.365731299994138, 17.182094703171849 ], [ 42.365421969617621, 17.182261266377001 ], [ 42.365131676338613, 17.182335028943129 ], [ 42.364931801187893, 17.182361203026712 ], [ 42.36486041656385, 17.182375478705726 ], [ 42.364653404298203, 17.182463518615073 ], [ 42.36452729340872, 17.182556319040014 ], [ 42.364355971209314, 17.182701465776756 ], [ 42.364103747633727, 17.182946551308465 ], [ 42.363915771567264, 17.183174979341807 ], [ 42.363744451164479, 17.183465272590539 ], [ 42.363651651602368, 17.183612800167687 ], [ 42.363580267876635, 17.183674665594786 ], [ 42.363449397712785, 17.183843608070912 ], [ 42.363325665562186, 17.183986375684473 ], [ 42.363220968712447, 17.18399827312367 ], [ 42.363082959637033, 17.183953063193936 ], [ 42.362978264583923, 17.183941165751833 ], [ 42.362930675433432, 17.183993514319724 ], [ 42.362873567734191, 17.184033964578475 ], [ 42.362745077207528, 17.184000652096493 ], [ 42.362645139632171, 17.183929269167177 ], [ 42.362554719707248, 17.183831710621781 ], [ 42.362535685304692, 17.183667527805461 ], [ 42.362557100242753, 17.183503344843654 ], [ 42.362585653194046, 17.183360577716112 ], [ 42.362687970406604, 17.183203533148003 ], [ 42.36281646093326, 17.18293465380173 ], [ 42.362925915260746, 17.182727639808569 ], [ 42.362937811650049, 17.182592011630806 ], [ 42.362933054172309, 17.182454002644668 ], [ 42.362856911172202, 17.182277922775103 ], [ 42.362737938295972, 17.182163708669794 ], [ 42.36267369168516, 17.182084314368524 ], [ 42.362680830596723, 17.182002221775257 ], [ 42.362720092364533, 17.181948684861641 ], [ 42.362805752116763, 17.181891577716321 ], [ 42.36290925869875, 17.181834471411623 ], [ 42.363059165061792, 17.181738102122424 ], [ 42.363191224595077, 17.181680994912202 ], [ 42.363291162170427, 17.181602473220359 ], [ 42.36333399294486, 17.1814597046282 ], [ 42.363344700863053, 17.181320507011584 ], [ 42.363362546794484, 17.181206292316155 ], [ 42.363466054274781, 17.181095647781973 ], [ 42.363562421046886, 17.1810099879504 ], [ 42.363626666759373, 17.180938603868949 ], [ 42.363694480580172, 17.180817251039016 ], [ 42.363765865204222, 17.180703036891639 ], [ 42.363855094861393, 17.1806245147854 ], [ 42.363994294204552, 17.180528145725194 ], [ 42.364087091970042, 17.180492455311558 ], [ 42.364226291313209, 17.180442485631293 ], [ 42.364351211934931, 17.180378240964 ], [ 42.364426164667293, 17.180335410887359 ], [ 42.364518964229404, 17.180313993699741 ], [ 42.364604624879952, 17.180346117334658 ], [ 42.364758101147928, 17.180406792626471 ], [ 42.364893729687843, 17.180421070172518 ], [ 42.364922282639149, 17.180360394027147 ], [ 42.36483305388029, 17.180285441164749 ], [ 42.364747393229742, 17.180192641319017 ], [ 42.364601055873329, 17.180067720323919 ], [ 42.364440441592102, 17.17999633673773 ], [ 42.364311951065446, 17.179946367781927 ], [ 42.364190598552028, 17.179942799244607 ], [ 42.36408352386173, 17.179942799244607 ], [ 42.363962171348312, 17.179978490622332 ], [ 42.363855094861393, 17.180057013002298 ], [ 42.363744450266161, 17.180203350349267 ], [ 42.363608820827935, 17.180313995416206 ], [ 42.363508884150896, 17.18036039488538 ], [ 42.363437498628528, 17.18036039488538 ], [ 42.363412149967836, 17.180277572888979 ], [ 42.363432741150781, 17.180267278389362 ], [ 42.363539181630479, 17.180144655792979 ], [ 42.363570115117291, 17.180058996380051 ], [ 42.363598668068597, 17.179989991814818 ], [ 42.363631981192597, 17.17993050504084 ], [ 42.363658155405027, 17.179863880311927 ], [ 42.36366767305546, 17.179811532293837 ], [ 42.363700985281149, 17.179744908380385 ], [ 42.363739055882888, 17.179687799697692 ], [ 42.363779507918444, 17.179647349348429 ], [ 42.363846132369808, 17.179606898990325 ], [ 42.363903239170732, 17.179566447765161 ], [ 42.363936552294732, 17.179490305066299 ], [ 42.364010314759334, 17.179404645350928 ], [ 42.364138806184314, 17.179316604846559 ], [ 42.36426253833492, 17.17922380537393 ], [ 42.364362475011966, 17.179135764783659 ], [ 42.364448135662521, 17.179057242871593 ], [ 42.364524278662621, 17.179019172279709 ], [ 42.364548074136188, 17.178959685194116 ], [ 42.364543314861805, 17.178919234685925 ], [ 42.364571867813119, 17.178895439154559 ], [ 42.364600420764418, 17.178888302039379 ], [ 42.364709876888533, 17.178878783310669 ], [ 42.364805055189514, 17.178819296180013 ], [ 42.364890714941751, 17.178726497316614 ], [ 42.364943064264928, 17.178671769077813 ], [ 42.365009688716292, 17.178564694169069 ], [ 42.36509534936684, 17.178379096140841 ], [ 42.365161973818196, 17.178295814957931 ], [ 42.365235738079441, 17.178193497926756 ], [ 42.365321397831678, 17.178114974757243 ], [ 42.365452267995522, 17.178031695172141 ], [ 42.365583139057691, 17.177943654873822 ], [ 42.365616451283373, 17.177841337648246 ], [ 42.365556964845261, 17.177800886037726 ], [ 42.365437991969031, 17.177796127932879 ], [ 42.365371366619357, 17.177786610006311 ], [ 42.365359469331729, 17.177765195098889 ], [ 42.365385644442483, 17.177719985364948 ], [ 42.365437991969031, 17.17764622182014 ], [ 42.365476062570771, 17.177601012057181 ], [ 42.365573621407258, 17.177541525374657 ], [ 42.365561724119637, 17.177498694642455 ], [ 42.365447509619464, 17.177451105786641 ], [ 42.365380885168101, 17.177417792979526 ], [ 42.365285705968809, 17.177358307096448 ], [ 42.365126281955334, 17.177327374189392 ], [ 42.364976375592292, 17.177270267336517 ], [ 42.36485740361438, 17.177244094250408 ], [ 42.36481933211433, 17.177182226676525 ], [ 42.364826471025886, 17.177094186832957 ], [ 42.364852644340012, 17.177010906789203 ], [ 42.364843126689564, 17.176941901947359 ], [ 42.364781260614272, 17.17687527700236 ], [ 42.36470511761415, 17.176930004055126 ], [ 42.364628974614043, 17.176963316949905 ], [ 42.364571867813119, 17.176963316949905 ], [ 42.364557590888303, 17.176941901947359 ], [ 42.364538554689119, 17.17689193302629 ], [ 42.364490966436946, 17.176865759886759 ], [ 42.364440997649261, 17.17683958588529 ], [ 42.364374372299586, 17.176787237013002 ], [ 42.364300608936659, 17.176753924086576 ], [ 42.364279193998598, 17.176696817057024 ], [ 42.364276815259736, 17.176627812956504 ], [ 42.364300608936659, 17.176575465740903 ], [ 42.36434581934828, 17.176513598802099 ], [ 42.364283952374663, 17.176477906757132 ], [ 42.364207811171177, 17.176506460736956 ], [ 42.364088838294947, 17.176549290840189 ], [ 42.364034109334582, 17.176539772849605 ], [ 42.363996037834518, 17.176515978729249 ], [ 42.363972243259276, 17.17643269670921 ], [ 42.363969863622096, 17.176363693368611 ], [ 42.363898479896356, 17.176330381224318 ], [ 42.363834234183862, 17.176316104221392 ], [ 42.363731916971325, 17.176328001294781 ], [ 42.363667672157149, 17.176311345220174 ], [ 42.363629600657092, 17.176320863222493 ], [ 42.363634359033156, 17.176289930142307 ], [ 42.363662912882774, 17.176239961045489 ], [ 42.363591529157027, 17.176232822969805 ], [ 42.363555837294165, 17.176218545959369 ], [ 42.363534422356103, 17.176175715779713 ], [ 42.363515387055237, 17.176149540822546 ], [ 42.363434484780754, 17.176137643737704 ], [ 42.363336926842578, 17.176120987645998 ], [ 42.363313132267336, 17.176092433606794 ], [ 42.363310751731831, 17.17605198418936 ], [ 42.363289337692088, 17.176025810072975 ], [ 42.363246506917662, 17.176016291197257 ], [ 42.363187021377854, 17.176042466173239 ], [ 42.363127534041432, 17.17604722432311 ], [ 42.363041874289195, 17.176011533046594 ], [ 42.363008561165202, 17.175973460970869 ], [ 42.362956212740329, 17.17593063073458 ], [ 42.362913381965896, 17.175897317654215 ], [ 42.362896727200535, 17.175852109181196 ], [ 42.362908623589846, 17.175785483844493 ], [ 42.362880070638532, 17.175714100325546 ], [ 42.362882449377402, 17.175635577822185 ], [ 42.362903865213781, 17.175580850387252 ], [ 42.362946695089896, 17.17553326103906 ], [ 42.362960972014712, 17.175480912656106 ], [ 42.362982386952766, 17.175314351081568 ], [ 42.362996663877574, 17.175252484580113 ], [ 42.362994284240386, 17.175188239830359 ], [ 42.36296573128908, 17.175173962739468 ], [ 42.362880070638532, 17.175212034121138 ], [ 42.362806307275612, 17.175262002636792 ], [ 42.362756337589616, 17.175300074000386 ], [ 42.362675437111754, 17.175350043350569 ], [ 42.362585017186831, 17.175395252804286 ], [ 42.362513634359409, 17.175421427009706 ], [ 42.362449387748605, 17.175421427009706 ], [ 42.36238038366006, 17.175414288044248 ], [ 42.362294723009512, 17.175371457678768 ], [ 42.362180509407658, 17.175331007245752 ], [ 42.362147196283658, 17.175273899777835 ], [ 42.362101985872037, 17.175214414065007 ], [ 42.362042500332244, 17.175240586579445 ], [ 42.361930664570941, 17.175247726409847 ], [ 42.361890215230332, 17.175219172236126 ], [ 42.361814072230224, 17.175143030326154 ], [ 42.361756965429294, 17.175112097049418 ], [ 42.361690339181301, 17.175104958072055 ], [ 42.361671303880435, 17.175085922800328 ], [ 42.361699857730052, 17.17504547058849 ], [ 42.361742687606167, 17.174993123784311 ], [ 42.361697478092864, 17.174962191340821 ], [ 42.361614197079511, 17.174962191340821 ], [ 42.361545192092635, 17.175002640996055 ], [ 42.361485705654523, 17.175007400030871 ], [ 42.361447635052784, 17.174993123784311 ], [ 42.361428598853593, 17.175024057080893 ], [ 42.361402424641163, 17.175059747689279 ], [ 42.361335800189799, 17.175095440865562 ], [ 42.361264415565756, 17.175090680974748 ], [ 42.361240621888818, 17.175038334183331 ], [ 42.361259658088002, 17.174969328607169 ], [ 42.361297728689749, 17.174940775248832 ], [ 42.361376251327044, 17.174914600975551 ], [ 42.361480948176784, 17.174874151301108 ], [ 42.361530916066144, 17.174840838030875 ], [ 42.361623714729937, 17.174826560913232 ], [ 42.361699857730052, 17.174826560913232 ], [ 42.361771242354102, 17.174847977018413 ], [ 42.36182358898234, 17.17488604760878 ], [ 42.361914008907263, 17.17487653039105 ], [ 42.361930664570941, 17.174814663743483 ], [ 42.361883076318769, 17.174764695107246 ], [ 42.361804553681466, 17.174752797933525 ], [ 42.361733169955727, 17.174731382675603 ], [ 42.361671303880435, 17.174674275022969 ], [ 42.361637991654753, 17.174640964291601 ], [ 42.361607059066259, 17.174602891934384 ], [ 42.361533294805014, 17.17456482128587 ], [ 42.361469049990845, 17.174524369818588 ], [ 42.361430979389105, 17.174472021150741 ], [ 42.361416701565979, 17.17442443237616 ], [ 42.361447635052784, 17.174353048333113 ], [ 42.361492844566079, 17.174279285164996 ], [ 42.361549952265328, 17.17420552196754 ], [ 42.361580884853829, 17.17414127685495 ], [ 42.361592782141443, 17.174093687137205 ], [ 42.361602298893573, 17.174041339206003 ], [ 42.361647509305186, 17.174022303825065 ], [ 42.361706995743297, 17.174000887624498 ], [ 42.361711755017673, 17.173958057790724 ], [ 42.361673682619305, 17.173934264197257 ], [ 42.361652267681251, 17.173905709821227 ], [ 42.36167844189368, 17.173870018132408 ], [ 42.361749825619412, 17.173815291034519 ], [ 42.361802174942596, 17.173748664965785 ], [ 42.361787898017788, 17.173698696900491 ], [ 42.361730791216864, 17.173686798800102 ], [ 42.361685580805243, 17.17371535320984 ], [ 42.36161895635388, 17.173743906756922 ], [ 42.361623714729937, 17.173696317795429 ], [ 42.361676063154803, 17.173639210682211 ], [ 42.361730791216864, 17.173584481799661 ], [ 42.361795036031033, 17.17352261729571 ], [ 42.361854521570834, 17.173455991980067 ], [ 42.361930664570941, 17.173317983057149 ], [ 42.362006807571063, 17.173208527661043 ], [ 42.362101985872037, 17.173084795806798 ], [ 42.36218764742091, 17.17285874732729 ], [ 42.362325655598006, 17.172708840654913 ], [ 42.362442248837048, 17.172551795643916 ], [ 42.36256360224877, 17.1723543019922 ], [ 42.36268971403657, 17.172199635805192 ], [ 42.362772995049937, 17.17204735119023 ], [ 42.362806307275612, 17.171956932355489 ], [ 42.362822963837608, 17.171883168234054 ], [ 42.362889588288972, 17.1717594363536 ], [ 42.363046631766942, 17.171595253142478 ], [ 42.363106119103364, 17.171428690651819 ], [ 42.363179881567987, 17.171302579332309 ], [ 42.363263164377969, 17.171174088789606 ], [ 42.36341544858157, 17.170988490228197 ], [ 42.363515387055237, 17.170786235768308 ], [ 42.363586769882659, 17.170672022306469 ], [ 42.363648636856276, 17.170548289617816 ], [ 42.363734296608513, 17.170436456014613 ], [ 42.363884202971548, 17.170284169951568 ], [ 42.363950828321229, 17.170208026873144 ], [ 42.364005554586647, 17.170115228848751 ], [ 42.364038867710647, 17.17007953728854 ], [ 42.364065041923077, 17.170036705690659 ], [ 42.364086456861138, 17.169998634962834 ], [ 42.364122148724, 17.169934390109113 ], [ 42.364155460949689, 17.169882041003603 ], [ 42.36420542883905, 17.169813036941463 ], [ 42.364274432927601, 17.169760688659981 ], [ 42.364350575927709, 17.169696442865547 ], [ 42.364386267790586, 17.169646473708198 ], [ 42.364391027064954, 17.169460877050934 ], [ 42.364412442003015, 17.16939187283208 ], [ 42.364445754228697, 17.169322867729264 ], [ 42.364481446989878, 17.169284796854882 ], [ 42.364562349264368, 17.169220550895581 ], [ 42.364617076428104, 17.169139649911681 ], [ 42.364695599065399, 17.169039713000032 ], [ 42.364781258817636, 17.168956431054806 ], [ 42.364855022180556, 17.168885046623164 ], [ 42.364914508618675, 17.168806524660738 ], [ 42.365021584207277, 17.168725622637943 ], [ 42.365104866118955, 17.168680414132794 ], [ 42.365216700083622, 17.168651859805966 ], [ 42.365314258021797, 17.168656619003791 ], [ 42.365383262110342, 17.168668515710383 ], [ 42.365490337698951, 17.168678034105056 ], [ 42.365630726411553, 17.168632823871732 ], [ 42.365687833212476, 17.168561440173814 ], [ 42.365730663088591, 17.168475779700049 ], [ 42.365730663088591, 17.168397258422626 ], [ 42.365763976212598, 17.168318735395381 ], [ 42.365823462650702, 17.168264008375601 ], [ 42.365947194801315, 17.168211659656858 ], [ 42.36606140930148, 17.168187865325997 ], [ 42.366170862730648, 17.168092687113738 ], [ 42.366344366039563, 17.167818866987457 ], [ 42.36656565612833, 17.167565454052433 ], [ 42.366690577648377, 17.167397701782434 ], [ 42.366811930161795, 17.167244226204978 ], [ 42.367029651243946, 17.167105027355518 ], [ 42.367236664407912, 17.166994382129712 ], [ 42.367361585927952, 17.166976535621004 ], [ 42.367465091611621, 17.166994382129712 ], [ 42.367522199310855, 17.16693727466907 ], [ 42.367579306111793, 17.166769522689187 ], [ 42.367550753160479, 17.166587493663851 ], [ 42.36771493644833, 17.166384049954484 ], [ 42.367854133994861, 17.166255560295387 ], [ 42.368036163214143, 17.166166329954113 ], [ 42.368164653740806, 17.166127067972379 ], [ 42.368400220754403, 17.166048547417176 ], [ 42.368610802026659, 17.165987870001089 ], [ 42.368803539164134, 17.165934331895873 ], [ 42.36895701363548, 17.165823686829992 ], [ 42.369081936952149, 17.165663074042399 ], [ 42.369142611861392, 17.16548461360518 ], [ 42.369242550335066, 17.165295447397025 ], [ 42.369306795149235, 17.165166956125525 ], [ 42.36929965713599, 17.165049172095681 ], [ 42.369231842416873, 17.164949234696543 ], [ 42.36913904375308, 17.164892128322833 ], [ 42.369006983321476, 17.164877852155811 ], [ 42.368796401150888, 17.164902835661959 ], [ 42.368603664911731, 17.164956374064896 ], [ 42.368403789761011, 17.165013481277132 ], [ 42.36819320759043, 17.165049172095681 ], [ 42.368064717063774, 17.165042033589199 ], [ 42.367989764331405, 17.165034895940746 ], [ 42.367843426974986, 17.165099140775059 ], [ 42.367711365645079, 17.165159817623568 ], [ 42.367550753160479, 17.165216924773169 ], [ 42.367415123722253, 17.165231200914096 ], [ 42.367265218257529, 17.165252618127482 ], [ 42.367151002859046, 17.165224064131223 ], [ 42.367115311894494, 17.16515624880164 ], [ 42.36708675804487, 17.165063449966127 ], [ 42.36708675804487, 17.164963512574676 ], [ 42.36708675804487, 17.164856436615761 ], [ 42.367140295839178, 17.164770776147453 ], [ 42.36721881757817, 17.164717239407551 ], [ 42.367293771208836, 17.164613732138907 ], [ 42.367333032078321, 17.164499518309029 ], [ 42.36737229294782, 17.164371027344494 ], [ 42.367379431859391, 17.164267519882674 ], [ 42.367440107666937, 17.164185428841389 ], [ 42.36757216809854, 17.164085490976905 ], [ 42.367825581043562, 17.163935584937541 ], [ 42.367900533775916, 17.163821370690126 ], [ 42.36799333243971, 17.163721432629519 ], [ 42.368136100789506, 17.163642911055994 ], [ 42.368232467561612, 17.163639342204885 ], [ 42.368300284077357, 17.163664325877832 ], [ 42.368410927774271, 17.16373214089452 ], [ 42.368539419199244, 17.163878478251782 ], [ 42.368610802026659, 17.163971275963483 ], [ 42.36867147873253, 17.16402124493322 ], [ 42.368774985314516, 17.164074782732296 ], [ 42.36894273760899, 17.164096199220896 ], [ 42.369092643972024, 17.164081922134308 ], [ 42.369235411423496, 17.164017676089387 ], [ 42.36938531688822, 17.163935584937541 ], [ 42.369524516231387, 17.163853492891057 ], [ 42.369653006758057, 17.16373214089452 ], [ 42.369731527598724, 17.163600081404905 ], [ 42.36981362014096, 17.163382359853514 ], [ 42.369852880112134, 17.163239592680391 ], [ 42.369909986913065, 17.163071839931401 ], [ 42.369984939645427, 17.162918365066265 ], [ 42.370113431968726, 17.162729197957802 ], [ 42.370238352590441, 17.162618552696795 ], [ 42.370370413022052, 17.162518615704837 ], [ 42.370531027303272, 17.162375848725326 ], [ 42.370692353948513, 17.16228051475057 ], [ 42.370770876585823, 17.162223408413649 ], [ 42.370952904906787, 17.161962856934188 ], [ 42.371088535243331, 17.161762982190044 ], [ 42.371291977604031, 17.161563108088892 ], [ 42.371420469927322, 17.16148101585091 ], [ 42.37147757672826, 17.161381079104526 ], [ 42.371452592783577, 17.161320401878399 ], [ 42.371491852754744, 17.161191912145256 ], [ 42.371556099365556, 17.161077697925379 ], [ 42.37163819011117, 17.160970622298603 ], [ 42.371759542624581, 17.160924222268928 ], [ 42.371852341288374, 17.160913514700177 ], [ 42.372002247651409, 17.160849269274681 ], [ 42.372359167178423, 17.160520903133062 ], [ 42.372573319253945, 17.160288905739645 ], [ 42.372876700088327, 17.159956972259369 ], [ 42.373108697196969, 17.159703558884313 ], [ 42.373286761252594, 17.159619802383634 ], [ 42.37374342791211, 17.159311553312673 ], [ 42.373868935133714, 17.159171749396386 ], [ 42.373915334914777, 17.159096795694225 ], [ 42.374000994667, 17.158968306137929 ], [ 42.374097363235741, 17.158882644667646 ], [ 42.374261545625266, 17.158779139293841 ], [ 42.374397175063507, 17.158714893129339 ], [ 42.374636311083712, 17.158622093646905 ], [ 42.374875447103918, 17.158668493393922 ], [ 42.375175258931677, 17.158693476877897 ], [ 42.375300181350035, 17.158736307661645 ], [ 42.375492916690867, 17.15877556863251 ], [ 42.375703498861455, 17.158804121904588 ], [ 42.375892666093989, 17.158839813059341 ], [ 42.376085403231464, 17.158868368038195 ], [ 42.376303124313608, 17.158943320115963 ], [ 42.376513705585879, 17.159032549639704 ], [ 42.376724287756467, 17.159132487651014 ], [ 42.376949146851864, 17.159196732812607 ], [ 42.377195420885322, 17.159271685616069 ], [ 42.377377450104603, 17.159307378397553 ], [ 42.377573755350383, 17.159310947331988 ], [ 42.377780767616031, 17.159264547745614 ], [ 42.377948520808822, 17.159182456207322 ], [ 42.378105565185109, 17.159103933571135 ], [ 42.378187656829027, 17.159036118579426 ], [ 42.378077011335478, 17.158932611574567 ], [ 42.3779056909327, 17.1588076908487 ], [ 42.377680830938985, 17.158682769180412 ], [ 42.377448833830343, 17.158564986184004 ], [ 42.377306067277189, 17.158479325385862 ], [ 42.37720969781013, 17.158350835402022 ], [ 42.377138314084398, 17.158229482381422 ], [ 42.37708834529672, 17.158086714676664 ], [ 42.377031237597478, 17.157922532238334 ], [ 42.37702053057761, 17.157733365186534 ], [ 42.377027667692538, 17.157547766051916 ], [ 42.377131175172835, 17.157190847418793 ], [ 42.377223973836628, 17.156901743037352 ], [ 42.377252526787942, 17.156730421582747 ], [ 42.377248957781312, 17.156591223428187 ], [ 42.377178863138006, 17.156463822232372 ], [ 42.377174104761941, 17.156428130620657 ], [ 42.377131273987516, 17.156332952383629 ], [ 42.377097961761834, 17.156244912084667 ], [ 42.37712651471314, 17.156168769252112 ], [ 42.377224072651309, 17.156052176042515 ], [ 42.377326389863853, 17.155935581901325 ], [ 42.377464398939281, 17.155828505882482 ], [ 42.377564335616313, 17.155707153787571 ], [ 42.377602408014688, 17.155607215648352 ], [ 42.377657135178424, 17.15544541293071 ], [ 42.377669031567734, 17.155347854849325 ], [ 42.377671412103233, 17.155231261982383 ], [ 42.377688067766925, 17.155107530153504 ], [ 42.377714241979355, 17.155019490131608 ], [ 42.37775707185547, 17.154929069863833 ], [ 42.377780867329029, 17.154831512369402 ], [ 42.377788005342282, 17.154755368957005 ], [ 42.377830836116708, 17.154595945705186 ], [ 42.377916495868938, 17.154436522316438 ], [ 42.378023572355865, 17.154153366325815 ], [ 42.378145619266988, 17.153785363233972 ], [ 42.378142545232095, 17.153648919909454 ], [ 42.378209169683451, 17.153546603015251 ], [ 42.378256758833949, 17.153479979108504 ], [ 42.378313865634873, 17.153403836000042 ], [ 42.378287692320754, 17.153344349282122 ], [ 42.378268657019881, 17.15330627770398 ], [ 42.378266277382693, 17.153239652852619 ], [ 42.378282933944689, 17.153192063781056 ], [ 42.378321005444754, 17.153115921412851 ], [ 42.378325763820811, 17.153065952939922 ], [ 42.378359076046493, 17.153013604224864 ], [ 42.378394767909356, 17.152970773837179 ], [ 42.37845901362185, 17.152904148865403 ], [ 42.378542294635217, 17.152842282614838 ], [ 42.378604160710509, 17.152804211792084 ], [ 42.378677924073436, 17.152739966134384 ], [ 42.378763583825666, 17.152597199357157 ], [ 42.378911110551527, 17.152394943731245 ], [ 42.379130021003107, 17.15208085609266 ], [ 42.37934175211894, 17.15186057941046 ], [ 42.37996590606992, 17.151060880256949 ], [ 42.380263339158809, 17.150858626390736 ], [ 42.380655949650368, 17.150668269306539 ], [ 42.380941484553311, 17.150442220122859 ], [ 42.381143739341219, 17.15009719859966 ], [ 42.381221720294398, 17.149793072791471 ], [ 42.381233463970112, 17.149649047088143 ], [ 42.381228704695744, 17.14952293469862 ], [ 42.381204910120495, 17.149401581915129 ], [ 42.381164459881568, 17.149308783785081 ], [ 42.381102592907943, 17.149163635808005 ], [ 42.38104310736815, 17.149058939595943 ], [ 42.380993138580472, 17.148925691112698 ], [ 42.380978861655663, 17.148809096787367 ], [ 42.380993138580472, 17.148740091755396 ], [ 42.380966965266353, 17.148594945050519 ], [ 42.380814679266123, 17.148361757628034 ], [ 42.380588629902974, 17.148061945778412 ], [ 42.380381616739008, 17.147852552911264 ], [ 42.380176983212237, 17.147638401788001 ], [ 42.380038974136824, 17.147495635379798 ], [ 42.379922380897774, 17.147412353207553 ], [ 42.379741541946245, 17.147352866286678 ], [ 42.379687784064707, 17.147222877585619 ], [ 42.379667778583325, 17.147160129596543 ], [ 42.379655881295697, 17.14708636677603 ], [ 42.379636845994831, 17.147014983373442 ], [ 42.379629707083268, 17.146955496325273 ], [ 42.379561397392429, 17.14675405603057 ], [ 42.379549500104801, 17.146551800906604 ], [ 42.379549500104801, 17.14636144541582 ], [ 42.379466219091448, 17.146194881733457 ], [ 42.379394836264026, 17.146182985302879 ], [ 42.379371040790467, 17.146111600694645 ], [ 42.379442423617888, 17.146016423177233 ], [ 42.379537602817187, 17.145897450138889 ], [ 42.37960898744123, 17.145742785075086 ], [ 42.37988262505656, 17.145564325226033 ], [ 42.380144366282579, 17.14525499527317 ], [ 42.380846306252337, 17.144779103286545 ], [ 42.381036661955982, 17.144529259011851 ], [ 42.381476861598024, 17.14420803163636 ], [ 42.382012241337691, 17.143839215670223 ], [ 42.382381058152312, 17.143422809971565 ], [ 42.382797464117431, 17.142923122587646 ], [ 42.383261458334729, 17.142137902358236 ], [ 42.38358268599886, 17.141531139271589 ], [ 42.383963400101109, 17.141007656709291 ], [ 42.384118063941877, 17.140650738041707 ], [ 42.384237036818114, 17.140531765858547 ], [ 42.384486880756512, 17.140448483997375 ], [ 42.384617750920356, 17.140353306153322 ], [ 42.384736723796586, 17.140210537578973 ], [ 42.384701032832034, 17.140091565113906 ], [ 42.384605853632742, 17.140008283913811 ], [ 42.384534469906995, 17.139877413626362 ], [ 42.384534469906995, 17.13975844008954 ], [ 42.384593957243432, 17.139556186790628 ], [ 42.384724827407283, 17.139306343216795 ], [ 42.385212617098134, 17.138759066583134 ], [ 42.385462459239911, 17.13835455758927 ], [ 42.385700404992356, 17.138092818026138 ], [ 42.385819377868586, 17.137866768988427 ], [ 42.385950248930754, 17.137700207131683 ], [ 42.385724199567605, 17.1375574390939 ], [ 42.385141231575766, 17.137616924859678 ], [ 42.384736722898268, 17.137724001078627 ], [ 42.384272728680983, 17.137712104105532 ], [ 42.38395150191517, 17.137664515347129 ], [ 42.383689759790833, 17.13759313089902 ], [ 42.383535095950052, 17.137367082111833 ], [ 42.383368533025013, 17.137200518948728 ], [ 42.383071100834435, 17.13710534201611 ], [ 42.382500030130224, 17.136807908744171 ], [ 42.382250187090143, 17.136760318895757 ], [ 42.382024137727001, 17.136653243838346 ], [ 42.381952754001254, 17.136534270812298 ], [ 42.381869472987901, 17.136379605678712 ], [ 42.381774293788609, 17.136343913640495 ], [ 42.381667218199993, 17.136320118658393 ], [ 42.381548246222081, 17.136284428325617 ], [ 42.381381684195361, 17.136248735410682 ], [ 42.3812508131332, 17.136070275883785 ], [ 42.381143736646273, 17.135879919095103 ], [ 42.381143736646273, 17.13560628065515 ], [ 42.381203223982702, 17.135344539796133 ], [ 42.381298402283683, 17.134940031953477 ], [ 42.381381684195361, 17.134583112790075 ], [ 42.381429273345852, 17.134416549706941 ], [ 42.381524450748522, 17.134357063775116 ], [ 42.381667218199993, 17.134380859008576 ], [ 42.381845678412652, 17.134499831696388 ], [ 42.382083624165112, 17.134666393846441 ], [ 42.382309672629951, 17.134713983372656 ], [ 42.382500030130224, 17.134702086206858 ], [ 42.382607105718833, 17.134642598649545 ], [ 42.382714181307442, 17.134583112790075 ], [ 42.382892640621776, 17.134654496677594 ], [ 42.383118689984933, 17.134773470048675 ], [ 42.383285252909971, 17.134821058689027 ], [ 42.383523198662424, 17.134761572028243 ], [ 42.383511301374803, 17.13451172887514 ], [ 42.383475608613622, 17.134309475015954 ], [ 42.383475608613622, 17.134012042419741 ], [ 42.383511301374803, 17.133738403804788 ], [ 42.383606479675784, 17.133250614246577 ], [ 42.383892014578734, 17.13279851699259 ], [ 42.384356009694343, 17.132096575672978 ], [ 42.38446018821616, 17.131968720720085 ], [ 42.384531950132626, 17.131771799403086 ], [ 42.384570021632683, 17.131748004694053 ], [ 42.384658061022101, 17.131671862119749 ], [ 42.384750859685902, 17.131600477945131 ], [ 42.384865074186074, 17.131514817586169 ], [ 42.384969770137488, 17.131467228099261 ], [ 42.385074466088909, 17.131402981929227 ], [ 42.385183922213024, 17.131314941830979 ], [ 42.385281479252868, 17.131217384810025 ], [ 42.385383795567101, 17.131124586180931 ], [ 42.385521804642522, 17.13108175503827 ], [ 42.385612224567438, 17.131103170181607 ], [ 42.385655055341871, 17.131174555405668 ], [ 42.385743094731289, 17.131222143250582 ], [ 42.38587158615627, 17.131224522900048 ], [ 42.385983421019247, 17.131219763601091 ], [ 42.386104772634347, 17.13118883073027 ], [ 42.386238023333703, 17.131129344623869 ], [ 42.386356996209933, 17.130958022573775 ], [ 42.38635937494881, 17.130858085711385 ], [ 42.386347477661182, 17.130748630173336 ], [ 42.386345098922313, 17.130617760232518 ], [ 42.386380790785182, 17.130510685070028 ], [ 42.386464071798542, 17.130417886088136 ], [ 42.386590183586328, 17.130306049771239 ], [ 42.386723434285678, 17.130175180377297 ], [ 42.38681147367511, 17.130096659211791 ], [ 42.386847164639669, 17.130032413426527 ], [ 42.386880477763654, 17.129965787953509 ], [ 42.386954241126581, 17.129925337068411 ], [ 42.386989932091133, 17.129892025174161 ], [ 42.387054177803627, 17.129801604692648 ], [ 42.38713270133924, 17.129739739332351 ], [ 42.387168392303792, 17.129651699304826 ], [ 42.387204084166669, 17.129561280423353 ], [ 42.387246914941102, 17.129518448920489 ], [ 42.38737540456944, 17.129420891815197 ], [ 42.387446789193497, 17.129330471962994 ], [ 42.387477721781991, 17.129228155409105 ], [ 42.38748248105636, 17.129144873633042 ], [ 42.387461066118298, 17.129080629235784 ], [ 42.387451547569562, 17.128990209218085 ], [ 42.387458687379429, 17.128916446051647 ], [ 42.387508655268796, 17.128840303175991 ], [ 42.387603833569777, 17.128733226989713 ], [ 42.387675218193834, 17.128635670330837 ], [ 42.38774184174688, 17.128540490729169 ], [ 42.387791811432876, 17.128338237240424 ], [ 42.387841780220555, 17.128181193324487 ], [ 42.387922680698409, 17.127976558036917 ], [ 42.387982168034839, 17.12785996515877 ], [ 42.388072587061451, 17.127750509572451 ], [ 42.388120177110252, 17.127679125608996 ], [ 42.388208217397988, 17.127581568396998 ], [ 42.388310533712222, 17.127488768811453 ], [ 42.388374779424716, 17.127398349736509 ], [ 42.388436644601697, 17.127293653278024 ], [ 42.388600340104347, 17.127177096027708 ], [ 42.388752397932492, 17.126978242349654 ], [ 42.38884129341637, 17.126873658115422 ], [ 42.388836394004819, 17.126801103707319 ], [ 42.388841153279188, 17.126713064863647 ], [ 42.388841153279188, 17.126646439918051 ], [ 42.388867326593314, 17.126572676680212 ], [ 42.388891122965191, 17.126525086786661 ], [ 42.388931573204111, 17.126453703211212 ], [ 42.388916413235378, 17.12635895688436 ], [ 42.388943469593428, 17.126296657703495 ], [ 42.389012473681966, 17.126220516330374 ], [ 42.389071961018402, 17.12613247635332 ], [ 42.389111848911959, 17.126033696707978 ], [ 42.389093375956463, 17.125937360255104 ], [ 42.389067202642337, 17.125832662973959 ], [ 42.389026750606781, 17.12573034792911 ], [ 42.389021993129042, 17.125656584327857 ], [ 42.389026750606781, 17.125549508025035 ], [ 42.389060062832456, 17.125440053654053 ], [ 42.389105273244084, 17.125349633582836 ], [ 42.389119549270575, 17.12523303991593 ], [ 42.38920758866, 17.124947504324147 ], [ 42.389274214907985, 17.124807114807709 ], [ 42.389343218996537, 17.124728593950568 ], [ 42.389414602722283, 17.124678624710324 ], [ 42.389509781023257, 17.124638174391897 ], [ 42.389595441673805, 17.124602481816169 ], [ 42.389640652085426, 17.124547753930766 ], [ 42.389659687386299, 17.124476371313218 ], [ 42.3896860008376, 17.124410915689253 ], [ 42.389759624961656, 17.124347880128809 ], [ 42.389763908128934, 17.124177193123199 ], [ 42.389781179138588, 17.124125381410582 ], [ 42.389802454837778, 17.124031410833211 ], [ 42.389807213213835, 17.123971925012238 ], [ 42.389816731762579, 17.123898160713466 ], [ 42.389738209125284, 17.123731599217265 ], [ 42.389643030824296, 17.123629282157893 ], [ 42.389593062036617, 17.123550760803418 ], [ 42.389552611797697, 17.123465099311154 ], [ 42.389562129448123, 17.123384198137579 ], [ 42.389638272448238, 17.123298538285578 ], [ 42.389807213213835, 17.123196220987946 ], [ 42.389888114590008, 17.123129594782302 ], [ 42.389947601926437, 17.123055831866417 ], [ 42.390076093351418, 17.122924961661848 ], [ 42.390147476178839, 17.122820266118687 ], [ 42.390225998816135, 17.122637047917834 ], [ 42.390280725979871, 17.122494278613029 ], [ 42.390328316028679, 17.122437172062323 ], [ 42.390390182103985, 17.122356271300092 ], [ 42.390509154980208, 17.12223729770901 ], [ 42.390645960313144, 17.122148164691023 ], [ 42.390894628356833, 17.12195652220478 ], [ 42.391237269162396, 17.12173047157324 ], [ 42.391406211724615, 17.121668606103071 ], [ 42.391577532127393, 17.121585326092237 ], [ 42.391677469702756, 17.121516321252834 ], [ 42.391832135340174, 17.121380692131183 ], [ 42.391915416353534, 17.121290271803293 ], [ 42.391977282428833, 17.121176057944986 ], [ 42.392109562947674, 17.120977821125727 ], [ 42.392196332119291, 17.120925004927191 ], [ 42.392249983101316, 17.120861886627054 ], [ 42.392353237256707, 17.120811999623111 ], [ 42.392431758995684, 17.120750134705954 ], [ 42.392500763982561, 17.120645438797073 ], [ 42.392545146147476, 17.120524796887551 ], [ 42.392581665358726, 17.120421768935358 ], [ 42.392648289810083, 17.120343247085223 ], [ 42.39281499556725, 17.120247071660046 ], [ 42.393386062678211, 17.119759069853039 ], [ 42.393660913917479, 17.119464586154301 ], [ 42.393766636643271, 17.119403360381913 ], [ 42.393849917656631, 17.119362908916166 ], [ 42.393897506807129, 17.119305802262566 ], [ 42.393940336683237, 17.119220141390773 ], [ 42.394008122656267, 17.119092576347256 ], [ 42.394052310785085, 17.119045231792096 ], [ 42.394171680716674, 17.118914309830206 ], [ 42.394321049887175, 17.118789459207122 ], [ 42.394451920051019, 17.118689520955964 ], [ 42.394563755812314, 17.11855627130177 ], [ 42.394604206051248, 17.118453953970999 ], [ 42.394672300146411, 17.118303627346471 ], [ 42.394806459940838, 17.118156521766508 ], [ 42.394946848653433, 17.118092277007232 ], [ 42.395099134653663, 17.118037548923272 ], [ 42.395389918412818, 17.117996459279823 ], [ 42.395468089808837, 17.117974474286445 ], [ 42.395767677057783, 17.117846989948244 ], [ 42.396384042615253, 17.117523584748024 ], [ 42.396743995752963, 17.117352918952648 ], [ 42.396938457655786, 17.117254707279848 ], [ 42.3970431536072, 17.117171425292895 ], [ 42.397145470819744, 17.117066729086918 ], [ 42.397204957257863, 17.116995345315356 ], [ 42.397216853647159, 17.116912064070831 ], [ 42.397204957257863, 17.116838301264931 ], [ 42.397185921058664, 17.116807367718899 ], [ 42.397164506120617, 17.116816885337364 ], [ 42.397147849558614, 17.116883511228579 ], [ 42.397093122394878, 17.116923960657886 ], [ 42.397055050894821, 17.116940617767231 ], [ 42.397026497943514, 17.116914443903418 ], [ 42.397016979394756, 17.116885890203005 ], [ 42.397014600655886, 17.116847818023285 ], [ 42.397022610034966, 17.116800727879067 ], [ 42.397012221018706, 17.116781193836342 ], [ 42.39696225223102, 17.116771675357523 ], [ 42.396898007416858, 17.116735983847825 ], [ 42.396862314655664, 17.11665746215898 ], [ 42.396819484779556, 17.11654562701057 ], [ 42.396788551292744, 17.116426653995703 ], [ 42.396781413279491, 17.116376685100722 ], [ 42.396824244053924, 17.116345752336478 ], [ 42.396827276766331, 17.116259654827783 ], [ 42.396812485106864, 17.116237467016422 ], [ 42.396729204093496, 17.116023316382126 ], [ 42.396598333929646, 17.115916239684751 ], [ 42.396588341070427, 17.115912764355016 ], [ 42.396503016389794, 17.115850824833505 ], [ 42.396428772428195, 17.115857262094082 ], [ 42.396248414075338, 17.11587937783424 ], [ 42.396053298199, 17.11587461900109 ], [ 42.395827248835843, 17.11587461900109 ], [ 42.395674962835621, 17.115857961796305 ], [ 42.395599890627324, 17.115811909364989 ], [ 42.395482228393092, 17.115846065141092 ], [ 42.395227625180326, 17.115860341642374 ], [ 42.394895638394033, 17.115904277784974 ], [ 42.394837532666514, 17.115916239684751 ], [ 42.394409333618341, 17.115958015753002 ], [ 42.394211594661378, 17.115984073849845 ], [ 42.394009340771788, 17.116017387376818 ], [ 42.393769016280459, 17.116076874024618 ], [ 42.39356365601661, 17.11614939827507 ], [ 42.393190805766359, 17.116243434648506 ], [ 42.392995689890029, 17.116286264916116 ], [ 42.392852923336861, 17.116314818708556 ], [ 42.392744463444409, 17.116288819896489 ], [ 42.392648288911772, 17.116274368288295 ], [ 42.39262449433653, 17.116245815348172 ], [ 42.392588803371979, 17.116243434648506 ], [ 42.392545972597546, 17.116255332136834 ], [ 42.392450794296558, 17.116281506951903 ], [ 42.392310405583963, 17.116333854853927 ], [ 42.392115289707611, 17.116381443921036 ], [ 42.391870205043595, 17.116421895176547 ], [ 42.391732196866499, 17.116452827928139 ], [ 42.391560874667086, 17.116488520350678 ], [ 42.39138717462712, 17.116519453091197 ], [ 42.391263443374832, 17.116552764805249 ], [ 42.391125434299411, 17.11657893871994 ], [ 42.391015979073622, 17.116612252140399 ], [ 42.390849417046901, 17.116671737739477 ], [ 42.390720924723603, 17.116716948602132 ], [ 42.390359247718862, 17.116826404672398 ], [ 42.389885734952813, 17.116935858961224 ], [ 42.389405084173532, 17.117031037633826 ], [ 42.388927155289551, 17.117125309655879 ], [ 42.388622241030973, 17.117152390950274 ], [ 42.388174901579049, 17.117185703409525 ], [ 42.387889366676092, 17.117192841179644 ], [ 42.387665697848448, 17.117183322721882 ], [ 42.387365886020689, 17.11715476992126 ], [ 42.387108904069045, 17.117102422250209 ], [ 42.386820988630603, 17.117038176268402 ], [ 42.386561627940075, 17.11696917231777 ], [ 42.386111909749282, 17.116816886195892 ], [ 42.385745472571848, 17.116664600807891 ], [ 42.385459936770587, 17.116571801784801 ], [ 42.385212474266005, 17.116495659006077 ], [ 42.384948353402798, 17.116426654854227 ], [ 42.384665197238725, 17.116360029657944 ], [ 42.384412973663139, 17.116300543100678 ], [ 42.384136957308939, 17.116243436365561 ], [ 42.383825248193553, 17.116164915327371 ], [ 42.383508779803797, 17.116062598398479 ], [ 42.383211346714916, 17.115950763751034 ], [ 42.382842530798605, 17.115836550048556 ], [ 42.382556994997344, 17.115736611928213 ], [ 42.382307151957264, 17.115655709968941 ], [ 42.382033514341941, 17.115543875935458 ], [ 42.381864571779708, 17.115498665646289 ], [ 42.381771773115915, 17.115462973892384 ], [ 42.381676594814927, 17.115422523286924 ], [ 42.381598072177631, 17.115374933974547 ], [ 42.38149575496508, 17.115339243055445 ], [ 42.381388679376485, 17.115298790706017 ], [ 42.381288741801121, 17.115258340064862 ], [ 42.380900889685627, 17.115072743145209 ], [ 42.380641528995106, 17.114958528045229 ], [ 42.380339338428485, 17.114822899293674 ], [ 42.380169791300069, 17.114737238074877 ], [ 42.380127565990144, 17.114689650304303 ], [ 42.380065699016519, 17.114644439807574 ], [ 42.380022869140404, 17.114603988165626 ], [ 42.379906275901362, 17.114539743038179 ], [ 42.379803958688825, 17.114492154358562 ], [ 42.37969450256471, 17.114442184944057 ], [ 42.379630257750534, 17.114401734116676 ], [ 42.379568391675228, 17.114339867926375 ], [ 42.37948749029907, 17.114275622707737 ], [ 42.37940658892289, 17.114230413827485 ], [ 42.379320929170653, 17.114182824210218 ], [ 42.379220989798675, 17.114137613590344 ], [ 42.379121053121622, 17.114070990150022 ], [ 42.379021116444576, 17.114001985098973 ], [ 42.378928316882465, 17.113966293057981 ], [ 42.378821241293871, 17.113894909813997 ], [ 42.378595192829039, 17.113775936821309 ], [ 42.378438147554427, 17.113633167584304 ], [ 42.378369144364193, 17.113585578672826 ], [ 42.37829775974015, 17.113526092945648 ], [ 42.378181165602783, 17.113490400813379 ], [ 42.378076469651361, 17.113414257632225 ], [ 42.377890872323782, 17.113300044089893 ], [ 42.377740965960747, 17.113183450597184 ], [ 42.377679099885441, 17.113147758399197 ], [ 42.377593440133204, 17.11308113374594 ], [ 42.377510158221533, 17.113033543834753 ], [ 42.37745780979666, 17.112990713676968 ], [ 42.377388805708108, 17.112933606784591 ], [ 42.377298386681503, 17.112871740964732 ], [ 42.377127065380407, 17.112707558926214 ], [ 42.377005712866996, 17.112583827115646 ], [ 42.376939088415632, 17.112517202260499 ], [ 42.376858186141149, 17.112460095222811 ], [ 42.376796320065843, 17.112400609135857 ], [ 42.37669638338879, 17.112312568627676 ], [ 42.376644034065613, 17.112257841419339 ], [ 42.376605962565563, 17.112198355267736 ], [ 42.376555993777878, 17.112155524059187 ], [ 42.376489370224839, 17.112117452628688 ], [ 42.376410846689218, 17.112062725362975 ], [ 42.376318048025425, 17.111960408754097 ], [ 42.376111034861459, 17.111779569200266 ], [ 42.375787427560141, 17.111510690300278 ], [ 42.375468580431509, 17.111229914061504 ], [ 42.375330571356095, 17.111110941082174 ], [ 42.375223494869168, 17.110999106034487 ], [ 42.375052173568079, 17.110818267263681 ], [ 42.374890370815741, 17.110689776089835 ], [ 42.374749983001443, 17.110566043796315 ], [ 42.374716669877451, 17.110482763108546 ], [ 42.374711910603075, 17.110428036220696 ], [ 42.374692875302202, 17.110397103326168 ], [ 42.37463338886409, 17.110325718713142 ], [ 42.374540590200297, 17.110247196895024 ], [ 42.374435894248876, 17.110180571203394 ], [ 42.374326438124768, 17.110087773239556 ], [ 42.374219363434477, 17.10996166062435 ], [ 42.37402662719532, 17.109783200769339 ], [ 42.373871960659592, 17.109635674627988 ], [ 42.373714917181616, 17.109533358401979 ], [ 42.373610221230201, 17.10943818018729 ], [ 42.373510283654845, 17.109352519924172 ], [ 42.373415105353864, 17.109288273842399 ], [ 42.373346101265305, 17.10924068381992 ], [ 42.373300890853699, 17.109150265319364 ], [ 42.373200954176653, 17.109043189818681 ], [ 42.373160502141097, 17.10898370263963 ], [ 42.373098636964109, 17.108909940125301 ], [ 42.373015355052438, 17.108843313955003 ], [ 42.372932074937388, 17.108760034213553 ], [ 42.372872587600959, 17.108671993700394 ], [ 42.372832137362032, 17.108605368303483 ], [ 42.372758373999098, 17.108507811391352 ], [ 42.372546601560764, 17.108284140676314 ], [ 42.372468078923468, 17.108177064677406 ], [ 42.372430008321722, 17.108093783779321 ], [ 42.372377659896856, 17.108012881931838 ], [ 42.372208718232947, 17.107808249356697 ], [ 42.37188749056881, 17.107396601860177 ], [ 42.371635267891541, 17.107115826283984 ], [ 42.371513916276442, 17.106989715089554 ], [ 42.371463946590453, 17.106911191864185 ], [ 42.371435392740828, 17.106844568412789 ], [ 42.371418737975468, 17.106785081389706 ], [ 42.371375907201035, 17.106701799010317 ], [ 42.371337835700977, 17.106642312800187 ], [ 42.371309281851353, 17.106578068358758 ], [ 42.371316419864598, 17.106537615822187 ], [ 42.371342594975346, 17.106492406779502 ], [ 42.371352111727468, 17.106449575975091 ], [ 42.371323558776162, 17.106380572391238 ], [ 42.371271211249613, 17.106297290689461 ], [ 42.371233138851238, 17.106204493365443 ], [ 42.37122837957687, 17.106097417028927 ], [ 42.37127596872736, 17.106054586992219 ], [ 42.37133545606379, 17.106021273399072 ], [ 42.371375907201035, 17.105949889683703 ], [ 42.371399841015148, 17.105886815242869 ], [ 42.37147822261695, 17.105847573148989 ], [ 42.371513916276442, 17.105757153000344 ], [ 42.371532951577315, 17.105695288229509 ], [ 42.371554365617051, 17.105652458100291 ], [ 42.37154008959056, 17.105609627102641 ], [ 42.371516295015311, 17.10556441697603 ], [ 42.371456808577207, 17.105488274845339 ], [ 42.371371147926659, 17.105381199814058 ], [ 42.371295004926544, 17.105278882966815 ], [ 42.371171272775946, 17.105169426973781 ], [ 42.371073714837763, 17.105090906414969 ], [ 42.371018987674034, 17.10500524415145 ], [ 42.370997572735973, 17.104933860905099 ], [ 42.370999952373161, 17.104886270628025 ], [ 42.370997572735973, 17.104841062042922 ], [ 42.370966639249161, 17.104807749949803 ], [ 42.370859563660559, 17.104724468403042 ], [ 42.370662069045338, 17.104555526924358 ], [ 42.370505023770747, 17.104417518327082 ], [ 42.370424123292878, 17.104300924421981 ], [ 42.370381290721824, 17.104205746107862 ], [ 42.370388428735076, 17.104124844287966 ], [ 42.370416982584686, 17.104067737251327 ], [ 42.370440778058253, 17.104029665883839 ], [ 42.370367014695333, 17.103910692595619 ], [ 42.370305148620027, 17.103829790647517 ], [ 42.370255179832348, 17.10374413037955 ], [ 42.370217109230609, 17.103639434347556 ], [ 42.370193313757042, 17.10354425483672 ], [ 42.370090998341126, 17.103353898244851 ], [ 42.370045787929513, 17.103270617764995 ], [ 42.370017234079889, 17.103180198082068 ], [ 42.369988680230271, 17.103106434985506 ], [ 42.369952988367395, 17.103027911839529 ], [ 42.36992205488059, 17.102996980291149 ], [ 42.369895880668153, 17.102970805325057 ], [ 42.369869708252352, 17.102932733733287 ], [ 42.369845911880475, 17.102878007201689 ], [ 42.369838774765547, 17.102828038103667 ], [ 42.369838774765547, 17.102770930669308 ], [ 42.369829256216796, 17.102723342415178 ], [ 42.36976263176544, 17.102606748307828 ], [ 42.369629381964394, 17.10238545824901 ], [ 42.369543721313846, 17.102252208083492 ], [ 42.369436644826919, 17.10203805681325 ], [ 42.369331948875505, 17.101854837898564 ], [ 42.369301016287011, 17.101788214355068 ], [ 42.369301016287011, 17.101726348265537 ], [ 42.36931053303914, 17.101688276419338 ], [ 42.369346225800321, 17.101624031127148 ], [ 42.369355742552436, 17.101564544153334 ], [ 42.369336708149881, 17.101474125359182 ], [ 42.36929149773826, 17.10131232102783 ], [ 42.369227252924091, 17.101193347720653 ], [ 42.369184422149658, 17.101088651971715 ], [ 42.369182043410781, 17.100998232087903 ], [ 42.369191561061221, 17.100933987416258 ], [ 42.369224873286903, 17.100888777871596 ], [ 42.36927960134895, 17.10084594577819 ], [ 42.369312912676321, 17.100805496289283 ], [ 42.369336708149881, 17.100731733110685 ], [ 42.369334329411004, 17.100655589862438 ], [ 42.369322431225072, 17.100586585848582 ], [ 42.369320051587884, 17.100534237810919 ], [ 42.369339087787075, 17.100496165721012 ], [ 42.369377159287133, 17.100458095340521 ], [ 42.369386676039248, 17.100389090394895 ], [ 42.369389055676429, 17.100312947865159 ], [ 42.369370020375563, 17.100222527604732 ], [ 42.369360501826819, 17.100144005818525 ], [ 42.369374778751613, 17.100053586334678 ], [ 42.369465198676551, 17.09992033621786 ], [ 42.369588930827149, 17.099808502175403 ], [ 42.369758011729935, 17.099652627640882 ], [ 42.369924573756641, 17.099248118602834 ], [ 42.370070322716543, 17.099093261049386 ], [ 42.370148104243746, 17.099049454023138 ], [ 42.370186174845486, 17.098978070210944 ], [ 42.370181415571103, 17.098939998661535 ], [ 42.370181415571103, 17.0988733740753 ], [ 42.370171898818981, 17.09880674860662 ], [ 42.370155242256985, 17.098735364701408 ], [ 42.370160002429685, 17.098671120107795 ], [ 42.370193313757042, 17.098616392323873 ], [ 42.370229005619912, 17.098592596808913 ], [ 42.370269455858846, 17.09857594063352 ], [ 42.37028611331916, 17.09854262913688 ], [ 42.370283732783655, 17.098511695984925 ], [ 42.370255179832348, 17.098476004408504 ], [ 42.370224247243854, 17.098433172618829 ], [ 42.370188555380984, 17.09838082569313 ], [ 42.37013144768175, 17.098280887646201 ], [ 42.370102894730437, 17.098221401321787 ], [ 42.370067201969256, 17.098147637978371 ], [ 42.370069581606444, 17.098073873747133 ], [ 42.37008623816844, 17.098007249709696 ], [ 42.370117170756934, 17.097947763297892 ], [ 42.370145724606552, 17.097885896791258 ], [ 42.370190935018172, 17.097812134173594 ], [ 42.370245662181908, 17.097728852932782 ], [ 42.370276594770409, 17.097662227913325 ], [ 42.370288491159712, 17.097586085986045 ], [ 42.370271834597716, 17.097521840137421 ], [ 42.370245661283597, 17.097467112874426 ], [ 42.370226625084413, 17.097374312867313 ], [ 42.370233763995977, 17.097319586419591 ], [ 42.370226625084413, 17.097271996772534 ], [ 42.370212348159598, 17.097217268577523 ], [ 42.37020758978354, 17.097157782772047 ], [ 42.370212348159598, 17.097095916861658 ], [ 42.370236143633164, 17.097038810245493 ], [ 42.370236143633164, 17.096991219668084 ], [ 42.370202831407475, 17.096943630795753 ], [ 42.370145723708234, 17.096884144044274 ], [ 42.370090997442809, 17.096817519581304 ], [ 42.370038648119632, 17.096722340877118 ], [ 42.369995818243517, 17.096598608746547 ], [ 42.369983920955896, 17.09653198418146 ], [ 42.369986299694766, 17.096429666765399 ], [ 42.370038648119632, 17.096317833202967 ], [ 42.370071961243625, 17.096232172055746 ], [ 42.370181414672786, 17.096077506902038 ], [ 42.370442622299535, 17.095688971657079 ], [ 42.370495643562549, 17.095631339131966 ], [ 42.370650309199959, 17.095417187118123 ], [ 42.370704897124831, 17.09538746410804 ], [ 42.370719174049647, 17.095313699642425 ], [ 42.370712035138077, 17.095244695366851 ], [ 42.370666825624767, 17.095144758213277 ], [ 42.370621616111471, 17.095061476638591 ], [ 42.370550232385732, 17.094971058122066 ], [ 42.370488367208743, 17.094894915094791 ], [ 42.370412224208629, 17.09479973712557 ], [ 42.37025517893403, 17.094616517959704 ], [ 42.370086237270122, 17.094395227852655 ], [ 42.369972022769957, 17.094214389270391 ], [ 42.369929192893835, 17.094123968625489 ], [ 42.369905398318593, 17.094024031729365 ], [ 42.369922053982279, 17.093971684423309 ], [ 42.369929192893835, 17.093907439045449 ], [ 42.369917294707896, 17.093864607922605 ], [ 42.369888741756597, 17.093809881302487 ], [ 42.369857809168103, 17.093740875611289 ], [ 42.369843532243287, 17.093676631012471 ], [ 42.369814978393677, 17.09356717592846 ], [ 42.369769768880367, 17.093455340647711 ], [ 42.369753112318371, 17.093360161943068 ], [ 42.36976739014149, 17.09330067576462 ], [ 42.369766678675788, 17.093204228777374 ], [ 42.369791183818428, 17.093167425969071 ], [ 42.369814978393677, 17.093124596393384 ], [ 42.369864948079666, 17.093081765949208 ], [ 42.369903018681406, 17.093065109281088 ], [ 42.369974402407138, 17.093046073332456 ], [ 42.369986299694766, 17.093000863590628 ], [ 42.369967264393892, 17.092946135858167 ], [ 42.369943469818644, 17.092896168388876 ], [ 42.369919675243402, 17.092824783077425 ], [ 42.369919675243402, 17.09277481471695 ], [ 42.369931571632705, 17.092710569785037 ], [ 42.369933952168218, 17.092641565403973 ], [ 42.369919675243402, 17.092596356422636 ], [ 42.369883983380539, 17.092522591710612 ], [ 42.369855430429226, 17.092472623269099 ], [ 42.369834013694543, 17.092427413388133 ], [ 42.369831634955673, 17.092370307058221 ], [ 42.36983877386723, 17.092334615163818 ], [ 42.369862568442471, 17.092303681839681 ], [ 42.369900639044218, 17.092277507946825 ], [ 42.369938711442593, 17.092253713339467 ], [ 42.369962505119517, 17.092206124115634 ], [ 42.369943469818644, 17.092153776298836 ], [ 42.369922053982279, 17.092084771711576 ], [ 42.369905398318593, 17.092015767098761 ], [ 42.369912537230149, 17.091939624581016 ], [ 42.369922053982279, 17.091894415429373 ], [ 42.369972162907132, 17.09182420092068 ], [ 42.370038648119632, 17.091827790040679 ], [ 42.37008147799574, 17.09183016933526 ], [ 42.370107652208183, 17.09180875396563 ], [ 42.370112410584241, 17.091763543923594 ], [ 42.37009813455775, 17.091706437390222 ], [ 42.370074339982501, 17.091637432637302 ], [ 42.370052925044448, 17.091544634019563 ], [ 42.370026750832011, 17.091404245926988 ], [ 42.370050949649141, 17.091332295056596 ], [ 42.370086237270122, 17.091261478426823 ], [ 42.370123333199778, 17.091254212583276 ], [ 42.370186174845486, 17.091209130344648 ], [ 42.370233763995977, 17.091156782247765 ], [ 42.3702908707969, 17.091128228890295 ], [ 42.370336081208521, 17.091099673811158 ], [ 42.370395566748321, 17.091044947237595 ], [ 42.370402703863249, 17.090949769019002 ], [ 42.370412223310318, 17.090797483081229 ], [ 42.370432869290489, 17.090657710933975 ], [ 42.370459951699672, 17.090586882026788 ], [ 42.370607339186662, 17.090514327211828 ], [ 42.370683481288452, 17.090464359090433 ], [ 42.3707096563992, 17.090392973706017 ], [ 42.370712034239759, 17.090319210697704 ], [ 42.370735828815, 17.090238309715648 ], [ 42.370785797602679, 17.090166925961938 ], [ 42.370845284040804, 17.090083643879623 ], [ 42.370838146027552, 17.090021779054837 ], [ 42.370804832903552, 17.08993849690766 ], [ 42.370745485704312, 17.089837352221689 ], [ 42.370742966828246, 17.089736244402811 ], [ 42.370787607707982, 17.089661206037643 ], [ 42.370864320239988, 17.089605373098667 ], [ 42.370909529753291, 17.089553025409927 ], [ 42.370911909390479, 17.089486400042773 ], [ 42.370928565952475, 17.089424534161072 ], [ 42.370954740164905, 17.089372186421539 ], [ 42.370973776364096, 17.08934363279063 ], [ 42.370999948779897, 17.089288904842721 ], [ 42.37097139582859, 17.08920086542912 ], [ 42.370940463240103, 17.089065235089336 ], [ 42.370957118903782, 17.08898909308332 ], [ 42.371016606240211, 17.08892484684624 ], [ 42.371066574129571, 17.088860602304319 ], [ 42.371092749240326, 17.088782080022575 ], [ 42.371095127080885, 17.08873687010491 ], [ 42.371073713041142, 17.088689280841628 ], [ 42.371049919364211, 17.088636932036916 ], [ 42.371021363717958, 17.088575066731888 ], [ 42.370992810766644, 17.088437058316124 ], [ 42.370980914377341, 17.088320463853805 ], [ 42.370992810766644, 17.088163419660763 ], [ 42.371007086793142, 17.087832674600548 ], [ 42.371026855119283, 17.087630435266327 ], [ 42.371197585328922, 17.087434095575126 ], [ 42.371199167262141, 17.087429713826037 ], [ 42.371295003129909, 17.087394853887108 ], [ 42.371335453368843, 17.087318711198691 ], [ 42.371344971917594, 17.087237808914164 ], [ 42.371342592280399, 17.087187840772955 ], [ 42.371361626682955, 17.08711883606426 ], [ 42.371397319444142, 17.087033175840084 ], [ 42.371423492758261, 17.086959412360677 ], [ 42.371444908594633, 17.086923721147301 ], [ 42.371502016293874, 17.0868808909953 ], [ 42.371616229895736, 17.086814264672924 ], [ 42.371642404108165, 17.086759537699624 ], [ 42.371687612723157, 17.086695292411338 ], [ 42.371751859333955, 17.086604873270019 ], [ 42.371806587396009, 17.086547766014586 ], [ 42.371882728599495, 17.086471622980124 ], [ 42.371947115347481, 17.086351440638929 ], [ 42.372054190037773, 17.086184878179218 ], [ 42.372141492808666, 17.086146076724543 ], [ 42.372242027763683, 17.086150395821093 ], [ 42.372268201976119, 17.086148015595327 ], [ 42.372330068051419, 17.086107564632727 ], [ 42.372434230403556, 17.086046045389949 ], [ 42.372458942158715, 17.086039541840083 ], [ 42.37255373777738, 17.085981453812511 ], [ 42.372775027866155, 17.08588389621362 ], [ 42.372929691706936, 17.085819650623527 ], [ 42.373050021937559, 17.085752902849482 ], [ 42.373139085406407, 17.085714954822173 ], [ 42.373196192207331, 17.085655467920716 ], [ 42.373279473220691, 17.08548890569779 ], [ 42.373350856048113, 17.085317585429348 ], [ 42.373441275973043, 17.085153402284334 ], [ 42.373500763309465, 17.08506298239509 ], [ 42.373550732097144, 17.084967802839031 ], [ 42.373581664685638, 17.084846451732595 ], [ 42.373647568688135, 17.084742293773118 ], [ 42.373712534849496, 17.084663233085113 ], [ 42.373824367915837, 17.084596607687441 ], [ 42.3739861715665, 17.084503808998722 ], [ 42.374109903717105, 17.084441943180583 ], [ 42.374249103958583, 17.084430642156374 ], [ 42.374324054894316, 17.084384836121203 ], [ 42.374376404217493, 17.084377697093544 ], [ 42.374417538972672, 17.084369434059386 ], [ 42.374431779964873, 17.084334649111611 ], [ 42.374418362727788, 17.084294728417188 ], [ 42.37441685355811, 17.084206375803888 ], [ 42.374383542230753, 17.084177823098976 ], [ 42.374343091093507, 17.084177823098976 ], [ 42.374319297416569, 17.084132612923245 ], [ 42.374307400128949, 17.084032675821366 ], [ 42.374304634216188, 17.083921720974434 ], [ 42.374305266630152, 17.083792300188573 ], [ 42.374344614636222, 17.083719224086895 ], [ 42.374385920969615, 17.083740002387973 ], [ 42.374395440416691, 17.083775693352237 ], [ 42.374412095182052, 17.083828041804832 ], [ 42.374431131381236, 17.083863733610922 ], [ 42.374483479806109, 17.083863733610922 ], [ 42.374485857646661, 17.083825663266769 ], [ 42.37446206396973, 17.083699550902846 ], [ 42.374457304695355, 17.083580576653389 ], [ 42.374469342120165, 17.083460395883055 ], [ 42.374495377093723, 17.083297421841838 ], [ 42.374538500718934, 17.083142424806233 ], [ 42.374559621907906, 17.0830380606698 ], [ 42.374573898832715, 17.082940503247933 ], [ 42.374607211058397, 17.082885775996079 ], [ 42.37466431785932, 17.082833427278917 ], [ 42.37470770469092, 17.082821351625469 ], [ 42.374737971627781, 17.082780996972179 ], [ 42.374876090297661, 17.082597859587143 ], [ 42.374940336010155, 17.082455093069779 ], [ 42.374945095284524, 17.082345637406359 ], [ 42.374937957271278, 17.082198111002189 ], [ 42.374952233297769, 17.082148143227492 ], [ 42.374978406611895, 17.082060103017362 ], [ 42.375014100271393, 17.081981579588358 ], [ 42.375033134673942, 17.081931610896948 ], [ 42.375047410700439, 17.081872125364338 ], [ 42.375095000749248, 17.081788843869425 ], [ 42.375154487187359, 17.081662731845139 ], [ 42.375180661399796, 17.081543759730689 ], [ 42.375237768200719, 17.081351022700499 ], [ 42.375275839700784, 17.081193977788253 ], [ 42.375335327037206, 17.081086903392304 ], [ 42.37537577727614, 17.081039313893449 ], [ 42.375418607152248, 17.080986964657868 ], [ 42.375418607152248, 17.080944134859312 ], [ 42.375411469139003, 17.080863234101869 ], [ 42.375416228413378, 17.080782331591944 ], [ 42.375430505338194, 17.080680014974767 ], [ 42.375433002654681, 17.080556323714976 ], [ 42.375444920603556, 17.080521761316028 ], [ 42.375551997090469, 17.080307609973232 ], [ 42.375647175391457, 17.080152945343229 ], [ 42.375813737418177, 17.080022074180693 ], [ 42.37590546529016, 17.079976211247207 ], [ 42.375937468670465, 17.079987734943593 ], [ 42.37598270603155, 17.079963894115203 ], [ 42.376004094918464, 17.079926896344716 ], [ 42.376089616330134, 17.079801993823249 ], [ 42.37618955300718, 17.079699676668163 ], [ 42.37627881410539, 17.079649964974418 ], [ 42.376342853205365, 17.079577574207299 ], [ 42.376413221834831, 17.079437935332418 ], [ 42.376481498288001, 17.079372549745596 ], [ 42.376508157590692, 17.079307804725158 ], [ 42.376601199697923, 17.07917857394407 ], [ 42.376648788848414, 17.079066740334643 ], [ 42.376634511923605, 17.078954904940751 ], [ 42.376646410109551, 17.078864484621587 ], [ 42.376648788848414, 17.078795481125699 ], [ 42.37663927119798, 17.078716958039344 ], [ 42.376622614635984, 17.078647953630171 ], [ 42.376601199697923, 17.078564674130089 ], [ 42.376586922773114, 17.078500427735339 ], [ 42.376582164397057, 17.078436182177157 ], [ 42.376579783861551, 17.078369557989191 ], [ 42.37655836892349, 17.078269620374549 ], [ 42.376546470737551, 17.078153028140534 ], [ 42.376541712361494, 17.078074504783665 ], [ 42.376551230011934, 17.078019777821073 ], [ 42.376541712361494, 17.077838938808231 ], [ 42.376553608750797, 17.077715206163507 ], [ 42.376589302410302, 17.077596233247949 ], [ 42.376653547224478, 17.077477260256494 ], [ 42.376775920224055, 17.077348448973762 ], [ 42.377027261654028, 17.077238104125858 ], [ 42.377265208304799, 17.077131028317226 ], [ 42.377441005012635, 17.07701915827289 ], [ 42.377531567769694, 17.076865737762621 ], [ 42.377602952393751, 17.076742006189669 ], [ 42.37764340173436, 17.076670622420444 ], [ 42.377726683646038, 17.076618273675926 ], [ 42.377824380823078, 17.07658375176527 ], [ 42.377924179159564, 17.076599237765183 ], [ 42.377959871022433, 17.076582582200402 ], [ 42.378002700898556, 17.076532612921007 ], [ 42.378116915398721, 17.07638270757862 ], [ 42.378197816774893, 17.076278010771986 ], [ 42.378214474235207, 17.076120965881202 ], [ 42.378223990987323, 17.076059100716666 ], [ 42.378252544836947, 17.075949645592658 ], [ 42.378228750261691, 17.07587350338251 ], [ 42.378174022199644, 17.075775944788585 ], [ 42.378126433947472, 17.075711699150624 ], [ 42.378064567872165, 17.07564983299163 ], [ 42.378005081434054, 17.075573689800372 ], [ 42.377878968747943, 17.075423785404745 ], [ 42.377831381394088, 17.075380955187271 ], [ 42.377738580933659, 17.075302432380767 ], [ 42.377624367331798, 17.075181080136552 ], [ 42.377467322057207, 17.075026414689962 ], [ 42.377431631092648, 17.074966927813481 ], [ 42.377419733805027, 17.074914580308249 ], [ 42.377424492181085, 17.074852713884869 ], [ 42.37739355869428, 17.074802745859479 ], [ 42.377350728818165, 17.074764673665488 ], [ 42.37729838129161, 17.074702808051107 ], [ 42.377219858654307, 17.074598112877709 ], [ 42.377174649141011, 17.074507693022529 ], [ 42.377127059092203, 17.074455345388419 ], [ 42.377043778977153, 17.074362545946556 ], [ 42.376955738689425, 17.07424357260992 ], [ 42.376908148640617, 17.074184087201228 ], [ 42.376855801114068, 17.074129358238405 ], [ 42.376798694313138, 17.074053216143945 ], [ 42.376753484799835, 17.073972314114776 ], [ 42.376710654025402, 17.073881894814988 ], [ 42.376670202888157, 17.073789095087847 ], [ 42.376634511025294, 17.073660604997364 ], [ 42.376605958073988, 17.073596360348297 ], [ 42.376529815073866, 17.07349166369519 ], [ 42.376387047622401, 17.073298926930896 ], [ 42.376180035356754, 17.073022908851769 ], [ 42.376003954781275, 17.072780203894759 ], [ 42.375913534856359, 17.072582709032545 ], [ 42.375892119019973, 17.072435181775479 ], [ 42.375908775581976, 17.072356661163916 ], [ 42.375968402157277, 17.072348312582765 ], [ 42.376044405020203, 17.072301931664981 ], [ 42.376053922670636, 17.072278137943115 ], [ 42.376020610444961, 17.072232928317494 ], [ 42.375982538944911, 17.072204374638108 ], [ 42.375934949794413, 17.072166303631278 ], [ 42.37590163667042, 17.072125852211936 ], [ 42.375846910404995, 17.072037812423101 ], [ 42.375801699993374, 17.071930737064296 ], [ 42.375758869218942, 17.07179748659351 ], [ 42.375727935732129, 17.071649961291726 ], [ 42.375730316267635, 17.071571437773482 ], [ 42.375751731205696, 17.071495294635014 ], [ 42.375825493670298, 17.071428671402856 ], [ 42.375904016307601, 17.071395357631019 ], [ 42.375911154320846, 17.071366804682182 ], [ 42.375884981006728, 17.07132159483572 ], [ 42.375832631683544, 17.071278765393895 ], [ 42.375796939820681, 17.071209759950509 ], [ 42.375785041634749, 17.071166929624269 ], [ 42.375785041634749, 17.07112171972938 ], [ 42.375792181444623, 17.071071752422132 ], [ 42.37577552488262, 17.070997987781425 ], [ 42.37573745428088, 17.070917086144835 ], [ 42.375704141156888, 17.070850461847471 ], [ 42.375682726218834, 17.070800492750099 ], [ 42.375649413993145, 17.070750525356821 ], [ 42.375613722130282, 17.070691037975621 ], [ 42.375556615329351, 17.070619652749652 ], [ 42.375532818957474, 17.070574443580892 ], [ 42.375511404917731, 17.070543510940226 ], [ 42.375480472329237, 17.07049116305253 ], [ 42.375442400829179, 17.07044119471767 ], [ 42.3753448419927, 17.070277012215715 ], [ 42.375254422966087, 17.070110449138834 ], [ 42.375180658704856, 17.069984337805675 ], [ 42.375068824740183, 17.06984870894599 ], [ 42.37502837360293, 17.069777325115243 ], [ 42.374995062275573, 17.069724976153847 ], [ 42.374966508425956, 17.069632176935265 ], [ 42.374956990775516, 17.069539379388015 ], [ 42.374945092589577, 17.069456096680192 ], [ 42.37491178126222, 17.069379955254703 ], [ 42.374876089399343, 17.069303812080658 ], [ 42.374840395739845, 17.069203873902879 ], [ 42.374818981700102, 17.069108695699395 ], [ 42.37479518712486, 17.069037311585554 ], [ 42.374783288938922, 17.068982583689191 ], [ 42.374776150925676, 17.068944512883728 ], [ 42.374776150925676, 17.068885026644246 ], [ 42.374780910200052, 17.068806503679895 ], [ 42.37479518712486, 17.068758916200373 ], [ 42.374799946399236, 17.068708947401632 ], [ 42.37479518712486, 17.06865897773077 ], [ 42.37480246527528, 17.068600661873926 ], [ 42.374861811576224, 17.068585213853723 ], [ 42.374968888063144, 17.068523348766497 ], [ 42.375045031063252, 17.068444825649955 ], [ 42.375092619315424, 17.06836154588861 ], [ 42.375130690815489, 17.068285403157752 ], [ 42.375164003939481, 17.068166430239604 ], [ 42.375203041128465, 17.068076405727616 ], [ 42.375278356780207, 17.068005795812144 ], [ 42.375373535081188, 17.067970105265182 ], [ 42.375444778669738, 17.067921345376952 ], [ 42.375504266006175, 17.067897550237721 ], [ 42.375566132081474, 17.067883274354976 ], [ 42.375635137068343, 17.067883274354976 ], [ 42.375706520794068, 17.067880893896078 ], [ 42.375763627594992, 17.067868996753639 ], [ 42.375873081922485, 17.067804750969103 ], [ 42.375963747087475, 17.067782436303226 ], [ 42.376050569259689, 17.067723397961917 ], [ 42.376134824046815, 17.067626291103789 ], [ 42.376241898737106, 17.067547770186039 ], [ 42.37632280101159, 17.067488282642561 ], [ 42.376434651145928, 17.067436937780556 ], [ 42.376470327737444, 17.067407381201804 ], [ 42.376494122312685, 17.067340757368825 ], [ 42.376513157613559, 17.067290788190345 ], [ 42.376529814175555, 17.067238440248907 ], [ 42.376532193812743, 17.067174194247293 ], [ 42.37652505490118, 17.067112327833541 ], [ 42.376529814175555, 17.06704570303647 ], [ 42.376560100875366, 17.066976714920298 ], [ 42.376586920976479, 17.06688628020779 ], [ 42.376659659361671, 17.066828939344099 ], [ 42.376677340901402, 17.066791100822261 ], [ 42.376670201989839, 17.066731613896344 ], [ 42.376660684339406, 17.066662610206436 ], [ 42.376641648140222, 17.066610262088794 ], [ 42.376615474826096, 17.066548396346857 ], [ 42.376539331825995, 17.066296173074598 ], [ 42.37645367117544, 17.06597256675159 ], [ 42.376360871613336, 17.065729861211739 ], [ 42.376272832223911, 17.065496673878759 ], [ 42.376218105060175, 17.065387219428416 ], [ 42.375996814971394, 17.064937501079541 ], [ 42.375815975121547, 17.064599617984445 ], [ 42.375725555196631, 17.064402122193037 ], [ 42.375627997258455, 17.064273630791323 ], [ 42.375437640656493, 17.063869123139785 ], [ 42.375337703081136, 17.063640695366971 ], [ 42.37522824785534, 17.063326605649461 ], [ 42.375197315266853, 17.063212392324825 ], [ 42.375152104855232, 17.063121972105101 ], [ 42.37514496684198, 17.063022034910919 ], [ 42.375168761417228, 17.062943512914927 ], [ 42.375159243766788, 17.062884025621518 ], [ 42.37515448539073, 17.062781708634795 ], [ 42.375159383005666, 17.062675803628562 ], [ 42.375199694005715, 17.062615146597423 ], [ 42.375263939718209, 17.062572316016244 ], [ 42.37539480988206, 17.062529486284024 ], [ 42.375461435231735, 17.062498553168716 ], [ 42.375561372807098, 17.062446204742002 ], [ 42.375683556262153, 17.062338842201022 ], [ 42.37571855642225, 17.062295090947398 ], [ 42.375782662895865, 17.062186843778576 ], [ 42.375818353860424, 17.062101183268638 ], [ 42.375815975121547, 17.062055972895127 ], [ 42.375804076935609, 17.061982209843574 ], [ 42.375794560183493, 17.06186561687834 ], [ 42.37579931766124, 17.061770439226546 ], [ 42.375818353860424, 17.061653844411495 ], [ 42.375870703183608, 17.061520595190732 ], [ 42.375949224024275, 17.061411140126491 ], [ 42.375999193710271, 17.061365929585872 ], [ 42.376063439422758, 17.06131358170034 ], [ 42.376151478812176, 17.061254095605101 ], [ 42.376225243073421, 17.061192228946712 ], [ 42.37626331367516, 17.061139881012473 ], [ 42.376184791037858, 17.060997112673423 ], [ 42.376096750750122, 17.060873380883383 ], [ 42.376015850272267, 17.060806757294547 ], [ 42.375951603661463, 17.060785340938956 ], [ 42.375842149333991, 17.060725854675407 ], [ 42.375742210860317, 17.060680644827624 ], [ 42.37568034478501, 17.06061402031122 ], [ 42.375537578231857, 17.060442698667487 ], [ 42.375442399930868, 17.060304690047644 ], [ 42.375316288143075, 17.060083399588521 ], [ 42.375237764607462, 17.059888283873995 ], [ 42.375147485718038, 17.059677683129006 ], [ 42.375135449191546, 17.059528986304478 ], [ 42.375135449191546, 17.059450463698099 ], [ 42.375130689917171, 17.059279142704273 ], [ 42.37511879262955, 17.059000744787895 ], [ 42.375128311178294, 17.058741384190782 ], [ 42.375149725218037, 17.058565303967367 ], [ 42.37515448539073, 17.058393983020171 ], [ 42.375149725218037, 17.058322599102645 ], [ 42.375149725218037, 17.058232179949886 ], [ 42.375173519793286, 17.058122724675435 ], [ 42.375199694005715, 17.057970439417542 ], [ 42.375237764607462, 17.057827671231376 ], [ 42.375273457368642, 17.057761045696953 ], [ 42.375313906709259, 17.05771107824814 ], [ 42.375368635669631, 17.057670627131074 ], [ 42.375411466444056, 17.05761827906829 ], [ 42.375428122107742, 17.057489788150367 ], [ 42.375437639758182, 17.057351779065542 ], [ 42.37544001939537, 17.05725660083036 ], [ 42.375404326634182, 17.057135248016333 ], [ 42.375399569156436, 17.057021034339378 ], [ 42.375380532957244, 17.056913958094988 ], [ 42.375385291333309, 17.056766432193879 ], [ 42.375420983196186, 17.056628422574459 ], [ 42.375494746559106, 17.056509449956156 ], [ 42.375542335709596, 17.056430927797617 ], [ 42.375623237085769, 17.056342888334957 ], [ 42.375699380085877, 17.056250089334007 ], [ 42.375792178749677, 17.056188222735216 ], [ 42.3758825986746, 17.056138254006743 ], [ 42.375934947099459, 17.056090665015368 ], [ 42.375975397338387, 17.056000244781899 ], [ 42.376008709564076, 17.055893168811018 ], [ 42.37602774576326, 17.055652843664593 ], [ 42.37601584937395, 17.055543388595929 ], [ 42.376018229011137, 17.055426795045321 ], [ 42.376053919975689, 17.055348273290381 ], [ 42.376111026776627, 17.05518170977474 ], [ 42.376180031763489, 17.055050839993093 ], [ 42.376253795126409, 17.054931867228596 ], [ 42.37630852318847, 17.054810514621561 ], [ 42.376398942215076, 17.054679643720998 ], [ 42.37645290940408, 17.054493929797946 ], [ 42.376480472411941, 17.054314767580948 ], [ 42.376379906015892, 17.054275135895598 ], [ 42.376360869816708, 17.054263238744909 ], [ 42.37633707613977, 17.054222787739846 ], [ 42.376358491077823, 17.054156162636971 ], [ 42.376398942215076, 17.054080020123916 ], [ 42.376456049015999, 17.053996739107358 ], [ 42.376541709666547, 17.053932493701822 ], [ 42.376734445905704, 17.053718342762973 ], [ 42.37694383870685, 17.053411391167163 ], [ 42.377136574946007, 17.05316630668721 ], [ 42.377245854102007, 17.053079261916256 ], [ 42.377305515711598, 17.053033057421636 ], [ 42.37737452069846, 17.052971190616027 ], [ 42.37745542297295, 17.052899807202188 ], [ 42.377564878198747, 17.052854598036173 ], [ 42.377650538849302, 17.05282128610251 ], [ 42.377738579137031, 17.052804630133455 ], [ 42.377831377800824, 17.05280700820812 ], [ 42.377909898641498, 17.052837941211266 ], [ 42.377959868327487, 17.052866495276589 ], [ 42.377974145252303, 17.052849839311563 ], [ 42.377950350677054, 17.052802250341117 ], [ 42.377914658814177, 17.052776076058677 ], [ 42.377833757438005, 17.052754659640904 ], [ 42.377755234800716, 17.052730866003895 ], [ 42.377679091800594, 17.05273562473154 ], [ 42.377569635676494, 17.052738003665901 ], [ 42.377450662800257, 17.052776076058677 ], [ 42.377355485397594, 17.052771317332059 ], [ 42.377291239685107, 17.052742763252191 ], [ 42.377248408910674, 17.052635687131435 ], [ 42.377188923370873, 17.052571442116573 ], [ 42.377141333322065, 17.052459607163058 ], [ 42.377141333322065, 17.052304942641666 ], [ 42.37714609259644, 17.052145518390837 ], [ 42.377174646446058, 17.05204796113582 ], [ 42.377203200295682, 17.051990853609389 ], [ 42.377238892158552, 17.051890917328475 ], [ 42.377276962760291, 17.051788600330017 ], [ 42.377317412999219, 17.051679143855669 ], [ 42.377357864136464, 17.051562551328185 ], [ 42.377422108950647, 17.051426921108721 ], [ 42.377429247862203, 17.051362674819309 ], [ 42.377436385875455, 17.051269876779269 ], [ 42.377450661901946, 17.051196113761311 ], [ 42.37746731936226, 17.051127108624023 ], [ 42.377511584746195, 17.051022796147567 ], [ 42.377569635676494, 17.050924855268303 ], [ 42.377662435238598, 17.050843954380003 ], [ 42.377655297225353, 17.05075829210228 ], [ 42.377595809888923, 17.050696427119782 ], [ 42.377507769601188, 17.050634561257958 ], [ 42.377319791738095, 17.050475137299252 ], [ 42.377234131985858, 17.050363301949567 ], [ 42.377181783560992, 17.050270504271925 ], [ 42.377146091698123, 17.050096801900999 ], [ 42.377138953684877, 17.04987551222904 ], [ 42.377236510724742, 17.049578079664503 ], [ 42.377384038348893, 17.049273508832343 ], [ 42.377472077738325, 17.049042702259825 ], [ 42.377579154225238, 17.048785718842971 ], [ 42.377700505840338, 17.04851208215624 ], [ 42.377876587314134, 17.048307447837622 ], [ 42.377986040743295, 17.048233685367709 ], [ 42.378081219942587, 17.048238443351067 ], [ 42.378159741681579, 17.048155162306788 ], [ 42.37822636703126, 17.048069502231598 ], [ 42.378290611845429, 17.047995738808897 ], [ 42.378338147995315, 17.047924363800021 ], [ 42.378307730141479, 17.047741852661336 ], [ 42.378262058894123, 17.04769354697244 ], [ 42.378190675168383, 17.047653096262483 ], [ 42.37814546475677, 17.047610265685289 ], [ 42.378140707279023, 17.047524605360291 ], [ 42.37814546475677, 17.04745559972578 ], [ 42.378164500955954, 17.047377078914405 ], [ 42.378216987721366, 17.047292588230896 ], [ 42.378212082021605, 17.047165032364841 ], [ 42.378245403230437, 17.046941636761336 ], [ 42.378259680155246, 17.046844079365485 ], [ 42.378266818168491, 17.046741763038511 ], [ 42.378264437632993, 17.04665848132715 ], [ 42.378240643956062, 17.046565682668273 ], [ 42.378243365851368, 17.046418267974666 ], [ 42.378259680155246, 17.046377705338095 ], [ 42.378302510031361, 17.046249214417745 ], [ 42.378397688332349, 17.046113583776521 ], [ 42.378442897845645, 17.046008888888394 ], [ 42.378514420810255, 17.045876809428293 ], [ 42.378535085655052, 17.045701166258272 ], [ 42.378480970244027, 17.045618657051552 ], [ 42.378421482907591, 17.045563930021071 ], [ 42.378350099181858, 17.045504443203995 ], [ 42.378264437632993, 17.045494925380218 ], [ 42.378157362044384, 17.045504443203995 ], [ 42.378076460668218, 17.045506823089291 ], [ 42.377995559292046, 17.045502063318668 ], [ 42.377909898641498, 17.045459233107291 ], [ 42.377826617628138, 17.045404506030117 ], [ 42.377790924866957, 17.045345019162298 ], [ 42.377848031667881, 17.045323603610409 ], [ 42.37790751900431, 17.045330743273119 ], [ 42.377993179654858, 17.045335501330392 ], [ 42.378083598681464, 17.045333120584065 ], [ 42.378143086017893, 17.045323603610409 ], [ 42.378222809702727, 17.045286590385292 ], [ 42.378247781969307, 17.045192733793716 ], [ 42.378271575646238, 17.045116591062893 ], [ 42.378262057995805, 17.045083277749541 ], [ 42.378231125407311, 17.045021411746877 ], [ 42.378193053907246, 17.044933372060278 ], [ 42.378171638969199, 17.044854850189061 ], [ 42.378193053907246, 17.044792984110774 ], [ 42.378214468845314, 17.044738256838489 ], [ 42.378207329933744, 17.044659734026443 ], [ 42.378164500057636, 17.044607385753032 ], [ 42.378157361146066, 17.044552658426401 ], [ 42.378143085119568, 17.044490792248073 ], [ 42.378131187831954, 17.044374198670379 ], [ 42.378078840305399, 17.044138632252938 ], [ 42.378049237223529, 17.043984776761725 ], [ 42.378040767907031, 17.043838820097573 ], [ 42.378059804106222, 17.043729364978166 ], [ 42.378100254345142, 17.043627047804723 ], [ 42.378173096036591, 17.043490758229805 ], [ 42.378245402332126, 17.043253472110674 ], [ 42.37830250913305, 17.043060735910384 ], [ 42.378442954439514, 17.042768315152262 ], [ 42.378464312783713, 17.042734750631158 ], [ 42.378516660310261, 17.042587223839497 ], [ 42.378576146748372, 17.042413522915048 ], [ 42.378604448171409, 17.042272212365003 ], [ 42.37867370378823, 17.042147022693939 ], [ 42.378802196111522, 17.041997118085042 ], [ 42.378892616036445, 17.041935251919675 ], [ 42.378937824651437, 17.041880523810597 ], [ 42.378961620124997, 17.041790105288477 ], [ 42.37899731198786, 17.041692546062329 ], [ 42.379018726925928, 17.041647335902393 ], [ 42.379061556802036, 17.041616402764387 ], [ 42.379087731014479, 17.041583091403773 ], [ 42.379099629200418, 17.041535502140409 ], [ 42.379087731014479, 17.041485532928448 ], [ 42.379066316076418, 17.041433184624868 ], [ 42.379063936439231, 17.041380837165502 ], [ 42.37904966041274, 17.041307072820487 ], [ 42.379033002952426, 17.041190479833364 ], [ 42.37901634728874, 17.041152409374327 ], [ 42.378952101576253, 17.041123855236645 ], [ 42.378897374412503, 17.041076265856354 ], [ 42.378825297187376, 17.040978985392044 ], [ 42.378759366235407, 17.040893047187414 ], [ 42.378697500160108, 17.040788351951495 ], [ 42.378642772098047, 17.040659859765078 ], [ 42.378600875571514, 17.040523976852164 ], [ 42.378595182947571, 17.040419534778454 ], [ 42.378564250359069, 17.04034815000508 ], [ 42.378523799221817, 17.040300562145067 ], [ 42.378442896947334, 17.040257731600605 ], [ 42.378352477022418, 17.040186346765445 ], [ 42.378292990584299, 17.040138758864245 ], [ 42.378240643057744, 17.040105446381432 ], [ 42.378181156619632, 17.040067373983657 ], [ 42.378128808194774, 17.039972196390803 ], [ 42.378088357057521, 17.039877017031735 ], [ 42.378057423570709, 17.039779460242663 ], [ 42.378036010429284, 17.039686659885987 ], [ 42.378012214057414, 17.039546273148986 ], [ 42.377997938030916, 17.039420160930508 ], [ 42.378000316769786, 17.039265495923175 ], [ 42.37799317875654, 17.03915366073624 ], [ 42.37799080001767, 17.039058482678197 ], [ 42.378000316769786, 17.038908577310298 ], [ 42.378002697305291, 17.038822915573725 ], [ 42.378005076044161, 17.038711080980917 ], [ 42.37799978137388, 17.038672755786774 ], [ 42.378007085575447, 17.038564921796119 ], [ 42.378031250256598, 17.038499309749735 ], [ 42.378052665194652, 17.038449340585085 ], [ 42.378055043933529, 17.038382715870316 ], [ 42.378074080132713, 17.038316091131815 ], [ 42.378085977420334, 17.038242328154148 ], [ 42.378062182845092, 17.03820901619229 ], [ 42.378028869721099, 17.038175703365614 ], [ 42.378000315871475, 17.038130493214041 ], [ 42.37795986563254, 17.038054350182989 ], [ 42.377947969243237, 17.037973448017482 ], [ 42.377943209070544, 17.03790920311517 ], [ 42.37793131178293, 17.037854476404089 ], [ 42.377914656119238, 17.037814025282469 ], [ 42.377850316981963, 17.037750886575623 ], [ 42.377788545229755, 17.037754537716737 ], [ 42.377724298618958, 17.03778309236905 ], [ 42.37763625922954, 17.037794989710115 ], [ 42.377595808092295, 17.03778309236905 ], [ 42.377533942016989, 17.037702190086165 ], [ 42.377479213954935, 17.037604633021097 ], [ 42.377414969140759, 17.037464243861777 ], [ 42.377355482702647, 17.037335752826234 ], [ 42.377288857352966, 17.037176330406364 ], [ 42.377226992175984, 17.037024044394979 ], [ 42.377226992175984, 17.036914587861943 ], [ 42.377196058689179, 17.036743267675739 ], [ 42.377143710264313, 17.036424420830816 ], [ 42.377115157313007, 17.036353036249793 ], [ 42.377062808888134, 17.036303068229319 ], [ 42.37700332334834, 17.036255479339673 ], [ 42.37692479981272, 17.036146023215629 ], [ 42.376922420175532, 17.036024671292346 ], [ 42.376901006135789, 17.035905697580045 ], [ 42.376855795724175, 17.035736755620235 ], [ 42.37681534458693, 17.035641578399474 ], [ 42.376779652724061, 17.035486912843083 ], [ 42.376739201586808, 17.035320349660996 ], [ 42.376741582122314, 17.035184722255643 ], [ 42.376739201586808, 17.03501815880438 ], [ 42.376705890259451, 17.034911082835151 ], [ 42.376672577135459, 17.034823042681467 ], [ 42.376653540936267, 17.034675517376627 ], [ 42.376679716047015, 17.03459223630167 ], [ 42.376717786648761, 17.034449466572383 ], [ 42.376784411998436, 17.034297182634724 ], [ 42.37682962241005, 17.034116343365138 ], [ 42.376927180348225, 17.033928366399479 ], [ 42.377012840100456, 17.03372611161058 ], [ 42.377081844189007, 17.033614277404968 ], [ 42.377143710264313, 17.033538134252677 ], [ 42.377215093990046, 17.033469130326196 ], [ 42.377355482702647, 17.033376331132111 ], [ 42.377457799016874, 17.033307327145938 ], [ 42.37760294610554, 17.033233563051304 ], [ 42.377729057893333, 17.033233563051304 ], [ 42.377874204981993, 17.033224046320591 ], [ 42.377907517207674, 17.033162179828938 ], [ 42.377933692318422, 17.033086037351488 ], [ 42.377950347982107, 17.033019410725732 ], [ 42.37792840573298, 17.03297678207548 ], [ 42.378038528407032, 17.032694594956237 ], [ 42.378105012721207, 17.032529242073561 ], [ 42.378135946208019, 17.032467376210985 ], [ 42.378152601871697, 17.032419787204141 ], [ 42.378164499159318, 17.03235554125267 ], [ 42.378169259332012, 17.032267500754823 ], [ 42.378166878796513, 17.032146148891428 ], [ 42.378157360247762, 17.031967689317369 ], [ 42.378133193769983, 17.031839013273505 ], [ 42.378135945309701, 17.031763056642447 ], [ 42.378193052110625, 17.031660739791569 ], [ 42.378290609150483, 17.031465622742584 ], [ 42.378383900091052, 17.03129365423365 ], [ 42.378500001951629, 17.031120600750157 ], [ 42.378588042239372, 17.030987351228131 ], [ 42.378621355363364, 17.030901691016393 ], [ 42.378611836814613, 17.030796993621809 ], [ 42.378607078438556, 17.030725610328414 ], [ 42.378573904553427, 17.030599499032434 ], [ 42.378461931349889, 17.030292548979187 ], [ 42.378400065274597, 17.030087916189444 ], [ 42.378376270699341, 17.029985599281158 ], [ 42.3784119616639, 17.029885662401057 ], [ 42.378497623212759, 17.02981427790095 ], [ 42.378599938628675, 17.0297904822026 ], [ 42.378671324151043, 17.029814277042025 ], [ 42.378730809690843, 17.029895177583786 ], [ 42.37879505540333, 17.029961803604603 ], [ 42.378890233704318, 17.030018910990044 ], [ 42.378968756341607, 17.030061741302951 ], [ 42.379056795731032, 17.030087915330515 ], [ 42.379186735240246, 17.030074155349297 ], [ 42.379368504846418, 17.030026048660439 ], [ 42.379537586647515, 17.029934420191811 ], [ 42.379739701298227, 17.029904697060655 ], [ 42.379957337938748, 17.029953381837757 ], [ 42.380096760064099, 17.029970112851807 ], [ 42.380303633989193, 17.02999987462422 ], [ 42.380365500064499, 17.030076018358052 ], [ 42.380391674276929, 17.030178334357949 ], [ 42.380408329940607, 17.030302066717987 ], [ 42.380451159816737, 17.030440075164563 ], [ 42.380465436741531, 17.030568565784559 ], [ 42.380493990591162, 17.030680400952431 ], [ 42.380536821365595, 17.030794615267101 ], [ 42.380567753954089, 17.030842203828527 ], [ 42.380601067078082, 17.030889793236767 ], [ 42.380665311892251, 17.030932624209186 ], [ 42.380710521405561, 17.030977832665279 ], [ 42.380748592905618, 17.031049216721339 ], [ 42.38077000784368, 17.031115843190019 ], [ 42.38079618295442, 17.031201503303681 ], [ 42.380824735905726, 17.03126099037728 ], [ 42.380886601082715, 17.031325234127969 ], [ 42.380915154932332, 17.031365685794306 ], [ 42.380965123720017, 17.031425171956769 ], [ 42.381019850883753, 17.031510832787685 ], [ 42.381057923282128, 17.031598872782794 ], [ 42.38108409659624, 17.031701189667515 ], [ 42.38113406628225, 17.031815404217774 ], [ 42.381174517419481, 17.03192723864014 ], [ 42.381191173083174, 17.032041453052358 ], [ 42.3812006907336, 17.032103319055821 ], [ 42.381224486207159, 17.032184220325359 ], [ 42.381262557707217, 17.032303192969611 ], [ 42.38131252739322, 17.032469756262248 ], [ 42.381333941432956, 17.032543518940315 ], [ 42.381355357269335, 17.032629179259025 ], [ 42.381383910220634, 17.032733875628011 ], [ 42.381393427871068, 17.032810019107753 ], [ 42.381393427871068, 17.032967062628487 ], [ 42.381455718849502, 17.033540783128913 ], [ 42.381476848123299, 17.033693968677628 ], [ 42.381476848123299, 17.033921226301281 ], [ 42.381431499371125, 17.034137757624212 ], [ 42.381444660588357, 17.034264646421001 ], [ 42.381455293946374, 17.034378082955232 ], [ 42.381462431959619, 17.034480400037292 ], [ 42.381469570871189, 17.034580337897907 ], [ 42.381458406608836, 17.034671331937048 ], [ 42.381476848123299, 17.034800418305846 ], [ 42.381505261835741, 17.034942015364798 ], [ 42.381500504357994, 17.035089542177204 ], [ 42.381448155034803, 17.035296554663184 ], [ 42.381410084433064, 17.035477393650339 ], [ 42.381412464070259, 17.035603505092691 ], [ 42.381414842809129, 17.035770068022558 ], [ 42.3814207833681, 17.03593413398675 ], [ 42.381441157158747, 17.036002046203208 ], [ 42.381471949610059, 17.036129366619246 ], [ 42.381467191234002, 17.036388727684812 ], [ 42.381452914309186, 17.036429178255901 ], [ 42.381380871220031, 17.036464948694807 ], [ 42.381274454994845, 17.036512460230533 ], [ 42.381212588919539, 17.036524356793553 ], [ 42.381231625118723, 17.036883654799727 ], [ 42.381386289857829, 17.036866999986838 ], [ 42.381443396658753, 17.03687413825477 ], [ 42.381557611158918, 17.036909829590318 ], [ 42.381678680703025, 17.036981808313055 ], [ 42.38184566493792, 17.037060906373231 ], [ 42.38204791882751, 17.037215570627669 ], [ 42.38220258356661, 17.037417825936764 ], [ 42.382345211779217, 17.037678396250357 ], [ 42.382423734416513, 17.037944895112016 ], [ 42.382487980129, 17.038294675633484 ], [ 42.382530810005122, 17.038439823260934 ], [ 42.382570310724795, 17.038550336190042 ], [ 42.38260457426636, 17.038592821853477 ], [ 42.382668819080536, 17.038682052365452 ], [ 42.382761617744336, 17.038774850644153 ], [ 42.382847279293195, 17.038846235159408 ], [ 42.382959419583379, 17.038929051400867 ], [ 42.383086372194271, 17.038958755061117 ], [ 42.383201644909846, 17.038979961774498 ], [ 42.383236320778131, 17.038992571913319 ], [ 42.383332690245176, 17.039035401888754 ], [ 42.383364812203105, 17.039024695039977 ], [ 42.383418349997413, 17.039021124658777 ], [ 42.383454041860276, 17.039031833225526 ], [ 42.383489733723145, 17.039060386823873 ], [ 42.38351828757277, 17.039092509080003 ], [ 42.383539701612513, 17.039138909411559 ], [ 42.38360751722994, 17.039156755293458 ], [ 42.383653917010996, 17.039142478072751 ], [ 42.38371992162481, 17.039107063723968 ], [ 42.383760991701287, 17.038996140577297 ], [ 42.383768129714539, 17.038842665633684 ], [ 42.383736006858285, 17.038532145836832 ], [ 42.383700315893734, 17.038175226682775 ], [ 42.383693176982177, 17.037693385602857 ], [ 42.383732437851663, 17.03720083804571 ], [ 42.383721729933477, 17.037050932047244 ], [ 42.383632501174624, 17.036733272719339 ], [ 42.383532562700942, 17.03645844599421 ], [ 42.383414780092473, 17.035880237252464 ], [ 42.383179213078883, 17.03479877178783 ], [ 42.383000753764541, 17.034070657256574 ], [ 42.382711649854969, 17.033153374272949 ], [ 42.382165562197116, 17.031625761215103 ], [ 42.381772950807246, 17.030537158406027 ], [ 42.381537383793663, 17.029844733710569 ], [ 42.381391047335576, 17.029534215292152 ], [ 42.381209019014598, 17.029070219406876 ], [ 42.381026989795316, 17.028534839959164 ], [ 42.380866377310724, 17.028088691968929 ], [ 42.38076643883705, 17.027885248111559 ], [ 42.380705763029503, 17.027724634022015 ], [ 42.38067721007819, 17.027535467017735 ], [ 42.38053801073503, 17.027217808706794 ], [ 42.380388105270306, 17.026946549777353 ], [ 42.380252474933769, 17.026578924142811 ], [ 42.380134692325285, 17.02626483483257 ], [ 42.38005616968799, 17.026072098300713 ], [ 42.379981216955628, 17.025840100932786 ], [ 42.379931248167949, 17.025565273662551 ], [ 42.379941955187817, 17.025333275666192 ], [ 42.379877710373641, 17.025090570594653 ], [ 42.37978134090659, 17.024669407261385 ], [ 42.379692111249426, 17.024465962262841 ], [ 42.379556482709511, 17.024298211644147 ], [ 42.379395868428283, 17.024098336049217 ], [ 42.379103194613776, 17.023802093357798 ], [ 42.378828366730701, 17.02357366642838 ], [ 42.378524985896313, 17.023355945248579 ], [ 42.378143082424629, 17.023113240189222 ], [ 42.37776831696619, 17.022920502988001 ], [ 42.377318598775396, 17.022692074982466 ], [ 42.376972388064893, 17.022527892610743 ], [ 42.37661903844284, 17.022295895143433 ], [ 42.376304948791947, 17.022081743181666 ], [ 42.375994429046003, 17.021817623379771 ], [ 42.375833814764782, 17.021649871246034 ], [ 42.375580402718079, 17.021403596692451 ], [ 42.375455481198038, 17.021225137178913 ], [ 42.375294867815121, 17.021018123723877 ], [ 42.375144962350397, 17.020889634275861 ], [ 42.374945086301373, 17.020664773664222 ], [ 42.374780903911834, 17.020486315164153 ], [ 42.374609582610738, 17.020243609819197 ], [ 42.374495369008891, 17.020082996901277 ], [ 42.374434692303019, 17.019922382986561 ], [ 42.374388293420282, 17.019790322038055 ], [ 42.374352600659101, 17.019715369808569 ], [ 42.374288355844925, 17.019640416690102 ], [ 42.374202695194377, 17.019544047614566 ], [ 42.374099188612391, 17.019347741993819 ], [ 42.374002820043664, 17.019176421181275 ], [ 42.373885037435187, 17.018947993759948 ], [ 42.373845775667377, 17.018873041193171 ], [ 42.373845775667377, 17.018776671722549 ], [ 42.373852913680622, 17.018691011074541 ], [ 42.373913590386486, 17.018573228049011 ], [ 42.373927867311302, 17.018473291086561 ], [ 42.373910022278181, 17.018423321726345 ], [ 42.373902883366618, 17.018334091858549 ], [ 42.373888606441803, 17.018252000926712 ], [ 42.373842205762443, 17.018191325184162 ], [ 42.373767252131763, 17.018162770977248 ], [ 42.373763683125134, 17.018094956221564 ], [ 42.373792236974758, 17.017995019003777 ], [ 42.373963558275854, 17.017855821138074 ], [ 42.374017096070162, 17.017777298206298 ], [ 42.37409918771408, 17.017663085394776 ], [ 42.37415272461007, 17.017541731790285 ], [ 42.37422410923412, 17.017409671739166 ], [ 42.374327615816107, 17.017345425787678 ], [ 42.374420415378211, 17.017313303233156 ], [ 42.374484661090698, 17.017316873169694 ], [ 42.374552474911503, 17.017366841966275 ], [ 42.374534628980065, 17.017434656126738 ], [ 42.37445967624771, 17.017605977674403 ], [ 42.374431122398079, 17.017677360818919 ], [ 42.374423984384833, 17.01775945200276 ], [ 42.374420415378211, 17.017816558817323 ], [ 42.374398998643528, 17.017877236399304 ], [ 42.374366876685599, 17.017959328354461 ], [ 42.374349030754161, 17.018052125746483 ], [ 42.374345461747531, 17.018169909099896 ], [ 42.374302630973105, 17.018194894244981 ], [ 42.37422410923412, 17.018216308608441 ], [ 42.37419198637788, 17.018252000926712 ], [ 42.374202695194377, 17.018291262297158 ], [ 42.374245525070499, 17.018344799891597 ], [ 42.374295493858178, 17.018359076981717 ], [ 42.374363308577287, 17.018309107591019 ], [ 42.374416844574966, 17.018248431866986 ], [ 42.374452538234465, 17.018173479020096 ], [ 42.374452538234465, 17.018102095205776 ], [ 42.374445399322894, 17.0180342812871 ], [ 42.374431122398079, 17.017984311809698 ], [ 42.374448968329517, 17.017930774112155 ], [ 42.374473952274201, 17.017873665614466 ], [ 42.374484661090698, 17.017805851613037 ], [ 42.374488229199009, 17.01768449896008 ], [ 42.374541766993318, 17.01753102542926 ], [ 42.374577458856187, 17.01748819396617 ], [ 42.374620288732295, 17.01747391766861 ], [ 42.374641704568674, 17.017495332114542 ], [ 42.37469167425467, 17.01753102542926 ], [ 42.374723796212599, 17.017548869936618 ], [ 42.374763057082092, 17.017548869936618 ], [ 42.374823733787956, 17.017516748275984 ], [ 42.374880840588879, 17.017463208726756 ], [ 42.374923671363312, 17.017373980119274 ], [ 42.374952224314626, 17.017291888766401 ], [ 42.374987916177496, 17.01723121185368 ], [ 42.375037884965174, 17.017077737092258 ], [ 42.375084283847912, 17.016938539403483 ], [ 42.375191360334824, 17.016810048014069 ], [ 42.375308875245352, 17.016608304715501 ], [ 42.375387664682286, 17.016385313272735 ], [ 42.375409081416983, 17.016135470423507 ], [ 42.375409081416983, 17.016010549303356 ], [ 42.375387664682286, 17.015764275061159 ], [ 42.375305573936679, 17.01551443138316 ], [ 42.375152098567021, 17.015257449138332 ], [ 42.374937948288128, 17.015039728593131 ], [ 42.374670258418291, 17.014850560793224 ], [ 42.37415272461007, 17.014536474134502 ], [ 42.373635191700153, 17.014204537829496 ], [ 42.3734531642775, 17.014036786604304 ], [ 42.373374641640211, 17.013908294941427 ], [ 42.373363933722018, 17.013826203786959 ], [ 42.373328241859149, 17.013711991142078 ], [ 42.373285411983034, 17.013572791809946 ], [ 42.373242582106919, 17.013476423906003 ], [ 42.373256858133416, 17.013383625105003 ], [ 42.37331396493434, 17.013351501870748 ], [ 42.373367502728641, 17.013351501870748 ], [ 42.373446025365944, 17.013358641035833 ], [ 42.373492425146999, 17.013401470866651 ], [ 42.373513840085053, 17.013465715594506 ], [ 42.373513840085053, 17.013537100317603 ], [ 42.373495994153622, 17.013622760746802 ], [ 42.373471009310627, 17.013726266867501 ], [ 42.373481718127124, 17.013804788921348 ], [ 42.373506702071808, 17.013836912077842 ], [ 42.373570947784302, 17.013815497213457 ], [ 42.373610207755469, 17.013772666618348 ], [ 42.373631622693537, 17.013676297958273 ], [ 42.373620915673662, 17.013497838809165 ], [ 42.373570947784302, 17.013358641035833 ], [ 42.373506702071808, 17.013233718062995 ], [ 42.373413903408014, 17.013176612427575 ], [ 42.373356795708773, 17.013155195769674 ], [ 42.373303257914465, 17.013140919141708 ], [ 42.373224736175487, 17.01316590409893 ], [ 42.373153351551423, 17.013212303988631 ], [ 42.373092674845566, 17.013265841317459 ], [ 42.373028430031383, 17.01331581033622 ], [ 42.372953477299035, 17.013419316626596 ], [ 42.3728856616816, 17.013508547118828 ], [ 42.372824985874054, 17.013615621591775 ], [ 42.372778586092991, 17.013708421136808 ], [ 42.372717910285438, 17.013829773789986 ], [ 42.372646525661395, 17.013958263788748 ], [ 42.372568004820728, 17.014061770582984 ], [ 42.372445392869281, 17.014325214989121 ], [ 42.372168255417606, 17.014868408133051 ], [ 42.372043332999247, 17.015182496811935 ], [ 42.371872011698152, 17.015510863130238 ], [ 42.371664999432504, 17.015824950731353 ], [ 42.371529369994278, 17.016053380245534 ], [ 42.371400878569297, 17.016324638643141 ], [ 42.371190296398701, 17.016738663679845 ], [ 42.370811542420419, 17.017682311132727 ], [ 42.370711868051437, 17.018167393147909 ], [ 42.370572826811753, 17.019015809065564 ], [ 42.370437198271844, 17.019818876855677 ], [ 42.370369383552735, 17.020225764709764 ], [ 42.370294429922062, 17.020768281904228 ], [ 42.370151661572265, 17.021357197974012 ], [ 42.370016033930668, 17.021864023701983 ], [ 42.36985541964944, 17.022392263661025 ], [ 42.369794743841894, 17.022631399820327 ], [ 42.369726929122777, 17.023070410003534 ], [ 42.369673391328476, 17.023470159739979 ], [ 42.369580591766365, 17.023737848741561 ], [ 42.369434947011037, 17.024115867271711 ], [ 42.369325003101736, 17.025114531808807 ], [ 42.369334318631225, 17.025583121698613 ], [ 42.369334021288871, 17.025945394631979 ], [ 42.369312606350803, 17.026245206273163 ], [ 42.369323314268996, 17.026805569397194 ], [ 42.36926977467806, 17.027337378894746 ], [ 42.369234083713515, 17.028458104652355 ], [ 42.369212667877136, 17.028986344892022 ], [ 42.369112731200083, 17.029582400269895 ], [ 42.369105593186838, 17.02981082759359 ], [ 42.369119553006364, 17.030785210931057 ], [ 42.369119871009971, 17.031506193768248 ], [ 42.369080609242161, 17.031991604128116 ], [ 42.369012795421369, 17.032384216118562 ], [ 42.368873596078195, 17.033105191932968 ], [ 42.368812920270649, 17.033654847964538 ], [ 42.368802212352463, 17.033886845088436 ], [ 42.368841474120273, 17.034318717978795 ], [ 42.368845043126889, 17.034839818781769 ], [ 42.368845043126889, 17.035300245361675 ], [ 42.368848612133512, 17.035617903688504 ], [ 42.368884303996388, 17.036096175385484 ], [ 42.368891442009634, 17.036602999832784 ], [ 42.368903479434444, 17.037524307835731 ], [ 42.368944981600571, 17.038134182997709 ], [ 42.368952118715505, 17.038583900603598 ], [ 42.368943608076499, 17.038938128951251 ], [ 42.368903480332754, 17.039201827775535 ], [ 42.368885994625749, 17.039254283205469 ], [ 42.368852182038459, 17.03951902941963 ], [ 42.368787937224283, 17.039847395111014 ], [ 42.368705844682047, 17.040172191584162 ], [ 42.368661289142267, 17.040457997034895 ], [ 42.368627322943063, 17.040686155128565 ], [ 42.368595200086816, 17.040946706285908 ], [ 42.368577354155384, 17.041167996224754 ], [ 42.368596181945421, 17.041467203723442 ], [ 42.368595200086816, 17.041674820664582 ], [ 42.368630891949685, 17.042220907808069 ], [ 42.368634461854626, 17.042749147818878 ], [ 42.368655875894369, 17.04313105121949 ], [ 42.36867015281917, 17.043280956636679 ], [ 42.368727259620101, 17.043791350790389 ], [ 42.368766522286222, 17.04439454419223 ], [ 42.368709416383616, 17.044912076701202 ], [ 42.368659446697613, 17.045468870313666 ], [ 42.368669657847455, 17.046017128714286 ], [ 42.368641740005053, 17.046423490642155 ], [ 42.368634887656064, 17.046481731834422 ], [ 42.368627323841366, 17.046953654616978 ], [ 42.368573786047065, 17.047531864318366 ], [ 42.368469381149801, 17.048048696770216 ], [ 42.368427588827842, 17.048529314789931 ], [ 42.368388158176757, 17.048838183606797 ], [ 42.368376521400577, 17.049322129305846 ], [ 42.368373797708621, 17.049965717283627 ], [ 42.368356204203785, 17.050159245076625 ], [ 42.368348926951668, 17.05083336586743 ], [ 42.368331081918555, 17.051354467005773 ], [ 42.368273975117631, 17.051986214239378 ], [ 42.368209954882275, 17.052497140272251 ], [ 42.368131206767835, 17.053060542226756 ], [ 42.368081237980157, 17.053917146666898 ], [ 42.368049116022227, 17.054509633192836 ], [ 42.368024132077544, 17.05512710320259 ], [ 42.368045547015598, 17.055451898880801 ], [ 42.368102653816536, 17.056204998635248 ], [ 42.368191884372024, 17.05705089657825 ], [ 42.36823471514645, 17.057868243404862 ], [ 42.368309667878812, 17.059138873743603 ], [ 42.368306098872182, 17.059463670173287 ], [ 42.368343270260333, 17.059984826240246 ], [ 42.368352497754927, 17.060345260824118 ], [ 42.368316805892057, 17.060805686390946 ], [ 42.368241853159702, 17.061498109734959 ], [ 42.368220438221634, 17.061765799240714 ], [ 42.368149055394213, 17.062126287924347 ], [ 42.368152622604214, 17.062418960916965 ], [ 42.368159762414088, 17.062793726329986 ], [ 42.368141915584346, 17.063168490990634 ], [ 42.36812763865953, 17.063489718225235 ], [ 42.36812763865953, 17.06376811460024 ], [ 42.368106222823151, 17.064078635390072 ], [ 42.368095515803276, 17.06428208020958 ], [ 42.368066963750287, 17.064778196677256 ], [ 42.36803840990067, 17.064985209760547 ], [ 42.368020563969239, 17.065078008713613 ], [ 42.367967026174938, 17.065210068583575 ], [ 42.367906350367385, 17.065370683089544 ], [ 42.367867088599581, 17.065606250209107 ], [ 42.367831396736705, 17.065923906816426 ], [ 42.367735029066282, 17.066262980330212 ], [ 42.367620813667806, 17.066762667394805 ], [ 42.367535153915568, 17.067233800398999 ], [ 42.367403094382283, 17.067729919325529 ], [ 42.367242039926573, 17.068288889680893 ], [ 42.367178373627439, 17.068635759764209 ], [ 42.367107455229025, 17.06931767222224 ], [ 42.36700691398579, 17.069917831681654 ], [ 42.366996206067597, 17.07029616727776 ], [ 42.367031898828785, 17.07105997398881 ], [ 42.367064021685032, 17.071734550871703 ], [ 42.367102193796399, 17.072376968429079 ], [ 42.367135405410771, 17.073023029073653 ], [ 42.367124698390896, 17.073701176305367 ], [ 42.367113991371028, 17.074108062774119 ], [ 42.367078297711522, 17.07492897673237 ], [ 42.367046174855282, 17.075550016716072 ], [ 42.367006914884101, 17.075964042795608 ], [ 42.366945383880406, 17.076310298369023 ], [ 42.36694587795381, 17.076360156075374 ], [ 42.366910547213685, 17.077091908114767 ], [ 42.366910547213685, 17.077348888632173 ], [ 42.366960516001363, 17.077712946907628 ], [ 42.366996207864233, 17.078137681379715 ], [ 42.36706811440947, 17.078515091797847 ], [ 42.367156822145461, 17.079251267986848 ], [ 42.367192513110005, 17.080107874158845 ], [ 42.367211258255047, 17.080626209295431 ], [ 42.367249760048118, 17.080925675572033 ], [ 42.367297349198608, 17.081437259998545 ], [ 42.367274604753938, 17.081953145900172 ], [ 42.367271035747308, 17.082392156650773 ], [ 42.36728808307646, 17.08275915122136 ], [ 42.367299588698614, 17.083359408255006 ], [ 42.367299588698614, 17.083716326905627 ], [ 42.367267465842367, 17.084033985303869 ], [ 42.367171099070269, 17.084280258869967 ], [ 42.367174668975203, 17.084401612062322 ], [ 42.367205844108824, 17.084662006898427 ], [ 42.367186534821798, 17.085221950907343 ], [ 42.367206790933139, 17.086018454674875 ], [ 42.367217498851325, 17.086568111233039 ], [ 42.367228205871193, 17.087178442711462 ], [ 42.367238913789386, 17.087471116756998 ], [ 42.367206790933139, 17.087749513404848 ], [ 42.367138976214022, 17.088063603214778 ], [ 42.367106992596653, 17.088492361814041 ], [ 42.367056884570104, 17.089155774965874 ], [ 42.367021192707227, 17.0897482603614 ], [ 42.366980663416555, 17.090541647646184 ], [ 42.366964086804614, 17.091004615830808 ], [ 42.366916636893002, 17.091643500660336 ], [ 42.366878427052384, 17.091939743932063 ], [ 42.366901712282861, 17.09231758921419 ], [ 42.366889134072252, 17.092882010335764 ], [ 42.366860581120953, 17.09336741997679 ], [ 42.36679624108536, 17.093670401632711 ], [ 42.366749934729086, 17.093917076325788 ], [ 42.366745656053396, 17.094232089071291 ], [ 42.366728520689342, 17.094613067132588 ], [ 42.366649998052047, 17.095376874688874 ], [ 42.366596460257746, 17.09580874699942 ], [ 42.366542921565127, 17.096176372854732 ], [ 42.366507230600575, 17.096540431279514 ], [ 42.366500091689005, 17.097032979376515 ], [ 42.366478677649262, 17.097482697597361 ], [ 42.366425139854968, 17.097953831115397 ], [ 42.366393017897039, 17.098221520668812 ], [ 42.366389447992098, 17.098678377075995 ], [ 42.36637874097223, 17.099313692979102 ], [ 42.36637517106729, 17.099602796771475 ], [ 42.366325202279612, 17.099813379906688 ], [ 42.366239541629064, 17.100131038339835 ], [ 42.366157450883449, 17.100437987754145 ], [ 42.366121759020579, 17.100741370037959 ], [ 42.366024962853771, 17.101316869018326 ], [ 42.365943298807927, 17.101862095601298 ], [ 42.365882623000381, 17.102486705163404 ], [ 42.365875484987129, 17.102939992252605 ], [ 42.365839792225941, 17.103564599916304 ], [ 42.365796963248144, 17.104299853768179 ], [ 42.365779117316706, 17.10493516938212 ], [ 42.365837283231343, 17.105527348733666 ], [ 42.365893471055742, 17.107028361952942 ], [ 42.36589584260809, 17.107076737274777 ], [ 42.365904038836746, 17.10815814961402 ], [ 42.365911176849991, 17.108611436632266 ], [ 42.365907608741686, 17.10897906297027 ], [ 42.36588976191193, 17.109332413298347 ], [ 42.365850501042445, 17.109792838945229 ], [ 42.365807670268019, 17.110388894676586 ], [ 42.365775549208394, 17.110720829133289 ], [ 42.365776708035114, 17.111301677807429 ], [ 42.365804103058018, 17.111759463695179 ], [ 42.365786257126587, 17.112366226071057 ], [ 42.365750564365399, 17.1131692940865 ], [ 42.365700595577721, 17.113565475079948 ], [ 42.365675610734726, 17.113708241793265 ], [ 42.36567918063966, 17.114025899698412 ], [ 42.365661334708236, 17.11427931270245 ], [ 42.365618503933796, 17.114707616021999 ], [ 42.365543551201441, 17.115282256219892 ], [ 42.365525705270002, 17.115742680882999 ], [ 42.36546015789866, 17.116295949115734 ], [ 42.365397214743339, 17.117609369169713 ], [ 42.365372230798656, 17.11800198042485 ], [ 42.365354384867217, 17.118451697784746 ], [ 42.365318693004355, 17.118790771020802 ], [ 42.365315123997732, 17.119058460658895 ], [ 42.365283002039796, 17.119479624737995 ], [ 42.36523660225874, 17.119915066629197 ], [ 42.365211618314056, 17.120682442215543 ], [ 42.365175925552876, 17.121089330811287 ], [ 42.365136664683391, 17.121478371928422 ], [ 42.365049590084581, 17.12188602714274 ], [ 42.364965343382288, 17.122342117204404 ], [ 42.364947498349181, 17.12288820336143 ], [ 42.36495463636242, 17.123134477053384 ], [ 42.3649903291236, 17.12425520341068 ], [ 42.364985224896159, 17.125297545764152 ], [ 42.364973518051379, 17.125468472975971 ], [ 42.364977241568234, 17.126134977972502 ], [ 42.364959395636795, 17.126697124602057 ], [ 42.364914779909888, 17.127086761790565 ], [ 42.364876113725117, 17.127387168930873 ], [ 42.364795807033659, 17.127821421347186 ], [ 42.364709551698397, 17.128270544078262 ], [ 42.364647091836694, 17.128567977276969 ], [ 42.364608424753605, 17.128785101803658 ], [ 42.364557862179517, 17.128942740987593 ], [ 42.364513247350935, 17.129100380896332 ], [ 42.364495399622868, 17.129296686087653 ], [ 42.364432939761166, 17.12975175785952 ], [ 42.364331813714685, 17.130367443646687 ], [ 42.364254481345142, 17.130932565780579 ], [ 42.364239609735613, 17.131075332898483 ], [ 42.364257454768726, 17.131259742051938 ], [ 42.364242584057514, 17.131652352817419 ], [ 42.364224738126076, 17.13201819524739 ], [ 42.364162277366056, 17.132508959147501 ], [ 42.364078996352703, 17.132827211611193 ], [ 42.364052226557234, 17.133002696285182 ], [ 42.364007611728653, 17.133127618918028 ], [ 42.363974894187685, 17.133178181651932 ], [ 42.363897561818135, 17.133243617878623 ], [ 42.363796434873343, 17.133270386066833 ], [ 42.363730999791414, 17.133315001422186 ], [ 42.363644743557835, 17.133398282188352 ], [ 42.363481156751341, 17.13376709913673 ], [ 42.363347312265581, 17.134055607717201 ], [ 42.363258081710093, 17.134329245865118 ], [ 42.363151006121491, 17.134706985342902 ], [ 42.363055827820503, 17.135108520051634 ], [ 42.363002290026202, 17.135316722033945 ], [ 42.362901162183093, 17.135697437428576 ], [ 42.362835727999474, 17.136063277905112 ], [ 42.362779214984961, 17.136402350786607 ], [ 42.36274054880019, 17.136711680887178 ], [ 42.362713780801343, 17.137074550049352 ], [ 42.362669165972761, 17.137565312615017 ], [ 42.36261860339868, 17.13796684715641 ], [ 42.36249665530223, 17.138570636280463 ], [ 42.362392553137205, 17.139091142689594 ], [ 42.362306298700254, 17.139486727649711 ], [ 42.36221112039928, 17.139816877878598 ], [ 42.36208619887924, 17.140230308658683 ], [ 42.361955327817071, 17.140637792271789 ], [ 42.361788765790351, 17.141066094963808 ], [ 42.361657894728182, 17.141336758688652 ], [ 42.361473486770031, 17.141768035879036 ], [ 42.361229592373761, 17.142359927133082 ], [ 42.360831895621068, 17.143407527821569 ], [ 42.360658661806731, 17.144005185735413 ], [ 42.360492099780011, 17.145075944379354 ], [ 42.360277947704475, 17.146170495723808 ], [ 42.360219970436042, 17.146412068927344 ], [ 42.36007852889793, 17.147172387344913 ], [ 42.359980377173365, 17.147713714629315 ], [ 42.35980895076937, 17.148603498798412 ], [ 42.359635354035667, 17.149340670727895 ], [ 42.359581817139677, 17.149602411608591 ], [ 42.359465818585349, 17.150099123928477 ], [ 42.359343872285535, 17.150696963740035 ], [ 42.359251667408145, 17.151119317923186 ], [ 42.359081639681058, 17.151730247944265 ], [ 42.358927466320424, 17.152035410057032 ], [ 42.358743056565636, 17.152478585896962 ], [ 42.358612932901785, 17.152897106886289 ], [ 42.358600429251346, 17.152928164896259 ], [ 42.358484712768018, 17.153382129869431 ], [ 42.358439675731248, 17.153882467208614 ], [ 42.358398036122885, 17.154331589597628 ], [ 42.358353420395979, 17.154997839124295 ], [ 42.358341523108365, 17.155280400708033 ], [ 42.358279063246655, 17.155934751881517 ], [ 42.358204705199014, 17.156520695156015 ], [ 42.358108931315002, 17.157060832131013 ], [ 42.358043497131376, 17.15734041900539 ], [ 42.357963190439925, 17.157599184766987 ], [ 42.357835293699679, 17.158086974752244 ], [ 42.357696233595377, 17.158662666174116 ], [ 42.357624850767948, 17.159138557763562 ], [ 42.357541569754595, 17.160018958020668 ], [ 42.357541122393577, 17.160022792164245 ], [ 42.357502169646231, 17.160680587375271 ], [ 42.357448630953613, 17.161079146771907 ], [ 42.35742186295478, 17.161186223194367 ], [ 42.357341555365011, 17.161439039728858 ], [ 42.357288017570703, 17.161733498956174 ], [ 42.357195813591623, 17.162099341353493 ], [ 42.357076840715401, 17.162462208967934 ], [ 42.356913253908893, 17.162842921922454 ], [ 42.356713974341211, 17.163217687713658 ], [ 42.356517668197121, 17.163518094782098 ], [ 42.356315137626424, 17.16376667066757 ], [ 42.356148852280811, 17.163898808144662 ], [ 42.356056648301731, 17.163979114890491 ], [ 42.356029879404581, 17.164038601632569 ], [ 42.356003109609112, 17.164112960247916 ], [ 42.355964443424341, 17.164202189002044 ], [ 42.355893059698602, 17.164359829023521 ], [ 42.35576218863644, 17.164606698328889 ], [ 42.355672958979262, 17.164865464256248 ], [ 42.355504500608987, 17.165382548711253 ], [ 42.355372553365108, 17.165894580634529 ], [ 42.355220862049599, 17.166424011393612 ], [ 42.35516137561148, 17.166653033986783 ], [ 42.355104862596953, 17.166917750189345 ], [ 42.354997787008351, 17.167227079229072 ], [ 42.354956147399989, 17.167444204904534 ], [ 42.354881789352341, 17.167726766416109 ], [ 42.354762815577807, 17.167991481086144 ], [ 42.354658714311093, 17.168232401911474 ], [ 42.354533792791052, 17.168473322423843 ], [ 42.354391025339581, 17.168794549000715 ], [ 42.354275025886949, 17.169115775879458 ], [ 42.354120362046167, 17.169648180830613 ], [ 42.353930005444198, 17.170320379014417 ], [ 42.353805083924158, 17.170665400699193 ], [ 42.353703956979366, 17.170873604002495 ], [ 42.353605804356469, 17.171075858367089 ], [ 42.353477907616217, 17.171304881223417 ], [ 42.353358934739987, 17.1714595447237 ], [ 42.353299448301868, 17.171575543766227 ], [ 42.353251859151378, 17.171822413765987 ], [ 42.353204270000887, 17.172075231251842 ], [ 42.353112065123497, 17.172310203255829 ], [ 42.352936581029375, 17.172658199427396 ], [ 42.35283961687761, 17.172783715045668 ], [ 42.352687331775691, 17.17292172436628 ], [ 42.352527907762223, 17.173007385361018 ], [ 42.352423211810809, 17.173043077215915 ], [ 42.352323274235445, 17.173050215414413 ], [ 42.352254410284083, 17.173034611279519 ], [ 42.35216622896084, 17.173040697244172 ], [ 42.352121020345855, 17.173085907261061 ], [ 42.352088053073246, 17.173211364227747 ], [ 42.352025981283738, 17.173277315035044 ], [ 42.351980631633253, 17.173335750853475 ], [ 42.351909247907514, 17.173390478092919 ], [ 42.35180693069497, 17.173404755321162 ], [ 42.351740444584166, 17.173377252237582 ], [ 42.351635610292192, 17.173361923633141 ], [ 42.351526891684934, 17.173438268825006 ], [ 42.351440633654711, 17.17346291473838 ], [ 42.351265478343997, 17.173582756689953 ], [ 42.351209685778322, 17.173702188314351 ], [ 42.351119266751716, 17.17386161231213 ], [ 42.35105740067641, 17.1740638668503 ], [ 42.350959842738249, 17.174275638416884 ], [ 42.350893218286885, 17.174565932731266 ], [ 42.350878942260387, 17.174706320675568 ], [ 42.350855145888509, 17.174941888408487 ], [ 42.350840869862012, 17.175146520854558 ], [ 42.350761782184406, 17.175330760068185 ], [ 42.35069810241054, 17.175427298332252 ], [ 42.350638615972422, 17.175493922939435 ], [ 42.350586720298466, 17.175645826233342 ], [ 42.35057675079544, 17.175810391213052 ], [ 42.350552956220191, 17.175967436038423 ], [ 42.350538680193701, 17.176124479872488 ], [ 42.350510126344076, 17.176364805661468 ], [ 42.350472053945708, 17.176574198106117 ], [ 42.350395911843911, 17.176828800276564 ], [ 42.350348322693421, 17.176976327129189 ], [ 42.350236760918285, 17.177170406900188 ], [ 42.350041512091281, 17.177517515963324 ], [ 42.349928277653092, 17.177680288983176 ], [ 42.349884326679486, 17.177804379090819 ], [ 42.349820082763635, 17.17798521873631 ], [ 42.349758215790018, 17.178168437253053 ], [ 42.349751077776773, 17.178235061733218 ], [ 42.349748698139578, 17.178311204947786 ], [ 42.349732041577582, 17.178406383063763 ], [ 42.349689210803156, 17.178580083278355 ], [ 42.34962734562616, 17.178875135794801 ], [ 42.349579757373995, 17.179091667660533 ], [ 42.349572617564114, 17.179198743123067 ], [ 42.349525029311934, 17.17934151088237 ], [ 42.349442949346106, 17.179457836272032 ], [ 42.349398848353871, 17.17958235688214 ], [ 42.349394158249765, 17.179679394999482 ], [ 42.34938702023652, 17.179774573271057 ], [ 42.349365605298466, 17.179867371609667 ], [ 42.349322775422344, 17.180069625602307 ], [ 42.349310877236405, 17.180236188052994 ], [ 42.349291841037221, 17.180312331303625 ], [ 42.349279943749593, 17.180357541263433 ], [ 42.349272805736348, 17.18042416581487 ], [ 42.349249011161106, 17.180488411324468 ], [ 42.34922997586024, 17.180576451272152 ], [ 42.34923235459911, 17.180766807703222 ], [ 42.349227597121363, 17.180821535323332 ], [ 42.349215698935424, 17.180945268020739 ], [ 42.349175247798179, 17.181047585249154 ], [ 42.349120520634443, 17.181161798325942 ], [ 42.349075311121148, 17.181266495300953 ], [ 42.34901820432021, 17.181404504313306 ], [ 42.34895871698378, 17.181530614767762 ], [ 42.348880195244796, 17.181632931672976 ], [ 42.348787395682685, 17.181773320272058 ], [ 42.348692218280021, 17.181968436046169 ], [ 42.348649388403899, 17.182075510704742 ], [ 42.348587522328607, 17.182146895206454 ], [ 42.348508999691305, 17.182218279680665 ], [ 42.348432857589501, 17.182337252598945 ], [ 42.348361472965451, 17.182472880963186 ], [ 42.348290089239718, 17.182622788321005 ], [ 42.348218706412297, 17.18284169822833 ], [ 42.348168736726294, 17.18305584990722 ], [ 42.348104491912125, 17.183231929895751 ], [ 42.348023589637641, 17.183381835781244 ], [ 42.34784289082328, 17.183656524607027 ], [ 42.347724788414574, 17.183900111288928 ], [ 42.3476262198717, 17.184167058251465 ], [ 42.347545702974479, 17.184373225296003 ], [ 42.347538179583971, 17.18441214270274 ], [ 42.347495348809538, 17.184547772122791 ], [ 42.347478693145852, 17.184642949610172 ], [ 42.347466795858239, 17.184857101781741 ], [ 42.347426344720986, 17.185164051966375 ], [ 42.347373997194438, 17.185694672094115 ], [ 42.347350201720879, 17.18596355086769 ], [ 42.347319269132385, 17.186094422118398 ], [ 42.347245505769457, 17.186346645139157 ], [ 42.347157466380033, 17.186622662358598 ], [ 42.347055149167488, 17.186943889235877 ], [ 42.34693141701689, 17.187260357694296 ], [ 42.346814822879537, 17.187484025985491 ], [ 42.346757716078599, 17.187560168832146 ], [ 42.346738680777733, 17.187605378739811 ], [ 42.346693472162748, 17.187645829926311 ], [ 42.346629225551943, 17.18769103895487 ], [ 42.346591154950204, 17.187712455289745 ], [ 42.346541186162518, 17.187786218260126 ], [ 42.34649121737484, 17.187900432332032 ], [ 42.346455524613653, 17.187976575007511 ], [ 42.346369864861423, 17.188031302214355 ], [ 42.346318684246427, 17.188057196579308 ], [ 42.346293721861315, 17.188331114678967 ], [ 42.346181887896641, 17.188840319831137 ], [ 42.346115263445277, 17.189190100037024 ], [ 42.346086709595667, 17.189351904203889 ], [ 42.346062915020418, 17.18968264795501 ], [ 42.345986772918621, 17.190170437634229 ], [ 42.345898667952184, 17.190727228336801 ], [ 42.345886973683818, 17.190894845353107 ], [ 42.345886973683818, 17.190946143256134 ], [ 42.34585828059533, 17.19134589224506 ], [ 42.345805933068775, 17.192162046576314 ], [ 42.345772620843093, 17.192454720052414 ], [ 42.345707855904372, 17.192852093791164 ], [ 42.345677443440429, 17.193035308761605 ], [ 42.345636991404866, 17.193166179306353 ], [ 42.345608437555242, 17.193254219236117 ], [ 42.345565607679134, 17.193335121707246 ], [ 42.34543249711696, 17.193475105820582 ], [ 42.345345833048235, 17.193672509165907 ], [ 42.345242001276127, 17.193820530642686 ], [ 42.34517978575618, 17.194042648023775 ], [ 42.345004838854592, 17.194413123401379 ], [ 42.344927793047617, 17.194512220215131 ], [ 42.344816076762257, 17.19457244118778 ], [ 42.344716140085211, 17.194639065775675 ], [ 42.344673310209103, 17.194705691197768 ], [ 42.34463226169219, 17.194838532625276 ], [ 42.344588415821491, 17.194902842647021 ], [ 42.344490091620379, 17.194993604706585 ], [ 42.344409191142525, 17.195124475583558 ], [ 42.344371008251372, 17.195241981334675 ], [ 42.344366360368092, 17.19537669917899 ], [ 42.344266422792728, 17.195528984357953 ], [ 42.344140311903253, 17.195709823864348 ], [ 42.344013271257467, 17.195848810716271 ], [ 42.343976128615409, 17.195988219678451 ], [ 42.343938057115359, 17.196121470385815 ], [ 42.343883329053298, 17.196268997321795 ], [ 42.343788151650635, 17.196371313809131 ], [ 42.343757218163823, 17.196492665888623 ], [ 42.343721526300953, 17.196673505311871 ], [ 42.343673937150463, 17.196785340242865 ], [ 42.343561881301916, 17.196978766800523 ], [ 42.343485960185681, 17.1971232225766 ], [ 42.343407354903377, 17.197295204379852 ], [ 42.343318578895428, 17.197431782922244 ], [ 42.343147977144874, 17.197563185846519 ], [ 42.343016868029153, 17.197617814965291 ], [ 42.342836366844168, 17.197727606066668 ], [ 42.342707876317498, 17.197789472785978 ], [ 42.342657906631501, 17.197877513091747 ], [ 42.342610563619409, 17.198075718404219 ], [ 42.342385293993921, 17.198484018894082 ], [ 42.342310505653259, 17.198560417236468 ], [ 42.342180600280024, 17.198706721943584 ], [ 42.341902085711013, 17.198938817134163 ], [ 42.341724329777549, 17.199060908968296 ], [ 42.341649015922435, 17.199100556144622 ], [ 42.341563356170205, 17.199141005678154 ], [ 42.341380136683171, 17.19919097460452 ], [ 42.341199639989767, 17.199294659075367 ], [ 42.341094600881902, 17.199293292051298 ], [ 42.341027977328856, 17.199283774371182 ], [ 42.340963730718052, 17.199286153147654 ], [ 42.340906623917128, 17.199314707044302 ], [ 42.340885208979074, 17.199386090050378 ], [ 42.340835240191396, 17.199543134626385 ], [ 42.34077337411609, 17.199643072248502 ], [ 42.340664345590056, 17.199751235969003 ], [ 42.340542705615746, 17.199951074034491 ], [ 42.340529100630768, 17.200056512119556 ], [ 42.340561601677749, 17.200145139173305 ], [ 42.340556843301684, 17.200285526611953 ], [ 42.340525909814879, 17.200347393334479 ], [ 42.340487201409289, 17.200381236638666 ], [ 42.340478354800368, 17.200449789948941 ], [ 42.340502116137948, 17.200530612043128 ], [ 42.340521151438821, 17.200604375056081 ], [ 42.340530669089262, 17.200842321221419 ], [ 42.340554464562814, 17.201173065900282 ], [ 42.340573500761998, 17.201399115013995 ], [ 42.340594914801741, 17.201532365258885 ], [ 42.340609191726557, 17.201696547682889 ], [ 42.340602053713312, 17.201817898845658 ], [ 42.340568740589312, 17.201894041804774 ], [ 42.340511633788388, 17.201979703132675 ], [ 42.340478321562713, 17.20203918883157 ], [ 42.340473563186634, 17.202115331699648 ], [ 42.340478321562713, 17.202274756130471 ], [ 42.340478321562713, 17.202358037687059 ], [ 42.34045928626184, 17.202457974647377 ], [ 42.34038779563658, 17.202525651038258 ], [ 42.340372347308637, 17.202637653201116 ], [ 42.340385522000595, 17.202879139103914 ], [ 42.340387901637776, 17.202964799975842 ], [ 42.340392660912158, 17.20309329078032 ], [ 42.34037600524848, 17.203212264017491 ], [ 42.340337933748415, 17.203324097572146 ], [ 42.340280889829565, 17.203427405584943 ], [ 42.340276206911987, 17.203472675977572 ], [ 42.340266549124365, 17.203681018325273 ], [ 42.340268928761546, 17.203838061831235 ], [ 42.340266549124365, 17.203937999708533 ], [ 42.34025941111112, 17.204026039663983 ], [ 42.340218960872186, 17.204111700005011 ], [ 42.340209442323442, 17.204159289733656 ], [ 42.340214201597817, 17.204221155161225 ], [ 42.340199924673001, 17.20434964680959 ], [ 42.340168992084507, 17.204554280233285 ], [ 42.340114264022453, 17.205130109631689 ], [ 42.340085711071147, 17.205877259757589 ], [ 42.340025974003069, 17.206503045125931 ], [ 42.340023373380319, 17.206554213419547 ], [ 42.339976448983144, 17.206950447355148 ], [ 42.339966738194924, 17.207221655913848 ], [ 42.339931046332048, 17.207530986306281 ], [ 42.339895355367496, 17.20773324011796 ], [ 42.339812072557514, 17.207999739112243 ], [ 42.33966216709279, 17.208240064726667 ], [ 42.339486087415636, 17.208454216205133 ], [ 42.33933142267653, 17.208589846033092 ], [ 42.33917675703912, 17.208665988779838 ], [ 42.339093476025759, 17.208682645376928 ], [ 42.338988780074338, 17.208713578195166 ], [ 42.338886462861794, 17.208713578195166 ], [ 42.338810319861679, 17.208689783059981 ], [ 42.338738937034258, 17.208656470723685 ], [ 42.338665172773027, 17.208651711695424 ], [ 42.338605687233219, 17.2086683682938 ], [ 42.338524785857054, 17.208696921600854 ], [ 42.338462918883437, 17.208706438796831 ], [ 42.338410571356881, 17.208706438796831 ], [ 42.338358222932023, 17.20868026500505 ], [ 42.338320152330276, 17.208644573152799 ], [ 42.338272563179785, 17.208599363234576 ], [ 42.338210696206161, 17.208599363234576 ], [ 42.338184522892043, 17.208599363234576 ], [ 42.33811789664405, 17.208639814982334 ], [ 42.338065549117502, 17.208737371611086 ], [ 42.338022719241387, 17.208877761112113 ], [ 42.337963232803268, 17.20905146106157 ], [ 42.337915642754467, 17.209222782199223 ], [ 42.33782998300223, 17.209394104036313 ], [ 42.337784311754874, 17.209483962277719 ], [ 42.337763654096591, 17.209605994810477 ], [ 42.337792120809631, 17.20972460774999 ], [ 42.33783635475254, 17.209908917251724 ], [ 42.337858676090725, 17.210150772083818 ], [ 42.337858676090725, 17.210338748651324 ], [ 42.337903746365157, 17.210743257636803 ], [ 42.337939438228034, 17.211016895894641 ], [ 42.337975130090896, 17.211350020743499 ], [ 42.338010821055455, 17.211645074243911 ], [ 42.338046513816636, 17.21204244367722 ], [ 42.338056030568751, 17.212375568395164 ], [ 42.338065549117502, 17.212596857766631 ], [ 42.338086964055556, 17.212882393155464 ], [ 42.338084585316686, 17.213139376344657 ], [ 42.338060789843134, 17.213401116366796 ], [ 42.338027477617452, 17.213541504044226 ], [ 42.337982268104142, 17.213689029963298 ], [ 42.337925161303218, 17.213800865765492 ], [ 42.337849018303096, 17.213872249189304 ], [ 42.337834741378295, 17.213905562302397 ], [ 42.337841880289851, 17.214012637367166 ], [ 42.33785331135185, 17.214118464727921 ], [ 42.337839640789852, 17.214227840168945 ], [ 42.337827101206805, 17.214992732793561 ], [ 42.3378656748651, 17.215409381009103 ], [ 42.33791088527672, 17.215759161628469 ], [ 42.33794419840072, 17.215997108037925 ], [ 42.337975130989214, 17.21632309425048 ], [ 42.338006063577708, 17.21662290636251 ], [ 42.338048894352134, 17.21685371429275 ], [ 42.338089344591069, 17.217160663758598 ], [ 42.338184522892043, 17.217803119069156 ], [ 42.338258287153288, 17.218283770250011 ], [ 42.338282080830218, 17.218619274265201 ], [ 42.338289219741782, 17.219121340314732 ], [ 42.338279701193031, 17.219611508993495 ], [ 42.338293978117846, 17.220035053231143 ], [ 42.338320153228594, 17.220529980784082 ], [ 42.338320154126905, 17.220775065992559 ], [ 42.338346328339334, 17.220986837328763 ], [ 42.33837250165346, 17.221193849716858 ], [ 42.338382019303886, 17.221372309669551 ], [ 42.338382019303886, 17.221700676047163 ], [ 42.338398674967571, 17.222269367242607 ], [ 42.338417711166755, 17.222799987378618 ], [ 42.338405646792495, 17.223333453802546 ], [ 42.338443509883405, 17.224117767143422 ], [ 42.338438969797963, 17.224591705862085 ], [ 42.33841295189238, 17.224860600192816 ], [ 42.338415332427886, 17.225234174815455 ], [ 42.338444221349107, 17.225682933733463 ], [ 42.338470058693304, 17.226076505428896 ], [ 42.338455781768495, 17.226816517168128 ], [ 42.338401056401395, 17.22741138264195 ], [ 42.33833680979059, 17.228129979955316 ], [ 42.338284462264042, 17.228572559327215 ], [ 42.338263047325974, 17.228758156785158 ], [ 42.338232113839169, 17.229122215105775 ], [ 42.338189283963054, 17.229441062739184 ], [ 42.338110762224062, 17.229817016781336 ], [ 42.337996546825579, 17.230281012099351 ], [ 42.337906127798973, 17.230578444646582 ], [ 42.337787154922751, 17.231021025017228 ], [ 42.337691976621763, 17.231330355058752 ], [ 42.33753731188267, 17.231696791818244 ], [ 42.337423097382498, 17.232132232731917 ], [ 42.337404062081625, 17.232291657022891 ], [ 42.337275570656644, 17.232767549008546 ], [ 42.337175633081287, 17.233105431668474 ], [ 42.337106628992736, 17.233440937089231 ], [ 42.337049522191812, 17.233721712783108 ], [ 42.336992416289206, 17.233838306855912 ], [ 42.336797300412854, 17.234188086916767 ], [ 42.336685464651559, 17.234480760815629 ], [ 42.33653793882403, 17.23494237639721 ], [ 42.336476072748731, 17.235192219710463 ], [ 42.336404689022991, 17.235365919814516 ], [ 42.336269059584765, 17.235584830806403 ], [ 42.336147707071348, 17.235834674108531 ], [ 42.335943074442888, 17.236358156423218 ], [ 42.335780885414977, 17.236831855255087 ], [ 42.335747265965459, 17.237020116989118 ], [ 42.335600430942378, 17.237723966238214 ], [ 42.335559980703458, 17.238016639681419 ], [ 42.335563066416448, 17.238278147139482 ], [ 42.335548084314141, 17.238690028356586 ], [ 42.335531426853827, 17.239120709124169 ], [ 42.335540945402578, 17.239503803979943 ], [ 42.335536186128202, 17.239734610784751 ], [ 42.335543324141454, 17.240010628126647 ], [ 42.335521910101711, 17.240403240131645 ], [ 42.335464803300788, 17.240762537888525 ], [ 42.335407695601539, 17.241059970714975 ], [ 42.335322034950991, 17.241300296239746 ], [ 42.335260168875699, 17.241450203112578 ], [ 42.335193545322646, 17.241519207060023 ], [ 42.335107882875455, 17.241595349967795 ], [ 42.334946080123117, 17.241735736816636 ], [ 42.334862799109757, 17.241769050054284 ], [ 42.334767619910458, 17.241761911074889 ], [ 42.334652645435561, 17.241705056614087 ], [ 42.334593460831385, 17.24172049623791 ], [ 42.334551089994378, 17.241799983340595 ], [ 42.334546330720002, 17.241849951032556 ], [ 42.334558228905941, 17.241899920426881 ], [ 42.334603438419251, 17.24196654512102 ], [ 42.334627232994492, 17.242045066928533 ], [ 42.334646269193676, 17.242283013805704 ], [ 42.334662924857355, 17.242499544382351 ], [ 42.334672441609484, 17.242782699962557 ], [ 42.334655785945799, 17.243037302821577 ], [ 42.334670062870607, 17.243191967280836 ], [ 42.334672441609484, 17.243356149595964 ], [ 42.334653407206929, 17.243444189651274 ], [ 42.334648647932546, 17.243563162655462 ], [ 42.33466768323342, 17.243658342376307 ], [ 42.334665303596225, 17.243751141269975 ], [ 42.334646269193676, 17.243834422156684 ], [ 42.334634371007745, 17.243927221819764 ], [ 42.334612956069677, 17.244036675704823 ], [ 42.334589162392753, 17.244081886391339 ], [ 42.334567745658056, 17.244129475266227 ], [ 42.334518488336087, 17.244188267915789 ], [ 42.334508399357127, 17.244247119744195 ], [ 42.334493584341459, 17.244610110289582 ], [ 42.334510638857132, 17.244907559223172 ], [ 42.334498741569512, 17.245083638669836 ], [ 42.334470327857076, 17.2452835143805 ], [ 42.334470327857076, 17.24558808475993 ], [ 42.334482676098972, 17.245716469578703 ], [ 42.334507318683841, 17.245761649826274 ], [ 42.33454871035719, 17.245890275602125 ], [ 42.3345606067465, 17.24602828529931 ], [ 42.334584542357248, 17.246378066289697 ], [ 42.334615501895193, 17.246702483801585 ], [ 42.334666295336312, 17.246954637888717 ], [ 42.334703375994607, 17.247027659147005 ], [ 42.334746206769033, 17.247189461606165 ], [ 42.334779518994708, 17.247439304646935 ], [ 42.33481997013196, 17.247629661757767 ], [ 42.334886593685006, 17.247969925397786 ], [ 42.334912768795753, 17.248115072273791 ], [ 42.334986533056998, 17.24831256827181 ], [ 42.33504839823398, 17.248569550224307 ], [ 42.335067434433171, 17.248802736701709 ], [ 42.335076951185286, 17.248933607234765 ], [ 42.335119781959726, 17.24909540973869 ], [ 42.335150715446531, 17.249304803072839 ], [ 42.335167371110202, 17.249495159975201 ], [ 42.335174510021773, 17.249675999022138 ], [ 42.335207822247462, 17.249894910203629 ], [ 42.335231616822696, 17.250147131993007 ], [ 42.335267308685566, 17.250366042615564 ], [ 42.335283964349252, 17.250496912897791 ], [ 42.335300620911248, 17.25070868532994 ], [ 42.335319657110439, 17.250870488851085 ], [ 42.33533631277411, 17.25104180981943 ], [ 42.335341072048493, 17.251153643599281 ], [ 42.335345831322861, 17.251225028032287 ], [ 42.335348210061738, 17.251270237815746 ], [ 42.335374384274175, 17.251344002025927 ], [ 42.335419593787478, 17.251567670009415 ], [ 42.335464804199091, 17.251779442070493 ], [ 42.335462423663593, 17.251948384954094 ], [ 42.335455285650355, 17.252074496204159 ], [ 42.335474321849539, 17.252295786065808 ], [ 42.335505254438033, 17.252595598128138 ], [ 42.335545705575264, 17.252921584094622 ], [ 42.335550463951328, 17.253235672211947 ], [ 42.335564741774455, 17.253449823869314 ], [ 42.335581398336451, 17.253545001922625 ], [ 42.335626607849754, 17.253749635772003 ], [ 42.335633746761324, 17.253973305128515 ], [ 42.335645644048945, 17.254066104840387 ], [ 42.335705129588746, 17.25432546542643 ], [ 42.335731303801175, 17.254591964989071 ], [ 42.33576223728798, 17.254860843943625 ], [ 42.335766996562363, 17.255022648112664 ], [ 42.335776514212796, 17.255167794587823 ], [ 42.335805068062413, 17.255305804209087 ], [ 42.33583362101372, 17.255486642707893 ], [ 42.335852657212904, 17.255669860795891 ], [ 42.335874072150965, 17.255931602321677 ], [ 42.335919280765957, 17.256288520971701 ], [ 42.33597638756688, 17.256609747766731 ], [ 42.33600970069088, 17.256930974860207 ], [ 42.336069188027302, 17.257397348688578 ], [ 42.336100120615797, 17.257606742036696 ], [ 42.336140570854724, 17.25818970914662 ], [ 42.336171504341536, 17.258634669102374 ], [ 42.336197677655662, 17.259017762052945 ], [ 42.336211954580463, 17.25916290881565 ], [ 42.336250026978838, 17.25957217583229 ], [ 42.336323791240083, 17.260162281860072 ], [ 42.336397553704685, 17.260671487303913 ], [ 42.336442764116306, 17.26101175005115 ], [ 42.336511768204858, 17.26143291485683 ], [ 42.336564116629717, 17.261780316119857 ], [ 42.336649777280272, 17.262096784276437 ], [ 42.336763990882126, 17.262463220862241 ], [ 42.336785406718498, 17.262577435973064 ], [ 42.336909137970792, 17.263136608684341 ], [ 42.336959106758471, 17.26340072871573 ], [ 42.337004317170084, 17.263631537368848 ], [ 42.337013834820517, 17.263909932936865 ], [ 42.337028110847015, 17.264071736887104 ], [ 42.337040008134636, 17.264257334679808 ], [ 42.337040008134636, 17.264338236949147 ], [ 42.337042387771831, 17.264414379017968 ], [ 42.337059044333827, 17.264511937069987 ], [ 42.337075700895824, 17.264609495070381 ], [ 42.337132807696747, 17.264802232125529 ], [ 42.337168499559617, 17.265011624785625 ], [ 42.337192294134873, 17.265221016350051 ], [ 42.337206571059667, 17.26539233771382 ], [ 42.33721133033405, 17.265494655385563 ], [ 42.33722322672336, 17.265601731419324 ], [ 42.337242262922551, 17.265673115407278 ], [ 42.337292230811904, 17.265744497651923 ], [ 42.337318405024341, 17.265922958289611 ], [ 42.337320784661529, 17.266165662798251 ], [ 42.337363615435962, 17.266313188710214 ], [ 42.337401686936019, 17.266560653672627 ], [ 42.337423102772384, 17.266672488336198 ], [ 42.337430240785636, 17.266822394322929 ], [ 42.337423102772384, 17.266896158317618 ], [ 42.337427862046766, 17.266936607590946 ], [ 42.337439759334387, 17.266974678950501 ], [ 42.337465932648506, 17.26709127431673 ], [ 42.337463553909636, 17.267172175342367 ], [ 42.337451655723697, 17.267400603089825 ], [ 42.337418344396326, 17.267650447062064 ], [ 42.337408825847582, 17.267738486674538 ], [ 42.337380271997958, 17.267826527102784 ], [ 42.337339821759024, 17.267933601782008 ], [ 42.337289852971345, 17.268016883760719 ], [ 42.337237505444804, 17.268066852072057 ], [ 42.337135328369442, 17.268155944036369 ], [ 42.336773648669748, 17.268422444198652 ], [ 42.336811581829245, 17.268464221905056 ], [ 42.336882964656667, 17.268511811352234 ], [ 42.337011456081648, 17.2685784367292 ], [ 42.337204192320804, 17.268656958361085 ], [ 42.337342201396218, 17.268695030223121 ], [ 42.337518281073372, 17.268725963283561 ], [ 42.337661049423161, 17.268737860415154 ], [ 42.337744331334839, 17.268766413870978 ], [ 42.337810954887878, 17.268797346919431 ], [ 42.337827610551564, 17.268825900366043 ], [ 42.337856165299506, 17.268921078203512 ], [ 42.337858544038376, 17.269175681014723 ], [ 42.337820473436629, 17.269216130645621 ], [ 42.337777641763886, 17.269249444067629 ], [ 42.337675326347977, 17.269254203249975 ], [ 42.33756587112218, 17.269247065334234 ], [ 42.33736599597146, 17.269247065334234 ], [ 42.337194674670371, 17.269230408194854 ], [ 42.337075701794141, 17.269199476076903 ], [ 42.336980522594843, 17.26916854309594 ], [ 42.336906760130233, 17.269116193774732 ], [ 42.336806821656552, 17.269011497661172 ], [ 42.336704506240643, 17.268947252893685 ], [ 42.336530805302353, 17.268806863591699 ], [ 42.336404692616256, 17.268683133088764 ], [ 42.336352345089693, 17.268590333870318 ], [ 42.336323792138394, 17.268483257856964 ], [ 42.336317149995182, 17.268322584959371 ], [ 42.336292858651589, 17.26827862405883 ], [ 42.336242889863904, 17.268271485247489 ], [ 42.336240511125034, 17.268342869917202 ], [ 42.336242889863904, 17.268430910056761 ], [ 42.33625478804985, 17.268514190952946 ], [ 42.336299997563145, 17.268602231010671 ], [ 42.336333309788834, 17.268659337959921 ], [ 42.336417701119885, 17.268796677818607 ], [ 42.336616350968548, 17.268972938622316 ], [ 42.336744955581253, 17.269049570307796 ], [ 42.336980522594843, 17.269304171225862 ], [ 42.337120912205762, 17.269487390166891 ], [ 42.337194674670371, 17.269587326836504 ], [ 42.337213710869555, 17.26967298765371 ], [ 42.33721147136955, 17.269831084208171 ], [ 42.337323597286684, 17.270793503204146 ], [ 42.337437378798882, 17.271241053350639 ], [ 42.337556351675111, 17.271769292970543 ], [ 42.337637254847913, 17.27216666339859 ], [ 42.337713396949717, 17.27266159185498 ], [ 42.337818094697766, 17.273437295140873 ], [ 42.337834750361445, 17.273834665403029 ], [ 42.337853785662311, 17.274072611586305 ], [ 42.337906134985488, 17.274400977706691 ], [ 42.337970379799671, 17.274926838185635 ], [ 42.337979898348422, 17.275145747696698 ], [ 42.337982277087292, 17.27539083329594 ], [ 42.337977517812924, 17.275521703830304 ], [ 42.337953723237675, 17.275571671822245 ], [ 42.337958481613725, 17.275612122622523 ], [ 42.337975139074047, 17.275643056237406 ], [ 42.337979898348422, 17.27570730124383 ], [ 42.337989415998855, 17.275797720802746 ], [ 42.338006071662541, 17.27606184070369 ], [ 42.338015589312974, 17.276578183602737 ], [ 42.338027486600602, 17.277039800210112 ], [ 42.338025107861725, 17.277855954241073 ], [ 42.338006071662541, 17.278450819862933 ], [ 42.337994175273231, 17.278931471796721 ], [ 42.337977517812924, 17.279409743016295 ], [ 42.337953724135986, 17.279895153070786 ], [ 42.337951345397116, 17.280097407382954 ], [ 42.337956103773173, 17.280578057593171 ], [ 42.337937067573989, 17.280780312013182 ], [ 42.337884496366932, 17.280939820353147 ], [ 42.337825009928814, 17.281079612841598 ], [ 42.337839880640033, 17.281261047075308 ], [ 42.337839880640033, 17.281365659029372 ], [ 42.337858545835012, 17.281513185638019 ], [ 42.337851406923441, 17.281639298106892 ], [ 42.33781381063217, 17.281770183930384 ], [ 42.337811941238066, 17.281824438174176 ], [ 42.337791921383641, 17.282455453200956 ], [ 42.337758609157966, 17.282926585603327 ], [ 42.337689604171103, 17.283749880066072 ], [ 42.33758254205722, 17.284519450075642 ], [ 42.33751270612872, 17.285160387701307 ], [ 42.337459167436101, 17.285787970619559 ], [ 42.33737886074465, 17.286665397030649 ], [ 42.337301529273411, 17.287269186382467 ], [ 42.33725988786842, 17.287566618811571 ], [ 42.337105224027631, 17.288539223316722 ], [ 42.3370427623693, 17.288913988172148 ], [ 42.336971378643561, 17.289166805867396 ], [ 42.336962454779531, 17.289294702310773 ], [ 42.336956507034039, 17.289416648623249 ], [ 42.336923788594753, 17.289541571160594 ], [ 42.33685240486902, 17.289907412795916 ], [ 42.33677804771969, 17.290305973205434 ], [ 42.336760281738314, 17.290440481026881 ], [ 42.336604927991402, 17.291098725652336 ], [ 42.336312705131157, 17.292145000192008 ], [ 42.336242059820584, 17.292321174323796 ], [ 42.336212924760979, 17.292533744400068 ], [ 42.336212924760979, 17.292667587583299 ], [ 42.336189131982358, 17.292834149721067 ], [ 42.336082056393749, 17.293351683260081 ], [ 42.335864929996312, 17.294217211582414 ], [ 42.335644830175291, 17.295168996331714 ], [ 42.335499089300228, 17.295817399140418 ], [ 42.335335499798781, 17.296450930703074 ], [ 42.335151091840636, 17.297185589404531 ], [ 42.335146452940499, 17.297213280760474 ], [ 42.334992843721864, 17.297889112886541 ], [ 42.334904461176002, 17.298520391043571 ], [ 42.33479714663553, 17.299089157577384 ], [ 42.334684124199747, 17.299722689881467 ], [ 42.334514586952814, 17.300481142833718 ], [ 42.334303894289441, 17.301164730021576 ], [ 42.334219967387391, 17.30138367094408 ], [ 42.334041060712039, 17.302017478375827 ], [ 42.333791795288683, 17.302746449122807 ], [ 42.333565168308802, 17.303245874426651 ], [ 42.333291529795162, 17.303816944599781 ], [ 42.33299409760459, 17.304364220769763 ], [ 42.332857278796936, 17.304596219108852 ], [ 42.332580665961373, 17.305009650276389 ], [ 42.33226836216128, 17.305414159229276 ], [ 42.331926316040445, 17.305771077196113 ], [ 42.331575345157248, 17.30608932999511 ], [ 42.331221399952156, 17.30634214810425 ], [ 42.33093644266593, 17.306515515288066 ], [ 42.33073802637923, 17.306579292394257 ], [ 42.330626534672696, 17.306574144805673 ], [ 42.330537305015525, 17.306609838295199 ], [ 42.330511011327154, 17.306682528873964 ], [ 42.33049566361052, 17.306785321893457 ], [ 42.33049863883074, 17.306841834658883 ], [ 42.33049566361052, 17.306898347406936 ], [ 42.330477817679096, 17.306925116191064 ], [ 42.330430229426916, 17.30693106480923 ], [ 42.330382640276426, 17.30673178513824 ], [ 42.330352897057367, 17.306597940180243 ], [ 42.330367767768585, 17.30651763281562 ], [ 42.330442126714537, 17.306416506053242 ], [ 42.330534330693617, 17.306264815805399 ], [ 42.330572996878395, 17.306223175323318 ], [ 42.330540280235745, 17.306196405579353 ], [ 42.330510537016686, 17.306181534831804 ], [ 42.330480792899316, 17.306181534831804 ], [ 42.330439152392636, 17.306202355078739 ], [ 42.33038561370001, 17.306238046067495 ], [ 42.330275563789506, 17.306407583100956 ], [ 42.330245820570454, 17.306473018932017 ], [ 42.330275563789506, 17.306645529204861 ], [ 42.33038561370001, 17.307133319427681 ], [ 42.330336819010419, 17.307171985398547 ], [ 42.330336819010419, 17.307261215388682 ], [ 42.330388588021918, 17.307311777686902 ], [ 42.330406434851675, 17.307374238894354 ], [ 42.330382640276426, 17.307457521043037 ], [ 42.330323153838307, 17.307564595830563 ], [ 42.330230949859235, 17.307612184604999 ], [ 42.330201206640176, 17.307650852190445 ], [ 42.330210128707577, 17.307692492349219 ], [ 42.330314230872595, 17.307725208752572 ], [ 42.330343974091647, 17.307743055386482 ], [ 42.330364794344987, 17.307811465037108 ], [ 42.330364794344987, 17.307859054605292 ], [ 42.330361820023086, 17.307951257696921 ], [ 42.330293989134297, 17.308143066874944 ], [ 42.330008453333036, 17.308571370057443 ], [ 42.329951361803467, 17.308623456872194 ], [ 42.32992459380462, 17.308697813898625 ], [ 42.329939465414157, 17.308804889679124 ], [ 42.329960284769186, 17.308917914808788 ], [ 42.33004951532466, 17.309078528263875 ], [ 42.330138744981838, 17.309242116707953 ], [ 42.330307415354532, 17.309489059991339 ], [ 42.33048971496671, 17.309673394167742 ], [ 42.330614638283386, 17.309848878272604 ], [ 42.330754431412949, 17.310015441148025 ], [ 42.330864481323466, 17.310167130874451 ], [ 42.330931975344022, 17.310391350069349 ], [ 42.330979273440363, 17.310470178907639 ], [ 42.331048890179929, 17.310657896294554 ], [ 42.331081606822579, 17.310741176955815 ], [ 42.331111350041645, 17.310806611244555 ], [ 42.331150017124727, 17.310946405057489 ], [ 42.331138118938789, 17.3110594297282 ], [ 42.331087554568079, 17.311353887193651 ], [ 42.330974532132288, 17.312020136623495 ], [ 42.330864644816849, 17.312384706302687 ], [ 42.330781201208417, 17.312763719239644 ], [ 42.330668176077687, 17.313194996156081 ], [ 42.330596792351947, 17.313557862858538 ], [ 42.330474845153816, 17.314250882308571 ], [ 42.330332077702337, 17.314839797691572 ], [ 42.330225002113743, 17.315259178185407 ], [ 42.330156591811594, 17.315580405022736 ], [ 42.330025721647736, 17.315913529669007 ], [ 42.329850235756979, 17.316338857741552 ], [ 42.329701519661697, 17.316713624273842 ], [ 42.329517111703545, 17.317106234909115 ], [ 42.329401113149224, 17.317439360219847 ], [ 42.329294037560615, 17.317879559708821 ], [ 42.329219678614656, 17.318141300280008 ], [ 42.329103680958653, 17.318611243578172 ], [ 42.329082860705306, 17.318828369649449 ], [ 42.329044195418845, 17.319119853419924 ], [ 42.329035271554815, 17.319247749616615 ], [ 42.329035271554815, 17.319402414406508 ], [ 42.329023374267194, 17.319503541742915 ], [ 42.329008502657665, 17.319631436814937 ], [ 42.329002554013854, 17.319699847186421 ], [ 42.329038246775042, 17.319774205734955 ], [ 42.329035271554815, 17.31983369203757 ], [ 42.328981733760514, 17.319902102333742 ], [ 42.328886556357844, 17.319988357191807 ], [ 42.328874658171905, 17.320074612009378 ], [ 42.328880606815716, 17.320220354679041 ], [ 42.328928195966213, 17.320366096375515 ], [ 42.328966863049295, 17.320482095346051 ], [ 42.329020399945293, 17.320589171121913 ], [ 42.329109629602463, 17.320743835640176 ], [ 42.329238651033457, 17.320931214938497 ], [ 42.329329730321795, 17.321062089100138 ], [ 42.329347433421106, 17.321189574880407 ], [ 42.329508768151179, 17.321572744335725 ], [ 42.329527817825095, 17.321626581207415 ], [ 42.329612290902837, 17.321767003967899 ], [ 42.329716393067855, 17.322001975846987 ], [ 42.329790751115496, 17.322162589016191 ], [ 42.329814545690752, 17.322311305804778 ], [ 42.329828033894735, 17.322475017108907 ], [ 42.329814545690752, 17.322596841083932 ], [ 42.329835495301488, 17.322861158791937 ], [ 42.329858437375535, 17.323212256868572 ], [ 42.329642017952217, 17.324199669927676 ], [ 42.329590281280069, 17.324532412767599 ], [ 42.32953674258745, 17.32470730382969 ], [ 42.329415391870661, 17.3249714238348 ], [ 42.329275558316908, 17.32531416611959 ], [ 42.329254777589433, 17.325353328221631 ], [ 42.329041003704639, 17.325687235248264 ], [ 42.328842520044304, 17.326084202807476 ], [ 42.328784813168774, 17.326443265677138 ], [ 42.328819337221773, 17.32655257618979 ], [ 42.328847891071391, 17.326645375333946 ], [ 42.328833614146575, 17.32676315833378 ], [ 42.328815768215144, 17.326877372131634 ], [ 42.328833614146575, 17.326955894612418 ], [ 42.32884075215982, 17.327055831798933 ], [ 42.32880862930358, 17.327187891875401 ], [ 42.328744383591093, 17.327284260674681 ], [ 42.328598047132992, 17.327655456348605 ], [ 42.328533643317009, 17.327737424119764 ], [ 42.328434162984131, 17.327979828427459 ], [ 42.328404699141132, 17.328082949979596 ], [ 42.328294665400293, 17.328301479803294 ], [ 42.328230420586117, 17.328394278063705 ], [ 42.328151897948814, 17.328487077992303 ], [ 42.328059099285028, 17.32857630792304 ], [ 42.327942850999051, 17.328656761720662 ], [ 42.327776520737672, 17.328863413054069 ], [ 42.327510021135588, 17.329301233794002 ], [ 42.327234409023276, 17.329723267082478 ], [ 42.327191784861355, 17.32992189324591 ], [ 42.327184647746421, 17.329996846216591 ], [ 42.327145385978618, 17.330075368221038 ], [ 42.327098986197562, 17.330161029174885 ], [ 42.327052588213135, 17.330264536250386 ], [ 42.326913388869976, 17.33048225568082 ], [ 42.326841591020887, 17.330553128277721 ], [ 42.326798536565953, 17.330664323774354 ], [ 42.326802744274737, 17.330732098892494 ], [ 42.326820589307857, 17.330799914289639 ], [ 42.326863420082297, 17.330899851099193 ], [ 42.326891973033597, 17.330989080714982 ], [ 42.326913388869976, 17.331071173055154 ], [ 42.326927664896466, 17.331160401730155 ], [ 42.326852713062422, 17.331260340058556 ], [ 42.326788467349935, 17.331292462284853 ], [ 42.326727792440693, 17.331363845656806 ], [ 42.326624284960403, 17.331438798896382 ], [ 42.326424920052766, 17.331582916964198 ], [ 42.326196561121023, 17.331985265623107 ], [ 42.326142443913355, 17.332077684710086 ], [ 42.326071060187623, 17.332288265663049 ], [ 42.326046076242939, 17.332470295949616 ], [ 42.326035369223064, 17.332659463226495 ], [ 42.326076962119032, 17.332779347588247 ], [ 42.326047230578077, 17.333064761116557 ], [ 42.325960415592391, 17.33330548622564 ], [ 42.325938999756019, 17.333426839097669 ], [ 42.325921153824588, 17.333562467876167 ], [ 42.325958690827044, 17.333793250263255 ], [ 42.326017523291625, 17.333872988319786 ], [ 42.326035369223064, 17.333955079370419 ], [ 42.326035369223064, 17.334040739371609 ], [ 42.326010384380069, 17.33413710800426 ], [ 42.325974691618889, 17.334251322360402 ], [ 42.325821746255244, 17.334617028718291 ], [ 42.325832332900859, 17.334728196028099 ], [ 42.325810510127667, 17.334890207818908 ], [ 42.325824786154165, 17.335143620000238 ], [ 42.325835494072351, 17.335357770685476 ], [ 42.32587118593522, 17.335668290664689 ], [ 42.325889030968341, 17.335932411196023 ], [ 42.325969513729589, 17.336148865083675 ], [ 42.3259727296983, 17.336181023327402 ], [ 42.326060353167748, 17.336367852647747 ], [ 42.326085337112431, 17.336532035053331 ], [ 42.326085337112431, 17.336831847104893 ], [ 42.326069286913246, 17.337217458673408 ], [ 42.326083599770669, 17.337401152770223 ], [ 42.326156720838171, 17.337488579330806 ], [ 42.326178135776225, 17.337549255251599 ], [ 42.326181705681165, 17.337634916147973 ], [ 42.326160290743104, 17.337745560269955 ], [ 42.326122215649789, 17.337896717743583 ], [ 42.326056784161125, 17.338002543421776 ], [ 42.326071061085933, 17.338113187322122 ], [ 42.326141674955473, 17.338146435959356 ], [ 42.326217398442346, 17.338148878971637 ], [ 42.32629592018133, 17.338191710142386 ], [ 42.326306628099516, 17.338295216119811 ], [ 42.326303058194583, 17.338416569122963 ], [ 42.326263798223408, 17.338570043856159 ], [ 42.326203120619226, 17.338712811772147 ], [ 42.326119520703941, 17.338933754794418 ], [ 42.326044276019111, 17.34003736232691 ], [ 42.325749900795458, 17.341383078866134 ], [ 42.325533154385383, 17.341752722287129 ], [ 42.325292234311014, 17.342529020781001 ], [ 42.325161364147164, 17.342981117621331 ], [ 42.325092953845022, 17.343305319420207 ], [ 42.325027518763093, 17.343593829205236 ], [ 42.324947212071642, 17.343929928191418 ], [ 42.324875829244213, 17.344325514361568 ], [ 42.324807418942072, 17.344792482972533 ], [ 42.324646805559169, 17.345191042687187 ], [ 42.324429680958353, 17.345625294303513 ], [ 42.324242297779982, 17.346071443022993 ], [ 42.324084657820663, 17.346380772725063 ], [ 42.323879428710853, 17.346746616112306 ], [ 42.323638508636492, 17.347109483396601 ], [ 42.323486819117612, 17.347409890387773 ], [ 42.323257796330871, 17.347751937395401 ], [ 42.323076361796311, 17.347972036946281 ], [ 42.322793801215269, 17.348198086086988 ], [ 42.322549905920681, 17.348456852671145 ], [ 42.322347652031098, 17.348596646118963 ], [ 42.322065089653421, 17.348751311906973 ], [ 42.321743862887608, 17.348959514887891 ], [ 42.32152971171039, 17.349129051071106 ], [ 42.321288791636029, 17.349265870383157 ], [ 42.32108356342453, 17.349337252765761 ], [ 42.320967563971898, 17.349355098785797 ], [ 42.32094971893877, 17.349319407601442 ], [ 42.321000282411177, 17.349215305916079 ], [ 42.321050845883576, 17.349042795328121 ], [ 42.321056793629062, 17.348920848282653 ], [ 42.321050845883576, 17.348849464023079 ], [ 42.32106274317119, 17.348751311906973 ], [ 42.321095459813847, 17.348668029619486 ], [ 42.321101345575585, 17.348567461113699 ], [ 42.321184690369329, 17.348492544880809 ], [ 42.321223355655782, 17.348433059289931 ], [ 42.321225481069753, 17.348360569586891 ], [ 42.321327456922489, 17.348299212995737 ], [ 42.321375046971298, 17.348227830209119 ], [ 42.321380995615108, 17.348165369176225 ], [ 42.321387114938815, 17.348074854017117 ], [ 42.321572158904196, 17.347698795863103 ], [ 42.321598122012546, 17.347531836722947 ], [ 42.321630838655182, 17.347448555596646 ], [ 42.321636787298992, 17.347409890387773 ], [ 42.321618942265879, 17.34733255737321 ], [ 42.321610019300159, 17.347261174210391 ], [ 42.321627865231598, 17.347201687362691 ], [ 42.321711146244958, 17.347124354260348 ], [ 42.32176170971735, 17.3470559463907 ], [ 42.32175278585332, 17.347002406796808 ], [ 42.321764684039252, 17.346925075325363 ], [ 42.32179740158022, 17.346868562888449 ], [ 42.321856888018331, 17.346788255982077 ], [ 42.321949091997418, 17.346699026330697 ], [ 42.322039320581176, 17.346634230775148 ], [ 42.322100783312919, 17.34659492401552 ], [ 42.322142422921289, 17.346475950726148 ], [ 42.322172166140341, 17.346377799054828 ], [ 42.32219001297009, 17.346270722885375 ], [ 42.322211230278782, 17.346099402256183 ], [ 42.32232112208581, 17.345757515942339 ], [ 42.322422010078739, 17.34568478080498 ], [ 42.322493392906161, 17.345622319763571 ], [ 42.3225588288864, 17.345542013169066 ], [ 42.322508266312319, 17.345491450247799 ], [ 42.322484470838759, 17.345452783768927 ], [ 42.322493392906161, 17.345360579781193 ], [ 42.322543957276871, 17.345259452109779 ], [ 42.322582622563331, 17.345173197119475 ], [ 42.322630212612133, 17.345063147412798 ], [ 42.32265103286548, 17.344956071333435 ], [ 42.32262128964642, 17.344872789895167 ], [ 42.322523137023531, 17.344804381185849 ], [ 42.322517189278031, 17.344676483926957 ], [ 42.322540982954969, 17.344587254105821 ], [ 42.322579649139733, 17.344492075982256 ], [ 42.322603442816678, 17.344355257396714 ], [ 42.322630212612133, 17.344155977168462 ], [ 42.322636162154261, 17.34400131179309 ], [ 42.322636716414799, 17.343804214303415 ], [ 42.322630211713829, 17.343775264340412 ], [ 42.322659954932881, 17.343644392649519 ], [ 42.322701596337872, 17.343525420019009 ], [ 42.32271944226931, 17.343424293050923 ], [ 42.32270456976147, 17.343323166027087 ], [ 42.322662929254783, 17.343254755882469 ], [ 42.32264805764526, 17.343174449109036 ], [ 42.322698621117652, 17.343031682091958 ], [ 42.322728365235029, 17.34291270906412 ], [ 42.322698621117652, 17.342832402140967 ], [ 42.322683748609805, 17.342758044355591 ], [ 42.322665903576691, 17.34265096778833 ], [ 42.322689698151933, 17.342493329125954 ], [ 42.322784877351232, 17.342359485357704 ], [ 42.32294125877084, 17.34217245205474 ], [ 42.322950269771461, 17.342128397332306 ], [ 42.322933594344839, 17.34197876965926 ], [ 42.322936567768423, 17.341856823062638 ], [ 42.323041207125982, 17.341683814217603 ], [ 42.323198308096124, 17.341425545709289 ], [ 42.323210205383752, 17.341372007902141 ], [ 42.323144771200148, 17.341345238992709 ], [ 42.323006745056738, 17.341361718104626 ], [ 42.322868158364592, 17.341395802199198 ], [ 42.322728365235029, 17.341389852982108 ], [ 42.322665903576691, 17.341360110323713 ], [ 42.322674827440721, 17.341264932240978 ], [ 42.322692671575524, 17.341205446021384 ], [ 42.322645084221669, 17.341163804884459 ], [ 42.3225647766319, 17.341137035944648 ], [ 42.322499342448282, 17.341098370263023 ], [ 42.322454726721382, 17.341056729101801 ], [ 42.322329805201342, 17.340937755650849 ], [ 42.322264369221102, 17.34077416885199 ], [ 42.32223760122227, 17.340622476961862 ], [ 42.32223462600205, 17.34043806922994 ], [ 42.322276267407041, 17.340265558962869 ], [ 42.32234765113278, 17.340104945336709 ], [ 42.322404163248997, 17.339980022863344 ], [ 42.322427957824232, 17.339875921880566 ], [ 42.322392265961369, 17.339801562897083 ], [ 42.322407137570899, 17.339712334135104 ], [ 42.322463648788791, 17.339626078251968 ], [ 42.322526111345439, 17.339593360669998 ], [ 42.32258559688524, 17.339510080227516 ], [ 42.322630211713829, 17.339435721095789 ], [ 42.322624263968322, 17.339367312074277 ], [ 42.322543618612016, 17.339388755387215 ], [ 42.322454726721382, 17.339340542872399 ], [ 42.32236847138612, 17.339298903027256 ], [ 42.322300061982283, 17.339260236100827 ], [ 42.322198935037498, 17.339173980862679 ], [ 42.32214539724319, 17.339066904776427 ], [ 42.322121601769624, 17.338965777923569 ], [ 42.32213052473535, 17.338843830182114 ], [ 42.322169190920121, 17.338733780109099 ], [ 42.32221380574871, 17.33857316685727 ], [ 42.322308984948009, 17.3383887579235 ], [ 42.322371444809704, 17.338195427396013 ], [ 42.32238036777543, 17.338061583065379 ], [ 42.322386317317559, 17.33790989236299 ], [ 42.322475546974722, 17.337841482772706 ], [ 42.322529084769023, 17.337832559631654 ], [ 42.322567750953809, 17.33777902077626 ], [ 42.322469598330912, 17.337657073961221 ], [ 42.322350624556378, 17.337609485251971 ], [ 42.322112678803911, 17.337603536769638 ], [ 42.322032372112453, 17.337609485251971 ], [ 42.321824168680749, 17.337639227660762 ], [ 42.321621914791152, 17.337645176999441 ], [ 42.321476173017771, 17.337615433734118 ], [ 42.321306635770831, 17.337636253848849 ], [ 42.32112222871099, 17.337722509809733 ], [ 42.320952692362368, 17.337835535155385 ], [ 42.320801001945178, 17.337957481851845 ], [ 42.320637413342041, 17.338135941896393 ], [ 42.320524389109629, 17.338260863910076 ], [ 42.320384596878377, 17.338350091662797 ], [ 42.320149623651197, 17.338448245913668 ], [ 42.31998306162447, 17.338552347706322 ], [ 42.319804602310128, 17.338674294783974 ], [ 42.319635065961499, 17.338668346336153 ], [ 42.319599373200319, 17.338576142368996 ], [ 42.31968265511199, 17.338403631209097 ], [ 42.319757013159638, 17.338257889250741 ], [ 42.319789729802281, 17.338091327115901 ], [ 42.319879777824681, 17.337993749770892 ], [ 42.319920599966139, 17.337900970082767 ], [ 42.319905729254927, 17.337841483630203 ], [ 42.319840294172991, 17.337826612014048 ], [ 42.319566655659351, 17.337850405913318 ], [ 42.319406042276448, 17.337897995417595 ], [ 42.319287069400218, 17.337865278385042 ], [ 42.319215685674479, 17.337802818111697 ], [ 42.319209737030668, 17.337698715893882 ], [ 42.319242453673318, 17.337591639804387 ], [ 42.319331684228807, 17.337526204766718 ], [ 42.319495998670682, 17.337448509150605 ], [ 42.319522040830769, 17.337359641967833 ], [ 42.319569629981267, 17.337291233029951 ], [ 42.319661833062014, 17.337216874714194 ], [ 42.319664808282241, 17.337178209064103 ], [ 42.319605320945811, 17.337154414220183 ], [ 42.319462552596022, 17.337157388897403 ], [ 42.319367227869655, 17.337158776336924 ], [ 42.319254350960939, 17.33712169619757 ], [ 42.319191890200919, 17.33703246613263 ], [ 42.31917999201498, 17.336943236881808 ], [ 42.319203786590222, 17.336833187384137 ], [ 42.319191890200919, 17.336705290571704 ], [ 42.319203786590222, 17.336607137961195 ], [ 42.319203786590222, 17.336470318641478 ], [ 42.319177017693072, 17.336384062949612 ], [ 42.319165121303776, 17.336288884858625 ], [ 42.319206761810449, 17.336169911746733 ], [ 42.319310980756455, 17.336007830769756 ], [ 42.319397118412418, 17.335940889382549 ], [ 42.319444707562909, 17.335854632584383 ], [ 42.319489322391483, 17.335702942630519 ], [ 42.319444707562909, 17.335646430167266 ], [ 42.319346554940019, 17.335583969996339 ], [ 42.319220618323705, 17.33552845478107 ], [ 42.319117532153278, 17.33550961184644 ], [ 42.319022352953979, 17.335494740041344 ], [ 42.318974763803489, 17.335444176066503 ], [ 42.318965840837762, 17.33537279342363 ], [ 42.319010455666351, 17.335194333264948 ], [ 42.319147275372337, 17.334992078666041 ], [ 42.319275084976006, 17.334836686970544 ], [ 42.319362747971326, 17.334688335336292 ], [ 42.31946850213815, 17.334510238098598 ], [ 42.31953096289817, 17.33434070127009 ], [ 42.31951906561055, 17.334266342616559 ], [ 42.319414965242167, 17.334194960373175 ], [ 42.319293017145704, 17.334171164285003 ], [ 42.319093736679719, 17.334138446588145 ], [ 42.318858765249161, 17.334096807277831 ], [ 42.318814150420572, 17.334040294320104 ], [ 42.31881117609867, 17.333974859731427 ], [ 42.318891482790121, 17.333962961673464 ], [ 42.319055071393251, 17.333992706388166 ], [ 42.319144301050429, 17.333974859731427 ], [ 42.31917999201498, 17.333921320608304 ], [ 42.3191829672352, 17.333846962642411 ], [ 42.319191890200919, 17.33376070829037 ], [ 42.319260298706439, 17.333704196086693 ], [ 42.31935845222764, 17.333689324135324 ], [ 42.319471475561741, 17.333698246620273 ], [ 42.319569629082949, 17.333739886878515 ], [ 42.319724294720359, 17.33375773441562 ], [ 42.319828395987052, 17.33375773441562 ], [ 42.319941420219479, 17.33375475882578 ], [ 42.32011393089001, 17.333778554110413 ], [ 42.320316184779593, 17.333805323265985 ], [ 42.320467876095108, 17.333861834581008 ], [ 42.3205690030399, 17.333924296195445 ], [ 42.320649308833033, 17.333992706388166 ], [ 42.320768281709263, 17.333980808331361 ], [ 42.32078612943733, 17.333906450389563 ], [ 42.320777205573293, 17.333778554110413 ], [ 42.320711771389682, 17.333701221353508 ], [ 42.320613617868482, 17.333609016606154 ], [ 42.320458953129382, 17.333552505213298 ], [ 42.320298338848161, 17.333475173218694 ], [ 42.320116905211911, 17.33343055730532 ], [ 42.31989680539089, 17.333368097237933 ], [ 42.319786754582061, 17.333341328018602 ], [ 42.319688601959179, 17.33333538025547 ], [ 42.31956665476104, 17.333341328018602 ], [ 42.31940009273432, 17.333374045857529 ], [ 42.31927814463787, 17.333403788095101 ], [ 42.319078865070182, 17.333493018208973 ], [ 42.31876953559199, 17.33367445304027 ], [ 42.3185672817024, 17.333823169081686 ], [ 42.31842451335261, 17.333915372863959 ], [ 42.318269848613511, 17.333965936402404 ], [ 42.318183593278249, 17.333951063614727 ], [ 42.318147902313697, 17.333891577597068 ], [ 42.318174670312537, 17.333775580235951 ], [ 42.318192516243961, 17.333662554962839 ], [ 42.318171695990628, 17.333552505213298 ], [ 42.318156825279409, 17.333457327369157 ], [ 42.318121131619918, 17.33333538025547 ], [ 42.318067594723921, 17.333284815685829 ], [ 42.317987288032469, 17.333228304193177 ], [ 42.317960519135319, 17.333159893715592 ], [ 42.317993235777969, 17.333043895034624 ], [ 42.31809138929917, 17.332960614192963 ], [ 42.318183593278249, 17.332889229726806 ], [ 42.318338258915659, 17.332826770332769 ], [ 42.31842451335261, 17.332785128152363 ], [ 42.318469129079517, 17.332698874158943 ], [ 42.31844830882617, 17.332645334663692 ], [ 42.318430461996421, 17.332556104995327 ], [ 42.31842451335261, 17.332422260840225 ], [ 42.31843938496214, 17.332338979716571 ], [ 42.318525640297409, 17.332243801243283 ], [ 42.318698151866258, 17.332130776742162 ], [ 42.31884389274132, 17.33204452072626 ], [ 42.31901640520848, 17.331976112380136 ], [ 42.319159171761633, 17.331934470864315 ], [ 42.319322760364777, 17.331916624865013 ], [ 42.319417938665751, 17.331839293038847 ], [ 42.31930194011143, 17.331773857665667 ], [ 42.31916809472736, 17.331758987272984 ], [ 42.319010455666351, 17.33176196118011 ], [ 42.318876612078917, 17.331797652349522 ], [ 42.318698151866258, 17.331874985050753 ], [ 42.318525640297409, 17.331993958373662 ], [ 42.318388822388059, 17.332098060396724 ], [ 42.318249029258489, 17.332237852587063 ], [ 42.31804082582677, 17.332380621140643 ], [ 42.317912929984828, 17.332550157206757 ], [ 42.317823700327651, 17.332743487677568 ], [ 42.317785033244569, 17.332886255837941 ], [ 42.31770472655311, 17.332951690814642 ], [ 42.317633342827378, 17.332910051235146 ], [ 42.317588727998789, 17.332844615386076 ], [ 42.317537363229164, 17.332701498181212 ], [ 42.317573856389252, 17.332547183312393 ], [ 42.317701753129519, 17.33228544183142 ], [ 42.317776110278849, 17.332014778268476 ], [ 42.317847494004589, 17.331809549690295 ], [ 42.317960519135319, 17.331524015014057 ], [ 42.31807056904583, 17.331378271881061 ], [ 42.318165747346811, 17.331178992139634 ], [ 42.318296618408979, 17.330964840867374 ], [ 42.318479407603, 17.330717957318384 ], [ 42.319020105369141, 17.330367233754959 ], [ 42.319302481795546, 17.330219320997212 ], [ 42.319409014801714, 17.330242079980138 ], [ 42.319495270136983, 17.330259926142205 ], [ 42.319530961999853, 17.330221259026764 ], [ 42.319554756575108, 17.330140953410734 ], [ 42.319608295267727, 17.330102286270243 ], [ 42.319657130381508, 17.330033553051837 ], [ 42.319632088944651, 17.329974390771145 ], [ 42.31952501425436, 17.329953569787413 ], [ 42.31945957827412, 17.32988813459972 ], [ 42.319486347171271, 17.329822700246243 ], [ 42.319587474116062, 17.329795931367514 ], [ 42.319742138855162, 17.32978998177445 ], [ 42.319861111731392, 17.32978998177445 ], [ 42.320021726012612, 17.329810801919191 ], [ 42.320191263259552, 17.329932749658866 ], [ 42.320229927647702, 17.329917878259533 ], [ 42.320286440662223, 17.329876237991982 ], [ 42.320256698341488, 17.329760238951454 ], [ 42.320194236683143, 17.329718598648153 ], [ 42.320067067578272, 17.32962484232954 ], [ 42.319743461175257, 17.329491592026926 ], [ 42.319596397081781, 17.329453882620509 ], [ 42.31947444988365, 17.329441985984637 ], [ 42.319376297260753, 17.329474702803356 ], [ 42.319219813433214, 17.329606539037961 ], [ 42.319087788035901, 17.329712649910121 ], [ 42.318891481891811, 17.329739418800983 ], [ 42.318710048255568, 17.329730496123641 ], [ 42.31849589707835, 17.329709675112262 ], [ 42.31840369220096, 17.329665060856449 ], [ 42.318311488221873, 17.329534190252112 ], [ 42.318308513899972, 17.329480652406637 ], [ 42.318376437315237, 17.329420301398834 ], [ 42.318436410640231, 17.32934383292088 ], [ 42.31846302233221, 17.329223348610633 ], [ 42.31846020521548, 17.329091015584972 ], [ 42.318489948434539, 17.329022606138448 ], [ 42.31860594698886, 17.328891735933766 ], [ 42.318680305036501, 17.328853069387755 ], [ 42.318760611727953, 17.328817377645965 ], [ 42.318848784068038, 17.328787271067672 ], [ 42.318924199432772, 17.328719225105885 ], [ 42.31897773812539, 17.328674609751889 ], [ 42.318950968329929, 17.32860620015024 ], [ 42.31886471299466, 17.328519945051209 ], [ 42.318829021131783, 17.328457484170826 ], [ 42.318826046809889, 17.328380151745328 ], [ 42.318867688214887, 17.328317689959857 ], [ 42.318933122398491, 17.328299845324118 ], [ 42.31898368587089, 17.328273076223393 ], [ 42.319001531802321, 17.328192768897807 ], [ 42.319007481344443, 17.328136256695437 ], [ 42.319037223665191, 17.328076769651368 ], [ 42.319120451677946, 17.328056801710055 ], [ 42.319242451876683, 17.327993489129362 ], [ 42.319414964343842, 17.327948873599045 ], [ 42.319575576828434, 17.327925080131518 ], [ 42.319733216787753, 17.327916157366023 ], [ 42.31988193288305, 17.327916157366023 ], [ 42.320060392197391, 17.327925080131518 ], [ 42.320212082614582, 17.327939951692244 ], [ 42.320366748251992, 17.328008359826999 ], [ 42.320488694551813, 17.328145180307789 ], [ 42.320574950785392, 17.328308768070976 ], [ 42.320655256578533, 17.328406919972906 ], [ 42.320750435777839, 17.328484253244667 ], [ 42.32081289743617, 17.32847830532419 ], [ 42.320848588400715, 17.328356356618599 ], [ 42.320836691113094, 17.328225486796644 ], [ 42.320780179895202, 17.328085693266608 ], [ 42.320687975017812, 17.327960772046744 ], [ 42.320616591292072, 17.327868566989228 ], [ 42.320497618415843, 17.327788260344295 ], [ 42.320348902320561, 17.327743645621659 ], [ 42.320194236683143, 17.327725800072592 ], [ 42.320015777368809, 17.327737696819646 ], [ 42.319768907752312, 17.327758517197076 ], [ 42.319569628184624, 17.327779336714595 ], [ 42.319343579719799, 17.327815030373234 ], [ 42.319147273575702, 17.327832875913636 ], [ 42.319058043918531, 17.327853696280268 ], [ 42.318953941753513, 17.327862619048808 ], [ 42.318861738672759, 17.327880464584581 ], [ 42.318763586049869, 17.327930665328008 ], [ 42.318591075379324, 17.328008359826999 ], [ 42.318469128181199, 17.328082719299939 ], [ 42.318382871947613, 17.328160051850688 ], [ 42.318278770680919, 17.328163025816107 ], [ 42.31820738695518, 17.328154103062168 ], [ 42.318100311366571, 17.32813923237633 ], [ 42.31799026055775, 17.32814815427345 ], [ 42.317921852052237, 17.328154103062168 ], [ 42.317826672852931, 17.328171949427155 ], [ 42.317704725654799, 17.328210615259046 ], [ 42.317541137949981, 17.32824928194033 ], [ 42.317437035784963, 17.3282582038321 ], [ 42.317350781348019, 17.328252255904303 ], [ 42.317303192197528, 17.328189794932875 ], [ 42.317279397622279, 17.328070821717688 ], [ 42.317335908840171, 17.327916157366023 ], [ 42.31741026778613, 17.327770414799559 ], [ 42.317512493370522, 17.327647366248353 ], [ 42.317556008661207, 17.327532468606268 ], [ 42.317600625286417, 17.327440264191253 ], [ 42.317630367607158, 17.327333188978841 ], [ 42.317663085148112, 17.327243959301629 ], [ 42.3176987779093, 17.327166627222656 ], [ 42.317761237771016, 17.327077396606963 ], [ 42.317835595818657, 17.326985192821024 ], [ 42.317924826374139, 17.326901910946454 ], [ 42.31799620920156, 17.326821603878809 ], [ 42.318046772673959, 17.326788886587412 ], [ 42.318125428261915, 17.326769488777693 ], [ 42.318204411734968, 17.326750221313741 ], [ 42.318112208654192, 17.326652067668807 ], [ 42.317945645729161, 17.326643144841452 ], [ 42.317793956210281, 17.326660991353279 ], [ 42.317677107849697, 17.32672145474961 ], [ 42.317609548252129, 17.326884066173143 ], [ 42.317502471765209, 17.326991140789858 ], [ 42.317347806127799, 17.327122012349005 ], [ 42.317240731437508, 17.327199343589211 ], [ 42.317157450424148, 17.327297496941647 ], [ 42.317131285194868, 17.327331041676931 ], [ 42.316757985786978, 17.327679972763239 ], [ 42.316684532342819, 17.327755543225113 ], [ 42.316616122040671, 17.32782395314365 ], [ 42.316542836581483, 17.327911013805274 ], [ 42.316520943739697, 17.328035129823856 ], [ 42.316532841925628, 17.32818087218023 ], [ 42.316406105808724, 17.328336258361002 ], [ 42.316330138878399, 17.328497689232723 ], [ 42.316306792562479, 17.328629995244597 ], [ 42.316297868698449, 17.328740045372033 ], [ 42.316274075021518, 17.328847120621685 ], [ 42.316229460192929, 17.328972042953676 ], [ 42.316172948076726, 17.329082092876124 ], [ 42.316089667063366, 17.329204040242214 ], [ 42.315983682029518, 17.32934252088576 ], [ 42.315896336139488, 17.329474702803356 ], [ 42.315842797446869, 17.329549061682513 ], [ 42.315774388043039, 17.329611523049138 ], [ 42.315726798892541, 17.329614496991045 ], [ 42.31564649220109, 17.329471728859183 ], [ 42.315566186407956, 17.329325988384859 ], [ 42.315453161277219, 17.329266501726199 ], [ 42.315331213180777, 17.32926352692111 ], [ 42.315194394373108, 17.329275424426086 ], [ 42.31508434356428, 17.329308142989561 ], [ 42.314968345908277, 17.329391422915343 ], [ 42.314914807215658, 17.329510396132459 ], [ 42.314920755859468, 17.329718598648153 ], [ 42.314944551333028, 17.329879212787141 ], [ 42.31495347429874, 17.33005469903263 ], [ 42.315001062550927, 17.330298593249498 ], [ 42.315057577362076, 17.33047407909417 ], [ 42.315087319682817, 17.330581154190188 ], [ 42.315179523661897, 17.330780432865421 ], [ 42.315277677183104, 17.330878585161237 ], [ 42.315429366701984, 17.330967814787364 ], [ 42.315616749880348, 17.331116532163762 ], [ 42.315682184962284, 17.33125632510145 ], [ 42.315679210640369, 17.331339605858673 ], [ 42.315649467421309, 17.331449656934709 ], [ 42.315601878270826, 17.331565654907919 ], [ 42.315545366154616, 17.331687602339603 ], [ 42.315503724749625, 17.3318125235966 ], [ 42.3154210222513, 17.331969132967757 ], [ 42.315355008654336, 17.332065342330399 ], [ 42.315289573572407, 17.33215457137976 ], [ 42.315271727640976, 17.332243801243283 ], [ 42.315277677183104, 17.332303287794868 ], [ 42.315298497436437, 17.33237764724354 ], [ 42.315340137044807, 17.332413338293261 ], [ 42.315384752771706, 17.332490670735154 ], [ 42.315375829805987, 17.332588823831717 ], [ 42.315369881162177, 17.332701848050849 ], [ 42.315375829805987, 17.332785128152363 ], [ 42.315390701415524, 17.332868409931155 ], [ 42.315438289667696, 17.332975486203367 ], [ 42.315495039837444, 17.333049072752459 ], [ 42.315555609643802, 17.334003049764927 ], [ 42.315548339578207, 17.334328804093353 ], [ 42.315551313900116, 17.334510238098598 ], [ 42.315587006661296, 17.334733312814926 ], [ 42.315578083695577, 17.334956387260167 ], [ 42.315524545901276, 17.335200281825369 ], [ 42.315453161277219, 17.33537279342363 ], [ 42.315426393278386, 17.335503663296052 ], [ 42.315438289667696, 17.33560776504385 ], [ 42.315500751326027, 17.335744583291515 ], [ 42.315587006661296, 17.335934939988629 ], [ 42.315643517879181, 17.336116374978854 ], [ 42.315691107927996, 17.336262116065235 ], [ 42.315688133606095, 17.336413807271992 ], [ 42.31565541606512, 17.336503035922693 ], [ 42.315521570681057, 17.33658929241615 ], [ 42.31540259780482, 17.336624984362015 ], [ 42.31531075674512, 17.336596048701466 ], [ 42.315232004139112, 17.33653479622172 ], [ 42.315046496643049, 17.336221754064834 ], [ 42.314992141381836, 17.335866529662226 ], [ 42.314926706299907, 17.335750531834101 ], [ 42.314914808113969, 17.335592893246705 ], [ 42.314953475197065, 17.335467971132136 ], [ 42.314956450417284, 17.335366844011293 ], [ 42.314917783334195, 17.335313306151676 ], [ 42.314807733423677, 17.335265716834737 ], [ 42.314676863259827, 17.335268692400078 ], [ 42.314519224198818, 17.33528356336598 ], [ 42.314325892376644, 17.335298435188182 ], [ 42.314180149704939, 17.335292486630951 ], [ 42.314031433609657, 17.335262743841881 ], [ 42.313954101240107, 17.335212179803136 ], [ 42.313861897261027, 17.33512592437755 ], [ 42.313805385144825, 17.335045618334373 ], [ 42.313754820774108, 17.334962336685805 ], [ 42.313683437946693, 17.334873107286139 ], [ 42.313588258747394, 17.334766031263275 ], [ 42.313490107022815, 17.334626238425546 ], [ 42.313406825111137, 17.334498340932853 ], [ 42.313359235960647, 17.334418034615119 ], [ 42.313320568877558, 17.334299062005655 ], [ 42.313326518419686, 17.334203883691064 ], [ 42.313353288215154, 17.33398973165966 ], [ 42.313356261638738, 17.3338053241235 ], [ 42.313264057659666, 17.333689324992843 ], [ 42.313124263631785, 17.333617940810047 ], [ 42.313023137585311, 17.333638761378214 ], [ 42.312972574112905, 17.333689324992843 ], [ 42.312915319988271, 17.333694186267977 ], [ 42.312814935051904, 17.333549531335176 ], [ 42.312755447715475, 17.333445430135168 ], [ 42.312707858564977, 17.333323482156061 ], [ 42.312669192380206, 17.333216406944345 ], [ 42.312657295092585, 17.333153945946577 ], [ 42.312642422584744, 17.333073639040723 ], [ 42.312574014079232, 17.332927897995404 ], [ 42.312586375795853, 17.33281424792359 ], [ 42.312487476672956, 17.332538742700194 ], [ 42.312365810647506, 17.33238359589523 ], [ 42.312380683155354, 17.332258674169275 ], [ 42.312493708286084, 17.332136726259378 ], [ 42.312514527641106, 17.332083189172771 ], [ 42.312505604675394, 17.331916625722538 ], [ 42.312458014626586, 17.331764935944719 ], [ 42.312345220362879, 17.331650694315837 ], [ 42.312246837771283, 17.331497246383371 ], [ 42.312145710826485, 17.331402068331244 ], [ 42.312098121675987, 17.331345556259055 ], [ 42.312074327999063, 17.331268223334828 ], [ 42.312062429813125, 17.331173045163972 ], [ 42.312050531627186, 17.331062994779664 ], [ 42.312079143867301, 17.330926672983953 ], [ 42.312121916251243, 17.330854792073339 ], [ 42.312178429265771, 17.330685256156777 ], [ 42.312249812093192, 17.330405669305385 ], [ 42.312234939585345, 17.330239106048388 ], [ 42.312166531079825, 17.330117159369713 ], [ 42.312080274846245, 17.330010083145577 ], [ 42.311999968154794, 17.32987326405431 ], [ 42.311904433222644, 17.329723596376887 ], [ 42.311836617605216, 17.329630797073186 ], [ 42.311765233879477, 17.329584398261282 ], [ 42.311643881366052, 17.329559413027468 ], [ 42.311543943790696, 17.329570121107739 ], [ 42.311490406894713, 17.329648643294664 ], [ 42.311426161182219, 17.32972002730569 ], [ 42.311351207551546, 17.329773565081375 ], [ 42.311258408887745, 17.329805688425317 ], [ 42.311083517681716, 17.329855656249926 ], [ 42.310990719916234, 17.329884209653969 ], [ 42.310844382559829, 17.330001993149057 ], [ 42.310748014889398, 17.330130483758655 ], [ 42.310662355137175, 17.3303125127544 ], [ 42.310626663274292, 17.330526664787502 ], [ 42.310605248336245, 17.330648016066167 ], [ 42.310573124581687, 17.330751522867139 ], [ 42.310555278650249, 17.330908567912033 ], [ 42.310558848555189, 17.331033488841548 ], [ 42.310619525261053, 17.331147704271018 ], [ 42.310682474704585, 17.331261911911668 ], [ 42.3107729997324, 17.331319025138178 ], [ 42.310922906095442, 17.331415392626941 ], [ 42.310976443889736, 17.331493914882259 ], [ 42.310987151807922, 17.331608129167776 ], [ 42.310922906095442, 17.331765174337498 ], [ 42.310786665802816, 17.331976365350602 ], [ 42.310683770075229, 17.332111384641905 ], [ 42.310687339081852, 17.332257722315767 ], [ 42.310765861719148, 17.332332675190425 ], [ 42.310872938206074, 17.332389782081169 ], [ 42.310970073037751, 17.33242919735914 ], [ 42.3110822241077, 17.33261344506311 ], [ 42.31152004501088, 17.333565229946739 ], [ 42.311537501073481, 17.333623832825271 ], [ 42.311536806675761, 17.334006625612997 ], [ 42.311629606237879, 17.334306438359423 ], [ 42.311743819839727, 17.334609819592373 ], [ 42.31178665061416, 17.334774002712944 ], [ 42.31175452775792, 17.334909631353622 ], [ 42.311672436113994, 17.33502384608661 ], [ 42.311529667764198, 17.335120214203148 ], [ 42.311408316149098, 17.335102366798512 ], [ 42.311272685812561, 17.335013138324427 ], [ 42.311140626279276, 17.334891785643531 ], [ 42.310955028951682, 17.334713325874723 ], [ 42.310765861719148, 17.334545573722497 ], [ 42.310640940199107, 17.334334991071263 ], [ 42.310498171849325, 17.334028041254168 ], [ 42.310398235172279, 17.333749643726716 ], [ 42.310305435610168, 17.333556907719061 ], [ 42.31021977495962, 17.333307064063888 ], [ 42.310116269275959, 17.333125034606994 ], [ 42.310002054775786, 17.332860915181453 ], [ 42.30986642533756, 17.332707439962217 ], [ 42.309734364905957, 17.332653902184518 ], [ 42.309570181618099, 17.332593227218112 ], [ 42.309466675934438, 17.332525410768305 ], [ 42.309445260098059, 17.33241833509112 ], [ 42.309448830002999, 17.332321968128792 ], [ 42.30947024494106, 17.332232738303258 ], [ 42.309466675934438, 17.332161354411607 ], [ 42.309391723202076, 17.33212209257335 ], [ 42.309338185407775, 17.332086400609484 ], [ 42.309316769571403, 17.33202929362437 ], [ 42.309388153297135, 17.331972186621492 ], [ 42.309377446277267, 17.331911510572262 ], [ 42.30930606165321, 17.33187581942498 ], [ 42.30927393879697, 17.331825849577566 ], [ 42.309281077708533, 17.331765174337498 ], [ 42.30930963155815, 17.331722344239772 ], [ 42.30938101528389, 17.331725912414516 ], [ 42.309445260098059, 17.331761605305992 ], [ 42.309509505810553, 17.331815141628844 ], [ 42.30958089043461, 17.33187581942498 ], [ 42.309645136147097, 17.331929356572058 ], [ 42.309741502919209, 17.33196504770893 ], [ 42.309816455651564, 17.331879387596739 ], [ 42.309827165366379, 17.331786589382613 ], [ 42.309784332795317, 17.33168665219819 ], [ 42.309573752421358, 17.331568868068739 ], [ 42.30945596891457, 17.331515330816543 ], [ 42.309356030440888, 17.331461791833679 ], [ 42.309223970009292, 17.331454653758801 ], [ 42.309166863208368, 17.331501053813138 ], [ 42.309141879263684, 17.331629545088738 ], [ 42.309113326312371, 17.331715205317497 ], [ 42.309113326312371, 17.331818712374368 ], [ 42.309099049387562, 17.33196504770893 ], [ 42.309109757305762, 17.332097107684856 ], [ 42.309145449168625, 17.332229168423311 ], [ 42.309198986064608, 17.332375505145766 ], [ 42.309320338578019, 17.332536118675602 ], [ 42.309341754414397, 17.332611072294121 ], [ 42.309398862113639, 17.332686025024518 ], [ 42.30945596891457, 17.332693163909042 ], [ 42.309570181618099, 17.332689594038058 ], [ 42.309691535029835, 17.332703870949032 ], [ 42.309766487762197, 17.33273599378029 ], [ 42.309830732576366, 17.332818085339355 ], [ 42.309894979187177, 17.332935867809844 ], [ 42.309923532138484, 17.333057220926207 ], [ 42.309966362912917, 17.333214264856363 ], [ 42.309998484870846, 17.333382017367647 ], [ 42.31005559167177, 17.333667552584213 ], [ 42.31005916157671, 17.333760350705084 ], [ 42.31005559167177, 17.33386385832393 ], [ 42.31009842334452, 17.333988779815126 ], [ 42.310141253220635, 17.334063732840548 ], [ 42.310251897815867, 17.334324284126406 ], [ 42.310284020672107, 17.334402805995065 ], [ 42.310312575420042, 17.334492035623345 ], [ 42.310337559364726, 17.334574127254658 ], [ 42.310391096260709, 17.33467763441465 ], [ 42.310426788123586, 17.334756156132158 ], [ 42.310512448774141, 17.334877508902714 ], [ 42.310565985670117, 17.335070245238843 ], [ 42.310712323026529, 17.335277258940955 ], [ 42.310842458368484, 17.335382362390114 ], [ 42.310887214232565, 17.335441440607038 ], [ 42.310958597958304, 17.335598485927523 ], [ 42.310983581902988, 17.335776944835761 ], [ 42.310969304978173, 17.335983957740854 ], [ 42.310912198177249, 17.336183833378985 ], [ 42.310840961775213, 17.336317704804191 ], [ 42.310851522369695, 17.336465798727261 ], [ 42.310851522369695, 17.33654432225234 ], [ 42.310858661281266, 17.336647828301334 ], [ 42.310844385254768, 17.336783457272428 ], [ 42.310787276657209, 17.336894101907717 ], [ 42.310708755816542, 17.336954778025039 ], [ 42.310498172747643, 17.337026161767675 ], [ 42.31036254420772, 17.337051145985289 ], [ 42.310168511699615, 17.337048761268623 ], [ 42.310056359731341, 17.336872522817643 ], [ 42.309991346857601, 17.336637119776377 ], [ 42.309869995242494, 17.336412262045691 ], [ 42.309752210837395, 17.336233802040137 ], [ 42.30958089043461, 17.336030356650394 ], [ 42.309448830002999, 17.335930420061235 ], [ 42.309373877270637, 17.335873313414428 ], [ 42.309248954852286, 17.335898296931457 ], [ 42.30915258718187, 17.335962543185385 ], [ 42.309063356626382, 17.336058911666605 ], [ 42.30875283688043, 17.336162417131824 ], [ 42.308520839771788, 17.336091033910758 ], [ 42.308349519369017, 17.335944696720158 ], [ 42.308138937198422, 17.335784082742578 ], [ 42.30807825959424, 17.335637746164767 ], [ 42.308031860711502, 17.335627039295904 ], [ 42.307967615897333, 17.335677007251117 ], [ 42.307910509096395, 17.33583405237006 ], [ 42.307914077204714, 17.335991095639621 ], [ 42.307896231273276, 17.336162417131824 ], [ 42.307928354129523, 17.336355153833782 ], [ 42.307999737855255, 17.336505059636497 ], [ 42.308110384247115, 17.336679949584916 ], [ 42.308249582691964, 17.336901239771088 ], [ 42.308485148807236, 17.337268866799477 ], [ 42.308602933212349, 17.337408065948448 ], [ 42.309031235566771, 17.338114765119045 ], [ 42.309534490653554, 17.338857158225103 ], [ 42.309820027353133, 17.339249767826349 ], [ 42.310337560263044, 17.339927914927518 ], [ 42.310662356035486, 17.340345510294494 ], [ 42.311019274664169, 17.340802367273508 ], [ 42.311543945587331, 17.341480512924306 ], [ 42.312090032346859, 17.342230042932052 ], [ 42.312661103051077, 17.343090219352039 ], [ 42.31309297620875, 17.343864732076078 ], [ 42.313482017693687, 17.34462496983523 ], [ 42.313778261413134, 17.345263855192158 ], [ 42.314103058083894, 17.346149014085874 ], [ 42.314277948391613, 17.346841438078688 ], [ 42.314363608143843, 17.34739109326091 ], [ 42.314374316062029, 17.348008562693717 ], [ 42.314331486185914, 17.348601049121235 ], [ 42.314285086404858, 17.349304180218112 ], [ 42.314277948391613, 17.349882388601728 ], [ 42.314270810378368, 17.351185143915089 ], [ 42.314260103358492, 17.352091717774915 ], [ 42.314336953332734, 17.353076753013269 ], [ 42.31433851819795, 17.353394333065598 ], [ 42.314281517398236, 17.354054774377715 ], [ 42.314238686623803, 17.354754335699415 ], [ 42.314227979603935, 17.355104115787995 ], [ 42.314245826433684, 17.355885768919315 ], [ 42.314453129753481, 17.356857615660587 ], [ 42.314502808385321, 17.357823840381798 ], [ 42.314559916084569, 17.35868044631879 ], [ 42.314579796700116, 17.360084202079651 ], [ 42.314565164042456, 17.360308585803061 ], [ 42.314530936433499, 17.360719310775689 ], [ 42.314388593885155, 17.361807057581743 ], [ 42.314242258325372, 17.362877815756246 ], [ 42.314210136367443, 17.363491716059677 ], [ 42.31425653525018, 17.364012817820189 ], [ 42.314356471927226, 17.364694532620131 ], [ 42.314410010619845, 17.365147821427382 ], [ 42.314509948195209, 17.365583262102632 ], [ 42.314666991673171, 17.366097226332204 ], [ 42.31503818812498, 17.367032353794244 ], [ 42.315330861939501, 17.367656963181641 ], [ 42.315741319260802, 17.368424338370936 ], [ 42.316294544033575, 17.369427279932065 ], [ 42.316958414299904, 17.370465915078192 ], [ 42.317332603938247, 17.37098447983746 ], [ 42.317836924426956, 17.371884662879712 ], [ 42.318919579397267, 17.374002383417842 ], [ 42.319514443778409, 17.375204011295853 ], [ 42.3202163864431, 17.376798249635659 ], [ 42.320918327311169, 17.378547153313345 ], [ 42.321346629665598, 17.379879651284501 ], [ 42.321294982824966, 17.379885011142488 ], [ 42.321348520619274, 17.380027778600837 ], [ 42.321430612263185, 17.380274053083522 ], [ 42.321526979933608, 17.38059528009714 ], [ 42.321598363659348, 17.38076303211994 ], [ 42.321616209590786, 17.380820139357105 ], [ 42.3216947331264, 17.380848693397652 ], [ 42.321737563002507, 17.380905799750789 ], [ 42.321787530891875, 17.381044999198146 ], [ 42.32225866402073, 17.382522643199941 ], [ 42.32260130841955, 17.383646938615076 ], [ 42.322993918911116, 17.385138861012877 ], [ 42.323250900862753, 17.386159650323236 ], [ 42.3234971739979, 17.387316066664994 ], [ 42.323643511354305, 17.388072736235419 ], [ 42.32386837134802, 17.389161339846787 ], [ 42.324103828767143, 17.390323340228985 ], [ 42.32420198498329, 17.390991733973486 ], [ 42.32434567859783, 17.391794030756621 ], [ 42.324437166619617, 17.392500943668949 ], [ 42.324453718977047, 17.392723393162559 ], [ 42.324565109173967, 17.393343809572066 ], [ 42.324632178291388, 17.394193899804261 ], [ 42.324749961798176, 17.395468100221326 ], [ 42.324871315209911, 17.396999283889681 ], [ 42.324939129929028, 17.397748813914831 ], [ 42.325017651668013, 17.398416252158203 ], [ 42.32512115914831, 17.399187198116291 ], [ 42.325171127935988, 17.399719006823791 ], [ 42.325213957812103, 17.400379306771292 ], [ 42.325256787688225, 17.400832594642981 ], [ 42.325271064613027, 17.401442926847903 ], [ 42.325310326380837, 17.402228148681015 ], [ 42.325328173210593, 17.402827773285154 ], [ 42.325353158053588, 17.403905669337099 ], [ 42.325392053308761, 17.405208493746876 ], [ 42.325379820051225, 17.405768186201616 ], [ 42.325376730744964, 17.40590257765863 ], [ 42.325329361681717, 17.406834786183541 ], [ 42.325265116867541, 17.407879368629267 ], [ 42.325254470933103, 17.408403640674152 ], [ 42.325198492416177, 17.408997716294479 ], [ 42.32513405895579, 17.409910742027829 ], [ 42.325036689663833, 17.410613369383263 ], [ 42.324996239424898, 17.41107260539922 ], [ 42.324962926300906, 17.411448560816527 ], [ 42.324927234438036, 17.411765029017491 ], [ 42.324919243923581, 17.412133759792201 ], [ 42.32491243559204, 17.412202085917919 ], [ 42.324853752247805, 17.41294752157787 ], [ 42.324848711800733, 17.413054696754045 ], [ 42.324784466986557, 17.413618627757401 ], [ 42.324646327655429, 17.414384208170869 ], [ 42.324642188218604, 17.414417526960715 ], [ 42.324569819939313, 17.415029871784533 ], [ 42.324439445645496, 17.415843425242379 ], [ 42.324346646981702, 17.416347870400209 ], [ 42.324221381406907, 17.417157242059044 ], [ 42.324142014353235, 17.417497149641001 ], [ 42.324027798954759, 17.417994458100534 ], [ 42.32391834372897, 17.418627394415161 ], [ 42.323861236928046, 17.418960518586864 ], [ 42.323732746401369, 17.419505415355697 ], [ 42.323542388901089, 17.420435783675082 ], [ 42.323428175299242, 17.421113930923095 ], [ 42.323297305135384, 17.421792077366732 ], [ 42.323217176310358, 17.42230489199893 ], [ 42.32309689279213, 17.423181089346912 ], [ 42.323083642641691, 17.423352402969439 ], [ 42.322917079716653, 17.424887155043979 ], [ 42.322453086397672, 17.426766928763495 ], [ 42.321822530153661, 17.428551524716713 ], [ 42.321132485674909, 17.430455093984158 ], [ 42.320180700868448, 17.432822657653638 ], [ 42.319395478987019, 17.434440690792876 ], [ 42.318241442087597, 17.436403747335547 ], [ 42.318187625815561, 17.436480393925656 ], [ 42.316821603577083, 17.438497876372182 ], [ 42.315528856018005, 17.440163296104096 ], [ 42.314210146248911, 17.441632816643416 ], [ 42.312726100653457, 17.443069703391995 ], [ 42.312661606107632, 17.443137622001167 ], [ 42.311412390008918, 17.444148893341765 ], [ 42.310032301949711, 17.445136369701622 ], [ 42.308961545165346, 17.445755028630469 ], [ 42.307438688756349, 17.446647327612311 ], [ 42.307063570260013, 17.446862335055478 ], [ 42.306477850728456, 17.44714008058682 ], [ 42.305835397196816, 17.447411340024406 ], [ 42.304645665739585, 17.447901507984746 ], [ 42.304079355208067, 17.448129936869435 ], [ 42.303758128442247, 17.448232252863544 ], [ 42.303075221976734, 17.448429748596332 ], [ 42.302320932683806, 17.448665316321225 ], [ 42.301933079669993, 17.448684350707321 ], [ 42.301547607191694, 17.448800943670221 ], [ 42.301409599014598, 17.448843773789452 ], [ 42.301131202124886, 17.448898503053783 ], [ 42.300867082159996, 17.448912778611032 ], [ 42.30069338122172, 17.448903261858646 ], [ 42.30053157757105, 17.448869950221969 ], [ 42.300357876632773, 17.448810462998882 ], [ 42.300241284292042, 17.448781910153283 ], [ 42.300124690154689, 17.448748596780469 ], [ 42.299996199628026, 17.448724802734699 ], [ 42.299862949826981, 17.448731941377243 ], [ 42.299734458402007, 17.448779530320792 ], [ 42.299515547950413, 17.448919918103197 ], [ 42.299415611273382, 17.449036511772398 ], [ 42.299263325273152, 17.449110275320479 ], [ 42.29913721438367, 17.449229247837604 ], [ 42.298999205308263, 17.449345842165926 ], [ 42.298899267732907, 17.449398189741146 ], [ 42.298775534683976, 17.449433881962246 ], [ 42.298656562706064, 17.449445780224703 ], [ 42.298528072179401, 17.449457676772433 ], [ 42.298428133705727, 17.449457676772433 ], [ 42.298285367152566, 17.449462434705726 ], [ 42.298092630913416, 17.449476712789739 ], [ 42.29784524566395, 17.449531573838357 ], [ 42.296873883872507, 17.449562167883318 ], [ 42.296693903710391, 17.449543932290581 ], [ 42.296336985081702, 17.449585572752738 ], [ 42.296099039329249, 17.449627213205378 ], [ 42.295849195390851, 17.449633160616443 ], [ 42.295748068446052, 17.449561777959246 ], [ 42.295771863021301, 17.449460651337727 ], [ 42.295843245848722, 17.449454703064063 ], [ 42.296122833006173, 17.449395216031807 ], [ 42.296384574232185, 17.449323832424451 ], [ 42.296693903710391, 17.449222704813945 ], [ 42.297247129381489, 17.449115628862607 ], [ 42.297491023777752, 17.449103730578596 ], [ 42.297728968631887, 17.449097783150258 ], [ 42.298079940413395, 17.449044245145757 ], [ 42.298335732097293, 17.449020451138587 ], [ 42.298555831918314, 17.448937169946564 ], [ 42.298972237883426, 17.448776555744377 ], [ 42.299370797917113, 17.448651633774936 ], [ 42.299650384176253, 17.44858024987639 ], [ 42.299935919977514, 17.448455327772422 ], [ 42.300340427756687, 17.44825307410261 ], [ 42.300828217447545, 17.447884257757327 ], [ 42.301084010029754, 17.44771174596654 ], [ 42.301339801713638, 17.447586824124389 ], [ 42.301666977123276, 17.447432159643263 ], [ 42.302029846192404, 17.447283443375632 ], [ 42.302368918889655, 17.447152572891198 ], [ 42.302624709675229, 17.447075240054339 ], [ 42.302928092306246, 17.44702170316981 ], [ 42.303290958680421, 17.446938421064665 ], [ 42.303749006050531, 17.446867037352249 ], [ 42.303957208583938, 17.446795653611883 ], [ 42.303832287063891, 17.446754013369421 ], [ 42.303403983811165, 17.446765910949804 ], [ 42.302082942913898, 17.446761821397665 ], [ 42.301626086709859, 17.446818927717199 ], [ 42.301183507430615, 17.446926004160588 ], [ 42.300655265704201, 17.447104464188492 ], [ 42.299812937021848, 17.447340031054985 ], [ 42.299277559078831, 17.447561320241153 ], [ 42.298606549900946, 17.447782610015686 ], [ 42.297956956559425, 17.44793965404298 ], [ 42.297371609828716, 17.448089560981522 ], [ 42.296893337788298, 17.448246604744384 ], [ 42.296393650809826, 17.448360819006293 ], [ 42.295679812654136, 17.448460756748126 ], [ 42.295344309861818, 17.448546417136388 ], [ 42.295051635149001, 17.448639216130573 ], [ 42.294916006609085, 17.448717737792148 ], [ 42.294666162670687, 17.44884622903529 ], [ 42.294244998329518, 17.449010411634895 ], [ 42.293909493740571, 17.449131764045124 ], [ 42.293509745235767, 17.449253117231535 ], [ 42.292867290805816, 17.449360193102113 ], [ 42.292431848641506, 17.449381608097287 ], [ 42.29198213134903, 17.449460130296046 ], [ 42.291518136233421, 17.449552928825071 ], [ 42.290885395286637, 17.449697605173458 ], [ 42.290828531929151, 17.449728340591466 ], [ 42.290471614198779, 17.449841365301104 ], [ 42.290096847842037, 17.449954389940658 ], [ 42.289674494131411, 17.450138797826284 ], [ 42.289377061940847, 17.450281565231698 ], [ 42.289162909865318, 17.450477870981395 ], [ 42.289008245126226, 17.450632537163177 ], [ 42.288883322707868, 17.450822892591912 ], [ 42.288800041694515, 17.45102514683817 ], [ 42.288740556154714, 17.451191709847066 ], [ 42.288710812037337, 17.451364220915291 ], [ 42.288669172428968, 17.451802141067731 ], [ 42.28862872129173, 17.451899698844919 ], [ 42.28862872129173, 17.452016292321961 ], [ 42.28862872129173, 17.452113849984517 ], [ 42.288609685990863, 17.452282791785233 ], [ 42.288621583278477, 17.45240414373065 ], [ 42.288607307251986, 17.452539774296291 ], [ 42.288638239840473, 17.452637330821663 ], [ 42.288669173327285, 17.452768201652972 ], [ 42.288692967004216, 17.452820549102217 ], [ 42.28875007380514, 17.452889554132135 ], [ 42.288823837168067, 17.452963317834779 ], [ 42.288873805955745, 17.453044219124262 ], [ 42.288911876557492, 17.453148914706109 ], [ 42.288921396004554, 17.453227437852703 ], [ 42.288899980168182, 17.453327374640065 ], [ 42.288857150292067, 17.453441589146021 ], [ 42.288835735354006, 17.453524870850703 ], [ 42.288769110004324, 17.45357959785245 ], [ 42.288666792791787, 17.453608150803412 ], [ 42.288595409066048, 17.453584357392049 ], [ 42.288538303163435, 17.453591494987304 ], [ 42.288490713114633, 17.453603392121387 ], [ 42.288445502703006, 17.453615290111649 ], [ 42.288378879149967, 17.45367477662348 ], [ 42.288336048375541, 17.45373664202673 ], [ 42.288228972786925, 17.453850857133144 ], [ 42.288126655574374, 17.45398648490816 ], [ 42.287993405773342, 17.454145910208162 ], [ 42.287957713910465, 17.454200637023394 ], [ 42.287862535609484, 17.45429343742347 ], [ 42.287753080383695, 17.454386235205426 ], [ 42.287626968595902, 17.454509967221764 ], [ 42.287512754095729, 17.454578970755005 ], [ 42.287343813330139, 17.454662252796837 ], [ 42.287222459918411, 17.454724117864846 ], [ 42.287086831378495, 17.45482643529887 ], [ 42.286977376152713, 17.454945408369326 ], [ 42.286896473878215, 17.455111971223022 ], [ 42.286841746714479, 17.455269014933638 ], [ 42.286806053953299, 17.45528567059641 ], [ 42.286756086063924, 17.455411782604877 ], [ 42.286682322701004, 17.455587863149979 ], [ 42.286539555249526, 17.455828188816326 ], [ 42.286449135324609, 17.455954299592356 ], [ 42.286365854311249, 17.456023304292533 ], [ 42.286275435284637, 17.456009026721411 ], [ 42.286232603611893, 17.455935264251647 ], [ 42.286223086859778, 17.455816290970553 ], [ 42.286224004039681, 17.455783272816262 ], [ 42.286225467395276, 17.455730631428342 ], [ 42.286242122160637, 17.455673523616255 ], [ 42.286261158359835, 17.455597381267204 ], [ 42.286258777824322, 17.455535514781786 ], [ 42.286268297271384, 17.45545937323201 ], [ 42.28629447058551, 17.455383229936523 ], [ 42.286339680098806, 17.455221425970681 ], [ 42.286501483749468, 17.454900198217508 ], [ 42.28672277383825, 17.45464797597602 ], [ 42.286932165741085, 17.454438583903794 ], [ 42.287260531418461, 17.454162565116636 ], [ 42.287474682595679, 17.45396745021884 ], [ 42.287569860896667, 17.453831820715742 ], [ 42.287619829684346, 17.453729503580206 ], [ 42.287684076295143, 17.453681915072153 ], [ 42.287798289896998, 17.453622427705692 ], [ 42.287853017060741, 17.453534388218728 ], [ 42.287929160060848, 17.453382101701113 ], [ 42.288029096737894, 17.45321078114484 ], [ 42.288083825698259, 17.453075151935547 ], [ 42.288060030224699, 17.452951420658913 ], [ 42.288038616184956, 17.452868138692164 ], [ 42.288002923423775, 17.452784858401287 ], [ 42.287988647397277, 17.452663504995446 ], [ 42.287983888122895, 17.452546911932462 ], [ 42.287988647397277, 17.452451734286296 ], [ 42.288024339260154, 17.452325621943249 ], [ 42.288040994025515, 17.452204269088579 ], [ 42.288033856012262, 17.452092435310362 ], [ 42.288032665744524, 17.451733037075016 ], [ 42.288068357607386, 17.451536730963262 ], [ 42.288062408963576, 17.451251196293008 ], [ 42.288056460319766, 17.451031095917561 ], [ 42.288121896300005, 17.450781253269394 ], [ 42.288258715107659, 17.450614690742373 ], [ 42.288460968997256, 17.450495717415595 ], [ 42.288758402086145, 17.450352950177923 ], [ 42.288966604619546, 17.450210181971453 ], [ 42.289180755796757, 17.450079311874262 ], [ 42.289365163754908, 17.449948440826127 ], [ 42.289609059049496, 17.449847314419131 ], [ 42.289775621076217, 17.449793776634781 ], [ 42.289936235357438, 17.449722392326532 ], [ 42.290084950554409, 17.449674803629147 ], [ 42.290194405780205, 17.449601138861727 ], [ 42.290230097643068, 17.449486925376966 ], [ 42.290220580890953, 17.449379848723858 ], [ 42.290199165054574, 17.449327501143369 ], [ 42.290163474090022, 17.449244220091636 ], [ 42.290158713917336, 17.449137144152928 ], [ 42.29017537137765, 17.44906338061573 ], [ 42.290232478178574, 17.448982479273194 ], [ 42.29030624064319, 17.448944407990346 ], [ 42.290391901293731, 17.448934890382638 ], [ 42.290453768267355, 17.448949166794012 ], [ 42.290501357417831, 17.448977719613417 ], [ 42.290515634342647, 17.449003894312739 ], [ 42.290520723298734, 17.449050585071941 ], [ 42.290572741143585, 17.449106210673296 ], [ 42.290627468307314, 17.449113350157884 ], [ 42.290665538909053, 17.449077657017042 ], [ 42.29070123077193, 17.449008653114859 ], [ 42.290720266971107, 17.448922992943807 ], [ 42.290733996821913, 17.44886930234567 ], [ 42.290748820820731, 17.448823056312371 ], [ 42.290786892320789, 17.448806399201992 ], [ 42.290839566834102, 17.448835885294319 ], [ 42.290898727183773, 17.448901577037777 ], [ 42.290970110909505, 17.448868266257769 ], [ 42.291029597347624, 17.448849230176922 ], [ 42.291086704148547, 17.448832573068941 ], [ 42.291169985161908, 17.448820675623438 ], [ 42.291253267073586, 17.448820675623438 ], [ 42.291410924999212, 17.448791066980565 ], [ 42.291698555671715, 17.44881263886985 ], [ 42.291874304768847, 17.448839710850287 ], [ 42.291955207043337, 17.448820675623438 ], [ 42.292028971304582, 17.448789742947078 ], [ 42.292162278597786, 17.448732945757669 ], [ 42.292631723792226, 17.448696322718984 ], [ 42.292952950558039, 17.448746290647804 ], [ 42.29324562527087, 17.448781983853536 ], [ 42.293424083686901, 17.448789123350821 ], [ 42.293445498624962, 17.448732015077518 ], [ 42.293438360611709, 17.448639216130573 ], [ 42.293302732071794, 17.448492879826929 ], [ 42.293156394715389, 17.448371526991387 ], [ 42.293013628162228, 17.448307280785347 ], [ 42.292817322018138, 17.448285865663959 ], [ 42.292139397609191, 17.448206310295642 ], [ 42.291796533123126, 17.448132391267901 ], [ 42.291025587268201, 17.448068144977579 ], [ 42.290492711133233, 17.448015519357842 ], [ 42.290213123975782, 17.44797721563053 ], [ 42.289951383648074, 17.447908806915496 ], [ 42.289752104080392, 17.44786716607031 ], [ 42.289609336628914, 17.447816603153491 ], [ 42.289427902992671, 17.447745218927956 ], [ 42.289288109863094, 17.447697629714398 ], [ 42.28919888020593, 17.44766193801032 ], [ 42.289100726684723, 17.447635169227681 ], [ 42.288963907877054, 17.447605425845584 ], [ 42.288758678767245, 17.447581630793618 ], [ 42.288529655980511, 17.447563784931098 ], [ 42.288282787262332, 17.44756675867032 ], [ 42.288110275693484, 17.447542965327276 ], [ 42.28796453392011, 17.447525118603984 ], [ 42.287809869181004, 17.44751024733306 ], [ 42.287678998118849, 17.44751024733306 ], [ 42.287542179311181, 17.447504298995746 ], [ 42.287375618182772, 17.447501324398523 ], [ 42.287217978223453, 17.447495376060921 ], [ 42.286991928860303, 17.447498350658236 ], [ 42.286725482258831, 17.447515834022255 ], [ 42.286243737331517, 17.447531464581903 ], [ 42.285961175852158, 17.447477926974369 ], [ 42.285803536791164, 17.447439260629046 ], [ 42.285467439314132, 17.447335159944085 ], [ 42.285191769709634, 17.447186537008921 ], [ 42.284985597368774, 17.447061521395216 ], [ 42.284613807130555, 17.446862240786725 ], [ 42.284105197186364, 17.446636192745054 ], [ 42.283766123590802, 17.446490451298867 ], [ 42.283433000435679, 17.446374451609977 ], [ 42.283138540770366, 17.446282247928941 ], [ 42.282802442395031, 17.446234659190477 ], [ 42.282505009306142, 17.446198967199987 ], [ 42.282145116355551, 17.44619004420127 ], [ 42.281846961919499, 17.446194904201874 ], [ 42.281597840226574, 17.446201940961465 ], [ 42.281339074220789, 17.446222760718435 ], [ 42.281154665364319, 17.446225735336519 ], [ 42.280964307864032, 17.446219786957297 ], [ 42.280752496798137, 17.446182236148545 ], [ 42.280622260844872, 17.446160300583401 ], [ 42.280289135893121, 17.446201940961465 ], [ 42.280030369887321, 17.446240608426208 ], [ 42.279536631552652, 17.446356607343269 ], [ 42.279132122875161, 17.446457733972753 ], [ 42.278909048732238, 17.446508298123447 ], [ 42.278662180014067, 17.446561835158743 ], [ 42.278430182905417, 17.446642141967683 ], [ 42.278007828296488, 17.446841421959771 ], [ 42.277573577298256, 17.447064496856601 ], [ 42.27716906772244, 17.447287570623484 ], [ 42.276813165986667, 17.44751584859101 ], [ 42.276746863132168, 17.447546091610246 ], [ 42.276464153430787, 17.447724796985714 ], [ 42.276145900088565, 17.447882436666603 ], [ 42.275768161206535, 17.448108484876954 ], [ 42.275372574596439, 17.448385098151103 ], [ 42.275018421880517, 17.448654314409168 ], [ 42.274801503892228, 17.448810427005746 ], [ 42.274533814920716, 17.449015654629719 ], [ 42.274212588154903, 17.449286318248124 ], [ 42.274099563922483, 17.449417188057694 ], [ 42.273873514559327, 17.449750312577198 ], [ 42.273662337704025, 17.450095334707949 ], [ 42.273516595032333, 17.450374922088361 ], [ 42.273445212204912, 17.450627739839767 ], [ 42.273355981649424, 17.451047120381514 ], [ 42.273251882179345, 17.451466499958283 ], [ 42.273186446199105, 17.451695523394548 ], [ 42.273079369712185, 17.451998903655703 ], [ 42.273007986884764, 17.452320132238292 ], [ 42.272954449090463, 17.452492642238415 ], [ 42.272927680193312, 17.45268002463952 ], [ 42.272946526847974, 17.452947887412627 ], [ 42.272969319801675, 17.453218378084642 ], [ 42.272972294123583, 17.45348904231755 ], [ 42.272924608853351, 17.453785713911543 ], [ 42.272706187983594, 17.455115237915944 ], [ 42.272500848381014, 17.456072564946467 ], [ 42.272377429742441, 17.456546647928441 ], [ 42.272201073384174, 17.457458977297524 ], [ 42.272061988127042, 17.457971605961447 ], [ 42.271916620951146, 17.458623102715748 ], [ 42.271895589593711, 17.458741702255143 ], [ 42.271782565361285, 17.459211645315438 ], [ 42.271678464094592, 17.459684563275694 ], [ 42.271571387607672, 17.460023635806866 ], [ 42.271464312019063, 17.460362709420746 ], [ 42.271398876937141, 17.460642295615141 ], [ 42.27134831436306, 17.460877268272984 ], [ 42.271259083807564, 17.461147932268183 ], [ 42.27109011968578, 17.461521953263777 ], [ 42.270658233951693, 17.462917867584501 ], [ 42.270484568946024, 17.463349527652682 ], [ 42.270366828558359, 17.463738019896713 ], [ 42.269724235787855, 17.465266613714086 ], [ 42.269319727110364, 17.466075631195242 ], [ 42.268772451879713, 17.4669679292099 ], [ 42.268356045914594, 17.467562795265714 ], [ 42.267642207758904, 17.468478886887237 ], [ 42.266678525664823, 17.469371185120789 ], [ 42.26606670198943, 17.469828623714168 ], [ 42.265767650136404, 17.470078932087645 ], [ 42.265628090568804, 17.470216653130464 ], [ 42.265513876966956, 17.470335625573835 ], [ 42.265387766077474, 17.470442701906016 ], [ 42.26524023935162, 17.47051884490396 ], [ 42.265068918050524, 17.470602125655617 ], [ 42.26493090897511, 17.470687785915501 ], [ 42.264771484961635, 17.470780584770516 ], [ 42.264547816133991, 17.470890041241539 ], [ 42.264300351832787, 17.4709899777638 ], [ 42.264138549080442, 17.471037567747945 ], [ 42.26397442418309, 17.471053567316336 ], [ 42.263763686603951, 17.471143883619614 ], [ 42.263254780215718, 17.471368595378184 ], [ 42.262720390419496, 17.471553911292599 ], [ 42.262274363406206, 17.471727527292497 ], [ 42.261866162652893, 17.471898932399906 ], [ 42.261716257188169, 17.471958418081584 ], [ 42.261592525037564, 17.472015525071747 ], [ 42.261459275236533, 17.472082151870332 ], [ 42.261356958023981, 17.472136879294322 ], [ 42.261211810935315, 17.47221302158362 ], [ 42.26107211662044, 17.472258415949131 ], [ 42.260741771954478, 17.472512073906149 ], [ 42.260716383767921, 17.47254451406927 ], [ 42.260502732054007, 17.472741261962362 ], [ 42.260260027027172, 17.473081525216589 ], [ 42.260049018156828, 17.473450016351187 ], [ 42.259972111588723, 17.47362166232875 ], [ 42.259929281712608, 17.473685908175455 ], [ 42.259917252372631, 17.473644671663717 ], [ 42.259900727862984, 17.473509827990885 ], [ 42.259941179000229, 17.473419408324137 ], [ 42.259912625150612, 17.473355163240228 ], [ 42.259924523336551, 17.473243327881757 ], [ 42.259972111588723, 17.473129114653918 ], [ 42.260038736938398, 17.473029176735469 ], [ 42.260136294876567, 17.47290544530421 ], [ 42.260245751000681, 17.472736502923361 ], [ 42.260412312129091, 17.472489038721964 ], [ 42.260612187279804, 17.47218446812176 ], [ 42.260797784607391, 17.471986973292644 ], [ 42.260909620368686, 17.471882275685779 ], [ 42.260952450244808, 17.471806134115003 ], [ 42.260928654771241, 17.47177282238199 ], [ 42.26085965068269, 17.47179661598798 ], [ 42.260745437080843, 17.471875138807285 ], [ 42.260628843841808, 17.471967937913885 ], [ 42.260405174115839, 17.472170191817579 ], [ 42.260119639212888, 17.472441449974156 ], [ 42.259819825588494, 17.47290544530421 ], [ 42.259600916035225, 17.473319471421942 ], [ 42.25946766623418, 17.473745394986857 ], [ 42.259360590645578, 17.474152282404745 ], [ 42.259270170720661, 17.474635312759563 ], [ 42.259263032707409, 17.474792357628765 ], [ 42.259222581570171, 17.475292044402124 ], [ 42.259172612782493, 17.475886909818996 ], [ 42.259163095132052, 17.476179582849294 ], [ 42.259120266154255, 17.476600747637622 ], [ 42.259053640804574, 17.47715992113887 ], [ 42.258975119065589, 17.477638193168449 ], [ 42.258891837153918, 17.478102188102103 ], [ 42.258849007277796, 17.478454347982712 ], [ 42.258784761565309, 17.478720848172447 ], [ 42.258682446149393, 17.479020660098023 ], [ 42.258532538888041, 17.479429928005622 ], [ 42.258373115772883, 17.479884404093571 ], [ 42.258258901272711, 17.480224666844371 ], [ 42.258166101710607, 17.480422162158952 ], [ 42.258067495438496, 17.480695245057895 ], [ 42.258020954621934, 17.480771943275784 ], [ 42.257944813418462, 17.48089805476906 ], [ 42.257899603006841, 17.480976577088597 ], [ 42.257871049157217, 17.481055099374252 ], [ 42.257804899914646, 17.481225705701835 ], [ 42.257697348218933, 17.481397741055495 ], [ 42.257549820594768, 17.481561924298695 ], [ 42.257397637002491, 17.481790084763556 ], [ 42.257361725052377, 17.481853289255611 ], [ 42.257269521971615, 17.481981184762496 ], [ 42.257141625231348, 17.482073389221362 ], [ 42.257046446930367, 17.482210209235273 ], [ 42.256930448376039, 17.482370822226518 ], [ 42.256817424143627, 17.482558204727223 ], [ 42.256734143130267, 17.48272476716885 ], [ 42.256689528301678, 17.482849688899982 ], [ 42.256570556323773, 17.48319471001119 ], [ 42.256481325768284, 17.483414810067554 ], [ 42.256395070433022, 17.48356352596268 ], [ 42.256293942589906, 17.483706294581332 ], [ 42.256237431372014, 17.483801473026972 ], [ 42.256055996837446, 17.484051315781418 ], [ 42.255966767180276, 17.484185161166408 ], [ 42.255773436256405, 17.484485568139039 ], [ 42.255654463380182, 17.484634284015531 ], [ 42.255440311304646, 17.48486628170533 ], [ 42.255249954702691, 17.485077458645623 ], [ 42.255068521066434, 17.485255918130264 ], [ 42.254970368443544, 17.485374891022744 ], [ 42.254896010395896, 17.485467094618166 ], [ 42.254812727585907, 17.485606888624691 ], [ 42.254717550183244, 17.485761554099454 ], [ 42.254640217813694, 17.485856732326422 ], [ 42.254577757053674, 17.485954885329544 ], [ 42.254524219259366, 17.486058987071459 ], [ 42.254452834635323, 17.486136318776243 ], [ 42.254384425231493, 17.48624934402109 ], [ 42.254292222150724, 17.486344521992788 ], [ 42.254200018171652, 17.486415904796271 ], [ 42.254084018719013, 17.486448624368478 ], [ 42.253959097198972, 17.486531903827085 ], [ 42.253908533726566, 17.486603288270626 ], [ 42.253863917999666, 17.486650876741685 ], [ 42.253828227035115, 17.48671928718192 ], [ 42.253807405883464, 17.486787696739622 ], [ 42.253807405883464, 17.48693343763744 ], [ 42.253813355425592, 17.487043487578788 ], [ 42.253854995033961, 17.48714461474793 ], [ 42.253917455793975, 17.487260614170747 ], [ 42.253939467213378, 17.487338540839335 ], [ 42.254010850939117, 17.487406357259974 ], [ 42.254096510691355, 17.487445616590815 ], [ 42.254221432211395, 17.487427771207813 ], [ 42.254274970904007, 17.487345679681688 ], [ 42.254360630656244, 17.487238603871365 ], [ 42.254539090868903, 17.487163651109352 ], [ 42.254678289313752, 17.487163651109352 ], [ 42.254710412169992, 17.487235035304924 ], [ 42.254688997231938, 17.487327834288877 ], [ 42.254592627764886, 17.487395648143114 ], [ 42.254460568231593, 17.487495585881582 ], [ 42.254310661868566, 17.487581246756552 ], [ 42.25413577156084, 17.487641923399444 ], [ 42.253968020164685, 17.487634783711925 ], [ 42.25381454479502, 17.487609800372578 ], [ 42.253675346350164, 17.487606230956622 ], [ 42.253557562843383, 17.487602660683795 ], [ 42.253432641323336, 17.48755626340985 ], [ 42.253214921139509, 17.487488447901914 ], [ 42.253000769063981, 17.487413494386072 ], [ 42.25286870863237, 17.487338540839335 ], [ 42.252822308851322, 17.487274296386346 ], [ 42.252833017667818, 17.487149374266878 ], [ 42.252882985557186, 17.487063714045277 ], [ 42.253072152789713, 17.48688525376409 ], [ 42.25319350530313, 17.486756763658359 ], [ 42.253207782227939, 17.48654618071803 ], [ 42.253222059152755, 17.48645695077381 ], [ 42.253264889028863, 17.486335599247482 ], [ 42.253307718904992, 17.48622138481306 ], [ 42.253382671637354, 17.486085755346771 ], [ 42.253511163960646, 17.485978679651463 ], [ 42.253589685699623, 17.485885880835891 ], [ 42.253700331193173, 17.485785943926487 ], [ 42.253932328301822, 17.485668159692892 ], [ 42.254057249821862, 17.485628899121547 ], [ 42.254167895315405, 17.485582498773642 ], [ 42.25429995484869, 17.485543238183809 ], [ 42.25440346143067, 17.48547542363886 ], [ 42.254485552176284, 17.485421886047828 ], [ 42.254556936800341, 17.485332656408815 ], [ 42.254628321424384, 17.485232719195427 ], [ 42.254788933908983, 17.485086382309461 ], [ 42.254881732572777, 17.484947184242259 ], [ 42.255053053873873, 17.48476158465439 ], [ 42.255349296695009, 17.484454634666236 ], [ 42.255477788119983, 17.484308298011076 ], [ 42.255599140633407, 17.484169099348414 ], [ 42.25567409426408, 17.484044177666568 ], [ 42.255713354235247, 17.483969225301735 ], [ 42.255781169852682, 17.48385501109496 ], [ 42.255820429823864, 17.483783627286407 ], [ 42.255823999728804, 17.483751505291718 ], [ 42.255777599947741, 17.483747934943224 ], [ 42.255702647215379, 17.483805041660787 ], [ 42.255638400604582, 17.483869288196033 ], [ 42.255574156688716, 17.483929964363675 ], [ 42.255492065044798, 17.483962086326851 ], [ 42.255392126571124, 17.484019192977179 ], [ 42.255274343962647, 17.484119130857334 ], [ 42.255167268374038, 17.484197652643321 ], [ 42.255085176730113, 17.484265467664681 ], [ 42.254988808161386, 17.484319005596102 ], [ 42.254863886641346, 17.484361835929892 ], [ 42.254774656984168, 17.484372542654949 ], [ 42.254742535026246, 17.48427260577084 ], [ 42.254756811052729, 17.484172668831828 ], [ 42.254806779840415, 17.484044177666568 ], [ 42.254860317634716, 17.48392282538725 ], [ 42.254942409278648, 17.483819318765779 ], [ 42.255042346854005, 17.483751505291718 ], [ 42.255124437599612, 17.483665842612996 ], [ 42.255224375174969, 17.483558768063535 ], [ 42.255409974299191, 17.483416000185908 ], [ 42.255438527250497, 17.48339815526435 ], [ 42.255627693584707, 17.48321255580953 ], [ 42.255831137742049, 17.483026958735792 ], [ 42.256038150906008, 17.48288775994941 ], [ 42.256123810658245, 17.482837791963156 ], [ 42.256209473105422, 17.482759268733339 ], [ 42.256245164069981, 17.482695022662856 ], [ 42.256337962733774, 17.482566533024293 ], [ 42.256541405992806, 17.482405919349024 ], [ 42.256619928630094, 17.482256013238402 ], [ 42.256677036329343, 17.482177489757458 ], [ 42.256744850150135, 17.482052569278363 ], [ 42.256826941794067, 17.482009739257663 ], [ 42.256873340676798, 17.481977616092902 ], [ 42.256955432320723, 17.481938354724996 ], [ 42.257044661977901, 17.481895523820583 ], [ 42.257123184615196, 17.48183841736039 ], [ 42.257169584396252, 17.481734911266528 ], [ 42.257169584396252, 17.481702788910066 ], [ 42.257105338683758, 17.481602851416053 ], [ 42.257019678033217, 17.481552882220047 ], [ 42.256912602444615, 17.481592142814325 ], [ 42.256830509902372, 17.481663526626019 ], [ 42.256744850150135, 17.481763464086701 ], [ 42.256455962734556, 17.482111876849139 ], [ 42.256027661278438, 17.482578846393672 ], [ 42.255691562903095, 17.482938739825062 ], [ 42.254906341021673, 17.483718013243784 ], [ 42.254611882254686, 17.484009498128508 ], [ 42.254472089125123, 17.484054112421223 ], [ 42.254378605046767, 17.484066069255448 ], [ 42.254246039761966, 17.484158214394238 ], [ 42.254109220954305, 17.484265288590834 ], [ 42.253945634147811, 17.48444969771673 ], [ 42.253817737407545, 17.484598413622557 ], [ 42.253558971401752, 17.484866104345691 ], [ 42.253338870682406, 17.485095126899836 ], [ 42.253083078998522, 17.485344969590944 ], [ 42.252785645909633, 17.485794093003427 ], [ 42.252461690061985, 17.486278231999471 ], [ 42.252372808951137, 17.48637706079246 ], [ 42.252220523849232, 17.486595971184382 ], [ 42.252089653685381, 17.4867268407403 ], [ 42.251975439185209, 17.486871988781022 ], [ 42.251813636432857, 17.487062346593298 ], [ 42.251525721892719, 17.487374055977508 ], [ 42.251409127755366, 17.487557273573703 ], [ 42.251271118679952, 17.487664350053191 ], [ 42.25116404309135, 17.487790461051844 ], [ 42.250961789201767, 17.488047443995811 ], [ 42.250559441870841, 17.488384911182607 ], [ 42.250006217996379, 17.489057107946678 ], [ 42.24967011962103, 17.48941700141091 ], [ 42.249524377847649, 17.489625204298587 ], [ 42.249298327586182, 17.49008027693883 ], [ 42.249045511122517, 17.490517503360351 ], [ 42.248664797020268, 17.491130212846986 ], [ 42.248391197134183, 17.491527666806068 ], [ 42.248329630197865, 17.491603786414579 ], [ 42.248230643938392, 17.491704674576958 ], [ 42.248116430336545, 17.491845539043464 ], [ 42.247967952294808, 17.491990210057828 ], [ 42.247857544854817, 17.492115845972872 ], [ 42.24776427008392, 17.492228156377717 ], [ 42.247676705903281, 17.492313816736743 ], [ 42.247613887613781, 17.492357598777634 ], [ 42.247570107320101, 17.492410898713775 ], [ 42.247488252831403, 17.492519403147281 ], [ 42.247425435440213, 17.492557473885967 ], [ 42.24738546130839, 17.492620290801565 ], [ 42.247284570620508, 17.492713565973162 ], [ 42.247189392319534, 17.492804938205349 ], [ 42.247109442259244, 17.492865852144522 ], [ 42.247023781608696, 17.49297435459296 ], [ 42.246842942657167, 17.493174229879987 ], [ 42.246740150235837, 17.493284636744466 ], [ 42.246616418085225, 17.49337600868963 ], [ 42.246477457693928, 17.493486416288331 ], [ 42.246332786712365, 17.493671061955631 ], [ 42.246167176001535, 17.493798601303794 ], [ 42.246009179411047, 17.493958499797884 ], [ 42.24588735168885, 17.494063196694192 ], [ 42.245679862417781, 17.494284010989826 ], [ 42.245578972628223, 17.49442297058313 ], [ 42.245323895104981, 17.494695181692581 ], [ 42.245191796045816, 17.494828756216879 ], [ 42.245150671172112, 17.494885539025351 ], [ 42.24492605013026, 17.495112062637908 ], [ 42.244796607389397, 17.49524340927745 ], [ 42.244682392889224, 17.495344298847019 ], [ 42.244554853678451, 17.495437572620919 ], [ 42.244328329106516, 17.495582244203739 ], [ 42.244195080203788, 17.49567171213247 ], [ 42.244077058643441, 17.495774505181554 ], [ 42.244014240353948, 17.495852551574249 ], [ 42.243957132654707, 17.495881104748037 ], [ 42.243825787282077, 17.495989607966994 ], [ 42.243595455649967, 17.496164736809888 ], [ 42.243317534867359, 17.496356997171578 ], [ 42.243062456445806, 17.496514993989457 ], [ 42.242912376707913, 17.496594872662222 ], [ 42.242634153193059, 17.49677958970954 ], [ 42.242537072260305, 17.496851926266391 ], [ 42.242441893061006, 17.496933779606675 ], [ 42.242314353850233, 17.497009922654048 ], [ 42.24216968197036, 17.497110811243086 ], [ 42.24199836066925, 17.497226929392966 ], [ 42.241855594116096, 17.497346854013482 ], [ 42.241705211645964, 17.497493428632605 ], [ 42.241564347724577, 17.497590510413605 ], [ 42.241402544073914, 17.497706628257006 ], [ 42.24126358368261, 17.49782274602622 ], [ 42.241166501851538, 17.497923635877552 ], [ 42.241101780930272, 17.497971223955773 ], [ 42.240991372591957, 17.4980702100315 ], [ 42.240880966050277, 17.498195846028047 ], [ 42.24073439064032, 17.498346228199846 ], [ 42.240627792057126, 17.498443310382054 ], [ 42.240553552587102, 17.49852516300562 ], [ 42.240418399255972, 17.498646992170134 ], [ 42.24030915513427, 17.498787188136745 ], [ 42.240205200292962, 17.498884936630045 ], [ 42.240066239003347, 17.499006766410123 ], [ 42.239915857431519, 17.499107654747416 ], [ 42.23984542502167, 17.499219965115945 ], [ 42.239788318220747, 17.499275169290645 ], [ 42.239636032220517, 17.499345601174387 ], [ 42.239546565408119, 17.499339890991536 ], [ 42.239445674720237, 17.499353215036816 ], [ 42.239321944366267, 17.499440779143892 ], [ 42.239167753937636, 17.499558801196176 ], [ 42.239051636805698, 17.499699664716506 ], [ 42.238998337064949, 17.49978722865665 ], [ 42.238926001125009, 17.499890021948275 ], [ 42.238819400745179, 17.50000994738167 ], [ 42.238705187143331, 17.500078475308484 ], [ 42.238646175913999, 17.500137485708755 ], [ 42.238564324120262, 17.500240277945508 ], [ 42.238486276691745, 17.500295481810255 ], [ 42.23842536283064, 17.500343070980854 ], [ 42.238370158661489, 17.500432539136156 ], [ 42.238311148330475, 17.500483934749976 ], [ 42.238250233571065, 17.500464898926641 ], [ 42.238198838258711, 17.500478224602904 ], [ 42.238210260337546, 17.500535332062739 ], [ 42.238141730559462, 17.5005486568771 ], [ 42.238090335247122, 17.500636221264873 ], [ 42.238048455788572, 17.500739014076235 ], [ 42.237998963107991, 17.500758049870857 ], [ 42.237960893404569, 17.500807541728108 ], [ 42.237846678904397, 17.500967440909854 ], [ 42.237772439434373, 17.501077848180749 ], [ 42.237705814983009, 17.501199677347369 ], [ 42.237669647013036, 17.501296758861901 ], [ 42.237578274873911, 17.501403358616184 ], [ 42.237519265441215, 17.501504249049834 ], [ 42.23746596390383, 17.501629884385675 ], [ 42.237370787399485, 17.501723159217267 ], [ 42.237309871741751, 17.501825951413743 ], [ 42.237235633170037, 17.501945876426195 ], [ 42.23710428689909, 17.502119101018856 ], [ 42.236919640887386, 17.502385599937906 ], [ 42.236833980236838, 17.502480778885275 ], [ 42.236687404826867, 17.50264638924385 ], [ 42.236603648604728, 17.502716822391061 ], [ 42.236506565875338, 17.502796771159428 ], [ 42.236430423773541, 17.502893852677346 ], [ 42.236408381811422, 17.503001307362268 ], [ 42.236269019873177, 17.503147635824433 ], [ 42.235949581653102, 17.503675077844417 ], [ 42.235873914760084, 17.503789291593321 ], [ 42.235801103611365, 17.503934915197021 ], [ 42.235698311190028, 17.504143355900403 ], [ 42.235622644297017, 17.504326099106589 ], [ 42.235566964919073, 17.504467437836091 ], [ 42.235501290885288, 17.504628766227217 ], [ 42.235457033586179, 17.504770105577961 ], [ 42.235414203710071, 17.504881464919144 ], [ 42.235280000796507, 17.505159861260026 ], [ 42.235215755982338, 17.505292634775625 ], [ 42.235122957318545, 17.505411132786051 ], [ 42.235068706261906, 17.505572460339117 ], [ 42.235049704198694, 17.505791060615515 ], [ 42.234877159392191, 17.506324606720675 ], [ 42.234854554186377, 17.506398371037342 ], [ 42.234845511744723, 17.506487600616104 ], [ 42.234772937751238, 17.50664702532324 ], [ 42.234706314198192, 17.506752910871707 ], [ 42.23464325785514, 17.506880212298036 ], [ 42.234595667806339, 17.506995615709204 ], [ 42.234555219364033, 17.507116968863048 ], [ 42.234494541759851, 17.50724783906454 ], [ 42.234448142877113, 17.507422729173566 ], [ 42.23442910757624, 17.507509579184632 ], [ 42.234407691739868, 17.507591670170655 ], [ 42.234386276801814, 17.507652346986951 ], [ 42.234354154843878, 17.507742765908795 ], [ 42.234316083343828, 17.507846272615119 ], [ 42.234282770219828, 17.507994989083322 ], [ 42.234258975644586, 17.508100876416094 ], [ 42.234223283781709, 17.508199623094054 ], [ 42.234174505261791, 17.508336442291522 ], [ 42.234131675385669, 17.50852085012777 ], [ 42.234112639186485, 17.50861483933409 ], [ 42.234079326062485, 17.508721915401466 ], [ 42.234046014735114, 17.508826610645073 ], [ 42.23399842468632, 17.508934875682172 ], [ 42.23395678507795, 17.509076454983894 ], [ 42.233925851591145, 17.509157356168615 ], [ 42.233894919002644, 17.509264431916147 ], [ 42.233840190940597, 17.509415527976092 ], [ 42.233812827358733, 17.50949642986647 ], [ 42.233772376221481, 17.509602316323889 ], [ 42.233730735714801, 17.5097034429347 ], [ 42.233680766927122, 17.509839072767342 ], [ 42.233637936152697, 17.509956855901041 ], [ 42.233586777995576, 17.510117469219949 ], [ 42.233553465769887, 17.510222166229138 ], [ 42.23349278906403, 17.510375641375948 ], [ 42.23345709720116, 17.510504131917475 ], [ 42.233402370037417, 17.510651658839365 ], [ 42.233369056913418, 17.510733750118561 ], [ 42.233307191736436, 17.510893173668627 ], [ 42.233244136291702, 17.511058545908924 ], [ 42.233147766824651, 17.511281026363807 ], [ 42.233065676079043, 17.511499935886082 ], [ 42.232976446421866, 17.511671258097302 ], [ 42.232903873326691, 17.511818784071021 ], [ 42.232847955895203, 17.51193061883265 ], [ 42.232795606572019, 17.512054351120725 ], [ 42.232706376914848, 17.51224827718849 ], [ 42.23261833662712, 17.512407701122282 ], [ 42.232570749273258, 17.512486222680351 ], [ 42.232544574162503, 17.512544519719494 ], [ 42.232501744286388, 17.512608764662637 ], [ 42.23245772414252, 17.512690856770455 ], [ 42.23238970370921, 17.512806010622711 ], [ 42.232380478909555, 17.512827360753477 ], [ 42.232343509642355, 17.512877644319332 ], [ 42.232311386786108, 17.512900248617786 ], [ 42.232273316184369, 17.512977581751446 ], [ 42.232249520710802, 17.513021602109529 ], [ 42.232231674779378, 17.513056103919752 ], [ 42.232209069573564, 17.513096555343513 ], [ 42.232176946717317, 17.513156041253637 ], [ 42.232117461177516, 17.513260738224279 ], [ 42.23209485597171, 17.513314275324529 ], [ 42.232060355274911, 17.513385658671414 ], [ 42.232024003150308, 17.513449122029282 ], [ 42.231994920192975, 17.513512960588514 ], [ 42.231974693726052, 17.513565307693469 ], [ 42.231959228330112, 17.513629553988789 ], [ 42.231930673582177, 17.513705696891822 ], [ 42.231891412712685, 17.51379254732484 ], [ 42.231868808405189, 17.513860360726749 ], [ 42.231828357267943, 17.513934125409328 ], [ 42.23177719911083, 17.514023354712275 ], [ 42.231720437262979, 17.514123215269983 ], [ 42.231691537561971, 17.51417920990686 ], [ 42.231653466960232, 17.514232746736287 ], [ 42.231601117637041, 17.514310080159081 ], [ 42.231540986208564, 17.514419367361565 ], [ 42.231200769955947, 17.514830790615186 ], [ 42.231041798693376, 17.515094228857251 ], [ 42.231039566379891, 17.515160737069127 ], [ 42.230995546236031, 17.515230930636719 ], [ 42.230870941821287, 17.515489320825374 ], [ 42.230818593396414, 17.515613053258317 ], [ 42.230763866232678, 17.51574154437699 ], [ 42.230683073552655, 17.515869721009157 ], [ 42.230677288402227, 17.515889651288134 ], [ 42.230518982791281, 17.516172579630528 ], [ 42.230478330431417, 17.516299526648929 ], [ 42.230464052608291, 17.516331649743986 ], [ 42.230435499656984, 17.516380428898827 ], [ 42.2304105157123, 17.516425639190707 ], [ 42.230406946705678, 17.516473228418427 ], [ 42.230377202588301, 17.516568405979775 ], [ 42.230342701891502, 17.516619564872833 ], [ 42.230304630391444, 17.516681431143002 ], [ 42.230274886274067, 17.516733779047719 ], [ 42.230241574048392, 17.51680516276345 ], [ 42.230174948698718, 17.516950309908204 ], [ 42.230098805698596, 17.517074042202033 ], [ 42.230040510426555, 17.517170410202336 ], [ 42.229933433939628, 17.517350058905919 ], [ 42.229867998857713, 17.517459514752954 ], [ 42.229833497262582, 17.517520190841871 ], [ 42.229796615131974, 17.517601091691105 ], [ 42.229762112638539, 17.517648682323987 ], [ 42.229720472131852, 17.517701029949766 ], [ 42.229671692713616, 17.517792638901053 ], [ 42.229622914193683, 17.517867591878627 ], [ 42.229587223229132, 17.517930647615785 ], [ 42.229542012817518, 17.518007981176659 ], [ 42.22949204402984, 17.518069846116997 ], [ 42.229451592892595, 17.518121004586913 ], [ 42.229390917085041, 17.518218561921838 ], [ 42.229358794228794, 17.518281618393729 ], [ 42.229307636071674, 17.51834110517488 ], [ 42.229263615927813, 17.518363708793093 ], [ 42.229230302803821, 17.51839702226879 ], [ 42.229200559584761, 17.518451748599929 ], [ 42.229175575640085, 17.518487441836811 ], [ 42.229127985591276, 17.518545737805574 ], [ 42.229055413394413, 17.518614742746415 ], [ 42.228966182838924, 17.518706352093218 ], [ 42.228891230106562, 17.518790822930512 ], [ 42.228824604756888, 17.518847929772193 ], [ 42.22874608301791, 17.518926451971403 ], [ 42.228567622805244, 17.51909420437379 ], [ 42.228246396039431, 17.519397585309978 ], [ 42.228070317260588, 17.519554630055502 ], [ 42.227940635567855, 17.519655757119601 ], [ 42.227846648432937, 17.519723571757876 ], [ 42.227713397733581, 17.519817561161595 ], [ 42.227562868838056, 17.519912891165408 ], [ 42.227540576245964, 17.519931022047032 ], [ 42.227471882076188, 17.519971035050308 ], [ 42.227411206268634, 17.52001505542589 ], [ 42.227336252637961, 17.52007930115191 ], [ 42.22722574099339, 17.520187086612054 ], [ 42.227155686774275, 17.520244065374612 ], [ 42.227113872892744, 17.520266429752475 ], [ 42.226915089195096, 17.520405287232045 ], [ 42.226803254332125, 17.520471911714619 ], [ 42.226718783051012, 17.520539726904591 ], [ 42.226434438415815, 17.520712238168933 ], [ 42.226344017592574, 17.520757447381886 ], [ 42.226248839291586, 17.520796708072695 ], [ 42.22616793791542, 17.520835969611639 ], [ 42.226082277264872, 17.520882370380019 ], [ 42.22595497610763, 17.520941856308784 ], [ 42.225777706162731, 17.521008480594386 ], [ 42.225625420162501, 17.521075105712171 ], [ 42.22549454999865, 17.521125074320295 ], [ 42.225405320341494, 17.521147680161722 ], [ 42.225243516690824, 17.521196458022327 ], [ 42.225140010108838, 17.521211923773532 ], [ 42.225040073431792, 17.521239288230063 ], [ 42.224944895130818, 17.521269030710073 ], [ 42.224852095568707, 17.521291637390203 ], [ 42.224672445986613, 17.521335658302114 ], [ 42.224583217227746, 17.521348745158299 ], [ 42.224523729891331, 17.521363021026716 ], [ 42.224497555678887, 17.521370160245461 ], [ 42.224409516289469, 17.521401091716957 ], [ 42.224338131665412, 17.521426077262813 ], [ 42.224214400413132, 17.521457009581415 ], [ 42.224144206056827, 17.52147723478674 ], [ 42.22407969444302, 17.521479900641673 ], [ 42.224027612817785, 17.52148080525054 ], [ 42.223954226747281, 17.521502216038929 ], [ 42.223626068580728, 17.521536962092132 ], [ 42.223546961140187, 17.521558137298783 ], [ 42.223437504117761, 17.521556927727595 ], [ 42.223378677043058, 17.521563156333801 ], [ 42.223115089779135, 17.521554567693137 ], [ 42.223022290217024, 17.52155575841833 ], [ 42.222921163272233, 17.521556946573604 ], [ 42.22284264063493, 17.521553377824578 ], [ 42.222709390833892, 17.521558137298783 ], [ 42.222580900307221, 17.521565274796576 ], [ 42.22244408060125, 17.521570034270464 ], [ 42.222284656587775, 17.521573603875805 ], [ 42.222082402698184, 17.521564084928087 ], [ 42.221897994740026, 17.52155932716731 ], [ 42.221707638138064, 17.521550998087431 ], [ 42.221522039912159, 17.521543860589073 ], [ 42.221360237159821, 17.521550998087431 ], [ 42.221253160672894, 17.521572414007359 ], [ 42.221111584387479, 17.521608104917274 ], [ 42.220992609714628, 17.521643798390073 ], [ 42.220843893619346, 17.521696144863622 ], [ 42.220780838174605, 17.521724699114589 ], [ 42.220692797886862, 17.52174492514672 ], [ 42.220608326605763, 17.521777048134709 ], [ 42.220507199660958, 17.521835343903511 ], [ 42.220433437196348, 17.521891260777529 ], [ 42.22037395075823, 17.521930522936319 ], [ 42.220310895313496, 17.521978111577372 ], [ 42.220244269065503, 17.522031650389827 ], [ 42.220205193248965, 17.522095053330489 ], [ 42.220138383744647, 17.52218988357712 ], [ 42.219999898562129, 17.522406176637769 ], [ 42.219936128956746, 17.522515632005575 ], [ 42.21987426288144, 17.522604147798976 ], [ 42.219812397704459, 17.522690760970722 ], [ 42.219775278418602, 17.522737397695092 ], [ 42.219675816950343, 17.522901343135729 ], [ 42.219660111704236, 17.522937034640911 ], [ 42.219647976363063, 17.522960591116142 ], [ 42.219630843693963, 17.522982719585965 ], [ 42.219613711923174, 17.523012701636624 ], [ 42.219611391574801, 17.523033462918853 ], [ 42.219603064192114, 17.523059636385405 ], [ 42.219573797080159, 17.523099135577795 ], [ 42.219547384814177, 17.523148390056399 ], [ 42.219520973446507, 17.523169804931193 ], [ 42.21951026463001, 17.523209304099602 ], [ 42.219491706334551, 17.523257844976524 ], [ 42.219454586150377, 17.523320664124761 ], [ 42.219423176556475, 17.523369204971896 ], [ 42.219364642332557, 17.523440587791182 ], [ 42.219316100967859, 17.523506261159408 ], [ 42.219231867740305, 17.52361333701019 ], [ 42.219072682678693, 17.523788227630472 ], [ 42.219006296280874, 17.52386460784065 ], [ 42.218964178768786, 17.523890305759995 ], [ 42.218900647216955, 17.523945985572155 ], [ 42.218840684671733, 17.523998095809656 ], [ 42.21878215134614, 17.524059485851126 ], [ 42.218733609981435, 17.524124445426978 ], [ 42.218681498711817, 17.52419868393477 ], [ 42.218645092688291, 17.524250794956323 ], [ 42.218592269952957, 17.524320751150228 ], [ 42.218560861257359, 17.52436857816242 ], [ 42.21850232613513, 17.524453524359966 ], [ 42.21845872191124, 17.524535914355457 ], [ 42.218406374384685, 17.524607297572391 ], [ 42.218317381882756, 17.524735272633723 ], [ 42.218292635991617, 17.524787145360378 ], [ 42.21823264919189, 17.524877170268812 ], [ 42.218229009218362, 17.524910401169894 ], [ 42.218223297729786, 17.524943238019297 ], [ 42.218206165959003, 17.524971790902697 ], [ 42.21818617934224, 17.525013193946236 ], [ 42.218166190928855, 17.525046029920421 ], [ 42.218143348567821, 17.525087432947018 ], [ 42.21810480096066, 17.525148822619926 ], [ 42.218084814343904, 17.525191653608051 ], [ 42.218033417234928, 17.52527160361667 ], [ 42.217954894597618, 17.525371541077906 ], [ 42.217873518910984, 17.525462912300483 ], [ 42.217806418352517, 17.525561421674283 ], [ 42.217767869847044, 17.525608534796902 ], [ 42.217735033728466, 17.525655647907293 ], [ 42.217720756803651, 17.525687056640756 ], [ 42.217686493262086, 17.525729886645202 ], [ 42.217642235064666, 17.525811265253374 ], [ 42.217579416775159, 17.525921195702416 ], [ 42.217543724912296, 17.525981158827694 ], [ 42.217482334944094, 17.526046832132991 ], [ 42.217440931592648, 17.526073957721309 ], [ 42.217409522897057, 17.52611250541452 ], [ 42.217386681434327, 17.5261496242655 ], [ 42.217353844417431, 17.526175321861214 ], [ 42.217322434823522, 17.52621101529224 ], [ 42.217302447308455, 17.526233856925739 ], [ 42.217253906842075, 17.526266692679009 ], [ 42.217223925569463, 17.526295247923976 ], [ 42.217172529358798, 17.526353782093192 ], [ 42.217126842840081, 17.526395184821368 ], [ 42.217089723554231, 17.526440870608958 ], [ 42.217005491224981, 17.526539380308385 ], [ 42.216952666693011, 17.526593632190288 ], [ 42.216874144055716, 17.526677863787775 ], [ 42.216793134881698, 17.526739993892235 ], [ 42.216678661666734, 17.526862947704373 ], [ 42.216674031749761, 17.526875301758906 ], [ 42.216667607897165, 17.526883867875821 ], [ 42.216659754824953, 17.526891363227797 ], [ 42.216648333644429, 17.526907423838651 ], [ 42.216637625726236, 17.526920273011601 ], [ 42.216603431354955, 17.52694375101807 ], [ 42.216584902703893, 17.52696365266938 ], [ 42.216591584372985, 17.526989040056552 ], [ 42.216593487903069, 17.527023303643709 ], [ 42.216576356132286, 17.527048051134191 ], [ 42.216542090794093, 17.527093735900774 ], [ 42.216484850144184, 17.527149728249281 ], [ 42.216475466342729, 17.527154650332665 ], [ 42.216458333673629, 17.527174636765256 ], [ 42.216463092947997, 17.527208901173971 ], [ 42.216480224718786, 17.527226034232513 ], [ 42.216500079283193, 17.527225869763384 ], [ 42.216519737116556, 17.527324159744509 ], [ 42.216474990235625, 17.527330253665053 ], [ 42.216441678009943, 17.527335012987724 ], [ 42.216413124160319, 17.52733406215113 ], [ 42.216405510039976, 17.527332157908102 ], [ 42.21636077573546, 17.527306459619631 ], [ 42.216301766302756, 17.527283617264569 ], [ 42.216257031099929, 17.527265533374511 ], [ 42.216218959599871, 17.527251256257252 ], [ 42.216134251163517, 17.527227619817722 ], [ 42.216043832136918, 17.527226429986356 ], [ 42.215922478725176, 17.527230000337028 ], [ 42.215816593404327, 17.527237137611717 ], [ 42.215644081835485, 17.527250224898882 ], [ 42.215539385884071, 17.527263312185106 ], [ 42.215431120027709, 17.527275208782729 ], [ 42.215356168193665, 17.527290675729052 ], [ 42.215277644658045, 17.527306141817444 ], [ 42.215094426967639, 17.527308522335723 ], [ 42.215059925372522, 17.527313280802357 ], [ 42.215007576049338, 17.5273239892792 ], [ 42.214923105666543, 17.52732517825331 ], [ 42.214845773297, 17.527341835025986 ], [ 42.214748215358831, 17.527359679914408 ], [ 42.214743456084449, 17.527354922305598 ], [ 42.214616154927228, 17.527376335827302 ], [ 42.214532873913868, 17.527383474809458 ], [ 42.214386536557448, 17.527388233274124 ], [ 42.214273513223347, 17.527387045157035 ], [ 42.214118846687619, 17.527392992595278 ], [ 42.213996305703077, 17.527397751916304 ], [ 42.213855916990482, 17.527403700210812 ], [ 42.213710858835029, 17.527417632959192 ], [ 42.213457700113231, 17.527403027772571 ], [ 42.21340887577923, 17.527354624205511 ], [ 42.213369614909737, 17.527347485222219 ], [ 42.213330354040245, 17.52733677760337 ], [ 42.213258971212824, 17.527329640332603 ], [ 42.213226848356577, 17.52732250134833 ], [ 42.213166170752402, 17.527290377628855 ], [ 42.213066234075349, 17.527311793728007 ], [ 42.21303768112405, 17.527304654743034 ], [ 42.213001988362862, 17.527290377628855 ], [ 42.212948450568561, 17.527276102226772 ], [ 42.212902050787505, 17.527272532733623 ], [ 42.21285208199982, 17.527251116629831 ], [ 42.212837805075011, 17.527218994610937 ], [ 42.212823529048521, 17.527190441224583 ], [ 42.212812821130335, 17.527158318338333 ], [ 42.212823529048521, 17.527119057310731 ], [ 42.212834236068396, 17.527065519999365 ], [ 42.212848512993205, 17.527015551313873 ], [ 42.212848512993205, 17.526969151257198 ], [ 42.212844943986582, 17.526954874116615 ], [ 42.212841374979952, 17.526937028331766 ], [ 42.212844943986582, 17.526897768112885 ], [ 42.212837805075011, 17.526858507028898 ], [ 42.212809252123712, 17.526844229879607 ], [ 42.212780698274088, 17.526801399281609 ], [ 42.212748576316159, 17.526826384083872 ], [ 42.212712883554978, 17.526854936670919 ], [ 42.21269860663017, 17.526826384083872 ], [ 42.212705744643415, 17.526797829779117 ], [ 42.21269860663017, 17.526779983978816 ], [ 42.212691468616917, 17.526776415332517 ], [ 42.212641499829239, 17.526776415332517 ], [ 42.21257725501507, 17.526783554338277 ], [ 42.212509440295953, 17.526812106932059 ], [ 42.212420209740458, 17.526851368026087 ], [ 42.212359533932911, 17.526840661234569 ], [ 42.212309565145233, 17.526833522231055 ], [ 42.212259596357555, 17.526829952729194 ], [ 42.212213196576499, 17.526854936670919 ], [ 42.21218107461857, 17.526872783320453 ], [ 42.212141812850767, 17.526887059610885 ], [ 42.212088275056459, 17.526915613901597 ], [ 42.212045445180337, 17.526969151257198 ], [ 42.212016892229045, 17.527019119955472 ], [ 42.211988338379413, 17.527036965732243 ], [ 42.211977629562917, 17.527072658137136 ], [ 42.211963352638108, 17.527126194589783 ], [ 42.211963352638108, 17.527172594606295 ], [ 42.21194550760498, 17.527204718346628 ], [ 42.211988338379413, 17.527236841224664 ], [ 42.212006183412534, 17.527283240356262 ], [ 42.211949075713292, 17.52733677760337 ], [ 42.211899107823932, 17.527368901314631 ], [ 42.211845570029624, 17.527401024163595 ], [ 42.211774186303892, 17.527440284273567 ], [ 42.211724218414524, 17.527450991886305 ], [ 42.211674248728528, 17.52747240710989 ], [ 42.211606434907736, 17.527490252842078 ], [ 42.211552896215117, 17.527497390963138 ], [ 42.211527912270427, 17.52754379088471 ], [ 42.211488651400941, 17.527579483189889 ], [ 42.211438681714945, 17.527618744117845 ], [ 42.211363728982583, 17.527668712637201 ], [ 42.211313760194905, 17.527704404917802 ], [ 42.211270930318797, 17.527765081007765 ], [ 42.2112173934228, 17.527811480860866 ], [ 42.211192408579805, 17.527850740882013 ], [ 42.211163854730181, 17.527897140713204 ], [ 42.211128162867318, 17.527911417779634 ], [ 42.21107819407964, 17.527939971052511 ], [ 42.211031795196895, 17.527979232759066 ], [ 42.210996103334033, 17.527979232759066 ], [ 42.210956841566222, 17.527972093800354 ], [ 42.210928287716598, 17.527957816738699 ], [ 42.210856903990859, 17.527972093800354 ], [ 42.210814074114744, 17.52799350981903 ], [ 42.210771243340318, 17.528022063078986 ], [ 42.210735552375759, 17.528068462866361 ], [ 42.210696289709638, 17.528139846406638 ], [ 42.210653459833516, 17.52818267668864 ], [ 42.21060706005246, 17.528193384257563 ], [ 42.210532107320098, 17.528204090969243 ], [ 42.210460723594373, 17.528204090969243 ], [ 42.210367924930573, 17.528225506960531 ], [ 42.210282264280018, 17.528243352618631 ], [ 42.210207310649352, 17.528296889582403 ], [ 42.210153772855037, 17.528346859628176 ], [ 42.210135926923613, 17.528393259332475 ], [ 42.210088619844115, 17.528454983675644 ], [ 42.21002356924113, 17.528477000973428 ], [ 42.209904832621824, 17.528543494001706 ], [ 42.20980649135273, 17.528563271269977 ], [ 42.209782219772066, 17.528566127186831 ], [ 42.209753666820752, 17.528568982247034 ], [ 42.209729397036725, 17.528578975385695 ], [ 42.209692276852557, 17.528616094588628 ], [ 42.209676571606444, 17.528623234378593 ], [ 42.209646592130468, 17.528643220649393 ], [ 42.209602333034731, 17.528666063689865 ], [ 42.209566641171861, 17.528673201764661 ], [ 42.209535231577959, 17.528686050812546 ], [ 42.209496685767427, 17.528704611688909 ], [ 42.209472415085081, 17.528720315792391 ], [ 42.209451000147034, 17.528741730866134 ], [ 42.209421017976105, 17.528777422935619 ], [ 42.209381043844274, 17.528815970910998 ], [ 42.209359628007903, 17.528823108979893 ], [ 42.20933392990257, 17.528843096085268 ], [ 42.209328805912193, 17.528866070160728 ], [ 42.209282533691905, 17.528871650068101 ], [ 42.209239702917479, 17.528897348134851 ], [ 42.209231990880767, 17.528920287082755 ], [ 42.209216948591326, 17.528928710050575 ], [ 42.209211149966166, 17.528954456078946 ], [ 42.209194018195383, 17.528964449196369 ], [ 42.209151188319268, 17.528994431115152 ], [ 42.20910692922353, 17.529020129164504 ], [ 42.209071238258979, 17.529044399255572 ], [ 42.209036973819096, 17.529074380304536 ], [ 42.208989505042858, 17.529083527093292 ], [ 42.208925615063215, 17.529092940284571 ], [ 42.208892778046319, 17.529101506296769 ], [ 42.208845664104615, 17.529111500262697 ], [ 42.208798551959532, 17.529121493371473 ], [ 42.208714318731978, 17.529134343244205 ], [ 42.208652927865465, 17.529157186222836 ], [ 42.208540141686598, 17.529225714284866 ], [ 42.20845448103605, 17.5292771103144 ], [ 42.20837453097576, 17.529311374325999 ], [ 42.208314569328856, 17.529331362234178 ], [ 42.20827173855443, 17.529342783283148 ], [ 42.208194644238432, 17.529375620186901 ], [ 42.208127542781646, 17.529411312131664 ], [ 42.207970499303684, 17.529485551045891 ], [ 42.207910536758469, 17.529514104927596 ], [ 42.207854857380525, 17.529552651889826 ], [ 42.207792039091025, 17.52960975877102 ], [ 42.207722082788273, 17.529664010591304 ], [ 42.207670686577615, 17.529702558378279 ], [ 42.207615008097974, 17.529736822309513 ], [ 42.207553618129786, 17.529771086234277 ], [ 42.207470069418463, 17.529813114355552 ], [ 42.207417720993597, 17.529827391271184 ], [ 42.207373699951418, 17.529836908072184 ], [ 42.207326111699246, 17.529840478371476 ], [ 42.207263056254504, 17.529854755284955 ], [ 42.207139323205581, 17.529905913002182 ], [ 42.207110770254275, 17.529979676302613 ], [ 42.207086974780715, 17.530020125667551 ], [ 42.20707983676747, 17.530062958075391 ], [ 42.207032247616979, 17.53017955112248 ], [ 42.207022729966539, 17.530298523717065 ], [ 42.207015591953294, 17.530396082214317 ], [ 42.206984659364792, 17.53050791580797 ], [ 42.206980852304625, 17.530597542131073 ], [ 42.20695229755669, 17.530649891160905 ], [ 42.206938020631874, 17.530671306006841 ], [ 42.206926124242571, 17.530683204094149 ], [ 42.206897570392954, 17.530704618079557 ], [ 42.20688448283758, 17.530714135691127 ], [ 42.206865446638389, 17.530726033775625 ], [ 42.206830845330281, 17.530741013026038 ], [ 42.206822854815826, 17.530748241818085 ], [ 42.206789542590137, 17.530779175117157 ], [ 42.206765748014902, 17.530817246401377 ], [ 42.206708641213979, 17.530857697292717 ], [ 42.206665811337857, 17.530910045390868 ], [ 42.206637256589921, 17.530979049056011 ], [ 42.206551595939366, 17.531076608043822 ], [ 42.206430245222577, 17.531247928907231 ], [ 42.206351722585282, 17.531321691661908 ], [ 42.206311272346355, 17.531407352426385 ], [ 42.206306513071979, 17.531514427896795 ], [ 42.206308892709167, 17.531607227386175 ], [ 42.206263683195864, 17.531669093686045 ], [ 42.206185160558569, 17.531711923991303 ], [ 42.206144710319634, 17.531771409795784 ], [ 42.206066186784014, 17.531842793591991 ], [ 42.206004320708722, 17.531930833711385 ], [ 42.205978147394596, 17.531987940700397 ], [ 42.205982018235154, 17.5320912888177 ], [ 42.205982018235154, 17.532110323894806 ], [ 42.205979163389188, 17.532123649818129 ], [ 42.205979163389188, 17.532139829887882 ], [ 42.205983351335043, 17.532167621846142 ], [ 42.205976366933712, 17.532181589348664 ], [ 42.205865960392032, 17.532279623951545 ], [ 42.20579933504235, 17.53234053664195 ], [ 42.205753650320261, 17.532373850121253 ], [ 42.205726047786527, 17.532394789358609 ], [ 42.205661325966943, 17.532446185346735 ], [ 42.205622303150996, 17.532480449616259 ], [ 42.205482391443809, 17.532610844114508 ], [ 42.205404344913603, 17.532674614258998 ], [ 42.205346285898479, 17.532734576008448 ], [ 42.205283467608979, 17.532786925278049 ], [ 42.205210180353156, 17.532846886990367 ], [ 42.205138796627416, 17.532904946211502 ], [ 42.205102628657443, 17.532929692042963 ], [ 42.205083594254887, 17.532947776224905 ], [ 42.205066460687476, 17.532963005414043 ], [ 42.205030292717503, 17.532989655421243 ], [ 42.205011257416636, 17.532997268729343 ], [ 42.204995076961737, 17.533005121023713 ], [ 42.204979372613941, 17.533020112078056 ], [ 42.204924336429741, 17.533059586830607 ], [ 42.204917910780523, 17.533062441820082 ], [ 42.204901493170382, 17.533068867045255 ], [ 42.204892570204663, 17.533069224240137 ], [ 42.204887930406223, 17.533064939614619 ], [ 42.204881862286477, 17.533057088179419 ], [ 42.204870083576473, 17.533067796317173 ], [ 42.204859237317734, 17.533080906311376 ], [ 42.20486223230089, 17.533087663889855 ], [ 42.204866990676955, 17.533099561818641 ], [ 42.20486937121246, 17.533110269953891 ], [ 42.204847955376081, 17.533125734689495 ], [ 42.204827728909137, 17.533130494716687 ], [ 42.204814642252082, 17.533137632615791 ], [ 42.204794296309217, 17.533138602266764 ], [ 42.204781064125079, 17.533153190716501 ], [ 42.20477895128753, 17.533180464287401 ], [ 42.204753059146093, 17.533184067927571 ], [ 42.204737309882539, 17.533180464287401 ], [ 42.20471351530729, 17.533200689042367 ], [ 42.204715211326551, 17.533225798880707 ], [ 42.204673216883648, 17.53327209968662 ], [ 42.204652838601426, 17.533272073132594 ], [ 42.204660687182063, 17.533285914632579 ], [ 42.204644674712128, 17.533303568775164 ], [ 42.204630234293937, 17.533289918294177 ], [ 42.204627854656749, 17.533278021234455 ], [ 42.20462071664349, 17.533282780401073 ], [ 42.204605250349253, 17.533294678317059 ], [ 42.20459454243106, 17.533300627274762 ], [ 42.20458978405501, 17.533312524333002 ], [ 42.204576410835372, 17.533329703926992 ], [ 42.204554994998993, 17.533353259909319 ], [ 42.204557138379258, 17.533384669023111 ], [ 42.204555878941235, 17.533401473427837 ], [ 42.204553567576006, 17.533415720937253 ], [ 42.204528156033248, 17.533432038801237 ], [ 42.204512521754047, 17.533428539668851 ], [ 42.204494675822609, 17.533434488622163 ], [ 42.204486348439922, 17.533446385671617 ], [ 42.204470882145685, 17.533452334624346 ], [ 42.204469691877932, 17.533463041882182 ], [ 42.204487993255213, 17.533476320594175 ], [ 42.204479425124028, 17.533485767820693 ], [ 42.204447087570429, 17.533489216413731 ], [ 42.204435190282815, 17.533503493039994 ], [ 42.204417344351377, 17.533513011361261 ], [ 42.204392358610065, 17.533542755255436 ], [ 42.204384032125695, 17.533561790180194 ], [ 42.204386651613063, 17.533604134357645 ], [ 42.20439473914557, 17.533661727357011 ], [ 42.204378082583574, 17.533670055880886 ], [ 42.204356667645513, 17.533692660159168 ], [ 42.204338821714082, 17.533716455080008 ], [ 42.204323355419831, 17.533725973390101 ], [ 42.204323355419831, 17.533741438929777 ], [ 42.204317405877703, 17.533759284901755 ], [ 42.204275782439019, 17.533780383302858 ], [ 42.204258173662815, 17.533784189940349 ], [ 42.204248179905285, 17.533817503154467 ], [ 42.20422391012125, 17.533863188785791 ], [ 42.204175368756559, 17.533904590656508 ], [ 42.204057314856861, 17.534020801769937 ], [ 42.204051161397167, 17.534068774412635 ], [ 42.204025463291835, 17.534088760939945 ], [ 42.20400690319974, 17.534117314096946 ], [ 42.203956935310387, 17.534170139224361 ], [ 42.203902681558802, 17.534217252680783 ], [ 42.203848429603845, 17.534271503979433 ], [ 42.203777046776423, 17.53433574893991 ], [ 42.203712801962247, 17.53438571817852 ], [ 42.20365854910898, 17.534431403666698 ], [ 42.203575230366383, 17.534485141812393 ], [ 42.203464618110495, 17.534552299053757 ], [ 42.203418699826443, 17.534609862628439 ], [ 42.203367303615771, 17.534665542576608 ], [ 42.203277359797944, 17.534719794597716 ], [ 42.203183133711164, 17.534784039399373 ], [ 42.20312602691024, 17.534806881666437 ], [ 42.20308176781451, 17.534838291385032 ], [ 42.203054643184501, 17.534865417371769 ], [ 42.203007529242804, 17.534873983111343 ], [ 42.202984685983438, 17.534909675687203 ], [ 42.202906164244453, 17.534958216859582 ], [ 42.202869044060286, 17.534995335613516 ], [ 42.202843345954946, 17.535012467936554 ], [ 42.202837636263006, 17.535035311031418 ], [ 42.202820503593905, 17.535078141398245 ], [ 42.20280480014442, 17.535110978120169 ], [ 42.202774817973506, 17.535149524749421 ], [ 42.20273341462206, 17.535173795733421 ], [ 42.202666314961903, 17.535223051216377 ], [ 42.202654178722419, 17.535220908929073 ], [ 42.20262562577112, 17.535245179046946 ], [ 42.202620629341503, 17.535260169916103 ], [ 42.202567804809533, 17.535312281186226 ], [ 42.202561380058626, 17.535327983861006 ], [ 42.202549244717453, 17.535330839671339 ], [ 42.20251997760549, 17.535365817776551 ], [ 42.202512125431596, 17.535384377112745 ], [ 42.202505700680682, 17.535399367970403 ], [ 42.202484285742628, 17.535405793112773 ], [ 42.202473577824435, 17.535430776729797 ], [ 42.20246501238821, 17.535450763963564 ], [ 42.202452162886388, 17.535459329675479 ], [ 42.202442170027155, 17.535472179955747 ], [ 42.202440740807539, 17.53549359508883 ], [ 42.202456446053652, 17.535499304991088 ], [ 42.202459301797944, 17.535510727364787 ], [ 42.202450736361712, 17.535517866026769 ], [ 42.202433603692612, 17.535536426203979 ], [ 42.202416471023511, 17.535544991911852 ], [ 42.202389344596874, 17.5355564134261 ], [ 42.202367930557131, 17.535563551229714 ], [ 42.202349369566733, 17.535574972742793 ], [ 42.202322327581733, 17.535578224284858 ], [ 42.202304939791098, 17.535597824332498 ], [ 42.202309395434909, 17.53561637507925 ], [ 42.202303684844651, 17.535632078584261 ], [ 42.202290835342815, 17.535672053861781 ], [ 42.202276559316331, 17.535697751821537 ], [ 42.202269421303072, 17.535723450634226 ], [ 42.202267992083463, 17.53574486573763 ], [ 42.202232301118904, 17.535760570944653 ], [ 42.202203748167598, 17.535760570944653 ], [ 42.202190897767458, 17.535776275293745 ], [ 42.202169482829397, 17.535796261632861 ], [ 42.20214521304537, 17.535806256943019 ], [ 42.202106515419565, 17.535821504736631 ], [ 42.202085971847332, 17.535844661233959 ], [ 42.202088106244446, 17.53588763360009 ], [ 42.202069545254041, 17.535911903628719 ], [ 42.202036709135463, 17.535946168956539 ], [ 42.202003872118574, 17.535990427008187 ], [ 42.201988167770772, 17.536027546407393 ], [ 42.201889657618402, 17.536128910980739 ], [ 42.201815419046696, 17.536206006367969 ], [ 42.201768306003302, 17.536247407703769 ], [ 42.201718933696974, 17.536289667310506 ], [ 42.201679360213753, 17.536347227763951 ], [ 42.201641242001308, 17.536351628805029 ], [ 42.201631249142089, 17.536367333102927 ], [ 42.201641911246199, 17.53640169941956 ], [ 42.201633370962782, 17.536414121349704 ], [ 42.201584135200378, 17.5364572768861 ], [ 42.201559865416357, 17.53647726400672 ], [ 42.201570028057155, 17.536549788609602 ], [ 42.201579852931424, 17.536572919316942 ], [ 42.201568430852589, 17.536622887082483 ], [ 42.201547015914521, 17.536662862998135 ], [ 42.201542732747257, 17.536695698576509 ], [ 42.201535593835686, 17.536744240127327 ], [ 42.201492763959578, 17.536791352914932 ], [ 42.201437084581627, 17.536855597839185 ], [ 42.201330008993025, 17.536955535770382 ], [ 42.201242920919491, 17.53703976769507 ], [ 42.20117724778401, 17.537092592827666 ], [ 42.20107873763164, 17.537181109217045 ], [ 42.200991648659794, 17.537255348376902 ], [ 42.200814618565069, 17.537415248859141 ], [ 42.200701832386201, 17.537500909314886 ], [ 42.20060332313215, 17.537579432006186 ], [ 42.200486252887686, 17.537665092384366 ], [ 42.200312076740616, 17.537790728389041 ], [ 42.200195007394484, 17.537863539414076 ], [ 42.200087931805868, 17.537940634063727 ], [ 42.200024623036228, 17.537983175083795 ], [ 42.199982245012698, 17.538030539377818 ], [ 42.199943736033099, 17.538074834609255 ], [ 42.199925176839322, 17.538119092997849 ], [ 42.199918037927766, 17.53815050214267 ], [ 42.199912327337501, 17.538177627633889 ], [ 42.199915183081792, 17.538211891676966 ], [ 42.199915183081792, 17.538231880317269 ], [ 42.199913754760487, 17.538254723006538 ], [ 42.199923749416335, 17.538280420600241 ], [ 42.199938025442833, 17.538306119046865 ], [ 42.19994944662335, 17.538338955184194 ], [ 42.199986565909207, 17.538298979638103 ], [ 42.199993704820777, 17.538283276364073 ], [ 42.199999416309346, 17.538266144350089 ], [ 42.200005126001294, 17.538243300805703 ], [ 42.200029834163189, 17.538232794264729 ], [ 42.200049384198714, 17.538220458971555 ], [ 42.200062232802217, 17.53820475397761 ], [ 42.200075082304046, 17.538190476864941 ], [ 42.200090786651849, 17.538170489933183 ], [ 42.200106491897962, 17.538159067727047 ], [ 42.200133617426275, 17.53815050214267 ], [ 42.200150749197057, 17.538141935701329 ], [ 42.200170736712131, 17.538131942233051 ], [ 42.200193579073179, 17.538119092997849 ], [ 42.200207855997981, 17.538107671645033 ], [ 42.200214994909551, 17.538086255964142 ], [ 42.20022927183436, 17.538077690376323 ], [ 42.200244976182162, 17.538066269020899 ], [ 42.200276383979435, 17.538050564870151 ], [ 42.200294944969841, 17.538029150039076 ], [ 42.200300654661781, 17.538009162232974 ], [ 42.200312076740616, 17.537993458077281 ], [ 42.200343486334532, 17.537980608832267 ], [ 42.200347768603486, 17.538047709959216 ], [ 42.200312076740616, 17.538096251148055 ], [ 42.200267817644878, 17.53815050214267 ], [ 42.200243547860858, 17.53818476619087 ], [ 42.200220706398127, 17.538226168787947 ], [ 42.200205001152014, 17.538257577914212 ], [ 42.200186441059927, 17.538291841942176 ], [ 42.200185012738629, 17.538318968268804 ], [ 42.200179303046681, 17.538356087191289 ], [ 42.200180815809617, 17.538402648793735 ], [ 42.200189296804218, 17.53843746527361 ], [ 42.200199289663438, 17.538458880913016 ], [ 42.200220190765151, 17.538468874363275 ], [ 42.200235933740501, 17.538470777632813 ], [ 42.200254969939692, 17.538464828844738 ], [ 42.200270436233943, 17.538454121025698 ], [ 42.200296610446372, 17.538430325870024 ], [ 42.200307318364565, 17.538413670972311 ], [ 42.200341422904323, 17.53841121693587 ], [ 42.200400910240752, 17.538446908815416 ], [ 42.200433626883395, 17.538467729146625 ], [ 42.200505010609135, 17.538467729146625 ], [ 42.200537729048413, 17.538518293409989 ], [ 42.200546652014133, 17.538559933197053 ], [ 42.200552599759625, 17.538619420181302 ], [ 42.200567473165783, 17.538652137200589 ], [ 42.200588293419123, 17.538681880251747 ], [ 42.200623984383682, 17.538705675374406 ], [ 42.200597216384843, 17.538735419273337 ], [ 42.200430652561487, 17.538943621289889 ], [ 42.200409534965793, 17.538876223269945 ], [ 42.200372415679936, 17.538850524904134 ], [ 42.200301031954197, 17.538833392943761 ], [ 42.20029103819666, 17.538800556039426 ], [ 42.200249635743539, 17.538797700283741 ], [ 42.200220190765151, 17.538787706851615 ], [ 42.200220190765151, 17.538801983917246 ], [ 42.200114006305306, 17.538844814250854 ], [ 42.200041195156579, 17.538913342078338 ], [ 42.199972666276821, 17.538970448581445 ], [ 42.199918415220175, 17.539021845275421 ], [ 42.199847030596132, 17.53906039278634 ], [ 42.199783960778348, 17.539128877704638 ], [ 42.199720410361884, 17.539174070335914 ], [ 42.199650011189696, 17.539247418720834 ], [ 42.19956720628344, 17.539305953849119 ], [ 42.199507243738225, 17.539354494701062 ], [ 42.199457274950539, 17.539400179793816 ], [ 42.199408733585848, 17.539450149349808 ], [ 42.199321646410631, 17.539508684412628 ], [ 42.19921028675644, 17.539575784973987 ], [ 42.199123198682905, 17.53963717402565 ], [ 42.199073356557683, 17.539652277596453 ], [ 42.199023086834387, 17.539691965042934 ], [ 42.198950093327653, 17.539790530929494 ], [ 42.198911544822174, 17.539843355260587 ], [ 42.198851583175284, 17.539914737592184 ], [ 42.198761640255782, 17.540010392801857 ], [ 42.198674552182247, 17.540100337347333 ], [ 42.19860992019418, 17.54014825527543 ], [ 42.198526074140503, 17.540214551300824 ], [ 42.198467538119957, 17.540283078610518 ], [ 42.198409002997735, 17.540340186395245 ], [ 42.198343329862254, 17.540417279991676 ], [ 42.198284795638337, 17.54049865800528 ], [ 42.198243393185209, 17.540565759056747 ], [ 42.198211983591307, 17.540638569823784 ], [ 42.198173436882463, 17.54070281595434 ], [ 42.198144883032839, 17.540732797645447 ], [ 42.198130607006348, 17.540779910253093 ], [ 42.198102053156731, 17.540841300610065 ], [ 42.19808063821867, 17.540879847734089 ], [ 42.198059223280609, 17.540918394849921 ], [ 42.198053117431627, 17.54098264773366 ], [ 42.197983497098789, 17.541111942310263 ], [ 42.197917287669085, 17.54120999863758 ], [ 42.197881119699119, 17.54134705504806 ], [ 42.197862084398245, 17.541440330025715 ], [ 42.197841144668978, 17.541510761822725 ], [ 42.19783543497703, 17.541581193592368 ], [ 42.197824012898195, 17.541693505090201 ], [ 42.19782591732659, 17.541814381930106 ], [ 42.197823061582305, 17.541871489232392 ], [ 42.197831627916855, 17.541927166950405 ], [ 42.197837339405439, 17.541987130779184 ], [ 42.197871602946996, 17.542054231279643 ], [ 42.197910148757522, 17.542094205997621 ], [ 42.197974395368327, 17.54210134525691 ], [ 42.198062910864849, 17.542092778145729 ], [ 42.198087182445512, 17.542075645635229 ], [ 42.198124300833051, 17.542057086127482 ], [ 42.198165703286186, 17.542037098765501 ], [ 42.198189973968532, 17.542025676803 ], [ 42.198221382664123, 17.54201568440536 ], [ 42.198251363936734, 17.542004263298047 ], [ 42.198279917786351, 17.541992841333467 ], [ 42.198307044212989, 17.541971426111562 ], [ 42.198328459151043, 17.541978563662603 ], [ 42.198369860705853, 17.541942871621867 ], [ 42.19829276728818, 17.542127043161866 ], [ 42.198268972712924, 17.542133942588762 ], [ 42.198245177239372, 17.542143461313483 ], [ 42.198207105739307, 17.542163685925178 ], [ 42.19816784576814, 17.542188670323991 ], [ 42.198158327219382, 17.542212464986331 ], [ 42.198159516588824, 17.542236259645545 ], [ 42.198160706856569, 17.542256485103422 ], [ 42.198159516588824, 17.542279090024255 ], [ 42.198153568843324, 17.542298125744878 ], [ 42.198157136951629, 17.542312403390572 ], [ 42.198182121794638, 17.542320730660524 ], [ 42.198222572931869, 17.542314781998787 ], [ 42.198266593075736, 17.542271950771969 ], [ 42.198307044212989, 17.5422433980427 ], [ 42.198361176692003, 17.542302883818184 ], [ 42.198357250155901, 17.542311092886212 ], [ 42.198355822732914, 17.542328939727746 ], [ 42.19835760678707, 17.542342859337861 ], [ 42.198364391762411, 17.542354701840825 ], [ 42.1983789031475, 17.542373078875396 ], [ 42.1983789031475, 17.542394494049855 ], [ 42.19838723232683, 17.542414720346613 ], [ 42.198409835736001, 17.542433755196452 ], [ 42.198452665612123, 17.542461119020871 ], [ 42.198426492297997, 17.542492051178264 ], [ 42.19838723232683, 17.542478964134556 ], [ 42.198352313913404, 17.542468235139182 ], [ 42.198284557584792, 17.542474801359802 ], [ 42.19821412607326, 17.542478606958205 ], [ 42.198157019272337, 17.542530005227107 ], [ 42.198157019272337, 17.542566171674054 ], [ 42.198187475753727, 17.542592821982772 ], [ 42.198193187242296, 17.542630893356119 ], [ 42.198151307783753, 17.542691807708152 ], [ 42.198071357723464, 17.542760335794384 ], [ 42.198018057982715, 17.54282886471124 ], [ 42.197951434429669, 17.542964018388339 ], [ 42.197911457602892, 17.543055389312503 ], [ 42.197884808181676, 17.543131531856879 ], [ 42.197844833151528, 17.543179120930869 ], [ 42.197827701380753, 17.543241939174628 ], [ 42.197791533410786, 17.543272395822253 ], [ 42.197780112230255, 17.54330094924595 ], [ 42.197770593681504, 17.54334663505713 ], [ 42.197770593681504, 17.543411355603965 ], [ 42.197782015760339, 17.54345894631755 ], [ 42.197810868748959, 17.543478379345693 ], [ 42.197842929621444, 17.543495114292192 ], [ 42.197882903753268, 17.543483692421567 ], [ 42.19792097615165, 17.543451330879158 ], [ 42.197964758241966, 17.543426584770714 ], [ 42.198010443862366, 17.543405645950902 ], [ 42.198082779802306, 17.543367574740294 ], [ 42.198128465422705, 17.543342827763883 ], [ 42.198223642825376, 17.543304757396612 ], [ 42.198246486983052, 17.543331406740194 ], [ 42.198242679024567, 17.543363766590954 ], [ 42.19820460842282, 17.543420875118134 ], [ 42.198132271584569, 17.543464655968929 ], [ 42.198025673001382, 17.543516053101669 ], [ 42.197926687640219, 17.543554125137625 ], [ 42.197875292327872, 17.543599810028446 ], [ 42.197837219929497, 17.543634073903146 ], [ 42.197793437839174, 17.543672145057769 ], [ 42.197726813387824, 17.543696891989214 ], [ 42.197685366917241, 17.543701619190642 ], [ 42.197662091568226, 17.543691180632084 ], [ 42.197633537718609, 17.543672145057769 ], [ 42.197582142406262, 17.543670240986312 ], [ 42.197517420586664, 17.543679759630354 ], [ 42.197481252616697, 17.543714024346464 ], [ 42.197437469628063, 17.543736867201424 ], [ 42.197414627267023, 17.543786359330202 ], [ 42.197395591966149, 17.543833949088782 ], [ 42.197361328424584, 17.543858695141598 ], [ 42.197334678105051, 17.543908188093635 ], [ 42.197298510135077, 17.543942451910031 ], [ 42.197287088056243, 17.543971005228162 ], [ 42.197252823616367, 17.544003366677785 ], [ 42.197215362072377, 17.544052594922366 ], [ 42.197178585044654, 17.544119483951707 ], [ 42.197123381773814, 17.54415565179454 ], [ 42.197033914063091, 17.54420704873132 ], [ 42.196976360799468, 17.544209273139298 ], [ 42.196883531592952, 17.544212759215664 ], [ 42.196849716310716, 17.544292294843451 ], [ 42.196834039810689, 17.544330780419969 ], [ 42.196788354190289, 17.544387886929378 ], [ 42.196575154328954, 17.544524945219436 ], [ 42.196388603888849, 17.544654387161472 ], [ 42.196131621937205, 17.544827611245655 ], [ 42.196013602173494, 17.544915175683112 ], [ 42.19591461591402, 17.544987511900484 ], [ 42.195813726124463, 17.545054135918281 ], [ 42.195720451353566, 17.545124568024001 ], [ 42.195610043913575, 17.545198807356684 ], [ 42.195568166251654, 17.545233071785599 ], [ 42.195412074089568, 17.545326347332924 ], [ 42.195233136871501, 17.545410104279579 ], [ 42.195069430589065, 17.545491957991729 ], [ 42.194957119618984, 17.545550968186955 ], [ 42.194848616607395, 17.545611882414047 ], [ 42.194700138565651, 17.545688024740855 ], [ 42.194517396084045, 17.545785107296027 ], [ 42.19444886810259, 17.54581937075756 ], [ 42.194323232421901, 17.545872671270828 ], [ 42.194203308229781, 17.545931681342079 ], [ 42.19412145374109, 17.545965945632418 ], [ 42.193972974801042, 17.546024955673293 ], [ 42.193761679368123, 17.546125846139343 ], [ 42.193573226296238, 17.546236253345935 ], [ 42.193394289976482, 17.546331430707379 ], [ 42.193182993645244, 17.546453258616385 ], [ 42.193087816242574, 17.546495138118903 ], [ 42.192990734411509, 17.546544631207421 ], [ 42.192943144362701, 17.546548437576885 ], [ 42.192903169332553, 17.546584605791463 ], [ 42.192815605151921, 17.546624581223199 ], [ 42.192729945399691, 17.546670267053027 ], [ 42.192667127110191, 17.546693108678841 ], [ 42.192590984110069, 17.54673879534791 ], [ 42.192535780839229, 17.54677305862911 ], [ 42.192495805809095, 17.546801613214289 ], [ 42.192438699008157, 17.546805418721831 ], [ 42.192415856647116, 17.546797805993627 ], [ 42.192400626609796, 17.546771154590228 ], [ 42.192408241628456, 17.546744505752475 ], [ 42.19241966280898, 17.546719759237199 ], [ 42.192432989316217, 17.546691204639124 ], [ 42.192431084887815, 17.546660747709545 ], [ 42.192452312976293, 17.546646267411582 ], [ 42.192486288158655, 17.546624581223199 ], [ 42.192505324357839, 17.546603641059853 ], [ 42.192514841109961, 17.546575088156519 ], [ 42.192522456128629, 17.546538920796561 ], [ 42.192533877309145, 17.546523691034832 ], [ 42.192549104651526, 17.546500849387662 ], [ 42.1925852726215, 17.546470390713051 ], [ 42.192604308820684, 17.546457066700803 ], [ 42.192630959140217, 17.546434224188715 ], [ 42.192669030640268, 17.54641899527471 ], [ 42.192676644760617, 17.546386635112981 ], [ 42.192676644760617, 17.546354274088952 ], [ 42.192678548290708, 17.546320009015517 ], [ 42.192701390651749, 17.54629145606749 ], [ 42.192720426850933, 17.546260999070721 ], [ 42.192726138339516, 17.546226733979658 ], [ 42.192764208941256, 17.54620579462685 ], [ 42.192787052200607, 17.546179145705949 ], [ 42.192792761892569, 17.546154399113465 ], [ 42.192806088399806, 17.546127750185004 ], [ 42.192811798091753, 17.546108714010099 ], [ 42.192827027230756, 17.546082063361876 ], [ 42.192836544881196, 17.546061123992356 ], [ 42.192857483712146, 17.546047799093497 ], [ 42.192922204633419, 17.545998306725796 ], [ 42.192950759381361, 17.545950716679055 ], [ 42.192969794682234, 17.545905032380869 ], [ 42.192985022922933, 17.545874573606103 ], [ 42.192977407904259, 17.545863152741969 ], [ 42.192967891152144, 17.54584792463649 ], [ 42.192967891152144, 17.545823177998777 ], [ 42.192969794682234, 17.545794624972462 ], [ 42.192985022922933, 17.545775588762567 ], [ 42.192996444103457, 17.545748938921875 ], [ 42.193011674140777, 17.545737518049819 ], [ 42.193026902381476, 17.545737518049819 ], [ 42.193045937682349, 17.545726096320521 ], [ 42.19306878004339, 17.545680411109181 ], [ 42.193059262392957, 17.545627111395881 ], [ 42.193040227092084, 17.545596652574407 ], [ 42.193011674140777, 17.545554774577287 ], [ 42.192979312332668, 17.54551860701369 ], [ 42.192935531140662, 17.545471017697498 ], [ 42.192939337302519, 17.545457692755246 ], [ 42.192948854952967, 17.545432946920766 ], [ 42.192958372603393, 17.54540820022638 ], [ 42.192964084091976, 17.545387260778995 ], [ 42.192964084091976, 17.54536822538283 ], [ 42.192975506170811, 17.545354899576491 ], [ 42.192985022922933, 17.545345382733487 ], [ 42.192985022922933, 17.545322540081266 ], [ 42.192960276133483, 17.545330152871454 ], [ 42.192952808438527, 17.545291324897278 ], [ 42.192965418988486, 17.545270690359224 ], [ 42.193007866182292, 17.545244492689445 ], [ 42.193057358862866, 17.545181675139805 ], [ 42.193097333893014, 17.545124568024001 ], [ 42.193160152182514, 17.545061751289321 ], [ 42.193186800705419, 17.545002740078267 ], [ 42.193173476893115, 17.544974186922683 ], [ 42.19315634512234, 17.544924694261766 ], [ 42.193116369193888, 17.544875200730811 ], [ 42.193034515603507, 17.544818094374957 ], [ 42.192906212824738, 17.544777743385822 ], [ 42.192732608006196, 17.54469094119148 ], [ 42.192722331279342, 17.544629641217298 ], [ 42.192691873899641, 17.544597279879511 ], [ 42.192697583591581, 17.544582051667664 ], [ 42.192680451820792, 17.54455349758927 ], [ 42.192642380320741, 17.544523042013463 ], [ 42.1925852726215, 17.544553499302324 ], [ 42.192461542267523, 17.544677229897914 ], [ 42.192372073658483, 17.54478954119028 ], [ 42.192326388038083, 17.544861875744747 ], [ 42.192274991827418, 17.544995126417799 ], [ 42.19223692032736, 17.545101727056998 ], [ 42.192215980598085, 17.545223554936193 ], [ 42.19221978765826, 17.545362515791417 ], [ 42.192214077068009, 17.545434850973706 ], [ 42.192223595616753, 17.545520511922255 ], [ 42.192261667116803, 17.545566198030432 ], [ 42.1922921235982, 17.545642341232963 ], [ 42.192286413007935, 17.545712772253548 ], [ 42.192271184767236, 17.545804144361451 ], [ 42.192242630917619, 17.545834599721953 ], [ 42.192221692086662, 17.545878383415729 ], [ 42.192217885026494, 17.545933586246303 ], [ 42.192200753255705, 17.546021150149357 ], [ 42.192181717056521, 17.546131557419741 ], [ 42.192147452616638, 17.546224831648075 ], [ 42.192105574056406, 17.546323817959259 ], [ 42.192099864364465, 17.546375214281113 ], [ 42.192092249345798, 17.546443742687579 ], [ 42.192085587439649, 17.546584606647979 ], [ 42.192071309616523, 17.546661701014347 ], [ 42.192072261830724, 17.546814938914231 ], [ 42.192070359198951, 17.546856816620124 ], [ 42.192061792864408, 17.546941525306202 ], [ 42.192050370785573, 17.54698626032258 ], [ 42.192016107243994, 17.547040511225877 ], [ 42.191962694315521, 17.547099395008946 ], [ 42.191920451937605, 17.547126647638319 ], [ 42.191756268649755, 17.547221826245117 ], [ 42.191570850985215, 17.547310437900229 ], [ 42.189662155585289, 17.548025582973743 ], [ 42.189552889005704, 17.54804036122756 ], [ 42.18944648086535, 17.548106389704003 ], [ 42.189206389037679, 17.548196348218305 ], [ 42.189037140149949, 17.548243904271338 ], [ 42.188958618410965, 17.548268887831902 ], [ 42.188887233786915, 17.548301011260588 ], [ 42.18875755389081, 17.54834146167687 ], [ 42.188544354029482, 17.548423314921362 ], [ 42.188468211029374, 17.548449965225235 ], [ 42.188345907200066, 17.548481849655634 ], [ 42.188222175049468, 17.5485341978038 ], [ 42.188065130673174, 17.548586545936846 ], [ 42.187905706659706, 17.5486531712009 ], [ 42.187848599858782, 17.548660310201797 ], [ 42.18777007811979, 17.54870552015608 ], [ 42.187694848706329, 17.548762686955417 ], [ 42.187505511692208, 17.548833627241901 ], [ 42.187358431429054, 17.548862564361347 ], [ 42.187289427340502, 17.548886359003895 ], [ 42.187171703122523, 17.548958697918508 ], [ 42.187089590817344, 17.548989462804425 ], [ 42.186895507105262, 17.54905375308244 ], [ 42.186840302936112, 17.549084211322782 ], [ 42.186762257304224, 17.549129895675932 ], [ 42.186705483778269, 17.549186186991925 ], [ 42.186637973588041, 17.549225135755364 ], [ 42.186520505389907, 17.549339289141923 ], [ 42.186339664641743, 17.549504898702509 ], [ 42.186115043599891, 17.549676220993401 ], [ 42.185854254588079, 17.549866578047865 ], [ 42.185620115895802, 17.550034091987577 ], [ 42.185450699023107, 17.550167341426544 ], [ 42.185174680872279, 17.550376733693476 ], [ 42.184896760089678, 17.550584222576081 ], [ 42.184662621397393, 17.550757447843299 ], [ 42.184443710945807, 17.550911637274595 ], [ 42.184220993434046, 17.551071536842837 ], [ 42.183933554102687, 17.55127902664265 ], [ 42.183574702299509, 17.55152132760162 ], [ 42.183554327610558, 17.551536098718326 ], [ 42.183498945574968, 17.551569557699956 ], [ 42.183428751218678, 17.551618336798622 ], [ 42.18338473107481, 17.551650459633414 ], [ 42.183302361851467, 17.551736826820591 ], [ 42.18290917643813, 17.552039484225823 ], [ 42.182845784125156, 17.552047115576624 ], [ 42.182874337076463, 17.551997623991237 ], [ 42.182864820324333, 17.551974781321196 ], [ 42.182843879696748, 17.551969070224985 ], [ 42.182851494715422, 17.551942419582289 ], [ 42.182866722956113, 17.551911962678975 ], [ 42.182872434444683, 17.551887216869506 ], [ 42.182889566215472, 17.551866278170895 ], [ 42.182885759155297, 17.55183962665658 ], [ 42.182872434444683, 17.551833917269104 ], [ 42.182841977064975, 17.551866278170895 ], [ 42.182819132907305, 17.551908156422193 ], [ 42.182777256143702, 17.551917673776984 ], [ 42.182788677324233, 17.551875794671396 ], [ 42.182752509354259, 17.551830110154189 ], [ 42.18276773669664, 17.55179394213026 ], [ 42.1827924843844, 17.551767292318296 ], [ 42.182815326745448, 17.551704473604129 ], [ 42.182771544655132, 17.551706376734668 ], [ 42.182714437854209, 17.551736835385533 ], [ 42.18265733015496, 17.551713991826112 ], [ 42.182645908974436, 17.55165498106863 ], [ 42.182594511865453, 17.551727317164755 ], [ 42.182583090684929, 17.551803458634556 ], [ 42.182564056282381, 17.551868181299735 ], [ 42.182556441263714, 17.551953840919712 ], [ 42.18254502008319, 17.552090898625604 ], [ 42.182539308594613, 17.552165137673377 ], [ 42.182548827143364, 17.552231761621368 ], [ 42.18253489427331, 17.552270863898531 ], [ 42.182531695372582, 17.552309808572808 ], [ 42.182493623872524, 17.552336459161452 ], [ 42.182487913282266, 17.552357397805721 ], [ 42.182493623872524, 17.552382144407446 ], [ 42.182468877083075, 17.552387854634137 ], [ 42.182455552372467, 17.552361204909552 ], [ 42.18244820774671, 17.552323578386694 ], [ 42.182436517071601, 17.55229648413351 ], [ 42.182426997624532, 17.552275544625715 ], [ 42.182421287932591, 17.552246990903274 ], [ 42.182426997624532, 17.552214630069493 ], [ 42.182428902052941, 17.552182270086423 ], [ 42.182442227661859, 17.55212706573375 ], [ 42.182436517071601, 17.552079477296825 ], [ 42.182421287932591, 17.552045213306162 ], [ 42.182398444673225, 17.552022369785625 ], [ 42.182381312902443, 17.55198620180008 ], [ 42.182367988191828, 17.551955744904127 ], [ 42.182367988191828, 17.551925288003051 ], [ 42.182360374071486, 17.551881505770538 ], [ 42.182335627282036, 17.551812977707836 ], [ 42.182251871059897, 17.551812977707836 ], [ 42.182206183642862, 17.551862470200167 ], [ 42.182152884800423, 17.551911962678975 ], [ 42.182105295649933, 17.55192719113127 ], [ 42.18208626034906, 17.551957648888521 ], [ 42.182065320619792, 17.552007141341328 ], [ 42.181983467029411, 17.552039502212171 ], [ 42.181869253427557, 17.552113741281005 ], [ 42.181791205999041, 17.552161331421914 ], [ 42.181718870957425, 17.552283157980249 ], [ 42.181665571216669, 17.552385952367249 ], [ 42.181553260246581, 17.552469707763393 ], [ 42.181452372253652, 17.552561079889625 ], [ 42.181345770975526, 17.552700040256163 ], [ 42.181241075024104, 17.552844710728387 ], [ 42.18110972875315, 17.553082657778212 ], [ 42.180980286012286, 17.553356772234554 ], [ 42.180978383380513, 17.553461468267898 ], [ 42.180978383380513, 17.553535706753944 ], [ 42.181005032801735, 17.553589006710087 ], [ 42.181039297241618, 17.553611850033054 ], [ 42.181086706729047, 17.55361217464101 ], [ 42.18138693627342, 17.553777222723859 ], [ 42.181565395587754, 17.553914040947539 ], [ 42.181856879134521, 17.554181731382165 ], [ 42.182130517648169, 17.554401831024929 ], [ 42.182481487633034, 17.554675468994734 ], [ 42.182410104805619, 17.554776596170719 ], [ 42.182041287990991, 17.554598137367542 ], [ 42.182344668825372, 17.554859876828257 ], [ 42.182201902272219, 17.555091873844955 ], [ 42.18195205833382, 17.55493126095265 ], [ 42.181803342238538, 17.55478849267573 ], [ 42.18158919106132, 17.554758749698777 ], [ 42.18158919106132, 17.554853928578197 ], [ 42.181654626143249, 17.554990746845014 ], [ 42.181743854902109, 17.555014542395554 ], [ 42.18179739269641, 17.555097822943683 ], [ 42.181743854902109, 17.555193001644909 ], [ 42.181708163039232, 17.555181104309991 ], [ 42.181517806437263, 17.555127566721428 ], [ 42.181321501191483, 17.555038337086494 ], [ 42.18107165815141, 17.554919363600543 ], [ 42.180952685275173, 17.554901517142664 ], [ 42.180928889801621, 17.554842031221007 ], [ 42.18083371239895, 17.554776596170719 ], [ 42.18064930264417, 17.5547230576061 ], [ 42.180447048754587, 17.554669519882136 ], [ 42.180334025420485, 17.554746853191812 ], [ 42.180206735941354, 17.554732324720799 ], [ 42.180151509314307, 17.554824158204646 ], [ 42.180066336448967, 17.554836082970354 ], [ 42.180093157448397, 17.554921183618823 ], [ 42.179977105893471, 17.554961003901276 ], [ 42.179911669913238, 17.555068080017531 ], [ 42.179911669913238, 17.555175156070479 ], [ 42.179870030304869, 17.555300076767523 ], [ 42.179941413132291, 17.555389307129985 ], [ 42.180091007779929, 17.555523135033475 ], [ 42.180203156154938, 17.55558561325876 ], [ 42.18028048762617, 17.555651048016749 ], [ 42.18035187135191, 17.555805712908391 ], [ 42.180429203721459, 17.555918736740519 ], [ 42.180494639701706, 17.55607935132651 ], [ 42.180500588345517, 17.556234015852375 ], [ 42.180530330666258, 17.556364885732631 ], [ 42.180375460212957, 17.556445067800684 ], [ 42.180398014214795, 17.556518163387068 ], [ 42.180445601568657, 17.556622859305861 ], [ 42.180483673967032, 17.556694242735361 ], [ 42.180631200692879, 17.556760869299701 ], [ 42.180773968144351, 17.556817975316861 ], [ 42.180945290343764, 17.556794180003273 ], [ 42.181187993573964, 17.556846529175154 ], [ 42.181264136574079, 17.556898876618959 ], [ 42.180888181746205, 17.556951224904104 ], [ 42.180892941020588, 17.557032127003147 ], [ 42.180973843295064, 17.557132064941065 ], [ 42.180931011622327, 17.557174895224296 ], [ 42.180612165392006, 17.557127304687796 ], [ 42.180383737289979, 17.557051162030202 ], [ 42.180188621413649, 17.556917913372953 ], [ 42.17989356796194, 17.556708520103065 ], [ 42.179836461161017, 17.556622859305861 ], [ 42.179722245762534, 17.556603824233793 ], [ 42.179707968837725, 17.556684725631566 ], [ 42.179650862036794, 17.556727556020601 ], [ 42.179579479209373, 17.556632377269381 ], [ 42.179450987784392, 17.556660930300467 ], [ 42.179270148832863, 17.556765626993194 ], [ 42.179130009851903, 17.556966745845283 ], [ 42.179165451983124, 17.557036886402454 ], [ 42.179289185032047, 17.557174895224296 ], [ 42.179431951585208, 17.557389045632036 ], [ 42.179579479209373, 17.557588921058763 ], [ 42.179755558886527, 17.557722170935197 ], [ 42.180041093789484, 17.557836384914602 ], [ 42.180193379789706, 17.558083849288717 ], [ 42.18016958521445, 17.558302758844018 ], [ 42.180455121015726, 17.558602571245011 ], [ 42.180826316569217, 17.558959491060779 ], [ 42.18047891469265, 17.558773891782373 ], [ 42.180279041338565, 17.558683471749823 ], [ 42.180174343590515, 17.558750097582266 ], [ 42.180139841995398, 17.558999940809741 ], [ 42.179797252393818, 17.559066400372576 ], [ 42.179727005036909, 17.55892855828915 ], [ 42.179580667680497, 17.55873939096201 ], [ 42.179377225319783, 17.558471701268989 ], [ 42.179166642250877, 17.558375332094673 ], [ 42.179048858744096, 17.558439577931093 ], [ 42.178909661197551, 17.558414594060419 ], [ 42.178829016739549, 17.558426094640716 ], [ 42.178793622219047, 17.558298793419386 ], [ 42.178879282869595, 17.558241686156286 ], [ 42.178957804608572, 17.558205994750054 ], [ 42.179036327245875, 17.558134611060012 ], [ 42.179093434945116, 17.558056087855061 ], [ 42.179043466157438, 17.557963289061348 ], [ 42.178964942621825, 17.557884766638569 ], [ 42.178829314081909, 17.557806245038208 ], [ 42.178772207280986, 17.557784829116059 ], [ 42.178807899143855, 17.557720584760268 ], [ 42.178772207280986, 17.557656338668753 ], [ 42.178672269705629, 17.557642062232247 ], [ 42.178579470143518, 17.557556401876642 ], [ 42.178458117630107, 17.557492155726873 ], [ 42.178479532568154, 17.557613509355857 ], [ 42.178308212165383, 17.557642062232247 ], [ 42.178193997665211, 17.557606369851356 ], [ 42.178243965554572, 17.557677753749633 ], [ 42.178222552413146, 17.557741998977086 ], [ 42.178293936138886, 17.55779910639777 ], [ 42.178443841603602, 17.557870490220072 ], [ 42.178615162904698, 17.557956151283566 ], [ 42.178508087316096, 17.558120333804748 ], [ 42.17832962710343, 17.558227408909463 ], [ 42.17840101082917, 17.558305932040124 ], [ 42.178515225329342, 17.558363039282959 ], [ 42.178715099581744, 17.558298793419386 ], [ 42.1787847387792, 17.558482407905068 ], [ 42.178848983593376, 17.558539515092249 ], [ 42.178931076135612, 17.55864302193017 ], [ 42.17903458181928, 17.558725112897971 ], [ 42.179120243368139, 17.558782220865069 ], [ 42.179130951286325, 17.558857174027501 ], [ 42.179016735887842, 17.558825050757999 ], [ 42.178841845580124, 17.558817912157728 ], [ 42.17878830778583, 17.558942833767766 ], [ 42.178841845580124, 17.558996371941319 ], [ 42.178963198093548, 17.558999940809741 ], [ 42.179020304894472, 17.559064187280999 ], [ 42.178938214148864, 17.559085602195385 ], [ 42.179127381381385, 17.559374705861021 ], [ 42.179202334113747, 17.559592426806184 ], [ 42.179166642250877, 17.55962811879559 ], [ 42.179020304894472, 17.559381845295796 ], [ 42.17894892206705, 17.559292615187722 ], [ 42.178859692409873, 17.559235508238057 ], [ 42.178795445799075, 17.559192677585759 ], [ 42.178688371108784, 17.559156984654059 ], [ 42.178638402321106, 17.559124862294198 ], [ 42.178545602758987, 17.559071325015104 ], [ 42.178538464745742, 17.55910701710723 ], [ 42.178592001641725, 17.55921409162849 ], [ 42.17862412539629, 17.559349722119372 ], [ 42.178638402321106, 17.559428243906872 ], [ 42.178609847573171, 17.559553165095839 ], [ 42.178677663190591, 17.559678087911525 ], [ 42.178659817259152, 17.559720917592539 ], [ 42.178552741670551, 17.559724487303139 ], [ 42.17849563486962, 17.559678087911525 ], [ 42.178459942108439, 17.559578149665871 ], [ 42.178384989376077, 17.559496058228348 ], [ 42.178317174656968, 17.559474644218966 ], [ 42.178270774875912, 17.559531751093211 ], [ 42.178274344780846, 17.55963882707621 ], [ 42.178152992267435, 17.559760179266515 ], [ 42.178185115123675, 17.559852977995781 ], [ 42.178128008322751, 17.559920792158181 ], [ 42.178135146335997, 17.560017161366407 ], [ 42.178099453574816, 17.560049284424419 ], [ 42.178024500842454, 17.559942207827703 ], [ 42.178020931835839, 17.560006453108169 ], [ 42.178099453574816, 17.5601742051849 ], [ 42.178042346773886, 17.560181343731696 ], [ 42.178063761711947, 17.560288419330533 ], [ 42.178174407205489, 17.560377648947863 ], [ 42.178199392048491, 17.560474017056464 ], [ 42.178110162391313, 17.560509708872086 ], [ 42.177970963048161, 17.560295557872831 ], [ 42.177928133172038, 17.56012423706234 ], [ 42.177885302397605, 17.560017161366407 ], [ 42.17787459537773, 17.559913653601111 ], [ 42.177849609636425, 17.55980300892811 ], [ 42.177806779760303, 17.559653104211737 ], [ 42.177753241966002, 17.559578149665871 ], [ 42.177724689014688, 17.559549597094769 ], [ 42.17771041208988, 17.559517473948109 ], [ 42.17771041208988, 17.559456798210018 ], [ 42.177610475412841, 17.559396120738676 ], [ 42.177515315976478, 17.559329579933323 ], [ 42.177432015200182, 17.559281906886628 ], [ 42.177357061569509, 17.559292615187722 ], [ 42.177310662686772, 17.559339013821656 ], [ 42.177274969925584, 17.559374705861021 ], [ 42.177196449084917, 17.559399691312137 ], [ 42.177153619208795, 17.559385414156626 ], [ 42.177110788434369, 17.559438952199308 ], [ 42.177032265797067, 17.559492489369703 ], [ 42.176939467133273, 17.559581719379281 ], [ 42.176960882071327, 17.559610271945314 ], [ 42.176932329120021, 17.559653104211737 ], [ 42.176918052195212, 17.559877961667986 ], [ 42.176875222319097, 17.559935069271475 ], [ 42.176857376387659, 17.559992176856952 ], [ 42.176882360332336, 17.560070698365834 ], [ 42.176835959652976, 17.560063559814672 ], [ 42.17680740670167, 17.560031437615649 ], [ 42.17680740670167, 17.560006453108169 ], [ 42.176789559871914, 17.559970761193341 ], [ 42.176764575927237, 17.559924361864837 ], [ 42.176746729995799, 17.559870823965682 ], [ 42.176725315956062, 17.559913653601111 ], [ 42.176678916175007, 17.559974330899013 ], [ 42.176653932230323, 17.560070698365834 ], [ 42.176661070243568, 17.560181343731696 ], [ 42.17668248518163, 17.560277711088336 ], [ 42.176714989821868, 17.560325895175655 ], [ 42.176511163880534, 17.560320542340417 ], [ 42.176479041024287, 17.560263434858513 ], [ 42.176457626086226, 17.560192051123138 ], [ 42.176461195092848, 17.560127805052076 ], [ 42.176496886955718, 17.560056422119683 ], [ 42.176518301893772, 17.55996719234405 ], [ 42.176553993756642, 17.559892238784663 ], [ 42.176582546707955, 17.559770886682863 ], [ 42.176543285838456, 17.559745902139426 ], [ 42.176482610030909, 17.559767316973179 ], [ 42.176382673353864, 17.559728056157212 ], [ 42.176325565654629, 17.559660241066165 ], [ 42.176264889847076, 17.559649533643277 ], [ 42.176197075127959, 17.559706641318812 ], [ 42.17612926040885, 17.55973162501121 ], [ 42.176079291621164, 17.55978516380798 ], [ 42.176118553388982, 17.559856546847318 ], [ 42.176072152709608, 17.559906515043753 ], [ 42.176000769882179, 17.559977899748159 ], [ 42.176025753826863, 17.560045713863769 ], [ 42.176043599758302, 17.560117097656832 ], [ 42.176100706559225, 17.560081406620277 ], [ 42.176032891840109, 17.560188482278217 ], [ 42.176050737771547, 17.560238451239496 ], [ 42.176168521278342, 17.560288419330533 ], [ 42.176379104347248, 17.560341957106207 ], [ 42.176514732887163, 17.560359803027911 ], [ 42.17641122630517, 17.560463309681701 ], [ 42.176314858634754, 17.560434756393743 ], [ 42.176207783046152, 17.560470448217103 ], [ 42.176186367209773, 17.560499000642977 ], [ 42.17628987379176, 17.560534694166577 ], [ 42.176332703667867, 17.560598938380352 ], [ 42.176257750935513, 17.560581093338669 ], [ 42.176164952271719, 17.560552540069285 ], [ 42.175975785039185, 17.560463309681701 ], [ 42.17582230966952, 17.560427618713391 ], [ 42.175690250136235, 17.560463311394606 ], [ 42.175633143335311, 17.560495432660556 ], [ 42.175590312560878, 17.560541831842709 ], [ 42.175558189704638, 17.560623923662529 ], [ 42.175590312560878, 17.560656046612888 ], [ 42.175654558273365, 17.560688168701091 ], [ 42.17574021892392, 17.560695308084078 ], [ 42.175775909888465, 17.560709585136301 ], [ 42.17573664901898, 17.560759553953762 ], [ 42.175643850355179, 17.560784538357328 ], [ 42.175521389320707, 17.560861469949348 ], [ 42.175365452567164, 17.560934443849828 ], [ 42.175365452567164, 17.56098441174878 ], [ 42.175297638746372, 17.561048658372329 ], [ 42.175244100952064, 17.56103795103154 ], [ 42.175211978095817, 17.561120041769961 ], [ 42.175158440301516, 17.56121997916452 ], [ 42.175051363814596, 17.561287793671347 ], [ 42.175008533938474, 17.561302070676852 ], [ 42.175004964931851, 17.561362746652996 ], [ 42.17503432726523, 17.561396485590702 ], [ 42.174994352235089, 17.561416473386089 ], [ 42.175051363814596, 17.561534068004416 ], [ 42.174801615097621, 17.561512840941752 ], [ 42.174771859302155, 17.561527720012407 ], [ 42.174486322602561, 17.561456335919068 ], [ 42.174422448792605, 17.561445691123126 ], [ 42.174369647616835, 17.561359177831147 ], [ 42.1743089727076, 17.561327055005545 ], [ 42.17420546612562, 17.561319917360368 ], [ 42.174123373583384, 17.561352039330792 ], [ 42.174051990755963, 17.56136631633122 ], [ 42.173952054078917, 17.56134846965228 ], [ 42.173898515386298, 17.561319917360368 ], [ 42.173752178029886, 17.561359177831147 ], [ 42.17361297958503, 17.561402007970937 ], [ 42.173538026852668, 17.561441269280358 ], [ 42.173495197874871, 17.561523360692345 ], [ 42.173423814149132, 17.561559052301096 ], [ 42.173320307567153, 17.561783910816022 ], [ 42.173195386047112, 17.561890987179957 ], [ 42.173102585586683, 17.561951663815172 ], [ 42.173006218814578, 17.561933817193928 ], [ 42.172906281239221, 17.561930248383337 ], [ 42.172849175336609, 17.561973078388021 ], [ 42.172620746336271, 17.561998062624113 ], [ 42.172474408979859, 17.562012339573602 ], [ 42.172206720008347, 17.562076584975916 ], [ 42.171949738056696, 17.562155107293663 ], [ 42.171674910173621, 17.562272890706424 ], [ 42.171385322970437, 17.562421436646822 ], [ 42.171150598576581, 17.562498941360303 ], [ 42.17083614959958, 17.562554856824729 ], [ 42.170646983265364, 17.562619102034514 ], [ 42.170422124169967, 17.562683348077943 ], [ 42.170044965599608, 17.562864047072022 ], [ 42.169192023322175, 17.563145752768147 ], [ 42.168435140593026, 17.563411052080586 ], [ 42.167549999102548, 17.563652444398613 ], [ 42.167371539788206, 17.563711929995154 ], [ 42.167163337254799, 17.563741673214313 ], [ 42.167062210310007, 17.563747622028846 ], [ 42.166943237433777, 17.563753569986748 ], [ 42.166830213201358, 17.563753569986748 ], [ 42.166681496207758, 17.563783314055502 ], [ 42.166556573789407, 17.563836850797632 ], [ 42.166407858592436, 17.563896338046447 ], [ 42.166288885716206, 17.563961773226772 ], [ 42.166223449735966, 17.564033157188597 ], [ 42.166163963297848, 17.564045053941872 ], [ 42.166128272333303, 17.564027209239882 ], [ 42.166098529114237, 17.563973670841179 ], [ 42.166074733640684, 17.563961773226772 ], [ 42.166027143591876, 17.564015310772561 ], [ 42.165973606695879, 17.564062900354973 ], [ 42.165878428394905, 17.564110489924872 ], [ 42.165753506874864, 17.564122386673066 ], [ 42.165635127785031, 17.564156293814246 ], [ 42.165567313964239, 17.564177709839168 ], [ 42.165506637258375, 17.564191985760317 ], [ 42.165445960552503, 17.564220540168545 ], [ 42.165403130676388, 17.564249092859402 ], [ 42.165367438813519, 17.564284785643608 ], [ 42.165324608937397, 17.564309770417079 ], [ 42.165285347169593, 17.56431690794437 ], [ 42.16522824036867, 17.564288354407783 ], [ 42.165178270682674, 17.564241955329436 ], [ 42.165114025868498, 17.564213400924586 ], [ 42.165035504129513, 17.564213400924586 ], [ 42.164903443697909, 17.564220540168545 ], [ 42.164757107239815, 17.564227677699353 ], [ 42.164646462644583, 17.564231247321089 ], [ 42.164528679137788, 17.564224108933988 ], [ 42.164421602650869, 17.564184848228106 ], [ 42.164289543117583, 17.56413844912322 ], [ 42.164161051692602, 17.564095617917985 ], [ 42.164057545110623, 17.564074202739786 ], [ 42.163954039426955, 17.564084909900988 ], [ 42.163807702070542, 17.56413844912322 ], [ 42.163729180331558, 17.564220540168545 ], [ 42.163682781448813, 17.564341892713415 ], [ 42.163636380769439, 17.564416846143402 ], [ 42.163572135056953, 17.564456105942529 ], [ 42.163529305180838, 17.564484660309088 ], [ 42.16345792055678, 17.564513212958282 ], [ 42.163365121892994, 17.564488229069323 ], [ 42.163290169160632, 17.564477521931984 ], [ 42.16321164742164, 17.564473953171536 ], [ 42.163065310963546, 17.564481090692357 ], [ 42.162886850750887, 17.564502505822418 ], [ 42.16276192923084, 17.564520352190417 ], [ 42.162651283737297, 17.564556044064705 ], [ 42.162565623985067, 17.5645810279443 ], [ 42.162522794108959, 17.564613151048924 ], [ 42.162501378272573, 17.564648842904919 ], [ 42.162454979389835, 17.564702380247489 ], [ 42.162397871690601, 17.564738072942315 ], [ 42.162330056971484, 17.564763056796785 ], [ 42.162201566444821, 17.564766626407962 ], [ 42.162119474800896, 17.564773763917238 ], [ 42.162023106232162, 17.564823733325746 ], [ 42.161926737663435, 17.564880840225516 ], [ 42.161819662074819, 17.564912963276928 ], [ 42.161716156391158, 17.564952223824889 ], [ 42.161605510897616, 17.565030745751674 ], [ 42.161477020370953, 17.565059300027588 ], [ 42.161319975994665, 17.565109269357269 ], [ 42.161223608324249, 17.565119975600808 ], [ 42.161120100843945, 17.565127114809016 ], [ 42.160995179323905, 17.565127114809016 ], [ 42.160898810755171, 17.56513068441301 ], [ 42.16082742792775, 17.565162807420087 ], [ 42.16082742792775, 17.565187791215934 ], [ 42.160866688797235, 17.565237759653709 ], [ 42.160895241748548, 17.565291297678524 ], [ 42.160920225693232, 17.565330559857273 ], [ 42.160848841967493, 17.565337697344308 ], [ 42.160781028146694, 17.565305575224702 ], [ 42.160713213427584, 17.565280590588685 ], [ 42.160666812748211, 17.565280590588685 ], [ 42.160591860015849, 17.565316283169487 ], [ 42.160509769270242, 17.565344835687494 ], [ 42.160427677626309, 17.565376958656564 ], [ 42.160381278743571, 17.565391236195993 ], [ 42.160292049086401, 17.565384096998201 ], [ 42.160113588873742, 17.565362681972445 ], [ 42.159942267572646, 17.565344835687494 ], [ 42.15981020803936, 17.565323420657091 ], [ 42.159663869784637, 17.565316283169487 ], [ 42.159538949162908, 17.565298436879967 ], [ 42.159442580594174, 17.565305575224702 ], [ 42.159349781930374, 17.565341266944152 ], [ 42.159281967211271, 17.565387666597132 ], [ 42.159135629854852, 17.56543763497973 ], [ 42.159042832089369, 17.565473326673143 ], [ 42.158982156281823, 17.565523295888518 ], [ 42.158957171438821, 17.565566125899494 ], [ 42.158957171438821, 17.565626803015672 ], [ 42.158953602432192, 17.565698186320848 ], [ 42.158950033425583, 17.565769569597872 ], [ 42.158978586376882, 17.565823106608946 ], [ 42.15893575560245, 17.56586593826183 ], [ 42.15886437187671, 17.565840953703166 ], [ 42.158835818925404, 17.565862368672335 ], [ 42.158877059681785, 17.566024903110002 ], [ 42.159024309726526, 17.566069420162396 ], [ 42.159097549371637, 17.566091562210502 ], [ 42.159107076903545, 17.566133627298459 ], [ 42.15914990677966, 17.56617645716501 ], [ 42.159182029635907, 17.566219287877846 ], [ 42.159214153390465, 17.566258548998871 ], [ 42.159228430315274, 17.566315656302361 ], [ 42.159228430315274, 17.566401316795595 ], [ 42.159182029635907, 17.566454853619799 ], [ 42.15909279997873, 17.566422731698463 ], [ 42.159032124171183, 17.566401316795595 ], [ 42.158971446567001, 17.566426301276909 ], [ 42.158917909671011, 17.56646556235302 ], [ 42.158867940883333, 17.566494116402573 ], [ 42.158807265075787, 17.566533376607548 ], [ 42.158693050575614, 17.566586914249118 ], [ 42.158603820918444, 17.566615469135943 ], [ 42.158482469303344, 17.566640452731271 ], [ 42.158371823809802, 17.566661866749421 ], [ 42.158279024247683, 17.566704698203811 ], [ 42.158211210426892, 17.566797496798806 ], [ 42.158150533721027, 17.566829620366473 ], [ 42.158068442975413, 17.566836758650823 ], [ 42.157975643413309, 17.566854603932235 ], [ 42.157882843851198, 17.566883157063984 ], [ 42.157779338167529, 17.566936696314926 ], [ 42.157686538605418, 17.566979525991432 ], [ 42.157568756895252, 17.567022355657798 ], [ 42.157497372271195, 17.567050909619503 ], [ 42.15743669556533, 17.567093740125404 ], [ 42.157408141715713, 17.567129432348644 ], [ 42.157326050970106, 17.56714727674478 ], [ 42.157186851626939, 17.567168693272226 ], [ 42.157151160662387, 17.567186539377335 ], [ 42.157072638923403, 17.567193676791184 ], [ 42.156965563334794, 17.567143708893401 ], [ 42.156890609704121, 17.567083032285773 ], [ 42.156872763772682, 17.56701164867037 ], [ 42.156837071011495, 17.566965248577301 ], [ 42.156772827095644, 17.566975956423899 ], [ 42.156669321411975, 17.567000940825885 ], [ 42.156565813931678, 17.566983094702472 ], [ 42.156522982258934, 17.566893864915439 ], [ 42.156469443566316, 17.566836758650823 ], [ 42.156412336765385, 17.566822481225426 ], [ 42.156390921827324, 17.566904572766262 ], [ 42.156362368876025, 17.566990232980764 ], [ 42.156369507787581, 17.567079462720283 ], [ 42.156373077692521, 17.567165122852003 ], [ 42.156319538999902, 17.567232939413671 ], [ 42.156191047574922, 17.567193676791184 ], [ 42.156133941672316, 17.567086601851194 ], [ 42.156076834871392, 17.566954541586487 ], [ 42.156009019253958, 17.56684389607846 ], [ 42.155909080780283, 17.566808203798903 ], [ 42.155834128047921, 17.566758235794698 ], [ 42.155812714008185, 17.566761805366522 ], [ 42.155794867178436, 17.566811774226171 ], [ 42.155844835966114, 17.566893864915439 ], [ 42.155851974877677, 17.566979525991432 ], [ 42.155855544782611, 17.567111586237903 ], [ 42.155841267857809, 17.56722222986944 ], [ 42.155762745220507, 17.567200815917587 ], [ 42.155752038200632, 17.567079462720283 ], [ 42.155716346337762, 17.566972386856296 ], [ 42.155669945658389, 17.566936696314926 ], [ 42.155641392707089, 17.566947403306791 ], [ 42.155555732056541, 17.566908142335201 ], [ 42.15549505535067, 17.566865311785385 ], [ 42.155420101719997, 17.566876018781475 ], [ 42.155327303954515, 17.566858172645741 ], [ 42.155259488337087, 17.566861743072025 ], [ 42.155255920228782, 17.566925986753162 ], [ 42.155127428803802, 17.566972386856296 ], [ 42.15506675209793, 17.566876018781475 ], [ 42.15501678420857, 17.566751096650833 ], [ 42.154952537597765, 17.566654729314603 ], [ 42.154752664243681, 17.566501253843725 ], [ 42.154602757880639, 17.566472699795302 ], [ 42.154442143599418, 17.56652266873477 ], [ 42.154252976366884, 17.566597622118099 ], [ 42.154167315716336, 17.566651159740662 ], [ 42.153767566313221, 17.566751098363678 ], [ 42.153681905662673, 17.56679036022576 ], [ 42.153560554047573, 17.566865312641806 ], [ 42.153489170321834, 17.566965250290146 ], [ 42.153371386815039, 17.567068756592651 ], [ 42.153217912343699, 17.567225801144957 ], [ 42.153146527719642, 17.567350722947928 ], [ 42.153110835856772, 17.5675327507277 ], [ 42.153221481350322, 17.567786164231702 ], [ 42.153210773432129, 17.567900377856606 ], [ 42.153160803746133, 17.568050284307468 ], [ 42.153060867069094, 17.568185913316331 ], [ 42.152957361385432, 17.568275143322733 ], [ 42.152885976761368, 17.568339389071379 ], [ 42.152778901172766, 17.568407202623767 ], [ 42.152707517447034, 17.568521416713132 ], [ 42.15271822536522, 17.568610647410516 ], [ 42.152771763159521, 17.568682031251619 ], [ 42.152868130829944, 17.568699877207489 ], [ 42.153025176104542, 17.568699877207489 ], [ 42.153189359392385, 17.568692738996635 ], [ 42.153417786596101, 17.568696306817483 ], [ 42.153521293178073, 17.568774828832687 ], [ 42.153310711007485, 17.568849782996082 ], [ 42.153200066412261, 17.568896182605968 ], [ 42.153171512562643, 17.568963996806112 ], [ 42.153225050356944, 17.569035381364241 ], [ 42.153282157157875, 17.569113903232317 ], [ 42.153349971876985, 17.569171009634783 ], [ 42.153382093834921, 17.569203132781141 ], [ 42.153392802651418, 17.569285224098483 ], [ 42.153353540883607, 17.569306638660088 ], [ 42.153267880233066, 17.569299501329578 ], [ 42.153114405761713, 17.569210271828268 ], [ 42.153010899179733, 17.56910319636863 ], [ 42.15284671589189, 17.568935443146255 ], [ 42.152636133721295, 17.568824798849342 ], [ 42.1525183502145, 17.56887476713937 ], [ 42.152429120557336, 17.568946150876286 ], [ 42.15236130583822, 17.569063934151909 ], [ 42.152293491119103, 17.569163872298926 ], [ 42.152168569599063, 17.569260240011861 ], [ 42.152061494010461, 17.569353039009243 ], [ 42.151975833359913, 17.569431561595891 ], [ 42.151829496901819, 17.569445837959034 ], [ 42.151658174702398, 17.569424423413899 ], [ 42.151508270135999, 17.569367316234992 ], [ 42.151383346819323, 17.56934589996774 ], [ 42.151322671011769, 17.569360177194053 ], [ 42.151261995204223, 17.569492237416085 ], [ 42.151204888403299, 17.569599312645526 ], [ 42.151079966883259, 17.569770634764939 ], [ 42.151001444245956, 17.569824172305214 ], [ 42.150962183376464, 17.569884848850162 ], [ 42.150915783595401, 17.569974078875234 ], [ 42.150869383814353, 17.570013339181664 ], [ 42.150851537882922, 17.570013339181664 ], [ 42.150751601205876, 17.570034755369921 ], [ 42.150612401862702, 17.570020478196835 ], [ 42.150533880123731, 17.569995493355322 ], [ 42.150483911336046, 17.570049031685471 ], [ 42.150519603198916, 17.570138260773174 ], [ 42.150590986924655, 17.570238199183258 ], [ 42.15066237065038, 17.570334566324046 ], [ 42.15086224490279, 17.570445212267028 ], [ 42.150983598314525, 17.570513025886655 ], [ 42.151154919615621, 17.570595118322547 ], [ 42.151347654956453, 17.570677209008387 ], [ 42.151511838244303, 17.570702192899358 ], [ 42.151765251189325, 17.570712901381242 ], [ 42.15193300258548, 17.570570132703978 ], [ 42.152111462798139, 17.570384535053577 ], [ 42.152168569599063, 17.570284597580724 ], [ 42.152268507174419, 17.570248905979785 ], [ 42.152382720776274, 17.570252474626354 ], [ 42.152432689563959, 17.570273889929901 ], [ 42.152350597920034, 17.570438073268619 ], [ 42.15227564608599, 17.570602255601948 ], [ 42.152079339941899, 17.570841391981137 ], [ 42.151800943052194, 17.571176895592846 ], [ 42.151511838244303, 17.571394616044188 ], [ 42.151258425299289, 17.571505262195338 ], [ 42.150969321389717, 17.571594491421308 ], [ 42.150748031300935, 17.571615905709621 ], [ 42.150566002081653, 17.571583783848002 ], [ 42.150391111773935, 17.571601628661295 ], [ 42.150230498391025, 17.571680151984939 ], [ 42.150023485227067, 17.571730121199263 ], [ 42.149873578864025, 17.571830057873704 ], [ 42.149630874735507, 17.572033502237623 ], [ 42.149338200920994, 17.572344020834365 ], [ 42.149066942044541, 17.572811584597421 ], [ 42.148809961889533, 17.573114967247893 ], [ 42.148815512579667, 17.573207051749552 ], [ 42.148714385634875, 17.573355769413908 ], [ 42.148607310046266, 17.573468793421089 ], [ 42.148440748917857, 17.57351043288045 ], [ 42.148262288705212, 17.573540176201949 ], [ 42.148113572609915, 17.573623456791008 ], [ 42.147952959227013, 17.573671047272267 ], [ 42.147816140419344, 17.573688892736072 ], [ 42.147726909863863, 17.573676995760394 ], [ 42.147578193768574, 17.573641303115895 ], [ 42.147477066823782, 17.573623456791008 ], [ 42.147322401186365, 17.573629406137094 ], [ 42.147161787803455, 17.57375432780108 ], [ 42.147013070809855, 17.573867352415647 ], [ 42.146941687982434, 17.573974427625053 ], [ 42.146864354714573, 17.57399822324928 ], [ 42.146691844044035, 17.57399822324928 ], [ 42.146590717099237, 17.573962529811769 ], [ 42.146477692866824, 17.573903044159156 ], [ 42.146364667736094, 17.573861403077387 ], [ 42.146239747114372, 17.573861403077387 ], [ 42.146168363388632, 17.573908992639659 ], [ 42.14600775000573, 17.57399822324928 ], [ 42.145912570806424, 17.574081503627475 ], [ 42.145793597930194, 17.574129093131848 ], [ 42.145632983648973, 17.574129093131848 ], [ 42.145531856704174, 17.57412314637136 ], [ 42.145395037896513, 17.574135043317693 ], [ 42.145287962307904, 17.574164785680107 ], [ 42.145121400281184, 17.574236169899109 ], [ 42.144996477862826, 17.574361091144105 ], [ 42.144948888712335, 17.574444373068019 ], [ 42.144883453630413, 17.57456929416924 ], [ 42.144800171718742, 17.574604985774258 ], [ 42.144669301554885, 17.574646626684867 ], [ 42.144597918727463, 17.574718009857346 ], [ 42.144532483645548, 17.574854830237751 ], [ 42.144496791782672, 17.574920264024634 ], [ 42.144508689070292, 17.574979751055519 ], [ 42.144562226864601, 17.57503328876712 ], [ 42.144544380933162, 17.575104672643398 ], [ 42.14439566483788, 17.5751760573479 ], [ 42.14427669196165, 17.575259338040233 ], [ 42.144229101912842, 17.575330721827314 ], [ 42.144223154167342, 17.575437797026918 ], [ 42.144139872255671, 17.575497283887614 ], [ 42.144098231748984, 17.575556769872357 ], [ 42.14407443807206, 17.575645999669177 ], [ 42.144104181291119, 17.575770921653334 ], [ 42.144092283105181, 17.575848255368012 ], [ 42.144026848023252, 17.57586609976066 ], [ 42.14391382379084, 17.575836356821597 ], [ 42.143777004983171, 17.575848255368012 ], [ 42.143681825783879, 17.575889895136047 ], [ 42.143610442058133, 17.575979124768541 ], [ 42.143562852907635, 17.576068355213394 ], [ 42.14349146918191, 17.576080252031797 ], [ 42.143360599018067, 17.57613379027406 ], [ 42.143176191059901, 17.576163533164216 ], [ 42.143021526320808, 17.576181379238513 ], [ 42.142902553444578, 17.576187327644092 ], [ 42.142765732840282, 17.57613379027406 ], [ 42.142706248198799, 17.576050509127946 ], [ 42.142670555437611, 17.575937485021051 ], [ 42.142628914930931, 17.575824459987153 ], [ 42.142617017643317, 17.575711435739013 ], [ 42.1426110689995, 17.575604359845002 ], [ 42.142634862676424, 17.575467540031518 ], [ 42.142682452725239, 17.575378311003043 ], [ 42.142718144588109, 17.575265287332517 ], [ 42.142735989621229, 17.575152261878603 ], [ 42.142718144588109, 17.575015442579549 ], [ 42.142724093231919, 17.574878624033396 ], [ 42.142765732840282, 17.574753703145792 ], [ 42.142819272431211, 17.574652575997302 ], [ 42.142819272431211, 17.574563345710445 ], [ 42.142801425601469, 17.574474116235965 ], [ 42.142724093231919, 17.574378937396226 ], [ 42.142617017643317, 17.574265913101289 ], [ 42.142503993410891, 17.574206426692051 ], [ 42.142444506074469, 17.574158837208017 ], [ 42.142325533198239, 17.574010121060219 ], [ 42.142325533198239, 17.573891148053953 ], [ 42.142319584554429, 17.573682945104725 ], [ 42.142379071890858, 17.573415256102869 ], [ 42.142438558328969, 17.573278437202863 ], [ 42.14245640336209, 17.573153515210265 ], [ 42.142450454718279, 17.573022643765562 ], [ 42.142480198835649, 17.572927466731354 ], [ 42.142563478950699, 17.572784698088775 ], [ 42.142617017643317, 17.572635981667769 ], [ 42.142646759964052, 17.572499163891219 ], [ 42.142664604997172, 17.572380189891305 ], [ 42.142718143689791, 17.572320703718411 ], [ 42.14277763012791, 17.572213628386628 ], [ 42.142759784196471, 17.57211845007042 ], [ 42.142813321990779, 17.572112500674645 ], [ 42.142985832661303, 17.572154141302565 ], [ 42.143128601011092, 17.572029220246446 ], [ 42.143223779312081, 17.571939990378471 ], [ 42.143283264851881, 17.571856709014476 ], [ 42.143229727955884, 17.57175558195939 ], [ 42.143122652367282, 17.571666351956463 ], [ 42.142973935373682, 17.571583071322909 ], [ 42.14289660390245, 17.571523584031528 ], [ 42.14286091114127, 17.571422456790252 ], [ 42.142884705716511, 17.571321330348859 ], [ 42.142973935373682, 17.57130348379512 ], [ 42.143110755079668, 17.571357021738251 ], [ 42.143194035194703, 17.571470046137684 ], [ 42.143229727955884, 17.571583071322909 ], [ 42.143271367564253, 17.571654454847788 ], [ 42.143402237728111, 17.571678249064355 ], [ 42.143610441159822, 17.57162471121628 ], [ 42.143866233742031, 17.571440304188656 ], [ 42.144062539886121, 17.571327278914247 ], [ 42.144133922713543, 17.571220202994535 ], [ 42.144211255083093, 17.571095281293594 ], [ 42.144276691063332, 17.571012001253589 ], [ 42.144413509871001, 17.570904925147303 ], [ 42.144514636815792, 17.570821643306871 ], [ 42.144687146588005, 17.570637234604369 ], [ 42.144693097028451, 17.570512313357344 ], [ 42.144508688171982, 17.570399289216056 ], [ 42.144270742419522, 17.570304110801839 ], [ 42.144038744412562, 17.570345750989542 ], [ 42.143943566111574, 17.570310059400672 ], [ 42.143866233742031, 17.570208932337554 ], [ 42.143818643693223, 17.570089959400899 ], [ 42.143710776688849, 17.569947944727659 ], [ 42.143635823956487, 17.569865853710965 ], [ 42.143546594299316, 17.569794470336859 ], [ 42.143389468176345, 17.569751679864975 ], [ 42.143107584026708, 17.569705241079628 ], [ 42.142897001856127, 17.569694531681705 ], [ 42.142761373316212, 17.569673118022408 ], [ 42.142615035959793, 17.569665978993537 ], [ 42.14242943683557, 17.569715947907689 ], [ 42.14218316280212, 17.56983730104983 ], [ 42.141997566372844, 17.569944376075085 ], [ 42.141872643954486, 17.57000862208751 ], [ 42.14171916768651, 17.570058590907049 ], [ 42.141604954084656, 17.570094281689119 ], [ 42.141497877597736, 17.570104989350572 ], [ 42.141415786852129, 17.570104989350572 ], [ 42.141315850175083, 17.570080005377136 ], [ 42.141226619619594, 17.570080005377136 ], [ 42.141101698099554, 17.570112128362126 ], [ 42.141026745367192, 17.570154958143494 ], [ 42.140930376798465, 17.570258465190808 ], [ 42.14075548738905, 17.570358401821686 ], [ 42.140484420752074, 17.57054617990671 ], [ 42.140397346153271, 17.570592566235533 ], [ 42.140197471900869, 17.570728195051721 ], [ 42.139826276347371, 17.570956622797638 ], [ 42.139658524052898, 17.571049421781431 ], [ 42.139587140327158, 17.571095821683681 ], [ 42.139399986219182, 17.571264520083666 ], [ 42.139317893676939, 17.571389441667773 ], [ 42.139264355882638, 17.57150365558757 ], [ 42.139207249081714, 17.571646424384628 ], [ 42.139205235957157, 17.571756122347498 ], [ 42.13915279500582, 17.571900160984853 ], [ 42.139060911725302, 17.571953374176356 ], [ 42.139025219862432, 17.571996205234683 ], [ 42.138989528897874, 17.572031895634542 ], [ 42.138953836136693, 17.572035466815141 ], [ 42.138953836136693, 17.571981929072766 ], [ 42.138957406041634, 17.57192839131455 ], [ 42.138903867349015, 17.57191411429088 ], [ 42.138850329554714, 17.571942668337083 ], [ 42.138778945828975, 17.572014050863693 ], [ 42.138561225645134, 17.572224633948924 ], [ 42.13850054893927, 17.572317433138746 ], [ 42.13846842608303, 17.572378108847595 ], [ 42.138439874030034, 17.572431647329132 ], [ 42.138407751173794, 17.572492322999675 ], [ 42.138400613160542, 17.572549430048678 ], [ 42.13841489008535, 17.572581552595246 ], [ 42.138493410926024, 17.572602967623123 ], [ 42.138557656638518, 17.572602967623123 ], [ 42.138593349399699, 17.572599399022916 ], [ 42.138621903249323, 17.572627952960964 ], [ 42.138614764337753, 17.572688629422071 ], [ 42.138614764337753, 17.572727889995871 ], [ 42.138632610269191, 17.572774290324066 ], [ 42.138625471357628, 17.572856380877571 ], [ 42.138589780393069, 17.572902780316415 ], [ 42.138554087631888, 17.572913486955265 ], [ 42.138496980830965, 17.572870656970487 ], [ 42.138457719961472, 17.572870656970487 ], [ 42.138407751173794, 17.572881365324029 ], [ 42.138322089624928, 17.572917057262067 ], [ 42.138275690742191, 17.572884933918672 ], [ 42.138190030091643, 17.572877795872916 ], [ 42.138082953604723, 17.572870656970487 ], [ 42.138015139783924, 17.572827826975573 ], [ 42.137993724845863, 17.572724319685339 ], [ 42.138043693633541, 17.572624382648463 ], [ 42.138107939346035, 17.572481616335899 ], [ 42.138239997981003, 17.572335278736077 ], [ 42.138372058412607, 17.572146110861585 ], [ 42.13859334760307, 17.57191411429088 ], [ 42.138732546047919, 17.571778484650853 ], [ 42.138782515733915, 17.571649993860035 ], [ 42.138864607377833, 17.57145012025703 ], [ 42.138953836136693, 17.571203844857774 ], [ 42.139146573274161, 17.570889757383096 ], [ 42.139485645971419, 17.570500713345488 ], [ 42.139831856681923, 17.570104532885448 ], [ 42.139917518230781, 17.569961766297389 ], [ 42.14001388590119, 17.569883243084416 ], [ 42.140117393381495, 17.569847551404312 ], [ 42.140178069189048, 17.569765460342072 ], [ 42.140181638195671, 17.56964410715176 ], [ 42.140074561708751, 17.569558447337045 ], [ 42.139917518230781, 17.56949063164685 ], [ 42.139849702613347, 17.569440664383293 ], [ 42.139867549443103, 17.569347863718029 ], [ 42.139910380217536, 17.569240788339798 ], [ 42.140035301737576, 17.569012360997053 ], [ 42.140199917115062, 17.568676886772121 ], [ 42.140227312137974, 17.568643402690082 ], [ 42.140593300157768, 17.56828876633174 ], [ 42.140712273932316, 17.568166818654483 ], [ 42.140756888760905, 17.568065692106451 ], [ 42.140724172118254, 17.567925899104846 ], [ 42.140676582069439, 17.567729592653844 ], [ 42.140688479357067, 17.567533287702741 ], [ 42.140777709014237, 17.567235854670546 ], [ 42.140801502691168, 17.567104984940713 ], [ 42.140944271939276, 17.566715347829032 ], [ 42.141054321849779, 17.566510118692548 ], [ 42.141131654219343, 17.566319762861561 ], [ 42.141170318607479, 17.566108586252611 ], [ 42.141188165437228, 17.565882535824347 ], [ 42.141167345183881, 17.565778435338963 ], [ 42.141110832169367, 17.565638642283496 ], [ 42.141027552054325, 17.565439362397903 ], [ 42.141012678648167, 17.56518951863649 ], [ 42.141048372307658, 17.564918853815602 ], [ 42.141158422218176, 17.564561936327859 ], [ 42.141324984244889, 17.563949223863428 ], [ 42.141402316614446, 17.563651790936504 ], [ 42.141449905764929, 17.563428716991137 ], [ 42.141536161100191, 17.563250258150784 ], [ 42.141589698894499, 17.563086670369049 ], [ 42.141649185332611, 17.562982568275714 ], [ 42.141726517702168, 17.56287549341387 ], [ 42.14176518478525, 17.56270595730135 ], [ 42.141812773935747, 17.562488830189896 ], [ 42.142003131436027, 17.562143808214806 ], [ 42.142258922221608, 17.56179581199935 ], [ 42.142669380441227, 17.561450791272843 ], [ 42.142999530172759, 17.561200947145071 ], [ 42.143249373212839, 17.5610522306261 ], [ 42.143404037951939, 17.560989768846635 ], [ 42.143543831081502, 17.560915411800359 ], [ 42.143576550419098, 17.56086484779242 ], [ 42.143520037404578, 17.560852950830146 ], [ 42.143430806849082, 17.56086484779242 ], [ 42.143374294732872, 17.560838079412097 ], [ 42.143344550615502, 17.560790489838382 ], [ 42.14333860287001, 17.560722080767768 ], [ 42.143404037951939, 17.560662594188788 ], [ 42.143555287296323, 17.560543532757571 ], [ 42.143734187683478, 17.560501980242265 ], [ 42.14387695603326, 17.560493057716862 ], [ 42.14397510865615, 17.560478186269254 ], [ 42.143992954587581, 17.560448441657456 ], [ 42.143972134334241, 17.560394904769726 ], [ 42.143924546082069, 17.560356237612108 ], [ 42.143838289848489, 17.560353264005599 ], [ 42.143713368328449, 17.560374085245314 ], [ 42.143552510603776, 17.560406092618809 ], [ 42.143452573028419, 17.560441785304274 ], [ 42.143366913276189, 17.560491754195649 ], [ 42.143299097658762, 17.560495323034591 ], [ 42.143170607132099, 17.560445354144203 ], [ 42.143127426014701, 17.560293778161892 ], [ 42.143151220589949, 17.560216444651655 ], [ 42.143296963261641, 17.560020139260708 ], [ 42.143618189129143, 17.559669168771347 ], [ 42.144065692074456, 17.559221698696128 ], [ 42.144147619326674, 17.559154609692811 ], [ 42.144486692023932, 17.558880973352302 ], [ 42.144724637776392, 17.558681692879503 ], [ 42.144897149345233, 17.5585359496406 ], [ 42.145099403234831, 17.558336671357466 ], [ 42.145319503055852, 17.55820282583451 ], [ 42.14542360522087, 17.558089801715017 ], [ 42.145509859657814, 17.557982725672463 ], [ 42.145605038857113, 17.557893495731385 ], [ 42.145738883342865, 17.55783400993603 ], [ 42.145965283048987, 17.557729199094567 ], [ 42.146100911588896, 17.557697075624951 ], [ 42.146236541925433, 17.55768280004812 ], [ 42.146354325432227, 17.557679231153738 ], [ 42.146604167573997, 17.557711352913582 ], [ 42.146720411368385, 17.557759650737314 ], [ 42.146765026196967, 17.557741806272269 ], [ 42.146770974840784, 17.557712062923891 ], [ 42.146818563991282, 17.557670422399244 ], [ 42.146895896360824, 17.557613910182159 ], [ 42.146955381900618, 17.557572268778472 ], [ 42.146997024203941, 17.557545499911384 ], [ 42.146967280984875, 17.557500885695077 ], [ 42.146907793648445, 17.557459244265406 ], [ 42.146895896360824, 17.557426527216037 ], [ 42.146910767970361, 17.557396783815875 ], [ 42.147001089080597, 17.557403348638982 ], [ 42.147036040731678, 17.55742581806108 ], [ 42.147064593682977, 17.557475786071834 ], [ 42.147103854552469, 17.557497202030536 ], [ 42.147182378088083, 17.557518617130235 ], [ 42.147253760915504, 17.5574864953362 ], [ 42.147303729703182, 17.557461509621092 ], [ 42.147353699389186, 17.557443664270203 ], [ 42.147385821347115, 17.557443664270203 ], [ 42.147471481997663, 17.55747935582669 ], [ 42.147532157805209, 17.557536463330209 ], [ 42.147574987681324, 17.557597138855318 ], [ 42.147628527272254, 17.557622123695246 ], [ 42.147690041207973, 17.557631756372739 ], [ 42.147713836681532, 17.557569294269779 ], [ 42.147725733969153, 17.557518731040336 ], [ 42.147695989851776, 17.557474115960972 ], [ 42.147657323667012, 17.557408681005231 ], [ 42.1475499776855, 17.55737354099994 ], [ 42.147521450785341, 17.557347296261714 ], [ 42.147442928148031, 17.557308034921029 ], [ 42.147328713647866, 17.557240219780113 ], [ 42.147461018421232, 17.557197504279095 ], [ 42.147606761092923, 17.557158837295145 ], [ 42.147749527646077, 17.557129093851014 ], [ 42.147838758201573, 17.557143965573694 ], [ 42.147939909400883, 17.557197510274378 ], [ 42.147969628365423, 17.557295657246531 ], [ 42.148029114803535, 17.557292682733291 ], [ 42.148154037221893, 17.557271861995712 ], [ 42.148252189844776, 17.557227246855529 ], [ 42.148278957843615, 17.557167759984843 ], [ 42.148335469959825, 17.557155862779659 ], [ 42.148389007754133, 17.557164786325973 ], [ 42.148415776651284, 17.557203453308656 ], [ 42.148488700987734, 17.557215349654246 ], [ 42.148519877917977, 17.557242117713677 ], [ 42.148547155261589, 17.557310836427504 ], [ 42.148610899714143, 17.557322971720563 ], [ 42.148686440843015, 17.557343245169385 ], [ 42.148689415164917, 17.557230219656901 ], [ 42.148677517877303, 17.55713206836694 ], [ 42.148641826014433, 17.557048786184865 ], [ 42.148609107575155, 17.556986325593758 ], [ 42.148564493644876, 17.556897096018169 ], [ 42.148481211733205, 17.556849507121601 ], [ 42.148386034330542, 17.556816789962074 ], [ 42.148253134872455, 17.556851178094693 ], [ 42.148046121708504, 17.556890438677961 ], [ 42.147831971429603, 17.556929700109187 ], [ 42.147610681340822, 17.55696539176698 ], [ 42.147278744860188, 17.557090313798557 ], [ 42.147011055888676, 17.557147421424759 ], [ 42.146739797910534, 17.557204528176484 ], [ 42.146207988075822, 17.557300896260948 ], [ 42.146040190865577, 17.557352353703486 ], [ 42.145919364764914, 17.557321949097972 ], [ 42.145944349607916, 17.557254134818738 ], [ 42.146094255970958, 17.557129213756639 ], [ 42.146286992210108, 17.557007860659578 ], [ 42.14646902142939, 17.556911492419172 ], [ 42.146818802044827, 17.556643802593417 ], [ 42.147150736728832, 17.556440358917673 ], [ 42.147853866966337, 17.555997779039082 ], [ 42.148367830869624, 17.555637292159442 ], [ 42.148803273033927, 17.555383878778848 ], [ 42.149110222874931, 17.55519827926166 ], [ 42.149228006381726, 17.55515901916803 ], [ 42.149306046623714, 17.555130827333947 ], [ 42.149384569261017, 17.555170088290165 ], [ 42.149513542182994, 17.555233972117168 ], [ 42.149592063023661, 17.555262525368729 ], [ 42.149659878641089, 17.555255386628019 ], [ 42.149684862585772, 17.555212556747296 ], [ 42.149674154667579, 17.555173294943806 ], [ 42.149677723674202, 17.555148310622503 ], [ 42.149724122556947, 17.55510548071646 ], [ 42.149813353112428, 17.55510548071646 ], [ 42.149963258577152, 17.555141171877295 ], [ 42.150059628044204, 17.55519827926166 ], [ 42.150091750002133, 17.555205418004622 ], [ 42.150155995714627, 17.55519827926166 ], [ 42.150202396393986, 17.555180433687749 ], [ 42.150205965400616, 17.555123327154234 ], [ 42.150205965400616, 17.5550840653314 ], [ 42.150155995714627, 17.555044805213011 ], [ 42.150070335064079, 17.555034096660734 ], [ 42.149952551557284, 17.555023388964297 ], [ 42.149806215099183, 17.554998404622314 ], [ 42.149709847428767, 17.554959143628881 ], [ 42.149684862585772, 17.554919882626933 ], [ 42.14969556960564, 17.554873483717191 ], [ 42.149752677304882, 17.554834221840196 ], [ 42.149877598824922, 17.554780685005571 ], [ 42.149995382331717, 17.55474142310846 ], [ 42.150141718789811, 17.554705731012366 ], [ 42.150338024933902, 17.554680746626566 ], [ 42.150456675314949, 17.55468049139543 ], [ 42.150487448901636, 17.554698955397335 ], [ 42.150551693715812, 17.554734645781799 ], [ 42.150601663401801, 17.554734645781799 ], [ 42.15071635939897, 17.554812807279543 ], [ 42.15074491235027, 17.554812807279543 ], [ 42.150759189275078, 17.554787822908512 ], [ 42.15079845014457, 17.55475570063011 ], [ 42.150887679801748, 17.554737854156109 ], [ 42.150898387719934, 17.554723578346014 ], [ 42.150880541788496, 17.554652194139759 ], [ 42.150869834768621, 17.554616502026086 ], [ 42.150823434987572, 17.554587947816191 ], [ 42.150694942664273, 17.554577240949857 ], [ 42.150505087322244, 17.554566223180345 ], [ 42.150390872822072, 17.554554802007647 ], [ 42.150316634250359, 17.554547187892112 ], [ 42.150227165641326, 17.554549090992786 ], [ 42.150149120009445, 17.554549090992786 ], [ 42.150093915840287, 17.554547187892112 ], [ 42.150038712569447, 17.554520537628747 ], [ 42.150048230219873, 17.554491984260203 ], [ 42.150078686701271, 17.554446298689879 ], [ 42.150145312050945, 17.554423456328635 ], [ 42.150234779761675, 17.554410131188337 ], [ 42.150329958062649, 17.554417745309632 ], [ 42.150377547213139, 17.554385384863682 ], [ 42.150400389574187, 17.554328278079481 ], [ 42.150455593743345, 17.55427878540441 ], [ 42.150539350863802, 17.554252135101553 ], [ 42.150621203555865, 17.554248327180982 ], [ 42.150670697134757, 17.554248327180982 ], [ 42.15073541805603, 17.554229291859343 ], [ 42.150783008104845, 17.554200739301365 ], [ 42.150832499887102, 17.554179799157222 ], [ 42.150906740255444, 17.554164570894308 ], [ 42.150960039097882, 17.554168377960153 ], [ 42.151007629146683, 17.554196931379714 ], [ 42.15103047060942, 17.554208351718497 ], [ 42.151051411237006, 17.554204546366453 ], [ 42.151095193327322, 17.554174088130537 ], [ 42.151199889278736, 17.554130307298063 ], [ 42.151302681700074, 17.554094138876941 ], [ 42.15139405294088, 17.554078909750341 ], [ 42.151525400110152, 17.554067489403398 ], [ 42.151580603380992, 17.554101753011523 ], [ 42.151609156332292, 17.554101753011523 ], [ 42.151616771350952, 17.554073199576958 ], [ 42.15166626313323, 17.554069391652622 ], [ 42.151765249392689, 17.554057969592115 ], [ 42.151820452663529, 17.554050357168659 ], [ 42.151871848874201, 17.554061778373168 ], [ 42.151873752404285, 17.554086523885562 ], [ 42.151866139182253, 17.554143630745983 ], [ 42.151896594765333, 17.554164570894308 ], [ 42.151913727434426, 17.554139823679613 ], [ 42.151953703362885, 17.554118885241397 ], [ 42.152045073705388, 17.554136016613164 ], [ 42.152092662855878, 17.554160762971893 ], [ 42.152138349374596, 17.554179799157222 ], [ 42.152157383777151, 17.554162666933109 ], [ 42.152163095265728, 17.554120788346566 ], [ 42.152201166765785, 17.554090331809533 ], [ 42.152263984156974, 17.554078909750341 ], [ 42.152379120328618, 17.554088623125711 ], [ 42.152468349985796, 17.554117175701354 ], [ 42.152557579642959, 17.554142161021385 ], [ 42.152637083240556, 17.554252135101553 ], [ 42.15267705827069, 17.55429210969789 ], [ 42.152745587150463, 17.554330181182454 ], [ 42.152777948060262, 17.554311145012932 ], [ 42.152838861921353, 17.554235002884283 ], [ 42.152873127259554, 17.554141727641049 ], [ 42.152865512240886, 17.554090331809533 ], [ 42.152816018661994, 17.554042742175437 ], [ 42.152737973030113, 17.553985635283205 ], [ 42.152675154740614, 17.553938045621599 ], [ 42.152627565590116, 17.553898070947117 ], [ 42.152576169379451, 17.553865710408314 ], [ 42.152507639601367, 17.553810507425183 ], [ 42.152364528993459, 17.553747333978439 ], [ 42.152269693848915, 17.553717231963343 ], [ 42.152263983258656, 17.55368296828248 ], [ 42.152297027786382, 17.553671027167631 ], [ 42.152336288655867, 17.553649613325934 ], [ 42.152496902038784, 17.553638904691159 ], [ 42.152643239395196, 17.553660320247097 ], [ 42.15276816091523, 17.553706720324112 ], [ 42.152853821565785, 17.553763827304277 ], [ 42.152964467059327, 17.553835210147689 ], [ 42.153053697614816, 17.55393157916853 ], [ 42.15311080531405, 17.554038655036891 ], [ 42.153126385694343, 17.554068519752711 ], [ 42.153191023072296, 17.554174088130537 ], [ 42.153203183566298, 17.554251469614762 ], [ 42.153251936035076, 17.55432066309794 ], [ 42.153286199576648, 17.554333989101302 ], [ 42.153331886095366, 17.55429210969789 ], [ 42.153356632884815, 17.55421215963991 ], [ 42.153318562283083, 17.554118885241397 ], [ 42.153286199576648, 17.554044646137896 ], [ 42.153265261644009, 17.553989442352815 ], [ 42.153250031606689, 17.553917107160053 ], [ 42.153303332245748, 17.553852385226989 ], [ 42.153409931727253, 17.553789568092412 ], [ 42.153453713817576, 17.553806700351814 ], [ 42.153474652648526, 17.553852385226989 ], [ 42.153533662979541, 17.553844771081927 ], [ 42.153596482167359, 17.553827638826125 ], [ 42.153653588968297, 17.553831445899053 ], [ 42.153676432227648, 17.553888553696385 ], [ 42.153706887810721, 17.553888553696385 ], [ 42.15376589904006, 17.553865710408314 ], [ 42.153872499419876, 17.553896166983122 ], [ 42.154060951593436, 17.55393994958516 ], [ 42.154188490804216, 17.553958984937211 ], [ 42.154361715635396, 17.553962792863864 ], [ 42.154557782827624, 17.553974214073893 ], [ 42.154742429737645, 17.553993249422344 ], [ 42.154892484322701, 17.554043483890009 ], [ 42.155139948623912, 17.554143420907682 ], [ 42.155311269925008, 17.554257636287605 ], [ 42.155501625628659, 17.55437660935176 ], [ 42.155649153252824, 17.554490822871671 ], [ 42.155896616655717, 17.554566965749256 ], [ 42.156015590430265, 17.554619312995484 ], [ 42.156086974156004, 17.554643107738347 ], [ 42.156224983231418, 17.554714491948179 ], [ 42.156296366058839, 17.554733527218829 ], [ 42.156424856585495, 17.554790634731727 ], [ 42.15653431270961, 17.554814428595602 ], [ 42.156629491010591, 17.554890572193617 ], [ 42.156734186962012, 17.554957195995609 ], [ 42.156815089236495, 17.555014302581505 ], [ 42.156853159838242, 17.555085688357988 ], [ 42.156900748988733, 17.555161830129013 ], [ 42.156967375236725, 17.555218938363339 ], [ 42.157086348112955, 17.555247490760799 ], [ 42.157195803338745, 17.555318874732418 ], [ 42.157271945440542, 17.555433089371075 ], [ 42.157352847715032, 17.555604410337533 ], [ 42.15744326584332, 17.555766213133388 ], [ 42.157543204316994, 17.555894704065317 ], [ 42.157652658644473, 17.556066024595097 ], [ 42.157733560918963, 17.556099337995899 ], [ 42.157738319295021, 17.556027954331903 ], [ 42.157776390795078, 17.555908980639575 ], [ 42.157857293069569, 17.555780489717772 ], [ 42.15789060529525, 17.555647240125587 ], [ 42.157942953720109, 17.555523507600686 ], [ 42.157895363671301, 17.555480677783368 ], [ 42.157781150069454, 17.555428329929622 ], [ 42.157695489418899, 17.555352187414172 ], [ 42.157628864967542, 17.555252249350524 ], [ 42.157543204316994, 17.555166588720983 ], [ 42.157438508365573, 17.555104722733148 ], [ 42.157300499290159, 17.55503333867712 ], [ 42.157210079365242, 17.554919124642847 ], [ 42.15715773183868, 17.554790634731727 ], [ 42.15711966033863, 17.554657385267749 ], [ 42.157162490214752, 17.554566964892775 ], [ 42.157262427790116, 17.554514616774938 ], [ 42.157319534591039, 17.554552688212723 ], [ 42.157371883015898, 17.554576482964343 ], [ 42.157400435967212, 17.554500340090762 ], [ 42.15744802601602, 17.554486063405459 ], [ 42.15752416811781, 17.554495582337758 ], [ 42.157685971768473, 17.554557446820709 ], [ 42.157881087644817, 17.554624071601712 ], [ 42.158095238822021, 17.554690697214696 ], [ 42.158261800848742, 17.554728768615472 ], [ 42.158409327574596, 17.554771598610603 ], [ 42.158480712198646, 17.55482394579769 ], [ 42.158566371950876, 17.554881053282081 ], [ 42.158671067902297, 17.554919124642847 ], [ 42.158766247101589, 17.555009544842004 ], [ 42.158870943951328, 17.555047616175759 ], [ 42.158956603703565, 17.555057133365594 ], [ 42.159056541278929, 17.555109482183106 ], [ 42.159165997403029, 17.555195142839651 ], [ 42.159199308730393, 17.555299838666812 ], [ 42.159213584756891, 17.555414053317474 ], [ 42.159232620956082, 17.555518749018084 ], [ 42.159251657155259, 17.555728141950688 ], [ 42.15934207708019, 17.555794766301037 ], [ 42.159384906956298, 17.555709105928102 ], [ 42.159432496106788, 17.555609168917883 ], [ 42.159508639106903, 17.555480677783368 ], [ 42.159589541381401, 17.555390258675899 ], [ 42.159698994810562, 17.555390258675899 ], [ 42.159775137810669, 17.555461641734773 ], [ 42.159827487133853, 17.555575856283394 ], [ 42.159879834660408, 17.555632962674217 ], [ 42.159998808434949, 17.555675794168472 ], [ 42.160098745111988, 17.555747177971273 ], [ 42.160160611187294, 17.5558328383262 ], [ 42.160260547864333, 17.5558328383262 ], [ 42.160408074590187, 17.555813802314621 ], [ 42.160517529815969, 17.555766213133388 ], [ 42.160598432090467, 17.555704348206856 ], [ 42.160636502692206, 17.555523507600686 ], [ 42.160707887316264, 17.555404535289927 ], [ 42.160745957918003, 17.555333152208544 ], [ 42.160826860192493, 17.555371222617797 ], [ 42.160907760670348, 17.555442605684171 ], [ 42.160993423117525, 17.555566339120823 ], [ 42.161055288294513, 17.555528267896108 ], [ 42.161055288294513, 17.555437847955925 ], [ 42.161069565219329, 17.555375982060749 ], [ 42.161183779719487, 17.555342669383371 ], [ 42.161207574294735, 17.555347427970595 ], [ 42.161321787896583, 17.555471159759321 ], [ 42.161412206923202, 17.555609168917883 ], [ 42.161554976171303, 17.555756695124344 ], [ 42.16164063592354, 17.555823321177137 ], [ 42.161721537299705, 17.555818561745944 ], [ 42.16175960879977, 17.555647240125587 ], [ 42.161735814224514, 17.555547303081227 ], [ 42.16167870742359, 17.555447365981724 ], [ 42.161783403375004, 17.555418811902825 ], [ 42.161907136423935, 17.555471159759321 ], [ 42.162030866777904, 17.55554254364278 ], [ 42.162216465902119, 17.555637722110294 ], [ 42.162306884928725, 17.555671034733404 ], [ 42.162406823402414, 17.555651998704811 ], [ 42.162478206229828, 17.555604410337533 ], [ 42.162378268654479, 17.555418811902825 ], [ 42.16228309035349, 17.555257008796602 ], [ 42.162221224278184, 17.555152312088207 ], [ 42.16224025957905, 17.555114240776458 ], [ 42.162330680402292, 17.555147552639372 ], [ 42.162449653278522, 17.555199902287228 ], [ 42.162563866880376, 17.555247490760799 ], [ 42.162654285906981, 17.555276044866709 ], [ 42.162716151982288, 17.555290320633258 ], [ 42.162782777331969, 17.555347427970595 ], [ 42.1628684370842, 17.555404533576972 ], [ 42.162968374659556, 17.55545688229407 ], [ 42.163211079686384, 17.555533024765509 ], [ 42.163220598235135, 17.555475918343166 ], [ 42.16310638373497, 17.555337909083065 ], [ 42.163006446159613, 17.555266525118945 ], [ 42.162792294982395, 17.555171348169313 ], [ 42.162454411654579, 17.555000026793198 ], [ 42.162187912052502, 17.554862018026935 ], [ 42.16203562605228, 17.554762081405769 ], [ 42.16209749302589, 17.55474304528164 ], [ 42.162306884928725, 17.554752563343957 ], [ 42.162601939278744, 17.554776358069311 ], [ 42.162854161057695, 17.5548762946826 ], [ 42.163035000009231, 17.554928641839428 ], [ 42.163163491434204, 17.55499050788741 ], [ 42.163211079686384, 17.554923884097679 ], [ 42.163396677912289, 17.554957195139128 ], [ 42.163539446262085, 17.554995267340363 ], [ 42.163639382939124, 17.55503809812895 ], [ 42.16381070513853, 17.555204659165252 ], [ 42.164020097041366, 17.555366463174721 ], [ 42.164124792992794, 17.555418811046348 ], [ 42.164253284417768, 17.555423569631568 ], [ 42.164367498019622, 17.555437847099448 ], [ 42.164472194869347, 17.555480676926891 ], [ 42.164553096245527, 17.555471158902844 ], [ 42.164538819320718, 17.555385498376847 ], [ 42.164476953245419, 17.555285561188054 ], [ 42.164286595745139, 17.555185623944119 ], [ 42.163905883439519, 17.55499050788741 ], [ 42.163663178412683, 17.554838221599876 ], [ 42.163406195562729, 17.554757321090207 ], [ 42.163101625358905, 17.554676418831434 ], [ 42.162335438778349, 17.554566964892775 ], [ 42.16178816264938, 17.554509858165829 ], [ 42.161136189670678, 17.554395642944954 ], [ 42.16056987824085, 17.554333778406743 ], [ 42.16014157498811, 17.5543290189364 ], [ 42.159694237332815, 17.55430998276676 ], [ 42.159270691557822, 17.554267152662465 ], [ 42.158575889601316, 17.554200527750165 ], [ 42.157562238719549, 17.554167215713065 ], [ 42.156805570687744, 17.554138662288821 ], [ 42.156248776908342, 17.554081555426833 ], [ 42.155687222956246, 17.553986376998015 ], [ 42.155220849101774, 17.553910233876351 ], [ 42.155049527800671, 17.553857887281666 ], [ 42.154806822773843, 17.553796019990322 ], [ 42.154625983822307, 17.553734154390813 ], [ 42.154472111397297, 17.553663137226732 ], [ 42.154316030014996, 17.553528778640676 ], [ 42.154217044653841, 17.553504032195598 ], [ 42.154074277202362, 17.553481188859035 ], [ 42.153981002431465, 17.55345454015179 ], [ 42.1538667879313, 17.55343931097141 ], [ 42.153731634600163, 17.553420274708259 ], [ 42.15345561734766, 17.553380299919507 ], [ 42.15324241838465, 17.553336518038673 ], [ 42.153109167685294, 17.553317481764719 ], [ 42.152886672955724, 17.553322050265091 ], [ 42.152728835367036, 17.553275608978165 ], [ 42.152535348136304, 17.553258995699682 ], [ 42.152052343770976, 17.553319372031012 ], [ 42.151756682159828, 17.553462026696831 ], [ 42.151452111057694, 17.553614311572012 ], [ 42.151104710079444, 17.55374756180338 ], [ 42.150828692826934, 17.553814186882303 ], [ 42.150628818574532, 17.553861775719959 ], [ 42.150419425773372, 17.553937918861994 ], [ 42.150290936145026, 17.554009303349762 ], [ 42.149962569569333, 17.554218696314535 ], [ 42.149491436440478, 17.554485194933477 ], [ 42.149144034563903, 17.55475169487325 ], [ 42.148553927660508, 17.555160963373218 ], [ 42.147888340713685, 17.555609055006578 ], [ 42.14785695537428, 17.555634083801067 ], [ 42.14726803784032, 17.556044540805708 ], [ 42.146596787015625, 17.55644842003198 ], [ 42.146272233788309, 17.556608473159564 ], [ 42.14572251603839, 17.557110680628529 ], [ 42.144926649120855, 17.557711352913582 ], [ 42.144175909071613, 17.558426794370668 ], [ 42.144112056821207, 17.558481913726293 ], [ 42.143707950588968, 17.558858389345048 ], [ 42.142892210242394, 17.559695824272218 ], [ 42.142490685768273, 17.560081554786954 ], [ 42.142381815345736, 17.560206217732457 ], [ 42.141803606628265, 17.560827257294392 ], [ 42.14135388933579, 17.561344790348254 ], [ 42.141061214622958, 17.561655310155608 ], [ 42.140626147056132, 17.562063002608724 ], [ 42.140354515378839, 17.562308473398986 ], [ 42.139994025946898, 17.562715361038272 ], [ 42.139647815236394, 17.563332830917844 ], [ 42.139483631948551, 17.563661197193603 ], [ 42.139305172634202, 17.564064515593156 ], [ 42.139208804963786, 17.564528509721992 ], [ 42.139137420339736, 17.565363700267469 ], [ 42.1391052983818, 17.565816988289949 ], [ 42.139051760587506, 17.566627195291154 ], [ 42.138969669841899, 17.567383862988216 ], [ 42.138805486554048, 17.568347544717994 ], [ 42.138561436749228, 17.569255909139606 ], [ 42.138365660611157, 17.569796251667203 ], [ 42.138286155216932, 17.569938398346356 ], [ 42.137852513276471, 17.570824563644354 ], [ 42.137327840556679, 17.571627632397199 ], [ 42.137245749811065, 17.571734707219388 ], [ 42.136753201744149, 17.572455684660017 ], [ 42.136310623363237, 17.573037462798823 ], [ 42.136053641411593, 17.573455057758409 ], [ 42.135946564924673, 17.573779855074758 ], [ 42.135879123904715, 17.574210151979543 ], [ 42.135998097679263, 17.574650352819685 ], [ 42.136160717000195, 17.575193254381105 ], [ 42.136371299170783, 17.575750048233033 ], [ 42.136621142210863, 17.576313980850646 ], [ 42.136981630744494, 17.577181294391814 ], [ 42.137306428313565, 17.578144976174322 ], [ 42.137741868681232, 17.579387053355578 ], [ 42.137991712619623, 17.580397134602752 ], [ 42.138284386434137, 17.581657058976454 ], [ 42.138437861803808, 17.582524372583617 ], [ 42.138559215215537, 17.583156120359757 ], [ 42.138802114278469, 17.584961925761 ], [ 42.138887580892913, 17.585658122982149 ], [ 42.138987519366587, 17.586607528253221 ], [ 42.139058902194016, 17.587399887936627 ], [ 42.139112439988317, 17.588103018828331 ], [ 42.139155269864425, 17.589173777114901 ], [ 42.139155269864425, 17.589969706650688 ], [ 42.139158839769365, 17.590794189744877 ], [ 42.139126717811436, 17.591775717145183 ], [ 42.139073180017135, 17.592653739050952 ], [ 42.138969673435156, 17.593781603257337 ], [ 42.138809060052239, 17.595237832735279 ], [ 42.138698414558696, 17.596055177781292 ], [ 42.138473554564989, 17.597297256912906 ], [ 42.138330788011828, 17.59799324905908 ], [ 42.138180883445422, 17.598814163421711 ], [ 42.13806666894525, 17.59924960428771 ], [ 42.13792390059546, 17.599649353169422 ], [ 42.137831101931667, 17.599856366828121 ], [ 42.137588779587141, 17.600245727021633 ], [ 42.137258663991588, 17.600715854196444 ], [ 42.137145817625594, 17.600944970162438 ], [ 42.137095848837916, 17.601066322893274 ], [ 42.137020896105554, 17.601241213198325 ], [ 42.136962766123524, 17.601674971660323 ], [ 42.136949886078973, 17.601716720217276 ], [ 42.136604863839601, 17.602525737135984 ], [ 42.136456963414595, 17.602725996800633 ], [ 42.136342748914423, 17.60284734919097 ], [ 42.136235673325814, 17.602947286644209 ], [ 42.136035799073419, 17.603040084618677 ], [ 42.135855333821048, 17.603061115862676 ], [ 42.13497493274032, 17.603394240097391 ], [ 42.133808996756656, 17.604072386836638 ], [ 42.133258969087962, 17.604496317375112 ], [ 42.132684329377135, 17.604896065774611 ], [ 42.132041447349096, 17.605362320055772 ], [ 42.131591918702824, 17.605730550111335 ], [ 42.130817641894822, 17.60637728136054 ], [ 42.130467861279385, 17.606677092830736 ], [ 42.130285832060103, 17.606887674918912 ], [ 42.130164480444996, 17.607073272763646 ], [ 42.129953897376097, 17.607348100830745 ], [ 42.129722868651335, 17.607768878749383 ], [ 42.129500610178681, 17.608122615676322 ], [ 42.129275751083284, 17.608450981089032 ], [ 42.128861369022502, 17.608838993891361 ], [ 42.127967421347293, 17.609902067140215 ], [ 42.127096051928433, 17.61098883069851 ], [ 42.126570304823566, 17.611763191217381 ], [ 42.126281200015676, 17.612173648387884 ], [ 42.126077755858333, 17.612430628765935 ], [ 42.125488319098139, 17.613090385411969 ], [ 42.125171555162652, 17.613506950275685 ], [ 42.123648701448609, 17.615386726156562 ], [ 42.122328099827527, 17.616850094083105 ], [ 42.121638057145397, 17.617671008323562 ], [ 42.12093345367083, 17.618565741052681 ], [ 42.120188592196811, 17.619497628980394 ], [ 42.119742442114315, 17.620050853903994 ], [ 42.119542566963609, 17.620307835906331 ], [ 42.119292723923522, 17.620686170782193 ], [ 42.119003620013949, 17.621250101828519 ], [ 42.11864666724928, 17.62172232326709 ], [ 42.118128351906755, 17.622108703088664 ], [ 42.11766896514856, 17.622429205769649 ], [ 42.117247578025186, 17.622774146904689 ], [ 42.116983458060304, 17.622984729901066 ], [ 42.116454597394657, 17.623414867657416 ], [ 42.116308065103823, 17.623548277053477 ], [ 42.115853012716876, 17.623989945832864 ], [ 42.115518042625524, 17.624258185741805 ], [ 42.115353860235992, 17.624493752875662 ], [ 42.115103915686284, 17.625023936403082 ], [ 42.114766024273628, 17.625593195371753 ], [ 42.114511530655321, 17.626042781883275 ], [ 42.114129628081955, 17.626446100602976 ], [ 42.113869077123688, 17.62661742189702 ], [ 42.113654925048159, 17.626688805079397 ], [ 42.11353000442643, 17.626774466915684 ], [ 42.113394374089893, 17.626888680921819 ], [ 42.11323019170036, 17.627049294085037 ], [ 42.113044594372766, 17.627252737904644 ], [ 42.112862565153485, 17.627399074680429 ], [ 42.112541338387672, 17.627602518105402 ], [ 42.112177279949108, 17.627788116902664 ], [ 42.111916728990835, 17.627963006996659 ], [ 42.111659747039191, 17.628177158285524 ], [ 42.11136350511638, 17.628451985885398 ], [ 42.110984777189216, 17.628705004023391 ], [ 42.110716332734548, 17.628973449238622 ], [ 42.110529917041738, 17.629239758017274 ], [ 42.110349855132924, 17.62957271321168 ], [ 42.110002493680547, 17.629925232788587 ], [ 42.109612991359867, 17.630224851028562 ], [ 42.109368327107404, 17.630322242623393 ], [ 42.109011407580411, 17.630482856152565 ], [ 42.108622366095474, 17.630693438708249 ], [ 42.108086988152444, 17.630993250010484 ], [ 42.10768723785101, 17.631246664389042 ], [ 42.107230381646964, 17.631485800103452 ], [ 42.106773796734132, 17.631819465149562 ], [ 42.106687864792377, 17.631878411209922 ], [ 42.106344900593314, 17.632113226994399 ], [ 42.105730954198897, 17.632578234645528 ], [ 42.105449354815207, 17.632813539213359 ], [ 42.105081729166656, 17.633063382771361 ], [ 42.104478963204272, 17.633402874987876 ], [ 42.104375069448402, 17.633470631583151 ], [ 42.103185338889482, 17.634172571974183 ], [ 42.102328734180638, 17.634755539908021 ], [ 42.101507818639703, 17.635362302056208 ], [ 42.100698803081357, 17.63601665504796 ], [ 42.100542674986663, 17.636120006210749 ], [ 42.099755543286946, 17.63668224614791 ], [ 42.099478932248033, 17.636822039870708 ], [ 42.099193396446758, 17.636896397351844 ], [ 42.099128359318506, 17.636873260644386 ], [ 42.099080372214345, 17.636851783038061 ], [ 42.098524173119657, 17.636021945713939 ], [ 42.098479557392764, 17.636057638015068 ], [ 42.099029807843628, 17.636875577225972 ], [ 42.098952476372389, 17.63698265274488 ], [ 42.098708580179498, 17.637187882285801 ], [ 42.098363558838436, 17.637580492957195 ], [ 42.098134654629312, 17.637894383978693 ], [ 42.097973921770468, 17.638178332042276 ], [ 42.097804386320156, 17.638416278877159 ], [ 42.097495055943646, 17.638704788179744 ], [ 42.097123263908806, 17.639055759225013 ], [ 42.096708081449101, 17.639401956947719 ], [ 42.096653719001367, 17.639454977321176 ], [ 42.096501000911495, 17.639595637812022 ], [ 42.096239890302812, 17.639903442044726 ], [ 42.095975174754876, 17.640153285190898 ], [ 42.095564718331886, 17.640483435417909 ], [ 42.095261338395822, 17.640721380920976 ], [ 42.094910366614315, 17.641036660154668 ], [ 42.094586164628275, 17.641274605783192 ], [ 42.094398783246533, 17.641435218969001 ], [ 42.094184632069322, 17.641518500774982 ], [ 42.093973455214012, 17.641586910923387 ], [ 42.093768226104203, 17.641682087723328 ], [ 42.093509459200099, 17.641845677091343 ], [ 42.093197155399992, 17.642050905373804 ], [ 42.09289972320942, 17.642214492694798 ], [ 42.092614529666278, 17.642301433818343 ], [ 42.09209223838031, 17.642562579673275 ], [ 42.091411347734294, 17.642923370796048 ], [ 42.09083593816726, 17.643274012601083 ], [ 42.09074928398001, 17.643323918344461 ], [ 42.090639234069506, 17.643466685145228 ], [ 42.090509158914671, 17.643634347731908 ], [ 42.09020200785104, 17.643856321888084 ], [ 42.089800474393769, 17.644121036956061 ], [ 42.089520888134629, 17.64425190737542 ], [ 42.089208584334536, 17.644373855037355 ], [ 42.08885166390921, 17.644483905170279 ], [ 42.088722345135864, 17.644485811603865 ], [ 42.088673204594869, 17.644403597814147 ], [ 42.08827761888309, 17.643719503288821 ], [ 42.088238952698319, 17.643621351049184 ], [ 42.088197312191639, 17.643567812274032 ], [ 42.08814674871924, 17.643558888715262 ], [ 42.088114032076604, 17.643597555183909 ], [ 42.08814674871924, 17.643657041844993 ], [ 42.088224081987107, 17.643770067217385 ], [ 42.088369823760488, 17.643972321077598 ], [ 42.088560181260775, 17.644308419883856 ], [ 42.088658332985347, 17.64449580176068 ], [ 42.088696999170111, 17.644730774027117 ], [ 42.088491770958619, 17.644912207611458 ], [ 42.088087262281128, 17.645269127246607 ], [ 42.087679779281736, 17.645614148802707 ], [ 42.087159272948227, 17.646191167862018 ], [ 42.086701225578118, 17.646634342583496 ], [ 42.086177745821026, 17.647095362982977 ], [ 42.085394115754283, 17.647789176137355 ], [ 42.085330195231919, 17.647860656226726 ], [ 42.085023707124975, 17.64808878864444 ], [ 42.084788734796113, 17.648228582076875 ], [ 42.084592430448652, 17.648418938880337 ], [ 42.084416944557894, 17.648636065406937 ], [ 42.084211717244713, 17.64897513793041 ], [ 42.084015411100623, 17.649376671865557 ], [ 42.083768542382451, 17.64987041038059 ], [ 42.083510460892896, 17.65042216987505 ], [ 42.083447368617236, 17.650520752413648 ], [ 42.083221265355164, 17.650935219136567 ], [ 42.082908960656752, 17.651443829320776 ], [ 42.0825104024197, 17.651952438924333 ], [ 42.082224865720121, 17.65230043517731 ], [ 42.081903638954294, 17.652681149390325 ], [ 42.081305800251251, 17.653427704759867 ], [ 42.080954830266371, 17.653867905013549 ], [ 42.080520578369828, 17.654311079674329 ], [ 42.080365912732411, 17.654385437640087 ], [ 42.080270735329748, 17.654406258310122 ], [ 42.079610434070048, 17.654825638119977 ], [ 42.078970953961999, 17.655236095684717 ], [ 42.07864675197596, 17.655230147316374 ], [ 42.078622525311069, 17.655225685825986 ], [ 42.078523539949906, 17.655537870901636 ], [ 42.078523539051588, 17.655622775157305 ], [ 42.07829701537797, 17.655627339358045 ], [ 42.078291303889387, 17.655543582147249 ], [ 42.078197415569164, 17.655208397121701 ], [ 42.078158964081737, 17.655242044052859 ], [ 42.078153015437934, 17.655328300076874 ], [ 42.078182757758661, 17.655465118416402 ], [ 42.07820655233391, 17.655593013689487 ], [ 42.078179784335077, 17.65565844987853 ], [ 42.078110885349417, 17.655745431591928 ], [ 42.075916718826925, 17.656741761860076 ], [ 42.075762054087818, 17.656503816979338 ], [ 42.075595492061105, 17.656325356828376 ], [ 42.075309956259844, 17.656206385008105 ], [ 42.074988728595706, 17.656242075877643 ], [ 42.074922082584777, 17.656258550427964 ], [ 42.074832138766951, 17.656305663730201 ], [ 42.074782170877583, 17.656384186158533 ], [ 42.074687944790803, 17.656465563304774 ], [ 42.074662245787152, 17.656484123900693 ], [ 42.074609422153507, 17.65659548230002 ], [ 42.074569447123366, 17.656742533112762 ], [ 42.074590862061427, 17.656925275395437 ], [ 42.074642258272092, 17.657157986169661 ], [ 42.074665100633133, 17.657300754842577 ], [ 42.074568018802069, 17.657346440074956 ], [ 42.073575784654992, 17.657830422402583 ], [ 42.073545945316191, 17.657840238052849 ], [ 42.073065293638592, 17.657452386353459 ], [ 42.073067673275773, 17.656936042961956 ], [ 42.073072412787219, 17.656299307941953 ], [ 42.072872891572722, 17.656295194013438 ], [ 42.072836866434884, 17.65629834665571 ], [ 42.072834485899378, 17.65698839135332 ], [ 42.072903509750866, 17.656997769636003 ], [ 42.072903587904293, 17.657452790382131 ], [ 42.072801507846982, 17.65745637185659 ], [ 42.072799128209795, 17.657494442994125 ], [ 42.072706328647676, 17.657492063334271 ], [ 42.072587355771454, 17.657494442994125 ], [ 42.072527869333342, 17.657530135320247 ], [ 42.072466003258043, 17.657549170026233 ], [ 42.072286455185576, 17.657561260919735 ], [ 42.072120981916981, 17.65751585736346 ], [ 42.072025802717683, 17.657508719240635 ], [ 42.071980593204373, 17.657563447124392 ], [ 42.071856861952085, 17.657634830030212 ], [ 42.071678401739426, 17.657701456161547 ], [ 42.071414281774544, 17.657758562787077 ], [ 42.071112339142921, 17.657810552278892 ], [ 42.070871764919943, 17.657846603202593 ], [ 42.070695684344479, 17.657863259076148 ], [ 42.070579091105436, 17.657858499766153 ], [ 42.070548157618624, 17.657813289738876 ], [ 42.070472016415145, 17.657665763013402 ], [ 42.07031308827171, 17.657336628677729 ], [ 42.070201458224609, 17.657312707937795 ], [ 42.070086543038521, 17.657327880423953 ], [ 42.070027055702091, 17.65738736682928 ], [ 42.070044345576356, 17.657476064828863 ], [ 42.070176962065126, 17.657853742168012 ], [ 42.070200756640368, 17.657917985996118 ], [ 42.07019599826431, 17.657979852715847 ], [ 42.07014840911382, 17.658051236312513 ], [ 42.070046919249656, 17.658174005794915 ], [ 42.069789606717976, 17.658324105206169 ], [ 42.069546587280797, 17.658392150311265 ], [ 42.069210901232168, 17.658489056740979 ], [ 42.068989611143401, 17.658496195680915 ], [ 42.068735007930627, 17.658486677950258 ], [ 42.067999754836883, 17.658458125611254 ], [ 42.067250224818316, 17.658422432613165 ], [ 42.06673150164066, 17.658370086350853 ], [ 42.066353168073917, 17.658310599414325 ], [ 42.065972454869978, 17.65823921420855 ], [ 42.065541771980058, 17.65815593414332 ], [ 42.065206268289423, 17.658082170080135 ], [ 42.064870764598808, 17.658006027189643 ], [ 42.064174078875148, 17.657824419336546 ], [ 42.063973706956077, 17.657775220380763 ], [ 42.06395467165521, 17.657473027766255 ], [ 42.063890425942716, 17.655383860658279 ], [ 42.063878528655088, 17.65502694223882 ], [ 42.063890425942716, 17.654969834746677 ], [ 42.063904702867532, 17.654898451640022 ], [ 42.063854734079854, 17.653649235415692 ], [ 42.063800006916118, 17.652150174092061 ], [ 42.063759555778866, 17.652033580100657 ], [ 42.063669134955632, 17.651878916284723 ], [ 42.063533506415723, 17.651762322117655 ], [ 42.063414532641168, 17.651721870887762 ], [ 42.063331251627808, 17.65169331661977 ], [ 42.063219417663149, 17.651681419648781 ], [ 42.063017162875248, 17.651679039912082 ], [ 42.062779217122788, 17.651676661887393 ], [ 42.062393744644481, 17.651686179978107 ], [ 42.06161090240024, 17.651688559714714 ], [ 42.061422923638837, 17.651719492863638 ], [ 42.061320607324603, 17.651788496639455 ], [ 42.06129919328486, 17.651852742632087 ], [ 42.061311090572474, 17.651919366623314 ], [ 42.061365817736224, 17.651955059198784 ], [ 42.061430064347029, 17.651978853959825 ], [ 42.061494309161198, 17.651957438075815 ], [ 42.061549037223259, 17.651907469667265 ], [ 42.061594246736554, 17.651886053774763 ], [ 42.061660871187918, 17.651859880979188 ], [ 42.06173463365252, 17.651859880979188 ], [ 42.061820295201393, 17.651850362897651 ], [ 42.062612655096061, 17.651817050036335 ], [ 42.063186105437467, 17.65179325525391 ], [ 42.063333632163321, 17.651831325877058 ], [ 42.063431189203165, 17.651890813242659 ], [ 42.063526369300774, 17.651964576418763 ], [ 42.063583476101712, 17.652050237368069 ], [ 42.063623927238957, 17.65215255296652 ], [ 42.063640582902636, 17.65221204022599 ], [ 42.06363582362826, 17.652283424397805 ], [ 42.06363106525221, 17.652371464066974 ], [ 42.06363344399108, 17.652442848175578 ], [ 42.063647720915881, 17.652526129171839 ], [ 42.063647720915881, 17.652630825080021 ], [ 42.06366199784069, 17.652780732229868 ], [ 42.063719104641628, 17.654503461352093 ], [ 42.063757176141678, 17.655065013890187 ], [ 42.063783350354115, 17.655617047650175 ], [ 42.063890426841034, 17.658696071332393 ], [ 42.06346688286267, 17.658715106771059 ], [ 42.0634597439511, 17.658753179354317 ], [ 42.063200384158904, 17.658762696214897 ], [ 42.063172683708807, 17.6587634691709 ], [ 42.063152459936809, 17.658777745316748 ], [ 42.063133423737632, 17.658799161245369 ], [ 42.063123960884425, 17.658839390040487 ], [ 42.062864879569958, 17.658845976855353 ], [ 42.062835990648743, 17.658841991382992 ], [ 42.062827773758833, 17.658786141689561 ], [ 42.062803014392976, 17.658772213930959 ], [ 42.062569827016581, 17.658784111289322 ], [ 42.062532252284868, 17.658740511605771 ], [ 42.062488924742098, 17.658729383776723 ], [ 42.062468364101868, 17.658726588123571 ], [ 42.062324962439803, 17.655049129873657 ], [ 42.062330230160626, 17.654701208270161 ], [ 42.062266570149703, 17.653154603312409 ], [ 42.062291031274889, 17.653156289658774 ], [ 42.062359307728052, 17.653136782824863 ], [ 42.062344616679908, 17.652787474205173 ], [ 42.062291031274889, 17.652787474205173 ], [ 42.06226038255403, 17.652787689920984 ], [ 42.062267236699647, 17.652656603996284 ], [ 42.062106624215048, 17.652668500902834 ], [ 42.062201801617711, 17.655012268609372 ], [ 42.062243443022709, 17.655095550985074 ], [ 42.062306497569146, 17.656244531737912 ], [ 42.062142316077924, 17.656383730767583 ], [ 42.061928164002389, 17.656480099856147 ], [ 42.061681889968938, 17.656551484047597 ], [ 42.061360663203118, 17.6566050223866 ], [ 42.060943066970246, 17.656630006368694 ], [ 42.060623428425856, 17.656671372412205 ], [ 42.06060032824832, 17.65667933831698 ], [ 42.060090031268025, 17.65668354382835 ], [ 42.059654589103722, 17.656704959150154 ], [ 42.059326224324657, 17.656751359290652 ], [ 42.058947888961285, 17.656854864619444 ], [ 42.058510960983497, 17.657003505659155 ], [ 42.05792353105965, 17.657279598957775 ], [ 42.057452397930788, 17.657483042882333 ], [ 42.056995541726749, 17.6577186093797 ], [ 42.056727851856927, 17.657861376751939 ], [ 42.05589623109276, 17.658311095031877 ], [ 42.055344605321189, 17.658658905227508 ], [ 42.055089594273277, 17.658796505119103 ], [ 42.054686274965213, 17.65901065570846 ], [ 42.054350771274585, 17.659224808610954 ], [ 42.0540081286724, 17.659474653199137 ], [ 42.053851085194431, 17.659720927138917 ], [ 42.053758284734002, 17.659988615672788 ], [ 42.053633364112279, 17.660242028635906 ], [ 42.053429919954937, 17.660566824697064 ], [ 42.053304998434896, 17.660820237701952 ], [ 42.053004384411594, 17.661156994975151 ], [ 42.052890972106965, 17.66129850904084 ], [ 42.052708942887683, 17.66149481473753 ], [ 42.052509068635281, 17.661634013130438 ], [ 42.052244948670399, 17.661812473153347 ], [ 42.052074521193006, 17.661893299167232 ], [ 42.052037934608109, 17.661812473153347 ], [ 42.052005812650179, 17.66190527164478 ], [ 42.052037934608109, 17.662012347689544 ], [ 42.052098612212298, 17.662101578391489 ], [ 42.052180702957905, 17.662212222003731 ], [ 42.052169995039719, 17.662255052185028 ], [ 42.052059350444495, 17.662412096951865 ], [ 42.051995104732001, 17.662583418281557 ], [ 42.051959412869131, 17.662794000971637 ], [ 42.051952274855878, 17.663183042078881 ], [ 42.051934428924454, 17.663475717053984 ], [ 42.051891599048325, 17.663650606738649 ], [ 42.051770245636597, 17.663939710735345 ], [ 42.051713138835666, 17.663978972000294 ], [ 42.051755968711788, 17.66412174039769 ], [ 42.051716708740614, 17.664264507825838 ], [ 42.051659601041372, 17.664403705788015 ], [ 42.051570372282512, 17.664546473848382 ], [ 42.051534680419643, 17.664707086817916 ], [ 42.051516833589893, 17.664871269843509 ], [ 42.051498987658462, 17.664999761025797 ], [ 42.05145615778234, 17.665160373590673 ], [ 42.051416896912855, 17.665306711241389 ], [ 42.051316960235809, 17.665488740376613 ], [ 42.051270559556436, 17.665617231117906 ], [ 42.051291975392814, 17.665724306665542 ], [ 42.051245575611752, 17.665967012145519 ], [ 42.051149207043025, 17.666174024981594 ], [ 42.051084962228849, 17.666563067339553 ], [ 42.051038563346104, 17.666759373283998 ], [ 42.050920779839309, 17.666909278937069 ], [ 42.050867241146697, 17.667084168707763 ], [ 42.050817273257337, 17.667337581948814 ], [ 42.050695919845595, 17.667644531599279 ], [ 42.050588844256993, 17.668062126732202 ], [ 42.050438937893958, 17.66824058722651 ], [ 42.050367554168218, 17.668311971032278 ], [ 42.050378262086404, 17.668379784679985 ], [ 42.050378262086404, 17.668469014791693 ], [ 42.050367554168218, 17.66859036828885 ], [ 42.050310142838413, 17.668808223708446 ], [ 42.050303895055613, 17.668958167027238 ], [ 42.050281894415988, 17.669382728143049 ], [ 42.050271187396113, 17.669529064926699 ], [ 42.050194216149308, 17.669673705984444 ], [ 42.050089158176831, 17.669993060113669 ], [ 42.049953528738598, 17.670871081185709 ], [ 42.049782208335827, 17.671770516635458 ], [ 42.049539727887812, 17.672527291252361 ], [ 42.049147784844514, 17.673362301241767 ], [ 42.04907788783057, 17.673520068976188 ], [ 42.048782835277194, 17.674079783574872 ], [ 42.04839379289394, 17.674932821230861 ], [ 42.04809398016787, 17.675610968395556 ], [ 42.047936935791583, 17.675939333219723 ], [ 42.047508634335479, 17.676838768995438 ], [ 42.047137437883663, 17.67759900663825 ], [ 42.046880456830337, 17.678170078240061 ], [ 42.046530675316575, 17.678837517121906 ], [ 42.046227293583875, 17.679458555830578 ], [ 42.045731177408662, 17.680233069675435 ], [ 42.045563425114182, 17.680500760205277 ], [ 42.045299305149292, 17.680964753611622 ], [ 42.044974507580221, 17.681517978871014 ], [ 42.044696110690531, 17.681981973930757 ], [ 42.044478391404994, 17.682338892787371 ], [ 42.044271378241042, 17.682617289722405 ], [ 42.04392873563885, 17.683134822656967 ], [ 42.04351827921586, 17.683591679878205 ], [ 42.043132805839235, 17.683920046385168 ], [ 42.042801471229836, 17.684227033628499 ], [ 42.042543890101904, 17.684330502605288 ], [ 42.042258354300643, 17.684519670074103 ], [ 42.042169123745147, 17.684494685686694 ], [ 42.042059648756428, 17.684399099318533 ], [ 42.041962110581188, 17.684387610190377 ], [ 42.041805067103219, 17.684319795733437 ], [ 42.041601622945876, 17.684219858051804 ], [ 42.040291729242973, 17.683423928708383 ], [ 42.04027388420986, 17.683477465895745 ], [ 42.040769298800839, 17.683777820920849 ], [ 42.040777140194955, 17.683984292028949 ], [ 42.04068790963948, 17.684187735702832 ], [ 42.040270315203237, 17.684823052255346 ], [ 42.039831304032305, 17.685419105707286 ], [ 42.039274510252909, 17.686222175178994 ], [ 42.038817653150545, 17.686803951781549 ], [ 42.038207321576841, 17.687392868572449 ], [ 42.037272193332377, 17.688153106931647 ], [ 42.036611892970996, 17.688556426005817 ], [ 42.036055099191586, 17.68886694595211 ], [ 42.035166370728184, 17.689338080291449 ], [ 42.034237796592038, 17.689734110089773 ], [ 42.033792233109423, 17.689894874293604 ], [ 42.033315951735673, 17.690159891344095 ], [ 42.0324320741748, 17.690553908973378 ], [ 42.03171823601911, 17.690887034029824 ], [ 42.031582275102551, 17.690959546245402 ], [ 42.030672759623471, 17.691522425313579 ], [ 42.030249618090345, 17.691723317781378 ], [ 42.029667241189969, 17.691966642870014 ], [ 42.029555603058036, 17.691979280891303 ], [ 42.029409265701631, 17.691907897069921 ], [ 42.029038070148118, 17.691743713916338 ], [ 42.028466999443914, 17.69157953232434 ], [ 42.028302817054382, 17.691593810143981 ], [ 42.028259986279949, 17.69167590138013 ], [ 42.027967311567117, 17.691804392232982 ], [ 42.027596116013626, 17.691918606057055 ], [ 42.027246335398189, 17.691957867202778 ], [ 42.026964368603544, 17.691932882993918 ], [ 42.026732372393212, 17.691872207288164 ], [ 42.026625295906292, 17.691818668323087 ], [ 42.02650037528457, 17.691875775239666 ], [ 42.026211269578369, 17.692022113395662 ], [ 42.02559917820502, 17.692339115374864 ], [ 42.025543534759684, 17.692362299723531 ], [ 42.024782108351822, 17.692695424849479 ], [ 42.024041202159999, 17.693060747149961 ], [ 42.023470130557463, 17.693392683099749 ], [ 42.023070381154355, 17.693617540738469 ], [ 42.022549280136126, 17.693895938169149 ], [ 42.022256606321619, 17.694170766406625 ], [ 42.022131683903261, 17.694352793700308 ], [ 42.022088854027146, 17.694545531351626 ], [ 42.022088854925464, 17.694674021863175 ], [ 42.02206387098078, 17.6947632517589 ], [ 42.022006764179856, 17.694877466268832 ], [ 42.02189968769293, 17.69494528016369 ], [ 42.021810458035759, 17.694909589273873 ], [ 42.021760489248081, 17.694852481610294 ], [ 42.021681966610778, 17.694802513138605 ], [ 42.021574891022176, 17.6947632517589 ], [ 42.021489231269939, 17.694723990370615 ], [ 42.021235818324925, 17.694709713655623 ], [ 42.021032374167582, 17.694745406296793 ], [ 42.020864621873109, 17.694781097219238 ], [ 42.020696869578643, 17.694838205761332 ], [ 42.020521979270924, 17.69490959012969 ], [ 42.020286413155652, 17.695009526999577 ], [ 42.02016862875054, 17.69504878832544 ], [ 42.019904508785658, 17.695195123896109 ], [ 42.019551159163591, 17.695355737723936 ], [ 42.019162116780336, 17.695512782673124 ], [ 42.018801629145031, 17.695641274204235 ], [ 42.018551786104958, 17.69572693403282 ], [ 42.018194866577943, 17.695794749318523 ], [ 42.017952161551115, 17.69583044088823 ], [ 42.017723733449095, 17.695837579201321 ], [ 42.017595242922425, 17.695801886777222 ], [ 42.017459612585888, 17.695784041418325 ], [ 42.017313277026105, 17.695776903103106 ], [ 42.01715980075813, 17.695780471832848 ], [ 42.017017034204969, 17.695751919425511 ], [ 42.01683857399231, 17.695694811173983 ], [ 42.016742206321886, 17.695659119577325 ], [ 42.016567315115857, 17.69564484293667 ], [ 42.01632817999397, 17.695641274204235 ], [ 42.015992675405016, 17.69564484293667 ], [ 42.015625048858148, 17.695619859240704 ], [ 42.015250284298027, 17.695630566294884 ], [ 42.014975456414945, 17.695651981257136 ], [ 42.014544866949812, 17.695776260389422 ], [ 42.014205404383723, 17.69587200501946 ], [ 42.013922785412191, 17.695952754102223 ], [ 42.01344546199271, 17.696075050116729 ], [ 42.013274141589932, 17.696079809270945 ], [ 42.01296719085061, 17.696065531807932 ], [ 42.012803007562766, 17.69606077265334 ], [ 42.012669758660039, 17.696036978590111 ], [ 42.012567442345805, 17.69599414875487 ], [ 42.012527884133952, 17.695907699141245 ], [ 42.012147170930014, 17.695800622745288 ], [ 42.012009609215617, 17.695780393098282 ], [ 42.011644209592326, 17.695760961920261 ], [ 42.011551411826851, 17.695732407798207 ], [ 42.011472889189548, 17.695703855383233 ], [ 42.011420541663007, 17.695649127127123 ], [ 42.011358288413817, 17.695373239088802 ], [ 42.011261116751214, 17.695244618993954 ], [ 42.011219180698802, 17.694955915369679 ], [ 42.011070760149252, 17.694940046858186 ], [ 42.011023170998754, 17.694721137081665 ], [ 42.011001756060693, 17.694642615133912 ], [ 42.010994617149137, 17.694566472321057 ], [ 42.010966064197831, 17.694554574762936 ], [ 42.010835194033973, 17.694706860366445 ], [ 42.010839953308356, 17.694752069675474 ], [ 42.010908957396907, 17.694723516248821 ], [ 42.010942269622582, 17.694733033772941 ], [ 42.010961305821766, 17.694771105575995 ], [ 42.010982719861509, 17.694835351618384 ], [ 42.010985100397008, 17.694901975946756 ], [ 42.01099058820509, 17.694974964085802 ], [ 42.010911337034088, 17.695018570387521 ], [ 42.010994617149137, 17.695380248192397 ], [ 42.011024559794187, 17.695392322848971 ], [ 42.011056391596277, 17.695536788191284 ], [ 42.010892300834904, 17.695615814676714 ], [ 42.010725738808183, 17.695708612835656 ], [ 42.010556797144275, 17.695803791811116 ], [ 42.01040689078124, 17.695960836368471 ], [ 42.010173704303156, 17.696184506352658 ], [ 42.009866752665523, 17.696453384938977 ], [ 42.009467004160719, 17.696765093640071 ], [ 42.009104165634305, 17.697012174870743 ], [ 42.008515839191801, 17.697394680612977 ], [ 42.008396247376339, 17.697457517065843 ], [ 42.008146403437941, 17.697595526289405 ], [ 42.00787038528712, 17.69772877458491 ], [ 42.007646715561151, 17.697826334183031 ], [ 42.00739687162276, 17.697900097344402 ], [ 42.00719461773317, 17.697940547600531 ], [ 42.007028055706456, 17.697942926725034 ], [ 42.00696381089228, 17.697938167620201 ], [ 42.006889751085303, 17.697898316423807 ], [ 42.006756797728308, 17.697700221631568 ], [ 42.006742520803492, 17.697797780389404 ], [ 42.006697311290203, 17.697878681794457 ], [ 42.006640203590955, 17.697938167620201 ], [ 42.006533128002346, 17.698035726248754 ], [ 42.006343128031553, 17.698189230125262 ], [ 42.006202382687775, 17.69831174541256 ], [ 42.006009647346943, 17.698406923008214 ], [ 42.005816911107786, 17.69850210226501 ], [ 42.005476648142782, 17.698630591657047 ], [ 42.004888919978256, 17.698844743577361 ], [ 42.00434640312367, 17.699046997981775 ], [ 42.003927619317992, 17.699213561268209 ], [ 42.002955846996464, 17.699600817958444 ], [ 42.002708858802357, 17.699703609706191 ], [ 42.002370499367437, 17.699850661203659 ], [ 42.002152065022948, 17.699943459741348 ], [ 42.002106379402541, 17.699880642130104 ], [ 42.002059266359154, 17.699874930581291 ], [ 42.002026430240576, 17.699857799356927 ], [ 42.001951694002194, 17.699832272819762 ], [ 42.00182394009407, 17.699737487932268 ], [ 42.001489622179612, 17.699505162607554 ], [ 42.001461069228306, 17.699555132337984 ], [ 42.001630963106415, 17.699657924967674 ], [ 42.00185653636246, 17.699809258026384 ], [ 42.001872239811945, 17.699842094734734 ], [ 42.00187366813325, 17.699900629982139 ], [ 42.001870813287276, 17.699966303359407 ], [ 42.001849396552593, 17.700024836854737 ], [ 42.001800856086213, 17.700091937644185 ], [ 42.001729473258791, 17.700156184350174 ], [ 42.001642385185257, 17.700233278997754 ], [ 42.001555297111722, 17.700301807165228 ], [ 42.001516750402878, 17.700343209373127 ], [ 42.001476775372737, 17.700354630729194 ], [ 42.00145964270363, 17.700330359704836 ], [ 42.00145821528065, 17.700300378853498 ], [ 42.001462498447921, 17.70024041628001 ], [ 42.001441081713224, 17.700210436269447 ], [ 42.00139682531244, 17.700209007956985 ], [ 42.001352567115028, 17.700236133910693 ], [ 42.001278327645004, 17.700248982729931 ], [ 42.001349711370743, 17.700338926150465 ], [ 42.00131973099645, 17.70038032920559 ], [ 42.001463391373314, 17.70051195713938 ], [ 42.001177111766992, 17.70074257215494 ], [ 42.000918344862882, 17.700929955141323 ], [ 42.000719065295208, 17.701087594264695 ], [ 42.0004662470349, 17.701358258375731 ], [ 42.000142045947179, 17.701694356916224 ], [ 41.999960612310922, 17.701887688301305 ], [ 41.999915996584029, 17.701881738909119 ], [ 41.999775608769738, 17.702008445858318 ], [ 41.999512916227829, 17.702284463193205 ], [ 41.999316849035608, 17.70243865233882 ], [ 41.999223574264711, 17.702507179664437 ], [ 41.99915265586629, 17.702582710651644 ], [ 41.999099117173671, 17.702555941056243 ], [ 41.998907581982053, 17.702364412661662 ], [ 41.998861172319529, 17.702329893096874 ], [ 41.998816556592622, 17.702365585079022 ], [ 41.99868866075068, 17.702538094657093 ], [ 41.998297976247102, 17.702888205186714 ], [ 41.998078923861698, 17.703088346404499 ], [ 41.997266933083118, 17.702350713349343 ], [ 41.997560554620257, 17.702006528053541 ], [ 41.997516071844018, 17.701962047129189 ], [ 41.997188896434388, 17.702348709970313 ], [ 41.997836456888415, 17.702971157305001 ], [ 41.997973513749628, 17.703100601111341 ], [ 41.997441465861357, 17.703503205419857 ], [ 41.996937076202364, 17.703969622001765 ], [ 41.996736798606399, 17.704234431722284 ], [ 41.996337654667784, 17.704602196013987 ], [ 41.995981319944036, 17.704853091738084 ], [ 41.995752297157289, 17.704975039383044 ], [ 41.995364702858289, 17.705126805255588 ], [ 41.99465856955279, 17.705462218118551 ], [ 41.994000418859876, 17.70579000465283 ], [ 41.993723806922645, 17.705944670013761 ], [ 41.993456117951133, 17.706155847140813 ], [ 41.993125968219601, 17.706426509599581 ], [ 41.993006995343372, 17.706557380887357 ], [ 41.992811035050664, 17.706796378842821 ], [ 41.99265399067437, 17.707010531290326 ], [ 41.992488795883517, 17.707374310631657 ], [ 41.992444846706555, 17.707509164765789 ], [ 41.992290181967455, 17.707839314574098 ], [ 41.992525154296324, 17.707993980736092 ], [ 41.992465667858212, 17.708080236263918 ], [ 41.992465667858212, 17.708172440934149 ], [ 41.992525154296324, 17.708395514648505 ], [ 41.992551923193474, 17.708559102376235 ], [ 41.992554896617072, 17.70877622815776 ], [ 41.992548947973262, 17.709287811867224 ], [ 41.992548947973262, 17.709362171052113 ], [ 41.992516231330612, 17.709454375063608 ], [ 41.992480538569424, 17.709519809615312 ], [ 41.992358592269611, 17.709603090697275 ], [ 41.99218310637886, 17.70964770493547 ], [ 41.992067107824532, 17.709650680358614 ], [ 41.991894597154001, 17.709606065265419 ], [ 41.991731008550872, 17.709558477303737 ], [ 41.991537677626994, 17.709567399298741 ], [ 41.991383012887894, 17.709588220423072 ], [ 41.991192656285932, 17.709603090697275 ], [ 41.991029067682803, 17.709638782944463 ], [ 41.990930915059913, 17.709671500617542 ], [ 41.99075543006748, 17.709692320874058 ], [ 41.990621584683403, 17.709722064826948 ], [ 41.990443126267373, 17.709748834209194 ], [ 41.990392561896662, 17.709742885077596 ], [ 41.990327126814734, 17.709710168273276 ], [ 41.990276563342341, 17.709668526906231 ], [ 41.99024384580138, 17.709641758367756 ], [ 41.990205178718284, 17.709635809232608 ], [ 41.990154616144203, 17.709641758367756 ], [ 41.990068359910623, 17.709662577771976 ], [ 41.989988053219164, 17.709662577771976 ], [ 41.989878923183511, 17.709633989064205 ], [ 41.989610909021856, 17.70960566905568 ], [ 41.989349168694162, 17.709615188358011 ], [ 41.989149294441752, 17.709638982332908 ], [ 41.98892562381748, 17.709696088715532 ], [ 41.988559186640046, 17.709781748683262 ], [ 41.988073776586376, 17.709929276274273 ], [ 41.987370314870532, 17.710202952098278 ], [ 41.987020064436209, 17.710327234848222 ], [ 41.98605638234212, 17.710731744078906 ], [ 41.985374043611877, 17.711110819884158 ], [ 41.985199031133277, 17.711184837730176 ], [ 41.984952162415098, 17.711354375416107 ], [ 41.984752025854633, 17.711542006610632 ], [ 41.984657703648118, 17.711592321273972 ], [ 41.98449114162139, 17.711586373059237 ], [ 41.984351347593517, 17.711592321273972 ], [ 41.984250220648718, 17.711651807689126 ], [ 41.984056890623165, 17.711770781316002 ], [ 41.983905199307657, 17.711964112114764 ], [ 41.983792175973555, 17.7121604180867 ], [ 41.983676178317545, 17.712371594744315 ], [ 41.983604792795177, 17.71249949059877 ], [ 41.983408488447708, 17.712990254089128 ], [ 41.983316283570318, 17.713254970059253 ], [ 41.983197309795777, 17.713668401325499 ], [ 41.982974235652847, 17.714337624240859 ], [ 41.982711023884711, 17.714991197840437 ], [ 41.982427705125566, 17.715526357639519 ], [ 41.982067096217698, 17.716173817115212 ], [ 41.981873735649415, 17.716449396784572 ], [ 41.981614968745312, 17.716830110316426 ], [ 41.981308613589015, 17.717234618574672 ], [ 41.98098819261201, 17.717583955963246 ], [ 41.980666160057375, 17.717894918583571 ], [ 41.980413340898757, 17.718088251338692 ], [ 41.98015857868419, 17.718231383195555 ], [ 41.979988759366243, 17.718357916015709 ], [ 41.979824144887068, 17.718486450234046 ], [ 41.979687607252075, 17.718641475168134 ], [ 41.979488326786083, 17.718793166158147 ], [ 41.979120254674825, 17.719036062638576 ], [ 41.978978923629491, 17.719026947726402 ], [ 41.978901592158259, 17.719000178873056 ], [ 41.97883020843252, 17.718937717914478 ], [ 41.978800465213467, 17.718940692327827 ], [ 41.978824258890391, 17.718991255635824 ], [ 41.978856976431359, 17.71907156304357 ], [ 41.978859950753261, 17.719134023955529 ], [ 41.978822464954774, 17.719205080340135 ], [ 41.9787231319456, 17.719339252146359 ], [ 41.978562517664372, 17.719422533803616 ], [ 41.978431648398846, 17.719476071380221 ], [ 41.978196676069977, 17.719514737778134 ], [ 41.978027138823037, 17.719589096146407 ], [ 41.977902218201308, 17.719642633673285 ], [ 41.977777295782957, 17.719705095242023 ], [ 41.977485812236196, 17.719862734128483 ], [ 41.976858229415768, 17.720225601764163 ], [ 41.976423976620907, 17.72041298408454 ], [ 41.975918342795239, 17.720567648818051 ], [ 41.975534654371096, 17.720665801828964 ], [ 41.975073633577395, 17.720769904407899 ], [ 41.974776201386824, 17.720829391202003 ], [ 41.974529331770327, 17.720862107689594 ], [ 41.974273540086443, 17.720876979596248 ], [ 41.973993952928979, 17.720885902739649 ], [ 41.973717340991755, 17.720862107689594 ], [ 41.973512111881945, 17.720841287873903 ], [ 41.973225181895359, 17.72072369193722 ], [ 41.972778992286997, 17.720630302595278 ], [ 41.972267407122587, 17.720499433017142 ], [ 41.971684440029058, 17.720392356747645 ], [ 41.971184753050586, 17.720332870664247 ], [ 41.970518504045394, 17.7203685616321 ], [ 41.970054508031467, 17.720451842811308 ], [ 41.969459643650332, 17.720654097676089 ], [ 41.969078930446393, 17.720915838222464 ], [ 41.96846468131973, 17.721329078124207 ], [ 41.967848994888612, 17.721677075231803 ], [ 41.967420691635873, 17.721971533137076 ], [ 41.966825827254738, 17.722411733193901 ], [ 41.966555163062992, 17.722640755873083 ], [ 41.966152193199576, 17.723057353767512 ], [ 41.964831593375131, 17.724247085267191 ], [ 41.964177240759241, 17.724913333751413 ], [ 41.963082689399627, 17.725877015821236 ], [ 41.961821575114961, 17.727066745720592 ], [ 41.961179826760826, 17.727737665029899 ], [ 41.960466718037146, 17.728410949424703 ], [ 41.960258514605435, 17.728645920644819 ], [ 41.960094248672576, 17.728981377657693 ], [ 41.959976971815614, 17.729140268761714 ], [ 41.959672573190012, 17.729422221062357 ], [ 41.959390011710646, 17.729737499575982 ], [ 41.959113399773415, 17.730144982887154 ], [ 41.958812994159253, 17.730567337230131 ], [ 41.958622636658973, 17.730885588799953 ], [ 41.95848879217322, 17.731230611969451 ], [ 41.958310332858872, 17.731718401328365 ], [ 41.958198614776883, 17.732087871875603 ], [ 41.95811997625691, 17.732405471317367 ], [ 41.957992080414961, 17.732821876244675 ], [ 41.957789825627053, 17.733511919596467 ], [ 41.957525110079132, 17.734344731041137 ], [ 41.957346650764798, 17.734793853962326 ], [ 41.957215779702629, 17.735076415126841 ], [ 41.957031372642781, 17.735338156002708 ], [ 41.956609018033859, 17.735718869632464 ], [ 41.956159667254006, 17.736038031841879 ], [ 41.95587138530292, 17.73627209380664 ], [ 41.955639389092596, 17.736456503196273 ], [ 41.955401442441818, 17.736679576802278 ], [ 41.95507724135409, 17.737048392841519 ], [ 41.954506169751561, 17.737797924177521 ], [ 41.953853445781291, 17.738735796921031 ], [ 41.953282437959139, 17.739517170975692 ], [ 41.953060646610439, 17.739844261254113 ], [ 41.952367629606407, 17.74064137858138 ], [ 41.951734098142175, 17.741239218740429 ], [ 41.951314717855155, 17.741563420817513 ], [ 41.950785287657624, 17.741890597195724 ], [ 41.950116065228841, 17.742259413627185 ], [ 41.949539045880805, 17.742521155129246 ], [ 41.948688203864506, 17.742776169629959 ], [ 41.947412403023272, 17.743080327707961 ], [ 41.9468621525724, 17.74316063458782 ], [ 41.946585539736851, 17.743184430099248 ], [ 41.945969855102369, 17.743234994267151 ], [ 41.94562483286299, 17.74322606966988 ], [ 41.94518165800072, 17.743187404110163 ], [ 41.944711715139618, 17.743154687420638 ], [ 41.944333975359278, 17.743116020134334 ], [ 41.944035105864252, 17.7430567246893 ], [ 41.943825365415073, 17.742997046778058 ], [ 41.943765878976969, 17.742946484254137 ], [ 41.943751008265757, 17.742901868036125 ], [ 41.943733161436008, 17.742845356596696 ], [ 41.943676649319791, 17.742839409419044 ], [ 41.943563625087378, 17.742889971973199 ], [ 41.943435729245437, 17.742937562209242 ], [ 41.943215629424415, 17.742979201837279 ], [ 41.943025271924128, 17.743035714945638 ], [ 41.942757582054305, 17.743101149217757 ], [ 41.942641582601659, 17.743113046122236 ], [ 41.942558301588299, 17.743101149217757 ], [ 41.942421482780638, 17.743104123230058 ], [ 41.942296562158909, 17.743118995001971 ], [ 41.94220138295961, 17.743157662287633 ], [ 41.942094308269326, 17.743249866028197 ], [ 41.941990206104308, 17.743348017737823 ], [ 41.941826619297814, 17.743502683210217 ], [ 41.941466725448898, 17.743797142039863 ], [ 41.940874290112276, 17.744306018001232 ], [ 41.940763347276381, 17.74438922474258 ], [ 41.939950276722833, 17.745105666792874 ], [ 41.939196950423884, 17.745881259336336 ], [ 41.93898266090612, 17.746172473355127 ], [ 41.938760088023116, 17.746414548166246 ], [ 41.938462654934234, 17.746738750284202 ], [ 41.938123582236976, 17.74711648968885 ], [ 41.937838532424287, 17.747420956952379 ], [ 41.93762245885236, 17.747589599665567 ], [ 41.937465268949012, 17.747675339913517 ], [ 41.937148002855274, 17.747788687405937 ], [ 41.936666161808233, 17.74799689007498 ], [ 41.935925555653711, 17.748255656962975 ], [ 41.935562688381211, 17.748410323329182 ], [ 41.935270326282108, 17.7485414668331 ], [ 41.935176025635151, 17.748624473972026 ], [ 41.934945566442273, 17.748815022954702 ], [ 41.934750329293372, 17.748947784875476 ], [ 41.934631852287183, 17.748994025144231 ], [ 41.93448300683449, 17.749020059726984 ], [ 41.934384854211594, 17.749040879690458 ], [ 41.9342807529449, 17.749037905776778 ], [ 41.934203420575351, 17.749026008410446 ], [ 41.934111216596271, 17.749026008410446 ], [ 41.934033884226722, 17.749043853604089 ], [ 41.933944653671233, 17.749082519610134 ], [ 41.933897066317378, 17.749136057735484 ], [ 41.933861373556191, 17.749192569755987 ], [ 41.93382568079501, 17.749255031290051 ], [ 41.933712656562591, 17.749332364058112 ], [ 41.933679939919941, 17.749391849924489 ], [ 41.933671016954229, 17.749466207871322 ], [ 41.93368588766544, 17.749606001959744 ], [ 41.933748349323771, 17.749837998853252 ], [ 41.93377214389902, 17.750123534131617 ], [ 41.933751322747369, 17.750417993193683 ], [ 41.9337156308845, 17.75076598940915 ], [ 41.93362342690542, 17.751102087719683 ], [ 41.933489583317986, 17.751456032918853 ], [ 41.933301898305665, 17.751889532637652 ], [ 41.933207656049206, 17.752047616320453 ], [ 41.933013690914741, 17.752288843900846 ], [ 41.932754924010631, 17.752586275821894 ], [ 41.932481286395308, 17.752895606069593 ], [ 41.932317697792179, 17.753139500925947 ], [ 41.932186827628321, 17.75340421576135 ], [ 41.932061906108281, 17.753850364954587 ], [ 41.931958073437862, 17.754364247136035 ], [ 41.931918532293992, 17.754522410763684 ], [ 41.931678218582448, 17.755477321807835 ], [ 41.931615757822421, 17.755652807116189 ], [ 41.931544374995006, 17.755807472223037 ], [ 41.931374837748059, 17.75605136738826 ], [ 41.931080378981079, 17.756476696018513 ], [ 41.930696692353557, 17.757059663156156 ], [ 41.930262439558696, 17.757618837371499 ], [ 41.929854956559289, 17.75812744561502 ], [ 41.929471269033456, 17.758656876390411 ], [ 41.929197631418134, 17.758972154762514 ], [ 41.929001326172362, 17.759224972835632 ], [ 41.928855582602345, 17.759388561212795 ], [ 41.928706867405374, 17.759569995295333 ], [ 41.928567074275797, 17.75970978833471 ], [ 41.928471895076505, 17.759891222091451 ], [ 41.928379691097426, 17.760081579421428 ], [ 41.928260718221203, 17.760182705895282 ], [ 41.928207180426895, 17.760257063635663 ], [ 41.928160761781221, 17.760369242242621 ], [ 41.929510152610526, 17.762696413606534 ], [ 41.935263975193038, 17.772619526701487 ], [ 41.937630027158633, 17.776700046650358 ], [ 41.93941811474852, 17.779867734013539 ], [ 41.939950020702973, 17.780810055877303 ], [ 41.941380019159361, 17.783000057129815 ], [ 41.941970020061561, 17.783460057398759 ], [ 41.943010020327229, 17.783760056675643 ], [ 41.947420019838567, 17.783240057380731 ], [ 41.957690020104053, 17.781950056410974 ], [ 41.969900020260475, 17.781950057266371 ], [ 41.984980020070374, 17.78452005726491 ], [ 41.994930020668711, 17.788370056733068 ], [ 42.003270020190669, 17.796720057344078 ], [ 42.013220020789007, 17.806990056732115 ], [ 42.01996002017863, 17.814690056050541 ], [ 42.028310019746321, 17.825930056830686 ], [ 42.038580020011807, 17.841660055842091 ], [ 42.045310020254007, 17.854180056206452 ], [ 42.045960019634023, 17.856100057291446 ], [ 42.046500020307512, 17.857400056643563 ], [ 42.046890020294853, 17.858560057408617 ], [ 42.047470020252987, 17.860460056702571 ], [ 42.048800020048574, 17.863700056602859 ], [ 42.051850021423718, 17.869970057051493 ], [ 42.057170019707755, 17.877590057129009 ], [ 42.059650021170512, 17.881780057031495 ], [ 42.061550019980167, 17.883870057162568 ], [ 42.06497002035286, 17.888250055831797 ], [ 42.067650020035515, 17.892630056710015 ], [ 42.068790019860309, 17.895110055596533 ], [ 42.069920019639355, 17.89682005727277 ], [ 42.071640020320594, 17.89853005700062 ], [ 42.072410020249535, 17.902910057156728 ], [ 42.073730019999381, 17.918910057051882 ], [ 42.073730019999381, 17.924420056809495 ], [ 42.073730019999381, 17.928800057408747 ], [ 42.073730019999381, 17.931620056585711 ], [ 42.07576002030202, 17.937550056383067 ], [ 42.079020019942817, 17.953870056351057 ], [ 42.081060020291197, 17.968570057127181 ], [ 42.081060020291197, 17.982450056973928 ], [ 42.078200019785172, 17.996330055689182 ], [ 42.075350021121508, 18.007770057145429 ], [ 42.071680019605253, 18.01797005700497 ], [ 42.068810019951798, 18.022060057244492 ], [ 42.067590019761063, 18.029410057078543 ], [ 42.06922002003062, 18.035530057358201 ], [ 42.075350021121508, 18.041660056972436 ], [ 42.084330019079431, 18.046960057177536 ], [ 42.094540019968768, 18.048190056864158 ], [ 42.105970020150522, 18.046960057177536 ], [ 42.126380020086827, 18.045330056594018 ], [ 42.139040019606739, 18.04410005740257 ], [ 42.152930020261437, 18.043290057403908 ], [ 42.167210020005172, 18.042880056720779 ], [ 42.177010019917368, 18.042470055936072 ], [ 42.18559001963883, 18.04206005590396 ], [ 42.193340020055217, 18.041660056972436 ], [ 42.205590021292949, 18.04043005688677 ], [ 42.206970021317247, 18.039740056614839 ], [ 42.210511190947031, 18.039413896042845 ], [ 42.213964277169943, 18.04456775702085 ], [ 42.214477305028709, 18.047068767076873 ], [ 42.213707763240564, 18.051621886630411 ], [ 42.212745835556227, 18.054700053337786 ], [ 42.213900149136755, 18.057585834136717 ], [ 42.215246845918522, 18.05874014582853 ], [ 42.216337029669241, 18.05861188934832 ], [ 42.217811985212336, 18.056559778912892 ], [ 42.224481344681266, 18.052391429090054 ], [ 42.22589217129287, 18.04989041872679 ], [ 42.22589217129287, 18.048671977681732 ], [ 42.226533455218004, 18.045657940073923 ], [ 42.2279442818296, 18.043541700982594 ], [ 42.229483365405869, 18.042323261218428 ], [ 42.23012464933101, 18.040848305832871 ], [ 42.23012464933101, 18.040848305832871 ] ] ] ] } }
]
}
