{
"type": "FeatureCollection",
"name": "R13",
"crs": { "type": "name", "properties": { "name": "urn:ogc:def:crs:OGC:1.3:CRS84" } },
"features": [
{ "type": "Feature", "properties": { "REG_CODE": "R13", "Region_Nam": "الجوف", "region_n_1": "Al Jawf", "GovCounts": "4", "TotalConfi": 1248, "TotalDeath": 54, "TotalRecov": 1169, "TotalActiv": 25, "TotalCalcu": 580, "GlobalID": "{3fb5c281-87f9-433d-a4af-eb5b06cdb6cd}", "Shape__Are": 117211790791.0, "Shape__Len": 2125698.9790500002 }, "geometry": { "type": "MultiPolygon", "coordinates": [ [ [ [ 37.984196291845564, 31.749873145353352 ], [ 37.985420409913559, 31.74963043800377 ], [ 37.985620029044419, 31.749680048660888 ], [ 37.985620020061269, 31.749679953175011 ], [ 37.985260036380836, 31.746150047902731 ], [ 37.984629940074242, 31.744809932931435 ], [ 37.983920029352987, 31.743300049035888 ], [ 37.982780028629882, 31.740440049276131 ], [ 37.982019903880861, 31.736820048632971 ], [ 37.980499904114481, 31.733400049001744 ], [ 37.978779961823719, 31.730920007180622 ], [ 37.975740028766275, 31.729020048843992 ], [ 37.973260029100167, 31.726360049366484 ], [ 37.97155002936298, 31.724260048931139 ], [ 37.970257869302102, 31.721779935179558 ], [ 37.969070028798548, 31.719500049063143 ], [ 37.967994172278296, 31.71701991263927 ], [ 37.967170026395614, 31.7151199238128 ], [ 37.966970032667277, 31.711700048776748 ], [ 37.966970029074012, 31.71169992421212 ], [ 37.966970029074012, 31.708270049207115 ], [ 37.967740029002947, 31.705030049022344 ], [ 37.969270028815082, 31.702560048861418 ], [ 37.971170029421387, 31.699700049049849 ], [ 37.97345002907096, 31.696470048799096 ], [ 37.975930028737082, 31.694560048759559 ], [ 37.979550029126308, 31.692850049102987 ], [ 37.983160028571469, 31.691330049197219 ], [ 37.986769904049133, 31.689619924282894 ], [ 37.988870028639475, 31.687899923961218 ], [ 37.988870028639475, 31.686570049100805 ], [ 37.988300028727089, 31.684860048987126 ], [ 37.986590028989902, 31.683710048708932 ], [ 37.983540029411387, 31.68219004894274 ], [ 37.981738470685507, 31.680951476623925 ], [ 37.980500028980295, 31.680100048857071 ], [ 37.978326447352536, 31.678273509178037 ], [ 37.975740028766275, 31.676100049129037 ], [ 37.972507608303026, 31.672099926778724 ], [ 37.971739907162899, 31.671149920661261 ], [ 37.969650028756682, 31.66887004936558 ], [ 37.966970029074012, 31.664490049155869 ], [ 37.964510028601062, 31.658400049321816 ], [ 37.964305922385357, 31.657249947695803 ], [ 37.963360028730541, 31.651920048740028 ], [ 37.962980034178834, 31.647170049286245 ], [ 37.962980026093987, 31.647169923870276 ], [ 37.962790033309723, 31.643740048791091 ], [ 37.962790035106345, 31.643740019730217 ], [ 37.963360028730541, 31.640690048894417 ], [ 37.96527002938258, 31.638980049202001 ], [ 37.967740029002947, 31.636880049053104 ], [ 37.968690028856948, 31.634790049099667 ], [ 37.968880028827741, 31.632890048992284 ], [ 37.968120028944547, 31.630790049006031 ], [ 37.966410029207367, 31.629650048630886 ], [ 37.964130008896539, 31.627940001986218 ], [ 37.963550028701327, 31.626620049246732 ], [ 37.961270029051754, 31.624130048943424 ], [ 37.96051002916856, 31.618800049026635 ], [ 37.96051002916856, 31.61461004878576 ], [ 37.961840028964154, 31.6115700488652 ], [ 37.964130028659476, 31.609290048993014 ], [ 37.967740029002947, 31.604520049000755 ], [ 37.969650028756682, 31.601670048994936 ], [ 37.970039903878195, 31.598809924038616 ], [ 37.970039903878195, 31.595960049225035 ], [ 37.969840028727482, 31.5923400492463 ], [ 37.969772920084175, 31.59025608576189 ], [ 38.096021575192559, 31.512017482774688 ], [ 38.125708315371206, 31.501726080190828 ], [ 38.159599955308778, 31.48997697779172 ], [ 38.17849289656295, 31.48342742537853 ], [ 38.189422220721092, 31.478222984791984 ], [ 38.195708906862144, 31.475229325328485 ], [ 38.201584867085636, 31.472431248962476 ], [ 38.203784101902968, 31.454837366892999 ], [ 38.208182573334255, 31.440542337973039 ], [ 38.222477601892692, 31.410852662335177 ], [ 38.220278367075366, 31.393258779628454 ], [ 38.222477601892692, 31.36356910380518 ], [ 38.224676836710024, 31.327281721641253 ], [ 38.219753458996969, 31.315957952277795 ], [ 38.220050017126766, 31.316099945318751 ], [ 38.222320016730606, 31.318019944250825 ], [ 38.223360016097963, 31.319069945299329 ], [ 38.223419980439814, 31.3185919439379 ], [ 38.223710016800652, 31.316279944123547 ], [ 38.224930016093069, 31.313659943867517 ], [ 38.224930016991379, 31.310869944356703 ], [ 38.225110016916432, 31.309819943983602 ], [ 38.226330017107166, 31.307029944324714 ], [ 38.227020016670167, 31.303549944132435 ], [ 38.22947001709737, 31.302149944058829 ], [ 38.23138001595278, 31.301279945348412 ], [ 38.229820016901741, 31.299189944832584 ], [ 38.22964001607837, 31.295699944070336 ], [ 38.227370017372849, 31.293079944108015 ], [ 38.227370017372849, 31.290989943677626 ], [ 38.228070016981583, 31.287149944149331 ], [ 38.230860017167409, 31.283839943766246 ], [ 38.233480015677301, 31.279829944771052 ], [ 38.234350016063665, 31.276159945270873 ], [ 38.234520015942984, 31.273549944814349 ], [ 38.235740017032022, 31.270229943870138 ], [ 38.238360016440232, 31.26604994416785 ], [ 38.238880017022225, 31.262909944365937 ], [ 38.240450017017331, 31.260119943897145 ], [ 38.241850016234807, 31.257679943097894 ], [ 38.243590016109216, 31.254889943920784 ], [ 38.24412001673695, 31.253319945374191 ], [ 38.24691001692279, 31.251919943666618 ], [ 38.251270016205396, 31.249649943800627 ], [ 38.255980017089023, 31.248779943794702 ], [ 38.260340016371636, 31.248779943794702 ], [ 38.262430016050416, 31.247729944658804 ], [ 38.266440016426976, 31.245819945194068 ], [ 38.270270016878499, 31.246339944038144 ], [ 38.275510015694898, 31.246869944063704 ], [ 38.277250017365944, 31.249649943800627 ], [ 38.280220016578518, 31.248259943794892 ], [ 38.281440015870935, 31.245819945194068 ], [ 38.281440016769253, 31.242849943811589 ], [ 38.281440015870935, 31.240929943895743 ], [ 38.284050016131708, 31.242849945347665 ], [ 38.285970016829495, 31.244249944057319 ], [ 38.289110016819691, 31.244419943645156 ], [ 38.29155001720116, 31.243729943689559 ], [ 38.292250015911577, 31.241279943993135 ], [ 38.292770015595252, 31.238669944367366 ], [ 38.293820015906675, 31.237099944197944 ], [ 38.295740016604455, 31.236399944757874 ], [ 38.295740016604455, 31.233619943665346 ], [ 38.295390015901781, 31.231339943766937 ], [ 38.293120016297941, 31.230299943977336 ], [ 38.292250016809895, 31.227849944713125 ], [ 38.295040016995728, 31.226979945168029 ], [ 38.29748001737719, 31.224719943025036 ], [ 38.29731001570125, 31.221919943678969 ], [ 38.296260016288144, 31.219479943846864 ], [ 38.297140016720249, 31.21668994402836 ], [ 38.29783001718156, 31.212859945227571 ], [ 38.298700015771296, 31.209189943786395 ], [ 38.29801001710662, 31.206229944220247 ], [ 38.297660017302242, 31.202219944174541 ], [ 38.297660016403931, 31.198209943955366 ], [ 38.29504001609741, 31.195749944284639 ], [ 38.293820015906675, 31.193669944035985 ], [ 38.293820015906675, 31.190529944356637 ], [ 38.29155001720116, 31.188089943853203 ], [ 38.287720016749645, 31.185819943930319 ], [ 38.28423001605676, 31.184259943620603 ], [ 38.281260015945875, 31.182499942755303 ], [ 38.279000017286101, 31.180939943838908 ], [ 38.277250017365944, 31.179369944152388 ], [ 38.275860017295898, 31.177279943743784 ], [ 38.273760016673059, 31.175529943849352 ], [ 38.272720016407384, 31.172919943834053 ], [ 38.269230015714498, 31.17064994374249 ], [ 38.266790016231354, 31.168389943870892 ], [ 38.265570016938938, 31.165419943743508 ], [ 38.265220017134567, 31.163319943905964 ], [ 38.262950015734098, 31.162099943744924 ], [ 38.262780015854787, 31.15878994378112 ], [ 38.262250016125364, 31.157049944068838 ], [ 38.260340016371636, 31.15634994408839 ], [ 38.257370016260744, 31.155829943896691 ], [ 38.252670017219508, 31.154079945163858 ], [ 38.247950016290147, 31.153209943731806 ], [ 38.244460015597262, 31.153029945327976 ], [ 38.239580016630967, 31.153209943731806 ], [ 38.235400017273406, 31.153029943790436 ], [ 38.232080017358143, 31.152159944251945 ], [ 38.22947001709737, 31.151469945355139 ], [ 38.226500016986485, 31.151809944146823 ], [ 38.223890015827386, 31.152519944022142 ], [ 38.219000016815357, 31.152519944022142 ], [ 38.215170016363842, 31.14587994399939 ], [ 38.215170016363842, 31.141519943733133 ], [ 38.21865001701098, 31.137859943110826 ], [ 38.221270016419183, 31.136629943225213 ], [ 38.220400016032819, 31.133679944057015 ], [ 38.216560016433888, 31.131579943027639 ], [ 38.21272001683495, 31.131229943846972 ], [ 38.209060016262754, 31.13105994384491 ], [ 38.20644001685455, 31.130189944176717 ], [ 38.203480015891088, 31.129139944292934 ], [ 38.202780017180658, 31.12599994403412 ], [ 38.20156001698993, 31.123909943848165 ], [ 38.198600016924786, 31.119719944001599 ], [ 38.196680016227006, 31.117979944060831 ], [ 38.196170016589065, 31.115539943983748 ], [ 38.194410016623166, 31.113619944181615 ], [ 38.192320016944386, 31.112049945229419 ], [ 38.191970017140022, 31.109609944240376 ], [ 38.191100016753659, 31.107169944382015 ], [ 38.190400016246613, 31.103849943891809 ], [ 38.190400016246613, 31.099489944305123 ], [ 38.190040016396495, 31.096879943958886 ], [ 38.187960016763462, 31.094779944057365 ], [ 38.185690016261304, 31.092339943957505 ], [ 38.184010016661347, 31.087609943650317 ], [ 38.183010016578642, 31.086269943790473 ], [ 38.183420015759147, 31.08332994404363 ], [ 38.184560017380576, 31.078379942667379 ], [ 38.185510016336252, 31.074949944328068 ], [ 38.187420016988291, 31.072869943988472 ], [ 38.188750016783871, 31.071139943927424 ], [ 38.189700015739554, 31.069049944360813 ], [ 38.190080016579472, 31.066579943851735 ], [ 38.18894001585636, 31.064289943904416 ], [ 38.18723001611918, 31.062199943850906 ], [ 38.184360017364028, 31.058389944370504 ], [ 38.182080016816137, 31.054199944065296 ], [ 38.181710016920285, 31.051349943829386 ], [ 38.182460015859412, 31.048099944116036 ], [ 38.183230015788354, 31.044689944343865 ], [ 38.184180015642347, 31.041069943138396 ], [ 38.186080016248646, 31.039549943645028 ], [ 38.187980016854937, 31.038019943812078 ], [ 38.188750016783871, 31.036879943814121 ], [ 38.189510015768761, 31.034409944077222 ], [ 38.189700016637872, 31.031369943727015 ], [ 38.190650017390169, 31.027549943709836 ], [ 38.190840017360976, 31.024319944084812 ], [ 38.190460015622747, 31.021269944092982 ], [ 38.189890016608665, 31.019179943962346 ], [ 38.188180015973167, 31.016889943694441 ], [ 38.187420016089973, 31.015179943771646 ], [ 38.187790015985826, 31.01269994383804 ], [ 38.187980016854937, 31.008899944181113 ], [ 38.186460017088564, 31.006619944199915 ], [ 38.184180015642347, 31.003379943751089 ], [ 38.183420015759147, 30.999759944135299 ], [ 38.18246001675773, 30.995949944106073 ], [ 38.181320016034626, 30.99252994392765 ], [ 38.179990016239046, 30.990049943896384 ], [ 38.178280017400169, 30.988149943663313 ], [ 38.17466001701095, 30.986249943324914 ], [ 38.171810017448976, 30.983959943740267 ], [ 38.170470015811013, 30.980919945257043 ], [ 38.169330016884544, 30.978819943953415 ], [ 38.170850015752606, 30.972919944208396 ], [ 38.172180017344829, 30.967579943805685 ], [ 38.173330017215363, 30.96301994371224 ], [ 38.173520016287839, 30.959409943818279 ], [ 38.173330017215363, 30.956169943919758 ], [ 38.173140016346245, 30.949889943794147 ], [ 38.173520017186149, 30.947029944913023 ], [ 38.17428001706935, 30.944939943690073 ], [ 38.175800016835737, 30.943609943837298 ], [ 38.17790001566194, 30.941889944017149 ], [ 38.185320017263763, 30.936939944065617 ], [ 38.186460016190239, 30.934659943806331 ], [ 38.186460016190239, 30.931419943785951 ], [ 38.186080016248646, 30.927229944278928 ], [ 38.185510016336252, 30.923619943872794 ], [ 38.184750017351377, 30.919999943635137 ], [ 38.184360017364028, 30.916569943209844 ], [ 38.184750017351377, 30.913339943691465 ], [ 38.184940016423852, 30.905149942871887 ], [ 38.185510016336252, 30.901159944856477 ], [ 38.187030016102639, 30.896399943916993 ], [ 38.187790015985826, 30.893919944131284 ], [ 38.187980016854937, 30.889159944039623 ], [ 38.188560016813085, 30.884209943775122 ], [ 38.189510016667072, 30.880409944065086 ], [ 38.189890016608665, 30.876979942827251 ], [ 38.188560016813085, 30.873739945074327 ], [ 38.18760001691335, 30.871079944152804 ], [ 38.185890017176163, 30.868229943855539 ], [ 38.182850016745071, 30.864039943160883 ], [ 38.180560016151432, 30.860609943638131 ], [ 38.179410017179215, 30.859089943781392 ], [ 38.179610017195756, 30.858139943780866 ], [ 38.181900015992767, 30.858139943780866 ], [ 38.184560017380576, 30.858709942751371 ], [ 38.18684001703015, 30.859659944045113 ], [ 38.188560016813085, 30.859849943637105 ], [ 38.191220016404259, 30.859659944045113 ], [ 38.19465001592436, 30.859849943637105 ], [ 38.198650016255186, 30.860799943661057 ], [ 38.20169001578796, 30.861749944297177 ], [ 38.20569001611878, 30.862699944002763 ], [ 38.209300017360576, 30.864609944070569 ], [ 38.211970016997498, 30.865749944204847 ], [ 38.215210015648495, 30.866509943702738 ], [ 38.217490016196393, 30.865939944065879 ], [ 38.220330015712626, 30.865939944065879 ], [ 38.2228200163228, 30.865559943967249 ], [ 38.225680016828839, 30.864799943877713 ], [ 38.228150017347531, 30.863659943242016 ], [ 38.230050017055504, 30.863079943099997 ], [ 38.232530015823315, 30.863079943871103 ], [ 38.234810017269524, 30.863079943871103 ], [ 38.23825001683538, 30.861939944374441 ], [ 38.242240016222141, 30.86174994275494 ], [ 38.24490001671164, 30.861939944374441 ], [ 38.246620017392878, 30.863079943871103 ], [ 38.248520016202548, 30.864229944097701 ], [ 38.249850016896445, 30.866129944321411 ], [ 38.252520015635049, 30.87012994421692 ], [ 38.255560016964452, 30.8746999440067 ], [ 38.258610015644649, 30.876979944369246 ], [ 38.261650016974059, 30.878689944312569 ], [ 38.264130016640181, 30.880229943870123 ], [ 38.265840016377354, 30.881739942991349 ], [ 38.266790016231354, 30.884209943775122 ], [ 38.268310015997741, 30.885549943633922 ], [ 38.270030015780662, 30.886499944110362 ], [ 38.272120017256071, 30.887639943654513 ], [ 38.274980015965475, 30.888589942674798 ], [ 38.27783001642576, 30.889159944039623 ], [ 38.280880016004282, 30.889549943911494 ], [ 38.283920017333685, 30.889549943911494 ], [ 38.286400016101496, 30.890499944029909 ], [ 38.291730017126213, 30.892209943930329 ], [ 38.294020016821534, 30.892969944020773 ], [ 38.295920017427832, 30.893159943871805 ], [ 38.308480017388639, 30.892399943747524 ], [ 38.310390017142353, 30.89353994398466 ], [ 38.312100016879548, 30.895439944284089 ], [ 38.313810015718417, 30.896399943916993 ], [ 38.31667001712276, 30.897539944324656 ], [ 38.320090015698817, 30.898869944345854 ], [ 38.324850016811141, 30.899449943687191 ], [ 38.32771001731718, 30.899819942959596 ], [ 38.331330016808089, 30.899449942916377 ], [ 38.334370016340863, 30.89981994373041 ], [ 38.34047001639621, 30.900969943922512 ], [ 38.349220016895302, 30.901909943725002 ], [ 38.353210016282063, 30.902299943311821 ], [ 38.357400016583682, 30.902299944082614 ], [ 38.360450017060515, 30.902299944082614 ], [ 38.364640015565499, 30.902299944082614 ], [ 38.368440015879784, 30.90248994391839 ], [ 38.374730016804236, 30.902869944000177 ], [ 38.380050016884908, 30.903249944115014 ], [ 38.385960016969449, 30.903439944377524 ], [ 38.389190015574712, 30.903819943771122 ], [ 38.392050016080745, 30.904769943362922 ], [ 38.394710016570237, 30.906679944147658 ], [ 38.397190017134662, 30.908579944183607 ], [ 38.399090015944338, 30.909529944315061 ], [ 38.400620015756459, 30.909349944129975 ], [ 38.40157001561046, 30.908579942642124 ], [ 38.402900017202676, 30.907059943010353 ], [ 38.404610016939856, 30.90495994369137 ], [ 38.406330015824466, 30.904009943673003 ], [ 38.408420017299882, 30.904009943673003 ], [ 38.410320017007862, 30.904199943968507 ], [ 38.413370016586384, 30.905339943216788 ], [ 38.416220017046669, 30.906299943776226 ], [ 38.421360017202282, 30.907249944188184 ], [ 38.437160015814086, 30.909149943698516 ], [ 38.449920015791427, 30.910289943333591 ], [ 38.45259001632666, 30.910859942682833 ], [ 38.460380016926024, 30.911809944072662 ], [ 38.467440016881106, 30.912389943618702 ], [ 38.470660017237236, 30.912769943700649 ], [ 38.478660016102253, 30.914289944351268 ], [ 38.483040017272991, 30.915049944099199 ], [ 38.487420016647093, 30.915999943964874 ], [ 38.494650015583169, 30.916779943860362 ], [ 38.500360018346122, 30.917909944107773 ], [ 38.503990016984453, 30.918859944088776 ], [ 38.507020015573175, 30.920189943780013 ], [ 38.511020016802306, 30.921519944245535 ], [ 38.513500017366745, 30.922479944313579 ], [ 38.517300015884388, 30.924189943951401 ], [ 38.520540016332021, 30.925139943212116 ], [ 38.538430017317559, 30.931799943787809 ], [ 38.550800017307559, 30.935999943990485 ], [ 38.554420016798467, 30.937129942916865 ], [ 38.56108001672046, 30.938659944355202 ], [ 38.566600016817659, 30.939799943646481 ], [ 38.577840017028628, 30.942459943821216 ], [ 38.581070017430513, 30.943229943011186 ], [ 38.583930016139917, 30.943409944158557 ], [ 38.587540015585077, 30.943409944158557 ], [ 38.597250016882221, 30.943989943922912 ], [ 38.601440018082151, 30.943989943152463 ], [ 38.604870017602266, 30.943799944068974 ], [ 38.610390016801162, 30.943799944068974 ], [ 38.617430016664755, 30.943989943922912 ], [ 38.624280016557556, 30.943989943922912 ], [ 38.6277100178743, 30.943409942617635 ], [ 38.633420017043981, 30.942649944027757 ], [ 38.638750016272077, 30.942079943045428 ], [ 38.642940016573696, 30.941699943840685 ], [ 38.646740016887982, 30.941319943895589 ], [ 38.650180017352149, 30.941319943895589 ], [ 38.653600015928205, 30.941319943895589 ], [ 38.659310015996212, 30.941129944126967 ], [ 38.663120017254549, 30.940559943325383 ], [ 38.667690016599451, 30.939989943747491 ], [ 38.672630016738516, 30.940179944241304 ], [ 38.685010015875946, 30.940369944357425 ], [ 38.686910017380562, 30.940949944078863 ], [ 38.69053001597316, 30.941509944827466 ], [ 38.693570017302562, 30.941509944056989 ], [ 38.696610016835336, 30.941509944056989 ], [ 38.699280018268887, 30.941129944126967 ], [ 38.704990017438568, 30.940949943308375 ], [ 38.708610016929484, 30.940949943308375 ], [ 38.711660017406309, 30.941509944056989 ], [ 38.714700016939084, 30.941699943840685 ], [ 38.717560017445116, 30.941699943840685 ], [ 38.722320016760818, 30.941699943840685 ], [ 38.725750016280934, 30.9407499442271 ], [ 38.728980016682819, 30.939989945288474 ], [ 38.731830018041414, 30.939229942618372 ], [ 38.734310015910914, 30.937699944139364 ], [ 38.736600017402864, 30.936179944113793 ], [ 38.738500017110844, 30.933899944221675 ], [ 38.740400016818832, 30.932569944088449 ], [ 38.742870017337516, 30.931419943785951 ], [ 38.745160017032838, 30.930469943723914 ], [ 38.748580017405523, 30.929709943967737 ], [ 38.752580017736342, 30.929139943654125 ], [ 38.756580018067169, 30.928949944335706 ], [ 38.759440016776573, 30.928379944115331 ], [ 38.762100017266057, 30.927229944278928 ], [ 38.763630017078192, 30.925519942740163 ], [ 38.764000016974045, 30.922669944156173 ], [ 38.764000016974045, 30.91942994401883 ], [ 38.764000016974045, 30.916179943971635 ], [ 38.764580016932179, 30.91257994423367 ], [ 38.766480016640166, 30.910859944224281 ], [ 38.768380017246464, 30.909529944315061 ], [ 38.770100017029392, 30.909149943698516 ], [ 38.772200017652231, 30.90819994364859 ], [ 38.77390001644536, 30.906489944150536 ], [ 38.775050016315888, 30.904399943182479 ], [ 38.776000017068192, 30.902679944918638 ], [ 38.777330017762104, 30.899249944151755 ], [ 38.77847001668858, 30.897159944669152 ], [ 38.781140017223812, 30.896019944362081 ], [ 38.783800017713297, 30.896019944362081 ], [ 38.788370017058199, 30.895259943811343 ], [ 38.792560018258136, 30.894499944166025 ], [ 38.798460017398625, 30.894499944166025 ], [ 38.801320017006347, 30.893919944131284 ], [ 38.805120018218936, 30.894109943639105 ], [ 38.807030017972664, 30.894869944067274 ], [ 38.807790017855858, 30.896779942734636 ], [ 38.807790017855858, 30.899059944051935 ], [ 38.806640017985323, 30.900779944153058 ], [ 38.804930017349825, 30.903059942704584 ], [ 38.803410016685127, 30.904399943182479 ], [ 38.802840016772727, 30.906679944147658 ], [ 38.804170016568314, 30.90876994311456 ], [ 38.806270017191153, 30.910859944224281 ], [ 38.80931001672392, 30.911619944240918 ], [ 38.811600017317566, 30.912199944167895 ], [ 38.81426001690874, 30.910669944047722 ], [ 38.817310018283884, 30.909909944193419 ], [ 38.820920016830733, 30.909349944129975 ], [ 38.823600017411721, 30.909349944129975 ], [ 38.82644001692794, 30.909909944193419 ], [ 38.829110015666551, 30.911249944337779 ], [ 38.833480016791533, 30.912389943618702 ], [ 38.837480017122353, 30.912389943618702 ], [ 38.841480016554861, 30.912199944167895 ], [ 38.844530017930005, 30.911049944023596 ], [ 38.851190016953694, 30.908579944183607 ], [ 38.853860016590609, 30.907439944988816 ], [ 38.857850016875695, 30.907439944218055 ], [ 38.860320017394386, 30.908579944183607 ], [ 38.86318001610379, 30.910669943276996 ], [ 38.865280016726629, 30.912389943618702 ], [ 38.86737001730372, 30.914479944276188 ], [ 38.869450017835078, 30.917719944058437 ], [ 38.871180016765429, 30.920569942937593 ], [ 38.872700017430127, 30.922289944093553 ], [ 38.874220017196514, 30.923239942960691 ], [ 38.877650016716629, 30.923239943731318 ], [ 38.87993001726452, 30.923429944376085 ], [ 38.881450017030907, 30.924379944250202 ], [ 38.882220016959842, 30.926859943870358 ], [ 38.883740016726229, 30.930089943830325 ], [ 38.884690016580223, 30.931419943785951 ], [ 38.886790018101379, 30.931989944378234 ], [ 38.895160017760553, 30.932569944088449 ], [ 38.897450016557563, 30.933329942687418 ], [ 38.900110017047055, 30.934279942842849 ], [ 38.902580016667429, 30.935799943798422 ], [ 38.904120017423622, 30.938459944334799 ], [ 38.904680017290268, 30.941509944056989 ], [ 38.905060018130186, 30.944939943690073 ], [ 38.906770016969055, 30.947409943726246 ], [ 38.909070016710118, 30.948549944196067 ], [ 38.911150018139786, 30.949509943287396 ], [ 38.917240017251075, 30.95064994412569 ], [ 38.921050016712776, 30.951599943164886 ], [ 38.923520017231475, 30.953119943704092 ], [ 38.929050017374422, 30.958639944059801 ], [ 38.931710016067292, 30.960749944382986 ], [ 38.934760017442436, 30.96168994365345 ], [ 38.937990016946003, 30.962629943685748 ], [ 38.942370018116733, 30.962829943957548 ], [ 38.944270016926403, 30.962449944084398 ], [ 38.946370016650924, 30.961499944333905 ], [ 38.948840017169623, 30.959599944214425 ], [ 38.950740016877603, 30.957499943813684 ], [ 38.953220017442035, 30.956739944050931 ], [ 38.95646001609304, 30.955799943825092 ], [ 38.960450017276429, 30.955219944103064 ], [ 38.964640016679731, 30.954459943918383 ], [ 38.967690018054874, 30.954069945145534 ], [ 38.970540016718537, 30.954459943918383 ], [ 38.97321001725377, 30.955219944103064 ], [ 38.976830017642996, 30.957879944123626 ], [ 38.979690017250718, 30.959219943044161 ], [ 38.981960016854551, 30.959979943872781 ], [ 38.985010017331383, 30.960359944330197 ], [ 38.990340016559479, 30.961119943790461 ], [ 38.992050017194977, 30.963019945252849 ], [ 38.993580017905423, 30.965699944129124 ], [ 38.995860016656685, 30.967779943723368 ], [ 38.99719001735059, 30.970829944089079 ], [ 38.999290017075111, 30.973109943140614 ], [ 39.00176001759381, 30.975399944303881 ], [ 39.004810017172311, 30.976159944204962 ], [ 39.007470016763499, 30.976349943619791 ], [ 39.009190018343048, 30.975199944175408 ], [ 39.012610016919105, 30.973679943829971 ], [ 39.015470018323455, 30.972919944208396 ], [ 39.019460016811905, 30.972919944208396 ], [ 39.040590016448427, 30.972919944208396 ], [ 39.044780017648357, 30.973299944005319 ], [ 39.050110016876452, 30.972919944208396 ], [ 39.055060017061273, 30.973109943140614 ], [ 39.059630017304485, 30.973489943721635 ], [ 39.063250017693711, 30.973679943829971 ], [ 39.066860017138879, 30.974249944196512 ], [ 39.07067001660058, 30.974439944332527 ], [ 39.093890016814214, 30.977479944364916 ], [ 39.098270017086627, 30.978059943668299 ], [ 39.100940017621866, 30.97900994423431 ], [ 39.10493001700862, 30.97976994388571 ], [ 39.108360017427053, 30.980149943367191 ], [ 39.111410017005568, 30.980729944928015 ], [ 39.113310017611866, 30.980729944157854 ], [ 39.116170017219588, 30.980729944157854 ], [ 39.119020016781555, 30.980539944220695 ], [ 39.121690018215105, 30.980729944157854 ], [ 39.145290016573689, 30.981109943667466 ], [ 39.15005001768602, 30.980539942680366 ], [ 39.153290018133646, 30.980539944220695 ], [ 39.156710016709702, 30.980149944137363 ], [ 39.160140017128128, 30.979969943679816 ], [ 39.163560016602503, 30.979579942807387 ], [ 39.16738001700827, 30.97957994434773 ], [ 39.172700017088928, 30.979579942807387 ], [ 39.176130018405672, 30.979579942807387 ], [ 39.199730016764256, 30.980339944851004 ], [ 39.202780018139407, 30.980729944157854 ], [ 39.204870017818195, 30.981489943974353 ], [ 39.207350018382627, 30.981489943974353 ], [ 39.21001001707549, 30.981489943974353 ], [ 39.212643954743633, 30.981181026234538 ], [ 39.212896888886611, 30.980942144361208 ], [ 39.220952619231852, 30.978480670935003 ], [ 39.228337037666954, 30.976914278677683 ], [ 39.234378834976724, 30.975124117297934 ], [ 39.24288210509819, 30.973333953922253 ], [ 39.250714065106159, 30.970648711380907 ], [ 39.256755862415936, 30.969306089900076 ], [ 39.263245200400256, 30.968411008693241 ], [ 39.275776334796035, 30.966397075722771 ], [ 39.283384525365037, 30.965054453765163 ], [ 39.294125497960941, 30.962816751687935 ], [ 39.302852538419678, 30.961474130230602 ], [ 39.312474660227537, 30.962592981215263 ], [ 39.312982699741518, 30.96316198629745 ], [ 39.314710017200738, 30.962629943685748 ], [ 39.319470017414758, 30.96168994365345 ], [ 39.324040016759668, 30.961119943020151 ], [ 39.329940018595103, 30.961119943790461 ], [ 39.333740018011063, 30.961119943020151 ], [ 39.338500018225083, 30.961879944135628 ], [ 39.342120017715992, 30.961499944333905 ], [ 39.345750018150959, 30.960929944107225 ], [ 39.348780016739667, 30.960359944330197 ], [ 39.352210018056418, 30.959599944214425 ], [ 39.354490017705992, 30.959219943044161 ], [ 39.35640001835803, 30.95730994386215 ], [ 39.358490018036811, 30.955799943825092 ], [ 39.360580016817281, 30.954649944146226 ], [ 39.362870018309223, 30.953309944285923 ], [ 39.366870017741732, 30.952549944313631 ], [ 39.370480018085225, 30.951029943950431 ], [ 39.373150017722139, 30.949129944351004 ], [ 39.375240018299237, 30.946459943859793 ], [ 39.376950018036418, 30.942649944027757 ], [ 39.379240017731746, 30.938279943111098 ], [ 39.38152001827963, 30.933329944228507 ], [ 39.384190017916559, 30.927619943930466 ], [ 39.38647001756614, 30.924759943715458 ], [ 39.388190018247371, 30.922479944313579 ], [ 39.390470017896952, 30.921329942889212 ], [ 39.393520016577156, 30.919999943635137 ], [ 39.397320016891442, 30.918099943779755 ], [ 39.401320017222261, 30.916779944631035 ], [ 39.429300017649894, 30.906679944147658 ], [ 39.431590017345215, 30.906469943682666 ], [ 39.433490017951513, 30.906299943776226 ], [ 39.437680017354822, 30.906299943776226 ], [ 39.443580017393614, 30.906489944150536 ], [ 39.449290018359939, 30.906859943959276 ], [ 39.45214001792192, 30.907249942646676 ], [ 39.455190016602117, 30.908389944104709 ], [ 39.45805001710815, 30.910099942796027 ], [ 39.461660018349953, 30.91257994423367 ], [ 39.465470017811654, 30.915239944056275 ], [ 39.470040018953192, 30.917339944369047 ], [ 39.473460018427552, 30.91942994401883 ], [ 39.475940017195356, 30.922479942772306 ], [ 39.478420017759795, 30.924759942944846 ], [ 39.481270018220087, 30.925709944249807 ], [ 39.482559557895271, 30.92599567287084 ], [ 39.483846522100549, 30.926280831163982 ], [ 39.483225203232607, 30.926467895177417 ], [ 39.491747675741586, 30.930914402872972 ], [ 39.499714336329774, 30.936287266891696 ], [ 39.512868588020702, 30.942586485851457 ], [ 39.52620811184908, 30.952961671099708 ], [ 39.533989501198121, 30.957593450326762 ], [ 39.536027483930376, 30.957593450326762 ], [ 39.538250737901784, 30.954814383085687 ], [ 39.540473991873171, 30.951850043764026 ], [ 39.543623601141967, 30.949441518952526 ], [ 39.546587940069934, 30.948329892262091 ], [ 39.552887158607525, 30.948329892262091 ], [ 39.555480955955524, 30.949441518952526 ], [ 39.554925142238091, 30.953517485309735 ], [ 39.557333667448624, 30.954999654079884 ], [ 39.560853819195714, 30.956111280973118 ], [ 39.56678249615333, 30.95870507707787 ], [ 39.583456901387962, 30.963336855883536 ], [ 39.591238289838699, 30.96296631429675 ], [ 39.599946033586825, 30.963336855883536 ], [ 39.612173930878669, 30.96315158488472 ], [ 39.623104930394824, 30.961484145126743 ], [ 39.642187859043361, 30.957963992730718 ], [ 39.645708010790443, 30.955184924714757 ], [ 39.646134812958344, 30.954659630808916 ], [ 39.647290017667629, 30.954949942885094 ], [ 39.650800017553685, 30.954619942756811 ], [ 39.652400017686013, 30.95271994367679 ], [ 39.654630017106875, 30.95271994367679 ], [ 39.657180017991514, 30.95271994367679 ], [ 39.661000018397274, 30.951759943711728 ], [ 39.661320018064416, 30.949209943644458 ], [ 39.661960018297009, 30.948249943850229 ], [ 39.663550018383603, 30.946659944089404 ], [ 39.665150017617613, 30.945699944100529 ], [ 39.665690018291095, 30.94324994426831 ], [ 39.667250017342134, 30.943229943781656 ], [ 39.668770018006832, 30.943039943957693 ], [ 39.669530017890025, 30.941889944017149 ], [ 39.670670017714812, 30.939419943852414 ], [ 39.671820016687036, 30.936749944066225 ], [ 39.672580018366865, 30.934659943806331 ], [ 39.674680017193076, 30.932369943655829 ], [ 39.676390018726885, 30.931049944178302 ], [ 39.678100017565761, 30.928189944057429 ], [ 39.680190018142845, 30.924949943652521 ], [ 39.683810016735443, 30.920569942937593 ], [ 39.686860018110586, 30.916569943209844 ], [ 39.690850018395665, 30.912009944339822 ], [ 39.696940018405265, 30.905339943987556 ], [ 39.701700017720974, 30.900589944006498 ], [ 39.706460017934994, 30.896589943899748 ], [ 39.713310017827787, 30.891829943935914 ], [ 39.723140016978888, 30.884289944177766 ], [ 39.724740018009534, 30.8830699442697 ], [ 39.730830018019141, 30.878689944312569 ], [ 39.736350018116347, 30.8746999440067 ], [ 39.742630017198429, 30.87069994438313 ], [ 39.749670017960348, 30.867649942832635 ], [ 39.757290017782076, 30.865379943638288 ], [ 39.763950017704069, 30.863659943242016 ], [ 39.767560018047554, 30.863279944130309 ], [ 39.771950019264033, 30.863469942717771 ], [ 39.775940017752475, 30.863659944013122 ], [ 39.780130018054102, 30.864039943931996 ], [ 39.784510018326515, 30.864989944079397 ], [ 39.790220018394528, 30.866129944321411 ], [ 39.79555001762261, 30.867839942783178 ], [ 39.799350017936895, 30.869939942637167 ], [ 39.802210018442928, 30.871269942701616 ], [ 39.805070017152332, 30.873169943712156 ], [ 39.806970017758623, 30.875079944107792 ], [ 39.809830017366345, 30.876789943262782 ], [ 39.811550018047598, 30.877739945027631 ], [ 39.814210017638764, 30.87849994428392 ], [ 39.818010017953043, 30.881359943860495 ], [ 39.821060018429876, 30.883449944327289 ], [ 39.82734001661364, 30.887639943654513 ], [ 39.831720018682695, 30.890499944029909 ], [ 39.836090018909374, 30.892969944020773 ], [ 39.841610018108263, 30.895259943040486 ], [ 39.849610017871591, 30.89791994401363 ], [ 39.856270017793584, 30.899629943990998 ], [ 39.862930017715591, 30.901729943854146 ], [ 39.872270019116876, 30.90495994369137 ], [ 39.880260017936145, 30.907439944218055 ], [ 39.885590018062551, 30.909149943698516 ], [ 39.887870017712139, 30.909149943698516 ], [ 39.890540018247371, 30.907819943146233 ], [ 39.892250017984551, 30.906109943795506 ], [ 39.893950017675998, 30.903439944377524 ], [ 39.894730017650666, 30.900969943922512 ], [ 39.895110017592266, 30.89791994401363 ], [ 39.896250018315371, 30.894499944166025 ], [ 39.897960018052551, 30.890499943259016 ], [ 39.899480017818938, 30.888209943734864 ], [ 39.903480018149764, 30.88535994410406 ], [ 39.906150016888368, 30.883449944327289 ], [ 39.909000018246971, 30.882309944258235 ], [ 39.912240018694604, 30.88097994322241 ], [ 39.915660018168971, 30.880029944284846 ], [ 39.918520017776693, 30.87849994428392 ], [ 39.921760018224312, 30.876789943262782 ], [ 39.925180018596997, 30.875839943644454 ], [ 39.931470017724834, 30.8746999440067 ], [ 39.936410017863906, 30.874319943940812 ], [ 39.939650019209843, 30.87373994430331 ], [ 39.942310017902706, 30.872409943818621 ], [ 39.944980018437946, 30.870889943685249 ], [ 39.947070018116712, 30.868599944216708 ], [ 39.949170016942922, 30.866319944200367 ], [ 39.951070018447538, 30.864989944079397 ], [ 39.953740018982771, 30.86384994416083 ], [ 39.957160017558827, 30.861939944374441 ], [ 39.96002001806486, 30.860609943638131 ], [ 39.963250017568434, 30.859089943781392 ], [ 39.965920019001985, 30.858329944071219 ], [ 39.969150017607234, 30.857949943885199 ], [ 39.971630018171666, 30.857559944178146 ], [ 39.973920017866995, 30.856609943672197 ], [ 39.976200018414886, 30.854139944121659 ], [ 39.984000018161673, 30.844049943777819 ], [ 39.986290017856994, 30.843099943662601 ], [ 39.989140018317279, 30.841569942742701 ], [ 39.991240018041808, 30.839289944093935 ], [ 39.992380017866601, 30.837009943723871 ], [ 39.993710018560499, 30.83357994406817 ], [ 39.995420018297686, 30.830339943133424 ], [ 39.997520018022207, 30.826729943920981 ], [ 40.001700019176397, 30.823679944253854 ], [ 40.004940017827401, 30.821389943931162 ], [ 40.009320018099828, 30.819299943915528 ], [ 40.013130019358158, 30.817399944269155 ], [ 40.01597001797608, 30.816069944063194 ], [ 40.019220017571129, 30.815499944068403 ], [ 40.026640018274634, 30.815499944068403 ], [ 40.028740017999155, 30.815879942640617 ], [ 40.031400019386965, 30.815309943832819 ], [ 40.035400017921162, 30.814159944333884 ], [ 40.041680018799873, 30.813779944357954 ], [ 40.045300019189099, 30.813589943806285 ], [ 40.048340017823556, 30.814349943758149 ], [ 40.052720018095975, 30.815499944068403 ], [ 40.054990017699815, 30.815309943832819 ], [ 40.057290018339188, 30.814539942806608 ], [ 40.059190018945486, 30.813209943118579 ], [ 40.060710018711873, 30.811689943081163 ], [ 40.061480018640808, 30.809209943936697 ], [ 40.06205001765489, 30.806169942926442 ], [ 40.06205001765489, 30.802359943849837 ], [ 40.063380018348795, 30.79892994421412 ], [ 40.0645200190719, 30.796839944018807 ], [ 40.066430018825628, 30.79475994306539 ], [ 40.069660018329202, 30.792649943744017 ], [ 40.07271001790771, 30.791129944148267 ], [ 40.076320019149506, 30.789229943851939 ], [ 40.07880001791731, 30.787329943825778 ], [ 40.081840019246712, 30.784469944172173 ], [ 40.084510018883627, 30.781419942722621 ], [ 40.087170017576497, 30.778759943677727 ], [ 40.09136001787811, 30.775329944143188 ], [ 40.094610019269801, 30.77266994419006 ], [ 40.097260018815234, 30.771139943659875 ], [ 40.100120018422956, 30.770189943332014 ], [ 40.102210018101729, 30.770189943332014 ], [ 40.105640017621852, 30.769429943109348 ], [ 40.109070018040271, 30.768289943871075 ], [ 40.113060019223667, 30.767149944250274 ], [ 40.117440017699444, 30.766189943317681 ], [ 40.120870018117877, 30.765809944371632 ], [ 40.123150018665768, 30.76599994364625 ], [ 40.12563001833189, 30.766569943850932 ], [ 40.127720018908988, 30.767149942706517 ], [ 40.130770019385821, 30.768289943871075 ], [ 40.133810018020277, 30.768859943634556 ], [ 40.136860017598792, 30.769429943109348 ], [ 40.140670017958811, 30.769989943652241 ], [ 40.144280019200608, 30.770759942647388 ], [ 40.148090017764005, 30.771899944270245 ], [ 40.150760018299238, 30.772479944191083 ], [ 40.153990018701123, 30.772089943870832 ], [ 40.156660018338044, 30.771329943989304 ], [ 40.159890017841612, 30.770379943993532 ], [ 40.165990018795277, 30.767909943954173 ], [ 40.168270018444858, 30.767719943047116 ], [ 40.170740018065224, 30.767719943818992 ], [ 40.173030017760553, 30.768289943871075 ], [ 40.175500019177562, 30.768479943652785 ], [ 40.177790018872884, 30.768479943652785 ], [ 40.180260017594946, 30.767719943818992 ], [ 40.182930018130179, 30.766569943850932 ], [ 40.185210018678077, 30.76542994315335 ], [ 40.188830018168986, 30.764289943618941 ], [ 40.19149001865847, 30.764099944056255 ], [ 40.194160018295392, 30.764479944350363 ], [ 40.197580017769766, 30.765239944297274 ], [ 40.200440018275792, 30.766379944157794 ], [ 40.203100018765284, 30.767529944080568 ], [ 40.207100019096103, 30.770189944103873 ], [ 40.211290017601101, 30.771899944270245 ], [ 40.21510001796112, 30.773239944251365 ], [ 40.218510019186382, 30.774939943797797 ], [ 40.220810018927438, 30.7766599439407 ], [ 40.222710018635425, 30.778949942851515 ], [ 40.22385001935853, 30.781039942952532 ], [ 40.224230018401812, 30.783329944094742 ], [ 40.22538001827234, 30.785419943946923 ], [ 40.226900018937044, 30.786749943917737 ], [ 40.228800017746714, 30.787509943910887 ], [ 40.230510018382219, 30.789039944149653 ], [ 40.23166001825274, 30.790939944341943 ], [ 40.232610019005051, 30.793419944243528 ], [ 40.233560017960727, 30.794939943902794 ], [ 40.234890017756314, 30.79721994385676 ], [ 40.235080018625425, 30.799709943980385 ], [ 40.235650019436136, 30.801219943692288 ], [ 40.238130018203947, 30.802549944233203 ], [ 40.240410018751831, 30.804259943896845 ], [ 40.241940017665655, 30.804839943875166 ], [ 40.245360018936651, 30.805029943984849 ], [ 40.248790019355077, 30.805979944299224 ], [ 40.252980018758379, 30.806169942926442 ], [ 40.255640019247878, 30.807119944315367 ], [ 40.258310018884792, 30.808449942671032 ], [ 40.261540018388359, 30.811119944871418 ], [ 40.264210018025281, 30.81282994401375 ], [ 40.264780017937674, 30.8151099438691 ], [ 40.265540018719179, 30.818929943943065 ], [ 40.266490017674869, 30.821589943932604 ], [ 40.267830019312818, 30.824059943632875 ], [ 40.270300018034888, 30.825199944318346 ], [ 40.272200017742861, 30.827299944376239 ], [ 40.272200017742861, 30.829199944080838 ], [ 40.272400017759409, 30.831099943980295 ], [ 40.27296001942269, 30.834149943962284 ], [ 40.274490019234818, 30.837579944073841 ], [ 40.276770017986081, 30.839099943882378 ], [ 40.27887001860892, 30.840239944136819 ], [ 40.280770019215218, 30.840809943813237 ], [ 40.283620018777192, 30.839859944014147 ], [ 40.286290018414107, 30.839479943929323 ], [ 40.288000018151294, 30.840239944136819 ], [ 40.288570018063695, 30.841959944220193 ], [ 40.288570018962005, 30.844429944275227 ], [ 40.288380018991205, 30.847479944041396 ], [ 40.286860019224818, 30.849949943120258 ], [ 40.285530019429238, 30.852419944151269 ], [ 40.285530019429238, 30.854139944121659 ], [ 40.286860019224818, 30.855849944357395 ], [ 40.288960018051029, 30.856419943829771 ], [ 40.291430017671416, 30.856609943672197 ], [ 40.294080019013478, 30.856229942839743 ], [ 40.296380018754533, 30.855459943821678 ], [ 40.298280019360838, 30.855279943810682 ], [ 40.300000019143759, 30.856609943672197 ], [ 40.303040017778216, 30.857759944384242 ], [ 40.305520019240966, 30.857759942841934 ], [ 40.307420018948953, 30.857759944384242 ], [ 40.310280017658357, 30.857179944025486 ], [ 40.313510018060242, 30.85794994311405 ], [ 40.316750019406193, 30.858139943780866 ], [ 40.321130018780288, 30.857949943885199 ], [ 40.324930019094566, 30.857369943133307 ], [ 40.328750018602015, 30.856229944382065 ], [ 40.331780018987367, 30.854709942960891 ], [ 40.334450018624281, 30.854139944121659 ], [ 40.336350019230579, 30.853569944208367 ], [ 40.33826001808599, 30.852619944279894 ], [ 40.340160018692295, 30.850709945228701 ], [ 40.344730018037183, 30.844999943741932 ], [ 40.347970017586505, 30.842909943282105 ], [ 40.34930001917872, 30.841759944234035 ], [ 40.35139001795919, 30.841759944234035 ], [ 40.35406001939274, 30.842339943739589 ], [ 40.357290017997997, 30.84423994421465 ], [ 40.360330018429082, 30.845949944325746 ], [ 40.36205001821201, 30.846519944016958 ], [ 40.363580018922455, 30.845559943641177 ], [ 40.365480017732111, 30.844999943741932 ], [ 40.36795001914912, 30.844429944275227 ], [ 40.373280018377223, 30.844429944275227 ], [ 40.377470018678842, 30.844429944275227 ], [ 40.381470018111344, 30.8436699440892 ], [ 40.384130017702518, 30.843669943317934 ], [ 40.387560019019269, 30.84423994421465 ], [ 40.390800018568576, 30.846519944016958 ], [ 40.393460019058075, 30.847279943221761 ], [ 40.395940018724197, 30.847099944055689 ], [ 40.39784001843217, 30.846329944239095 ], [ 40.39955001816935, 30.844429944275227 ], [ 40.401070017935737, 30.841959942677629 ], [ 40.40222001870459, 30.839859944014147 ], [ 40.404120019310881, 30.837769944209512 ], [ 40.405830019048075, 30.837389944333335 ], [ 40.40869001865579, 30.838149944123693 ], [ 40.412120018175898, 30.838909944837233 ], [ 40.415920019388501, 30.839099943882378 ], [ 40.418010019067282, 30.838529944075841 ], [ 40.419730018850203, 30.836809942676975 ], [ 40.420870018674989, 30.834529944325219 ], [ 40.423540018311911, 30.831489944037724 ], [ 40.425820017961485, 30.830709943881168 ], [ 40.428490017598413, 30.830709943881168 ], [ 40.430390018204704, 30.831679943887281 ], [ 40.433060018739944, 30.833009943103225 ], [ 40.435340019287835, 30.833389944122615 ], [ 40.437240018995816, 30.83319994380097 ], [ 40.439720018661937, 30.831869944132137 ], [ 40.441620019268235, 30.829959944696252 ], [ 40.443140018136305, 30.827869943761684 ], [ 40.444670018846757, 30.825199944318346 ], [ 40.445820018717285, 30.823489944000418 ], [ 40.448470018262718, 30.821969943867835 ], [ 40.450950018827157, 30.821589943932604 ], [ 40.454750019141429, 30.82025994388982 ], [ 40.458940017646427, 30.8189299431716 ], [ 40.462940018875564, 30.818349944161863 ], [ 40.467320018249666, 30.818349944161863 ], [ 40.469410018826757, 30.819679943654531 ], [ 40.473790019099177, 30.823489944000418 ], [ 40.476260018719557, 30.823299943371037 ], [ 40.478740019283997, 30.822729943084415 ], [ 40.480640018991977, 30.821389943931162 ], [ 40.482740018716498, 30.82025994388982 ], [ 40.48521001923519, 30.8189299431716 ], [ 40.486930019018118, 30.818159944163568 ], [ 40.489590017710981, 30.817779943810869 ], [ 40.492270019190265, 30.817399944269155 ], [ 40.493970018881711, 30.816639943761434 ], [ 40.495110017808187, 30.814539944349612 ], [ 40.495300018677298, 30.812069944380784 ], [ 40.496060018560492, 30.810359944055243 ], [ 40.497390019254404, 30.809399943892458 ], [ 40.500060018891311, 30.808829942898004 ], [ 40.503300018440626, 30.807689943109352 ], [ 40.507680018713046, 30.806359944264234 ], [ 40.513950017749394, 30.80368994404623 ], [ 40.516240019241344, 30.802359943849837 ], [ 40.519290018819852, 30.799709943980385 ], [ 40.520810018586246, 30.797789944269425 ], [ 40.522330019250951, 30.796649943922322 ], [ 40.524230018060607, 30.796649943922322 ], [ 40.526140018712653, 30.796839944018807 ], [ 40.528040019318951, 30.795319944306616 ], [ 40.530710018955865, 30.79436994279564 ], [ 40.532800018634646, 30.792839944029499 ], [ 40.537940017891941, 30.790939944341943 ], [ 40.540610019325491, 30.789989944308669 ], [ 40.542510019033472, 30.789989944308669 ], [ 40.543650017959955, 30.790369944213616 ], [ 40.545940017655269, 30.790749944160162 ], [ 40.554880019023479, 30.790559944374618 ], [ 40.557740018631193, 30.789989944308669 ], [ 40.559640019237499, 30.78922994308024 ], [ 40.56174001896202, 30.788079944015504 ], [ 40.564210017684083, 30.786939944286196 ], [ 40.566490019130292, 30.786369944369806 ], [ 40.568780018825613, 30.785609943856187 ], [ 40.572970019127233, 30.783899944279057 ], [ 40.57601001866, 30.782559943829853 ], [ 40.580960018844827, 30.781039942952532 ], [ 40.584200019292446, 30.780469944341451 ], [ 40.588390018695755, 30.779889943966555 ], [ 40.592590019043115, 30.779329943932179 ], [ 40.595810019399259, 30.778759943677727 ], [ 40.59771001910724, 30.777809943723277 ], [ 40.600000018802568, 30.7766599439407 ], [ 40.603810020060898, 30.774939943025977 ], [ 40.606660017826243, 30.773999943711353 ], [ 40.610850019026181, 30.772859943813845 ], [ 40.614270019398866, 30.772089943098994 ], [ 40.616940019035781, 30.771709944294493 ], [ 40.637120018818315, 30.7717099427508 ], [ 40.641300019074201, 30.769989943652241 ], [ 40.64511001943422, 30.768479942880909 ], [ 40.648160019012728, 30.767339943195157 ], [ 40.650820018603909, 30.765039942821133 ], [ 40.654630018963935, 30.763159943830331 ], [ 40.658060019382354, 30.762389944237338 ], [ 40.661670018827529, 30.762199943239928 ], [ 40.665670019158348, 30.761999943938115 ], [ 40.669100018678456, 30.762389942693495 ], [ 40.672140019109548, 30.762959944207424 ], [ 40.676900019323561, 30.764099944828164 ], [ 40.68052001881447, 30.765039944364929 ], [ 40.685470018100965, 30.766569943850932 ], [ 40.688890019371968, 30.767339943195157 ], [ 40.692700018833683, 30.768669943831235 ], [ 40.696130019252102, 30.769809943970973 ], [ 40.702220018363384, 30.771329943989304 ], [ 40.706790018606604, 30.772089943870832 ], [ 40.715730019076503, 30.773999942939529 ], [ 40.722210019073437, 30.774939943797797 ], [ 40.730200018791031, 30.776469944103024 ], [ 40.736480018771431, 30.777229944289481 ], [ 40.742200018885178, 30.777429944356179 ], [ 40.747520018965837, 30.777809943723277 ], [ 40.756850019423077, 30.778179943797312 ], [ 40.760480018061408, 30.779139943193599 ], [ 40.762940019432676, 30.780089943905391 ], [ 40.765990019011191, 30.780849944048072 ], [ 40.769040017691388, 30.780849944048072 ], [ 40.773600018787178, 30.780659943224748 ], [ 40.777790019088805, 30.780659943224748 ], [ 40.781600019448824, 30.780849944048072 ], [ 40.785980018822926, 30.781799943306734 ], [ 40.797400018958939, 30.783519944274286 ], [ 40.805010018734926, 30.784659942871333 ], [ 40.823470018734533, 30.787509943910887 ], [ 40.829000019775798, 30.788079944015504 ], [ 40.839470020057824, 30.78922994308024 ], [ 40.846320019052307, 30.789419943178803 ], [ 40.862680020225703, 30.791129944148267 ], [ 40.877350019058447, 30.792649943744017 ], [ 40.879630018708035, 30.793989943266634 ], [ 40.88134001934354, 30.795129942749156 ], [ 40.882500018361497, 30.796649943922322 ], [ 40.884010018980455, 30.79721994385676 ], [ 40.885720018717642, 30.796649943922322 ], [ 40.887820019340474, 30.795509943945248 ], [ 40.890100018990054, 30.794559944311867 ], [ 40.892770018626969, 30.793599943731532 ], [ 40.895620019087254, 30.793599943731532 ], [ 40.898860018636576, 30.793989943266634 ], [ 40.903620018850589, 30.794179943218893 ], [ 40.910470018743375, 30.794559944311867 ], [ 40.915990018840596, 30.794939943131133 ], [ 40.921130018996202, 30.795509943945248 ], [ 40.925700019239422, 30.796269944146026 ], [ 40.930080018613516, 30.79759994373579 ], [ 40.934460018885943, 30.798169944209999 ], [ 40.939210019054208, 30.798549944191581 ], [ 40.943020020312552, 30.798739943619012 ], [ 40.947020019745061, 30.799129943906852 ], [ 40.952540019842267, 30.799509943951268 ], [ 40.961490018561278, 30.799509943951268 ], [ 40.983380018979297, 30.799509943951268 ], [ 40.988140019193317, 30.799129943906852 ], [ 40.992890019361589, 30.79892994421412 ], [ 40.996510018852504, 30.799509943179647 ], [ 40.99975001930013, 30.799709943980385 ], [ 41.002980018803704, 30.799889944036579 ], [ 41.006220018353019, 30.799709943980385 ], [ 41.009270018829845, 30.798549944191581 ], [ 41.012310019260937, 30.798359943616941 ], [ 41.015170018868645, 30.797979943655857 ], [ 41.018790020156189, 30.79759994373579 ], [ 41.021830018790652, 30.797029942968098 ], [ 41.024300019309337, 30.795889943639228 ], [ 41.027160018917058, 30.794559944311867 ], [ 41.029630020334068, 30.793219942702322 ], [ 41.032870018985058, 30.792649943744017 ], [ 41.035340018605439, 30.792459943083053 ], [ 41.039720019776169, 30.792839944029499 ], [ 41.042770019354691, 30.792839944029499 ], [ 41.044290019121078, 30.79245994385473 ], [ 41.046000019756576, 30.791699943629514 ], [ 41.046960018757993, 30.789809944235671 ], [ 41.047910018611987, 30.787889944356046 ], [ 41.049620019247484, 30.785989943320303 ], [ 41.051530019001206, 30.785039943774002 ], [ 41.05438001856318, 30.784839943323615 ], [ 41.056850019081871, 30.784839944095342 ], [ 41.060270020352874, 30.784839944095342 ], [ 41.062760019166419, 30.784279944325913 ], [ 41.065420019655917, 30.783709944078463 ], [ 41.069230018219308, 30.781989942649918 ], [ 41.072270020447029, 30.781419944266148 ], [ 41.074750019214832, 30.780089943905391 ], [ 41.077410018806006, 30.778379944204325 ], [ 41.08046002018115, 30.776469943331211 ], [ 41.084640018640393, 30.774759944114479 ], [ 41.086930019234032, 30.773999943711353 ], [ 41.089990018858288, 30.772859943042015 ], [ 41.093210019214432, 30.772859943042015 ], [ 41.100640019963691, 30.773049943834284 ], [ 41.103110018685747, 30.772859943042015 ], [ 41.105590019250187, 30.771899944270245 ], [ 41.107490018958174, 30.770949942955294 ], [ 41.109010019622872, 30.769239943659549 ], [ 41.111300019318193, 30.767149942706517 ], [ 41.113390019895284, 30.763909943346622 ], [ 41.114720018792561, 30.761239943882217 ], [ 41.115670018646554, 30.758389942725749 ], [ 41.115860018617347, 30.754959944324945 ], [ 41.115670020443176, 30.751159944307872 ], [ 41.115670018646554, 30.747539944084792 ], [ 41.114160019824226, 30.745439943311954 ], [ 41.112630020012091, 30.742399943230581 ], [ 41.112440020041291, 30.738209943200872 ], [ 41.11263001911378, 30.734969943677807 ], [ 41.113390018996967, 30.731929943709343 ], [ 41.114910018763354, 30.730029943679032 ], [ 41.116250018604688, 30.72792994270139 ], [ 41.117580019298586, 30.726029944128854 ], [ 41.119860018948174, 30.724699943772521 ], [ 41.121570018685354, 30.722789943632478 ], [ 41.123290019366593, 30.720509944079765 ], [ 41.124060019295534, 30.718409942681401 ], [ 41.124060019295534, 30.715939944243463 ], [ 41.123100020294117, 30.714039944158493 ], [ 41.121960018672695, 30.711369944081049 ], [ 41.121570019583672, 30.708899942976128 ], [ 41.121570019583672, 30.706229944276302 ], [ 41.121960019571013, 30.703369943895517 ], [ 41.122720018555889, 30.700519944149306 ], [ 41.123480019337393, 30.698619943126154 ], [ 41.12462001916218, 30.696709943246557 ], [ 41.126140018928567, 30.695759944278446 ], [ 41.127860018711502, 30.694619943060765 ], [ 41.129570019347, 30.692709944356618 ], [ 41.130520019200986, 30.690429943701073 ], [ 41.130890019096846, 30.688339942722831 ], [ 41.131860019042321, 30.686049942744575 ], [ 41.133380018808708, 30.685479942876221 ], [ 41.135090019444206, 30.683959944287231 ], [ 41.13584002017997, 30.681869943854757 ], [ 41.136230020167311, 30.67995994398213 ], [ 41.135470019385806, 30.6772999432559 ], [ 41.132800019748885, 30.671969942687657 ], [ 41.131660019924098, 30.668539943856668 ], [ 41.130330019230186, 30.664349943289075 ], [ 41.129000019434599, 30.659969943377931 ], [ 41.127290018799101, 30.654829943932182 ], [ 41.12462001916218, 30.647599944100946 ], [ 41.122150018643488, 30.639419942672326 ], [ 41.12062001883136, 30.632369943928783 ], [ 41.119860018948174, 30.625899944316611 ], [ 41.12043001886056, 30.622659943088149 ], [ 41.12043001886056, 30.61828994390234 ], [ 41.120820019746219, 30.611049943267837 ], [ 41.121380017816243, 30.607239944062073 ], [ 41.122720020352517, 30.602869943238669 ], [ 41.123480020235704, 30.598869943740787 ], [ 41.12481001913298, 30.590489943069848 ], [ 41.125940018912033, 30.585539944182294 ], [ 41.128050018682295, 30.580019944163048 ], [ 41.129570019347, 30.575269942681359 ], [ 41.13166001902578, 30.571459944256279 ], [ 41.132780018759085, 30.569369943098131 ], [ 41.134520020430131, 30.56692994278453 ], [ 41.136610018312275, 30.565409942998748 ], [ 41.138120018931239, 30.564019943308598 ], [ 41.1396300204485, 30.562499942794322 ], [ 41.141490019075206, 30.560309943384333 ], [ 41.142190018683948, 30.558329943016979 ], [ 41.143700020201223, 30.555669943206652 ], [ 41.14637001983813, 30.551709943270158 ], [ 41.147880017762148, 30.549619942937547 ], [ 41.149270018730505, 30.548109942737533 ], [ 41.150550019195698, 30.547409943699527 ], [ 41.153170018603895, 30.547089943651908 ], [ 41.158100018697233, 30.546829943126696 ], [ 41.162050019697645, 30.546719942813908 ], [ 41.166470019254724, 30.546249942957147 ], [ 41.170640018566544, 30.546249942957147 ], [ 41.174710020115874, 30.547059944221949 ], [ 41.178430020064212, 30.548809942917323 ], [ 41.182030018565328, 30.551479943134769 ], [ 41.184240018793027, 30.55484994334855 ], [ 41.186790018779341, 30.559259943017171 ], [ 41.188540019597809, 30.564139943983793 ], [ 41.190170018969056, 30.569719944107288 ], [ 41.191900019696035, 30.574249942896707 ], [ 41.193180020161229, 30.578309942747048 ], [ 41.194460018829787, 30.582149942918772 ], [ 41.196440018903708, 30.585399943723417 ], [ 41.198870019239436, 30.588529943325799 ], [ 41.200270019355223, 30.590969943782746 ], [ 41.202590019187781, 30.593059943340442 ], [ 41.205260018824688, 30.595039943018534 ], [ 41.207820018856751, 30.596319943719514 ], [ 41.211070019350124, 30.597249943633113 ], [ 41.213140018937423, 30.597919944208261 ], [ 41.217320020091606, 30.598869943740787 ], [ 41.219610018888616, 30.599629943000451 ], [ 41.222080020305626, 30.600389943257309 ], [ 41.224180020030147, 30.601339943313047 ], [ 41.226460018781417, 30.602679944344686 ], [ 41.228940019345856, 30.603439943870189 ], [ 41.231600019835341, 30.603439943870189 ], [ 41.23446002034138, 30.603059943306384 ], [ 41.238080018933971, 30.602679944344686 ], [ 41.240550020350973, 30.602679944344686 ], [ 41.242830019102243, 30.603819942943325 ], [ 41.245310019666675, 30.605529944293373 ], [ 41.250640018894771, 30.60914994415878 ], [ 41.256350018962777, 30.612579943665711 ], [ 41.258630020408987, 30.613719944026265 ], [ 41.261110019176797, 30.614289942652483 ], [ 41.263770018767971, 30.614099942967826 ], [ 41.266060019361603, 30.613899942774932 ], [ 41.268910018923584, 30.61333994436653 ], [ 41.271190020369787, 30.612189943858908 ], [ 41.274050019079183, 30.611439943027154 ], [ 41.277480018599306, 30.610289943149372 ], [ 41.280710019001191, 30.60895994366664 ], [ 41.284510019315476, 30.608389943046316 ], [ 41.287950018881318, 30.608199944155782 ], [ 41.292510019078804, 30.608389943046316 ], [ 41.295750018628112, 30.60876994280175 ], [ 41.297840020103521, 30.609339942731875 ], [ 41.299750018958932, 30.610289943149372 ], [ 41.307550018705712, 30.616569943802986 ], [ 41.309260019341224, 30.61752994262843 ], [ 41.310980019124152, 30.61789994312926 ], [ 41.312690018861332, 30.617139942659158 ], [ 41.314210020424348, 30.616189943731982 ], [ 41.316310019250551, 30.615429943754236 ], [ 41.318410018975079, 30.615429943754236 ], [ 41.32031001868306, 30.615619943921413 ], [ 41.321640019376957, 30.616389943833202 ], [ 41.322210019289365, 30.617529944174589 ], [ 41.322400019260158, 30.619239943869037 ], [ 41.323730019055745, 30.620379943119175 ], [ 41.325830018780273, 30.620379943892221 ], [ 41.328500020213816, 30.620189943789896 ], [ 41.330970018935879, 30.619999944087716 ], [ 41.33325001858546, 30.61884994383076 ], [ 41.337820019726998, 30.617899943902334 ], [ 41.34867001995061, 30.616569943802986 ], [ 41.367320019022699, 30.613529943223142 ], [ 41.373230020005558, 30.612769943240462 ], [ 41.385220019155653, 30.611619943694688 ], [ 41.388260019586738, 30.611619942921553 ], [ 41.391500019136053, 30.612579942892594 ], [ 41.394930019554479, 30.614099943740932 ], [ 41.40387001912606, 30.618669944234647 ], [ 41.410730019064594, 30.622469942822786 ], [ 41.41415001943728, 30.623619943364229 ], [ 41.41643001908686, 30.624379943207604 ], [ 41.418920018798715, 30.624569944361813 ], [ 41.421200020244932, 30.624569942815778 ], [ 41.423670019865312, 30.624189943999479 ], [ 41.427480019327021, 30.623619944137264 ], [ 41.430340018934736, 30.623619944137264 ], [ 41.433770019353162, 30.623999942872327 ], [ 41.436810018885936, 30.624759942823985 ], [ 41.439470020273738, 30.625899944316611 ], [ 41.441570019998267, 30.627799944019049 ], [ 41.443660018778729, 30.62951994323236 ], [ 41.445550019339287, 30.630659942762406 ], [ 41.447660020007866, 30.630659944308352 ], [ 41.449560018817536, 30.63008994313023 ], [ 41.451080018583923, 30.628749942636258 ], [ 41.451650019394634, 30.626659943262755 ], [ 41.451840019365427, 30.623619943364229 ], [ 41.45203001933622, 30.617709944344131 ], [ 41.451470020367886, 30.615049943074457 ], [ 41.451650019394634, 30.61314994281776 ], [ 41.45203001933622, 30.611439943027154 ], [ 41.452990019235955, 30.608769944348047 ], [ 41.453560019148355, 30.60685994294256 ], [ 41.453560020046673, 30.604199943618507 ], [ 41.45280002016348, 30.600769944242856 ], [ 41.452420020221886, 30.594489943643431 ], [ 41.452800019265162, 30.591829944141029 ], [ 41.454130019959067, 30.590299943097538 ], [ 41.456030019667047, 30.589349943062 ], [ 41.458510019333168, 30.589349943062 ], [ 41.461740019735053, 30.590489943843142 ], [ 41.467640018875549, 30.593159943739632 ], [ 41.471830019177169, 30.594679943907025 ], [ 41.476020020377099, 30.595819943077949 ], [ 41.479060019909873, 30.596009943826726 ], [ 41.483060020240693, 30.596399943830171 ], [ 41.488960020279492, 30.595439942782484 ], [ 41.491250019974821, 30.595059943316588 ], [ 41.493910019565995, 30.596009943826726 ], [ 41.497720019926021, 30.596399943830171 ], [ 41.502290020169234, 30.595629944276372 ], [ 41.508570019251316, 30.5942999430073 ], [ 41.517140019825355, 30.592199943844467 ], [ 41.519610019445736, 30.592199943071183 ], [ 41.521510020052041, 30.592969944362164 ], [ 41.524560019630549, 30.594109942771894 ], [ 41.527990020048982, 30.595059944089844 ], [ 41.534460019101857, 30.594869943798074 ], [ 41.537320019607897, 30.594299943780566 ], [ 41.540170020068182, 30.593349944291131 ], [ 41.542640018790237, 30.591829944141029 ], [ 41.547590019873375, 30.587829944361904 ], [ 41.550260020408608, 30.586309942705267 ], [ 41.553300019941375, 30.585739944155666 ], [ 41.558250019227877, 30.583639942802236 ], [ 41.563390020281801, 30.58116994372627 ], [ 41.568340019568303, 30.577739944338671 ], [ 41.570250019322025, 30.574689943876916 ], [ 41.571960019059212, 30.573359943002586 ], [ 41.574250019652844, 30.57239994424997 ], [ 41.575960019390031, 30.571839944198807 ], [ 41.579380019762716, 30.57183994265192 ], [ 41.585290019847257, 30.571269943339999 ], [ 41.588330020278356, 30.571079942824966 ], [ 41.59234001885828, 30.569939944294102 ], [ 41.600130020355955, 30.566319943171838 ], [ 41.604510019730064, 30.565179942844644 ], [ 41.609070019029218, 30.564989944323887 ], [ 41.61214001959754, 30.564219944351464 ], [ 41.616310019807678, 30.564029943950665 ], [ 41.618030019590599, 30.563269943267649 ], [ 41.620880020050883, 30.56212994423068 ], [ 41.623740018760287, 30.56155994278345 ], [ 41.626410019295527, 30.561749943380075 ], [ 41.629070019785011, 30.56231994293762 ], [ 41.631730019376192, 30.563079943326972 ], [ 41.634010019924084, 30.5636499428063 ], [ 41.636310018766835, 30.563649944353319 ], [ 41.637440019444192, 30.562499942794322 ], [ 41.63783001943154, 30.560799943638241 ], [ 41.638190020179962, 30.558129942983697 ], [ 41.638770019239786, 30.55603994319501 ], [ 41.639730020037838, 30.554709942680386 ], [ 41.641820019716619, 30.553949943265341 ], [ 41.64410002026451, 30.553559942700446 ], [ 41.647720019755418, 30.553369943087358 ], [ 41.65020001942154, 30.552799942790166 ], [ 41.651340020144637, 30.551469944293743 ], [ 41.651530019217127, 30.549379944209196 ], [ 41.651354976195805, 30.548500119151388 ], [ 41.651150020173844, 30.547469943881151 ], [ 41.649430020390923, 30.544809942762598 ], [ 41.646580019930632, 30.542899943048123 ], [ 41.643720019424599, 30.541379943673995 ], [ 41.641820019716619, 30.540619942801687 ], [ 41.6414400188767, 30.53794994335448 ], [ 41.640110019979424, 30.536429943875209 ], [ 41.637630020313303, 30.5343399426968 ], [ 41.636310019665153, 30.533389943965691 ], [ 41.635350019765418, 30.53089994272165 ], [ 41.633820019953284, 30.525579942637933 ], [ 41.633260020086638, 30.520629943276756 ], [ 41.633060020070097, 30.516629942616525 ], [ 41.631730019376192, 30.51339994422489 ], [ 41.630210019609805, 30.511099943723167 ], [ 41.627740019091114, 30.508259943306456 ], [ 41.625450019395792, 30.506359942865405 ], [ 41.622410018964707, 30.504639944294428 ], [ 41.620120020167697, 30.502929943134838 ], [ 41.617650019648998, 30.500639943637122 ], [ 41.615360019953677, 30.498549942914153 ], [ 41.61214001959754, 30.496459942953859 ], [ 41.607360019292038, 30.493979943192588 ], [ 41.602240020126231, 30.491129944043404 ], [ 41.598990019632858, 30.489219944334767 ], [ 41.595180019272831, 30.487699942954553 ], [ 41.591950018870946, 30.486749942808643 ], [ 41.589090020161542, 30.48541994281705 ], [ 41.585480019818057, 30.482749942779698 ], [ 41.583000020151935, 30.480279944270887 ], [ 41.581100018647327, 30.477229943276352 ], [ 41.57977001975005, 30.474379942915306 ], [ 41.579380019762716, 30.471329943680722 ], [ 41.579190018893598, 30.467899943262051 ], [ 41.579960019720858, 30.463909943143403 ], [ 41.580910018676526, 30.456099943634438 ], [ 41.58167001855972, 30.450769944326897 ], [ 41.581480018588927, 30.440679942844586 ], [ 41.581860019428838, 30.43439994418981 ], [ 41.582620019312024, 30.42925994272878 ], [ 41.583950019107618, 30.425639944331518 ], [ 41.585090019830723, 30.422599943692248 ], [ 41.586810019613644, 30.419549944380794 ], [ 41.588900020190742, 30.416509943793667 ], [ 41.591190018987753, 30.413079943925027 ], [ 41.594420019389638, 30.410609942634419 ], [ 41.599180019603658, 30.407179943068726 ], [ 41.603940019817664, 30.403559943733516 ], [ 41.60927001994407, 30.399579943741113 ], [ 41.613270020274904, 30.396709943219825 ], [ 41.616310019807678, 30.395759944015399 ], [ 41.618970020297162, 30.394809944094423 ], [ 41.622220019892218, 30.393669942686074 ], [ 41.62716002003129, 30.391949942624439 ], [ 41.630210018711487, 30.390619942979335 ], [ 41.635920018779494, 30.38890994273379 ], [ 41.648670019609405, 30.384339943257025 ], [ 41.653620019794225, 30.382249944051011 ], [ 41.656682814077328, 30.380658958747929 ], [ 41.658760019949831, 30.379579942891219 ], [ 41.664280019148727, 30.375769942956044 ], [ 41.666950018785649, 30.373109943151917 ], [ 41.668470018552036, 30.371389943132211 ], [ 41.669610020173458, 30.368919943948274 ], [ 41.670370020056644, 30.367009943173052 ], [ 41.672860019768507, 30.365869942985594 ], [ 41.67609002106871, 30.365869943760668 ], [ 41.67989001958636, 30.36719994307483 ], [ 41.682940020063192, 30.368729944288319 ], [ 41.687510020306398, 30.372149943682011 ], [ 41.693410019446894, 30.37462994337757 ], [ 41.697980019690114, 30.375959942884933 ], [ 41.703300018872461, 30.37709994400284 ], [ 41.708830019913727, 30.378059942912166 ], [ 41.713580019183681, 30.378249943039773 ], [ 41.721010019932926, 30.378059942137181 ], [ 41.726720019102622, 30.378819942756525 ], [ 41.733760018966215, 30.378819941981551 ], [ 41.741570019657068, 30.380529943661227 ], [ 41.752230019909881, 30.381479942946676 ], [ 41.754890020399365, 30.381479942946676 ], [ 41.75680001925479, 30.380339944090966 ], [ 41.757560020036294, 30.37843994279805 ], [ 41.759650018816757, 30.375389942765366 ], [ 41.761170020379772, 30.373679942615354 ], [ 41.763080019235183, 30.371389943132211 ], [ 41.765740019724674, 30.368729942738202 ], [ 41.768600020230714, 30.365679942824915 ], [ 41.771260019821888, 30.362259944243782 ], [ 41.775060020136173, 30.357309942981775 ], [ 41.777360019877229, 30.354829944321281 ], [ 41.779640020425127, 30.352169943122917 ], [ 41.78230001911799, 30.348929943745549 ], [ 41.784400019740822, 30.345879944299725 ], [ 41.787250020201107, 30.342079943354946 ], [ 41.789540018998117, 30.338839943305437 ], [ 41.792390020356727, 30.335039942751902 ], [ 41.795630019906035, 30.33160994267671 ], [ 41.798100020424734, 30.329319943873276 ], [ 41.799250020295261, 30.326479943278208 ], [ 41.801150020003249, 30.324569942950493 ], [ 41.802670019769636, 30.322849943319678 ], [ 41.805150020334068, 30.320569942919665 ], [ 41.807620019954449, 30.318279944224123 ], [ 41.81010001962057, 30.315999943709464 ], [ 41.815430020645294, 30.312379943300627 ], [ 41.819050020136203, 30.309719944250816 ], [ 41.823230020392081, 30.307239942890089 ], [ 41.828370019649377, 30.30324994300075 ], [ 41.831040019286291, 30.300389943362934 ], [ 41.83313001986339, 30.298869942661934 ], [ 41.834840018702259, 30.298869942661934 ], [ 41.836360020265275, 30.298869942661934 ], [ 41.839030019902196, 30.298489943264745 ], [ 41.841130019626718, 30.297149943353737 ], [ 41.842650019393105, 30.295819941675685 ], [ 41.843790020116209, 30.293349942893993 ], [ 41.844170020057796, 30.290869943199304 ], [ 41.844740019970203, 30.287829942706487 ], [ 41.845310020780907, 30.28382994276906 ], [ 41.846840019694724, 30.279829941882628 ], [ 41.847790020447029, 30.276409943368396 ], [ 41.849120020242623, 30.272979944116614 ], [ 41.851400019892196, 30.271269942815398 ], [ 41.853690019587511, 30.269549943705595 ], [ 41.856160020106209, 30.268029943063265 ], [ 41.859400018757206, 30.266119942931773 ], [ 41.861870020174223, 30.26364994286061 ], [ 41.864350019840344, 30.260599943340829 ], [ 41.866630020388229, 30.257559943256663 ], [ 41.869680019966751, 30.253179943961051 ], [ 41.870820019791537, 30.250329943134719 ], [ 41.872330020410494, 30.248229944268253 ], [ 41.874240020164223, 30.24480994310148 ], [ 41.875960019947151, 30.242329943106974 ], [ 41.878050019625924, 30.240619942816316 ], [ 41.880720020161164, 30.238139942636241 ], [ 41.88433002140296, 30.234529942779048 ], [ 41.888900019849551, 30.229769942958931 ], [ 41.893850020034364, 30.224439944324889 ], [ 41.903370019564079, 30.216629943102596 ], [ 41.907180019924098, 30.213589942904413 ], [ 41.910790020267576, 30.21148994323924 ], [ 41.914410018860174, 30.208829944224441 ], [ 41.919930019855698, 30.204259941739085 ], [ 41.923550021143235, 30.200829943127964 ], [ 41.929640019356206, 30.194929942775119 ], [ 41.9366800192198, 30.189979944157567 ], [ 41.941820020273731, 30.186369944221902 ], [ 41.944300019939853, 30.185219942878458 ], [ 41.948480019297413, 30.18407994284631 ], [ 41.952670019599033, 30.181799942806194 ], [ 41.959140020448551, 30.176849942828962 ], [ 41.964290020649898, 30.173989943962322 ], [ 41.967900020095072, 30.172089943153455 ], [ 41.970380019761194, 30.170569943159006 ], [ 41.973420020192279, 30.169609942815615 ], [ 41.9755200199168, 30.167709943775215 ], [ 41.977990018638856, 30.164859943339003 ], [ 41.987700019936007, 30.156479943328907 ], [ 41.989790019614787, 30.154389943649488 ], [ 41.990550020396292, 30.151909943137213 ], [ 41.990750021311158, 30.149819942935824 ], [ 41.991130020354433, 30.147529942896828 ], [ 41.991320020325233, 30.145439943113526 ], [ 41.993030020062413, 30.142389943655761 ], [ 41.994170018988896, 30.140669942851275 ], [ 41.996650019553321, 30.138019944148795 ], [ 41.99684002132075, 30.135539943094617 ], [ 41.996270019611728, 30.132109942915736 ], [ 41.9947400197996, 30.12906994338088 ], [ 41.99284002009162, 30.126209944094001 ], [ 41.990750020412833, 30.123939942896694 ], [ 41.9882700198484, 30.122219943035446 ], [ 41.984270020415892, 30.120869943021528 ], [ 41.9818000198972, 30.120499942742519 ], [ 41.978750020318685, 30.118989942982143 ], [ 41.976090020727511, 30.115549942912594 ], [ 41.971900018629263, 30.111939943113818 ], [ 41.968660019978259, 30.109269942978525 ], [ 41.965240019605574, 30.106989943298785 ], [ 41.961810020085466, 30.105269942811066 ], [ 41.955530020105073, 30.103939942634153 ], [ 41.948100021152449, 30.101649942973669 ], [ 41.943530020010918, 30.100709943292486 ], [ 41.940490019579819, 30.100129942700232 ], [ 41.936680020118118, 30.09918994332952 ], [ 41.931750020024793, 30.098609943144137 ], [ 41.927550019677426, 30.097659943112678 ], [ 41.925450019952905, 30.096899941643365 ], [ 41.921650019638626, 30.096139942103044 ], [ 41.918600020060104, 30.096139942103044 ], [ 41.915170018743368, 30.094609942866217 ], [ 41.912320019181394, 30.09384994281972 ], [ 41.909460019573679, 30.093659943255378 ], [ 41.90527002017037, 30.09384994281972 ], [ 41.899750020073164, 30.094039942796147 ], [ 41.896140019729678, 30.093659943255378 ], [ 41.89290002018037, 30.092519942864822 ], [ 41.889290018938574, 30.089869943896325 ], [ 41.88643002022917, 30.087569942744516 ], [ 41.882620019869151, 30.085859943837292 ], [ 41.879960020277977, 30.085289943071963 ], [ 41.875770019976351, 30.084709942957545 ], [ 41.871960019616331, 30.084919944035075 ], [ 41.868350020171157, 30.085099943382296 ], [ 41.864920019752724, 30.085099943382296 ], [ 41.861680020203416, 30.085099943382296 ], [ 41.859020019713931, 30.085669942910826 ], [ 41.855970020135416, 30.086049943621447 ], [ 41.852550019762724, 30.086049942844163 ], [ 41.847600019577918, 30.085859943837292 ], [ 41.843790020116209, 30.084919943257773 ], [ 41.838650019960596, 30.083949942215646 ], [ 41.835610020427822, 30.082429941867375 ], [ 41.832560019052679, 30.080719942704302 ], [ 41.830460020226475, 30.078809942878689 ], [ 41.828370019649377, 30.077489942661437 ], [ 41.824560020187668, 30.076529943384013 ], [ 41.821330019785783, 30.075579944216674 ], [ 41.818470020178061, 30.073869943251108 ], [ 41.815430019746977, 30.071199943365365 ], [ 41.812950020080855, 30.068529942959049 ], [ 41.81010001962057, 30.064539943214054 ], [ 41.807050019143738, 30.060349942931971 ], [ 41.805640019880521, 30.058549943944605 ], [ 41.803060018858659, 30.055779942923039 ], [ 41.801580020173553, 30.053949942649265 ], [ 41.799740019841714, 30.05154994280683 ], [ 41.796610019897258, 30.048599943374715 ], [ 41.794390019623819, 30.046199942963451 ], [ 41.791440021401051, 30.043809943696328 ], [ 41.788130020633226, 30.041949942721882 ], [ 41.786100020330586, 30.040299942705392 ], [ 41.785040019973422, 30.039309943192357 ], [ 41.782600018693643, 30.038289943198457 ], [ 41.778760019993015, 30.0347999440644 ], [ 41.775620020002819, 30.033059943374738 ], [ 41.772830019816986, 30.030619943050016 ], [ 41.769000020263789, 30.027839943117456 ], [ 41.764810019063852, 30.023999943122885 ], [ 41.761330021111668, 30.019459943291331 ], [ 41.759580020293193, 30.014929943275138 ], [ 41.758540020027517, 30.009699943162953 ], [ 41.757840020418776, 30.001679942681392 ], [ 41.756790020107353, 29.992269942643631 ], [ 41.755750019841685, 29.983899942822106 ], [ 41.754350020624202, 29.973439943133286 ], [ 41.75191002024274, 29.968559943344243 ], [ 41.748780019399973, 29.962629943158607 ], [ 41.74599001921414, 29.958789942910613 ], [ 41.74385002020496, 29.955649943053441 ], [ 41.740230019815733, 29.954319943361568 ], [ 41.738330019209435, 29.954319943361568 ], [ 41.736240020428973, 29.954699942642918 ], [ 41.734140019806134, 29.954889941738948 ], [ 41.731090020227619, 29.95488994329558 ], [ 41.727670019854934, 29.954699942642918 ], [ 41.724430020305611, 29.954129943176245 ], [ 41.721770019816127, 29.952799943387351 ], [ 41.716630019660521, 29.951079942777447 ], [ 41.713970019171022, 29.949749942665413 ], [ 41.709970018840202, 29.948989942954178 ], [ 41.705590020364419, 29.94860994286633 ], [ 41.702740019904127, 29.948229943661531 ], [ 41.700260019339687, 29.94822994288316 ], [ 41.698360019631714, 29.94822994288316 ], [ 41.696640019848779, 29.948029943005221 ], [ 41.693790019388487, 29.946329942981688 ], [ 41.691510018840596, 29.945569942042365 ], [ 41.689220020043585, 29.94575994223786 ], [ 41.688270020189599, 29.946709943219428 ], [ 41.685790018726848, 29.948419942667062 ], [ 41.683510019077268, 29.949369943146667 ], [ 41.680080019557153, 29.950519943055003 ], [ 41.669800019245933, 29.951469943709437 ], [ 41.66752001959636, 29.952609942632325 ], [ 41.665420019871839, 29.954129941619598 ], [ 41.663140020222251, 29.955079942028501 ], [ 41.659520019833032, 29.955649943053441 ], [ 41.657240020183444, 29.956219943145239 ], [ 41.654190019706625, 29.956799941932193 ], [ 41.651150019275526, 29.956419942894481 ], [ 41.648290019667819, 29.95526994273326 ], [ 41.644490020251851, 29.952799943387351 ], [ 41.641820019716619, 29.949749942665413 ], [ 41.638580020167304, 29.947279943188782 ], [ 41.635920018779494, 29.945759943016256 ], [ 41.631360020378651, 29.944799943802028 ], [ 41.623170018847894, 29.943469942990742 ], [ 41.619550020255303, 29.943079943378148 ], [ 41.614980019113766, 29.943279943091067 ], [ 41.610410019768871, 29.943469942990742 ], [ 41.607750020177697, 29.942709942771259 ], [ 41.606410020336362, 29.940809941727299 ], [ 41.604510019730064, 29.936429943088466 ], [ 41.600510019399245, 29.929949942056854 ], [ 41.598800019662058, 29.92709994323533 ], [ 41.592140018841746, 29.9204399430031 ], [ 41.589090021059853, 29.917389942886576 ], [ 41.587570020395162, 29.914159943341055 ], [ 41.586810019613644, 29.911109943190755 ], [ 41.586430019672058, 29.907299942649416 ], [ 41.586810019613644, 29.904449944107373 ], [ 41.587950020336756, 29.901779943012137 ], [ 41.589090020161542, 29.899119942761494 ], [ 41.589660019175625, 29.896629943194299 ], [ 41.589280020132342, 29.893789942113941 ], [ 41.587950019438445, 29.891679941816015 ], [ 41.585860019759657, 29.890359943178559 ], [ 41.58167001855972, 29.888839942210705 ], [ 41.570440019292825, 29.885219942623809 ], [ 41.564540021050654, 29.882939942660364 ], [ 41.554450019811917, 29.879699944362851 ], [ 41.551780020174988, 29.877799942791825 ], [ 41.550450020379408, 29.875319941913833 ], [ 41.550450020379408, 29.873419943362702 ], [ 41.550640020350201, 29.870559942220009 ], [ 41.550840018570121, 29.867709943221797 ], [ 41.550260020408608, 29.865049942996091 ], [ 41.549120019685503, 29.862559943237876 ], [ 41.547020019960975, 29.860479942613889 ], [ 41.544930020282202, 29.858569943318198 ], [ 41.542640018790237, 29.857429942867903 ], [ 41.53960001925747, 29.856479941765492 ], [ 41.534080019160257, 29.855339943154497 ], [ 41.53104001962749, 29.854189942627219 ], [ 41.527030020149247, 29.85304994279506 ], [ 41.523230019834962, 29.852479942671803 ], [ 41.513710019406929, 29.852659942078173 ], [ 41.509140020062027, 29.851909943189661 ], [ 41.50552001877449, 29.851339942790499 ], [ 41.500960020373647, 29.850199942357946 ], [ 41.491630019916421, 29.847149943286542 ], [ 41.480400019751208, 29.842579942294542 ], [ 41.4764000203187, 29.841439943925181 ], [ 41.472780019929473, 29.840109943147787 ], [ 41.463840018561264, 29.837249942795744 ], [ 41.457740020302545, 29.835729942268411 ], [ 41.454890018943942, 29.834969943072529 ], [ 41.44823001992026, 29.832869942755845 ], [ 41.44271001982306, 29.831349941826463 ], [ 41.440040019287821, 29.830399942751072 ], [ 41.438140019579834, 29.830399944309651 ], [ 41.435280019972112, 29.830209943098993 ], [ 41.432620018584316, 29.82944994165716 ], [ 41.431280018742981, 29.827729942685174 ], [ 41.429760019874912, 29.824879942927094 ], [ 41.429000019991719, 29.820119943181478 ], [ 41.429190019064194, 29.816309942199791 ], [ 41.429000019093401, 29.812309942388438 ], [ 41.429760019874912, 29.806409943071298 ], [ 41.430900019699706, 29.801259943013168 ], [ 41.432620018584316, 29.797849943240998 ], [ 41.434140020147325, 29.796129943188724 ], [ 41.436230019826112, 29.795369943047383 ], [ 41.439470020273738, 29.795369943047383 ], [ 41.442900019793846, 29.794989942760971 ], [ 41.446130019297421, 29.794229941756779 ], [ 41.449370018846743, 29.793659943647153 ], [ 41.45222001930702, 29.792709941921579 ], [ 41.45470001987146, 29.791189943166486 ], [ 41.457180020435892, 29.78870994163411 ], [ 41.459840019128755, 29.78623994294923 ], [ 41.461740019735053, 29.782999942214101 ], [ 41.462700019634788, 29.780139943068765 ], [ 41.462880018661529, 29.777669942670091 ], [ 41.461360018895142, 29.775379942731536 ], [ 41.458890019274762, 29.773859942819488 ], [ 41.455450018810595, 29.772909942660444 ], [ 41.452990019235955, 29.771199941654981 ], [ 41.450890018613123, 29.768719941648857 ], [ 41.45013001962824, 29.766439942156154 ], [ 41.449370018846743, 29.763389943163439 ], [ 41.449560018817536, 29.758439942725968 ], [ 41.449560019715854, 29.755019941614453 ], [ 41.449180019774253, 29.752539941969296 ], [ 41.44823001992026, 29.747399942844066 ], [ 41.448420018992742, 29.743609942974341 ], [ 41.44861001986186, 29.739409943380245 ], [ 41.448040019949467, 29.735589941946277 ], [ 41.447280019167955, 29.728369941751705 ], [ 41.44555002023759, 29.719229943292991 ], [ 41.445180020341745, 29.713139941632676 ], [ 41.445750020254138, 29.709899943224563 ], [ 41.44690002012468, 29.707619942732734 ], [ 41.44823001992026, 29.703809942866059 ], [ 41.451650020292945, 29.6927699433414 ], [ 41.452990020134273, 29.687059942766403 ], [ 41.454130019959067, 29.682679942621061 ], [ 41.455450019708906, 29.680209942310057 ], [ 41.456220019637847, 29.678679942163782 ], [ 41.459080020143873, 29.67601994322608 ], [ 41.460220019968666, 29.674119942043415 ], [ 41.460220019968666, 29.671449943345799 ], [ 41.45965002005628, 29.668599943379387 ], [ 41.458700020202279, 29.666119942336532 ], [ 41.456600018681129, 29.661169942169643 ], [ 41.455450018810595, 29.658319942887527 ], [ 41.455080018914742, 29.654699941675062 ], [ 41.454890018943942, 29.652409942187123 ], [ 41.455450018810595, 29.650509943148691 ], [ 41.456410018710329, 29.648799943092758 ], [ 41.456790020448558, 29.646889942064199 ], [ 41.456410018710329, 29.645179942970753 ], [ 41.455650018827136, 29.642709943056957 ], [ 41.455270019783853, 29.640419941716591 ], [ 41.455270019783853, 29.636429943113011 ], [ 41.455840019696254, 29.618519941668687 ], [ 41.456790020448558, 29.615099942895789 ], [ 41.457940020319086, 29.612059942281729 ], [ 41.458130019391568, 29.608249942301192 ], [ 41.458890020173079, 29.606159942636481 ], [ 41.46060001991026, 29.603869942300769 ], [ 41.46117001982266, 29.601399941806921 ], [ 41.461550018865935, 29.597399942631391 ], [ 41.462700019634788, 29.594169943369053 ], [ 41.464030019430375, 29.591689943364603 ], [ 41.465550019196762, 29.589789942751135 ], [ 41.470880020221493, 29.586739943199454 ], [ 41.472600019106096, 29.585029942005157 ], [ 41.472600019106096, 29.583129941762998 ], [ 41.47202002004628, 29.581409942225964 ], [ 41.471070020192286, 29.579319941904721 ], [ 41.469360019556788, 29.578369941728806 ], [ 41.468030018862883, 29.573229943317735 ], [ 41.46707001986146, 29.570559942070567 ], [ 41.466120019109155, 29.567329941650392 ], [ 41.468220018833684, 29.565609941707965 ], [ 41.47202002004628, 29.562949942867064 ], [ 41.47812001920331, 29.559329942164993 ], [ 41.480970019663594, 29.558569943250546 ], [ 41.482680020299092, 29.558569943250546 ], [ 41.484780019125303, 29.560289942738592 ], [ 41.488580019439588, 29.563329942190524 ], [ 41.492000018913956, 29.566369942350878 ], [ 41.493530018726076, 29.569229943149004 ], [ 41.496200020159627, 29.574179942641521 ], [ 41.499050019721615, 29.577019942341387 ], [ 41.503240020023227, 29.581219942777629 ], [ 41.506100019630942, 29.582549943123475 ], [ 41.509140020062027, 29.582359941915009 ], [ 41.511620018829831, 29.581409942225964 ], [ 41.51447002018844, 29.580459942970229 ], [ 41.517520019766955, 29.579129941647292 ], [ 41.521320020081234, 29.576839943350731 ], [ 41.523990019718163, 29.576079941817223 ], [ 41.52684002017844, 29.576079943379753 ], [ 41.530080019727755, 29.576459943299145 ], [ 41.532940020233788, 29.577599942287854 ], [ 41.537890018621972, 29.580839942026763 ], [ 41.540170019169871, 29.58312994332541 ], [ 41.54360001958829, 29.587309942887146 ], [ 41.545500020194595, 29.589789941969986 ], [ 41.546830019990175, 29.592259943211321 ], [ 41.548160018887451, 29.59359994337763 ], [ 41.549690018699579, 29.594169943369053 ], [ 41.551590020204195, 29.594169943369053 ], [ 41.55293002004553, 29.592829942181147 ], [ 41.553870019853768, 29.590929942725815 ], [ 41.554260019841109, 29.587879941698713 ], [ 41.554260019841109, 29.584839942340661 ], [ 41.554450018913592, 29.580649942286708 ], [ 41.554830018855192, 29.577409941918084 ], [ 41.555970018679979, 29.573799941953304 ], [ 41.55711001940309, 29.57093994167025 ], [ 41.557870020184602, 29.564659943019787 ], [ 41.55844001919867, 29.559709943385208 ], [ 41.558830019186011, 29.555519942884175 ], [ 41.55844001919867, 29.552479942854379 ], [ 41.557670020168054, 29.55038994238484 ], [ 41.556160018650779, 29.548099943385981 ], [ 41.555210019695103, 29.545439943057197 ], [ 41.555020019724303, 29.542009942715048 ], [ 41.555020019724303, 29.538389942149173 ], [ 41.555400018767592, 29.534969942149402 ], [ 41.555970018679979, 29.53058994294765 ], [ 41.555970018679979, 29.527539941675894 ], [ 41.555790019653237, 29.524879942917515 ], [ 41.555400019665896, 29.521069942008779 ], [ 41.554260019841109, 29.515929943117545 ], [ 41.553680018984664, 29.513449942884833 ], [ 41.553300019941375, 29.50888994267261 ], [ 41.553300019941375, 29.505269942071052 ], [ 41.552720019983241, 29.501449941983751 ], [ 41.551970020145795, 29.498609943247438 ], [ 41.551400020233395, 29.495179943093259 ], [ 41.551780020174988, 29.492519942233347 ], [ 41.553120020016323, 29.49060994180488 ], [ 41.555400018767592, 29.48851994225512 ], [ 41.559970019909123, 29.483759941946111 ], [ 41.564730020123129, 29.478999941696376 ], [ 41.567770019655903, 29.475949942293003 ], [ 41.570820020132736, 29.47214994302864 ], [ 41.572150019928323, 29.468529943381839 ], [ 41.573290018854799, 29.463579942127257 ], [ 41.574050019636303, 29.459769942339936 ], [ 41.575200020405155, 29.456729942777528 ], [ 41.577100020113143, 29.455399942041392 ], [ 41.580720019604051, 29.452159942821417 ], [ 41.585290019847257, 29.449299942277023 ], [ 41.586810019613644, 29.446639942922907 ], [ 41.587570020395162, 29.444159942617933 ], [ 41.587950019438445, 29.441309942149658 ], [ 41.588140019409238, 29.437499943194272 ], [ 41.588330020278356, 29.434459942257401 ], [ 41.588330020278356, 29.430079942961136 ], [ 41.589660019175625, 29.422269942274365 ], [ 41.591380018958546, 29.417899941741709 ], [ 41.59234001885828, 29.415229941727947 ], [ 41.593850020375555, 29.412569941912398 ], [ 41.595380020187683, 29.410089942962045 ], [ 41.598230019749664, 29.406849941670824 ], [ 41.600890020239156, 29.403999942131918 ], [ 41.602040021008001, 29.400949941721578 ], [ 41.603560019876078, 29.398479943125878 ], [ 41.604700018802546, 29.396189942856186 ], [ 41.607750020177697, 29.391809942981411 ], [ 41.609270019045759, 29.388389943280075 ], [ 41.610980019681257, 29.385729941773487 ], [ 41.614410019201372, 29.381919941621014 ], [ 41.616310019807678, 29.379059942386295 ], [ 41.618410018633881, 29.37544994188697 ], [ 41.620310020138497, 29.372589943235365 ], [ 41.622780018860553, 29.36991994186609 ], [ 41.625260020323303, 29.368399942614296 ], [ 41.627540019972891, 29.366689942264397 ], [ 41.630780020420517, 29.365739942360999 ], [ 41.634780019853018, 29.363639942810824 ], [ 41.639920019110313, 29.361359943164921 ], [ 41.643540020397857, 29.359459942310018 ], [ 41.646960019872225, 29.358499941750605 ], [ 41.650580020261451, 29.35659994313362 ], [ 41.652670019041913, 29.354509943183675 ], [ 41.654380018779101, 29.352219943145911 ], [ 41.655330020429723, 29.349939942347532 ], [ 41.655520018603887, 29.347079942132268 ], [ 41.655520020400523, 29.344419941833067 ], [ 41.655330020429723, 29.341369942741089 ], [ 41.654190020604936, 29.338139942283536 ], [ 41.652290019998638, 29.335659942185821 ], [ 41.649620020361716, 29.333579941765922 ], [ 41.648090019651271, 29.33127994200558 ], [ 41.646580019930632, 29.328429941719193 ], [ 41.646200019989031, 29.325569941812333 ], [ 41.645060020164244, 29.321579941646359 ], [ 41.644100019366199, 29.316819942344786 ], [ 41.64410002026451, 29.313959941979775 ], [ 41.645440020105845, 29.310909941991461 ], [ 41.646010020018231, 29.307489943176531 ], [ 41.646960018973907, 29.305199942159781 ], [ 41.647150020741343, 29.286739942162303 ], [ 41.646390019959831, 29.282549942664794 ], [ 41.645250020135045, 29.279319941761226 ], [ 41.64429002023531, 29.276079942185259 ], [ 41.64429002023531, 29.27379994228933 ], [ 41.645060020164244, 29.270369942119679 ], [ 41.645250020135045, 29.265989942348426 ], [ 41.645060020164244, 29.254379941850889 ], [ 41.64563001917832, 29.251899942212177 ], [ 41.646580019930632, 29.25018994197821 ], [ 41.648090019651271, 29.248859943111057 ], [ 41.649060021393382, 29.246379942121557 ], [ 41.649060019596753, 29.243719943270193 ], [ 41.648480019638612, 29.242009941929449 ], [ 41.648090019651271, 29.23895994322698 ], [ 41.648290019667819, 29.236869942147131 ], [ 41.649430020390923, 29.234959942796173 ], [ 41.651340020144637, 29.23381994235918 ], [ 41.653810018866707, 29.231919942948608 ], [ 41.655330020429723, 29.229629941798002 ], [ 41.660860019674352, 29.224109941623329 ], [ 41.662960019398881, 29.222589942050099 ], [ 41.665620018990062, 29.221639942915676 ], [ 41.668280020377864, 29.220499942358899 ], [ 41.671520019927179, 29.218209942994559 ], [ 41.675130020270664, 29.216119943316865 ], [ 41.676460020066244, 29.214209942683436 ], [ 41.677810019055009, 29.211739942837024 ], [ 41.678370019819972, 29.208689941854296 ], [ 41.678370019819972, 29.205839942216603 ], [ 41.677610020835097, 29.203549942965033 ], [ 41.67532001934314, 29.201659942160788 ], [ 41.672860018870189, 29.200319942224152 ], [ 41.671330019956379, 29.197459942915167 ], [ 41.670560019129134, 29.194989941687776 ], [ 41.669800020144251, 29.192699942389869 ], [ 41.669420020202658, 29.188709942371972 ], [ 41.668090020407064, 29.186039941956288 ], [ 41.665620019888372, 29.181839942146141 ], [ 41.663140021120562, 29.179949941976609 ], [ 41.660860020572677, 29.179569941838835 ], [ 41.657810020095845, 29.178999942130687 ], [ 41.656484553199178, 29.178926529769331 ], [ 41.649522218081792, 29.184909064932238 ], [ 41.614043873976406, 29.207876240867389 ], [ 41.57045731455699, 29.201102526151828 ], [ 41.54077892242227, 29.189362474972675 ], [ 41.539488052342143, 29.189408374211776 ], [ 41.539349462955059, 29.189201815318327 ], [ 41.528208986196113, 29.186376234665911 ], [ 41.516632806761429, 29.183440148001036 ], [ 41.513900020276047, 29.183569941741467 ], [ 41.509710019076117, 29.183189943247076 ], [ 41.506670020441653, 29.182229942267149 ], [ 41.502860019183316, 29.181279942355985 ], [ 41.500960020373647, 29.180139942302045 ], [ 41.497530019955228, 29.177279943371069 ], [ 41.494490018625811, 29.175189942189615 ], [ 41.49068002006242, 29.172909942340645 ], [ 41.486490018862483, 29.170809942274989 ], [ 41.480590018823683, 29.167959941761822 ], [ 41.477150020156145, 29.165859941613963 ], [ 41.470880019323168, 29.161869942694594 ], [ 41.464030019430375, 29.157109943049253 ], [ 41.461170018924335, 29.154629942318707 ], [ 41.459270019216362, 29.152719942642548 ], [ 41.45489001984226, 29.151399942131825 ], [ 41.451080018583923, 29.148539941938683 ], [ 41.449560018817536, 29.1464499417485 ], [ 41.448800018934335, 29.144159942006368 ], [ 41.448610018963542, 29.140939942029437 ], [ 41.448420019891067, 29.136929941985873 ], [ 41.44823001992026, 29.134069942347853 ], [ 41.447470019138756, 29.131789942129565 ], [ 41.445750020254138, 29.130079942131033 ], [ 41.444800018603516, 29.126269942254819 ], [ 41.444230019589448, 29.123219943350808 ], [ 41.443470019706247, 29.120939941099337 ], [ 41.443090019764647, 29.116939943227159 ], [ 41.443280019735447, 29.112559942017857 ], [ 41.443090019764647, 29.106469941018847 ], [ 41.443090018866336, 29.104189941924673 ], [ 41.444800020400159, 29.10094994332756 ], [ 41.445370019414234, 29.09866994204944 ], [ 41.445370020312538, 29.096369942325481 ], [ 41.444420019560241, 29.093719941615834 ], [ 41.442520018953942, 29.090479940837216 ], [ 41.442130019864912, 29.087819942875846 ], [ 41.441570019099949, 29.085339942918953 ], [ 41.440420020127732, 29.081909942814853 ], [ 41.439660020244538, 29.07886994298034 ], [ 41.438720018639664, 29.074869943186496 ], [ 41.437570018769122, 29.071639941782429 ], [ 41.435670019959453, 29.067259943218229 ], [ 41.434330019219814, 29.063069942273607 ], [ 41.431100018817929, 29.055069942294399 ], [ 41.428820020066659, 29.0512699421182 ], [ 41.426720019443827, 29.048599941742356 ], [ 41.424620019719306, 29.047839942144421 ], [ 41.421960020128132, 29.04745994220912 ], [ 41.419480019563693, 29.045749941670735 ], [ 41.417770018928195, 29.042889942225596 ], [ 41.417390019884905, 29.040229941953228 ], [ 41.417010019045001, 29.037369941874594 ], [ 41.417010019045001, 29.033189941777142 ], [ 41.417010019943305, 29.029759941655694 ], [ 41.416250020060119, 29.02632994225192 ], [ 41.414550020368672, 29.024809943272551 ], [ 41.411480019800365, 29.023099942124464 ], [ 41.408820019310866, 29.021189942230173 ], [ 41.406530018717234, 29.01852994284555 ], [ 41.404650019100735, 29.01604994168353 ], [ 41.404250019965971, 29.013009941618535 ], [ 41.404050019051112, 29.009959941643835 ], [ 41.404450019084194, 29.005769941639517 ], [ 41.405020019894906, 29.001389942939337 ], [ 41.405780018879788, 28.998159942382944 ], [ 41.412630018772575, 28.982169941754918 ], [ 41.413390018655775, 28.979299941299573 ], [ 41.413390018655775, 28.976839941976699 ], [ 41.413580018626568, 28.97246994265393 ], [ 41.41415002033559, 28.970179941777086 ], [ 41.416430019985171, 28.967129942023583 ], [ 41.417960019797299, 28.964469941829265 ], [ 41.418720019680499, 28.961039941720159 ], [ 41.419670018636175, 28.957419942048411 ], [ 41.421380020169984, 28.952849942981175 ], [ 41.423100019054601, 28.949999942845388 ], [ 41.424050018908588, 28.945049943358423 ], [ 41.425190018733382, 28.938769942116441 ], [ 41.426530018574709, 28.932869941262567 ], [ 41.427670019297814, 28.928299941813542 ], [ 41.428240020108525, 28.922779940713038 ], [ 41.427860019268614, 28.918969942783239 ], [ 41.423290019025401, 28.919729942385629 ], [ 41.422984756220494, 28.919714719740004 ], [ 41.419480019563693, 28.919539942220876 ], [ 41.413390019554093, 28.919159941633382 ], [ 41.399680018824441, 28.919159941633382 ], [ 41.396830019262467, 28.919539942220876 ], [ 41.393020018902433, 28.920489941922522 ], [ 41.389410020355591, 28.920869942354337 ], [ 41.385220019155653, 28.92125994211521 ], [ 41.383320019447666, 28.921439942356926 ], [ 41.381030019752352, 28.921069941608486 ], [ 41.377800020248777, 28.920679941919342 ], [ 41.373800019917951, 28.919729942385629 ], [ 41.366180019197913, 28.919539942220876 ], [ 41.363520019606732, 28.919349940921727 ], [ 41.360470020028217, 28.920299943150173 ], [ 41.35648001884482, 28.92125994211521 ], [ 41.353250019341253, 28.921629942185731 ], [ 41.34867001995061, 28.922019942233469 ], [ 41.344670018721473, 28.921829942332955 ], [ 41.341820019159506, 28.921069941608486 ], [ 41.335160019237499, 28.919919942202284 ], [ 41.329250019152951, 28.918969941996941 ], [ 41.325830019678584, 28.918399941785434 ], [ 41.319550018799873, 28.918019941738741 ], [ 41.316310019250551, 28.917259942972656 ], [ 41.313840019630177, 28.916879941894393 ], [ 41.311360019065745, 28.916689942012646 ], [ 41.307550018705712, 28.917449941810233 ], [ 41.300890018783726, 28.918399941785434 ], [ 41.297280020236876, 28.918779942012424 ], [ 41.291760019241337, 28.918779942012424 ], [ 41.286800019909109, 28.918779942012424 ], [ 41.275960018832919, 28.918779942012424 ], [ 41.269480018835978, 28.918779942012424 ], [ 41.264340019578682, 28.918209943115581 ], [ 41.251020019734682, 28.916309941991312 ], [ 41.23769001894663, 28.913629941625491 ], [ 41.23503002025376, 28.913629941625491 ], [ 41.232360018820216, 28.91401994266236 ], [ 41.22970002012736, 28.914399940850885 ], [ 41.226080019738134, 28.915729941633597 ], [ 41.222270019378115, 28.916879941894393 ], [ 41.21866001903463, 28.918019943311354 ], [ 41.213520019777334, 28.919159941633382 ], [ 41.210280019329701, 28.918969941996941 ], [ 41.206860018957016, 28.919159941633382 ], [ 41.202290019612121, 28.919159941633382 ], [ 41.199430020004399, 28.919539942220876 ], [ 41.194100018979675, 28.920109941670837 ], [ 41.190860020328685, 28.920109940884554 ], [ 41.187630019028475, 28.919919942202284 ], [ 41.175640018980076, 28.919349941708028 ], [ 41.171260018707649, 28.919349941708028 ], [ 41.166500019391947, 28.919349941708028 ], [ 41.160610020297206, 28.918779942012424 ], [ 41.156410019949845, 28.918399941785434 ], [ 41.153560020387872, 28.917829942372741 ], [ 41.151460018866715, 28.91763994187237 ], [ 41.149370019187934, 28.91763994187237 ], [ 41.142890019191, 28.918209942329277 ], [ 41.135090019444206, 28.918579942273439 ], [ 41.121770018701895, 28.918969941996941 ], [ 41.114910018763354, 28.919349941708028 ], [ 41.105010020190363, 28.919159941633382 ], [ 41.092070019389645, 28.918969941996941 ], [ 41.069610019957537, 28.918209942329277 ], [ 41.067710019351239, 28.918209943115581 ], [ 41.064090018962006, 28.918969941996941 ], [ 41.059900018660393, 28.919729942385629 ], [ 41.05438001856318, 28.919919942202284 ], [ 41.049430019276684, 28.919919942202284 ], [ 41.045050019004265, 28.919919940629697 ], [ 41.041440018660793, 28.920109940884554 ], [ 41.035520019428816, 28.920679941919342 ], [ 41.026780018975458, 28.920679941919342 ], [ 41.013450019984035, 28.919919942202284 ], [ 41.004310018599291, 28.919539943007173 ], [ 41.00146001903731, 28.919539942220876 ], [ 40.998790019400396, 28.919729942385629 ], [ 40.995750018969311, 28.920489941922522 ], [ 40.992320019449195, 28.921069941608486 ], [ 40.989280019018111, 28.920489941922522 ], [ 40.986990019322789, 28.919919942202284 ], [ 40.984330019731615, 28.919539942220876 ], [ 40.95711002008548, 28.920109940884554 ], [ 40.944350019209828, 28.920299942363883 ], [ 40.915800018869803, 28.920489941922522 ], [ 40.912180017582251, 28.920109940884554 ], [ 40.908370019018854, 28.920679941919342 ], [ 40.903430018879796, 28.920679941919342 ], [ 40.899430019447287, 28.920299942363883 ], [ 40.896770019856106, 28.919729942385629 ], [ 40.893910019350074, 28.919729942385629 ], [ 40.890480018931648, 28.920679941919342 ], [ 40.884770018863641, 28.921629942185731 ], [ 40.878490018883248, 28.922209943358396 ], [ 40.873160018756828, 28.922589942205047 ], [ 40.865920017978389, 28.922969942017957 ], [ 40.858500019071506, 28.923159942188466 ], [ 40.851270019237113, 28.922779940713038 ], [ 40.847650018847894, 28.922589942205047 ], [ 40.844800018387595, 28.922209941785855 ], [ 40.842700018663074, 28.921069941608486 ], [ 40.840800019853418, 28.920489941922522 ], [ 40.837940018449061, 28.920489941922522 ], [ 40.835090018887087, 28.920869940781774 ], [ 40.831470019396178, 28.920869940781774 ], [ 40.825760019328172, 28.921259941328934 ], [ 40.80633001938309, 28.92143994078436 ], [ 40.799110018696119, 28.921069941608486 ], [ 40.796430019911774, 28.920489941922522 ], [ 40.793590018598913, 28.919919942202284 ], [ 40.791500018920139, 28.920489941922522 ], [ 40.789210019224818, 28.921259941328934 ], [ 40.786740019604437, 28.921629940613176 ], [ 40.783310019186011, 28.921629940613176 ], [ 40.780460018725712, 28.921629940613176 ], [ 40.773790019656296, 28.920489941922522 ], [ 40.769040018589706, 28.920869940781774 ], [ 40.733440019238657, 28.918779942012424 ], [ 40.72792001914145, 28.918579943059736 ], [ 40.719350018567411, 28.918209942329277 ], [ 40.70450001891129, 28.917829942372741 ], [ 40.69384001865847, 28.918579942273439 ], [ 40.68908001844445, 28.918969941996941 ], [ 40.682800017565732, 28.919729942385629 ], [ 40.678420019089948, 28.920109941670837 ], [ 40.673290018980076, 28.920489941922522 ], [ 40.666240018172424, 28.921259941328934 ], [ 40.657490017673332, 28.921439942356926 ], [ 40.648920018895922, 28.921069940822207 ], [ 40.635030019139542, 28.920679941919342 ], [ 40.619610017774384, 28.919919942202284 ], [ 40.61256001786505, 28.919729942385629 ], [ 40.606280018782961, 28.919539943007173 ], [ 40.602470019321252, 28.918969941996941 ], [ 40.598840017987968, 28.918019941738741 ], [ 40.596000019370059, 28.917259942186345 ], [ 40.592770018968174, 28.91763994187237 ], [ 40.58743001879602, 28.917449943382852 ], [ 40.581150018815613, 28.916499941782845 ], [ 40.57279001830387, 28.914209941930629 ], [ 40.562690018816021, 28.910969942287426 ], [ 40.554120019140285, 28.90735994121194 ], [ 40.548220019101485, 28.903929941888958 ], [ 40.543650018858266, 28.899929942196771 ], [ 40.529190019189478, 28.888889941186434 ], [ 40.525380017931148, 28.885089941817625 ], [ 40.522520019221744, 28.882419941979702 ], [ 40.519480018790652, 28.881089942215574 ], [ 40.514720018576647, 28.879759941940186 ], [ 40.513200018810259, 28.878039941681891 ], [ 40.508820017639522, 28.873659942354717 ], [ 40.50217001776327, 28.867949942048202 ], [ 40.499680018051407, 28.866809942191058 ], [ 40.497390018356079, 28.866619941916984 ], [ 40.492270018291954, 28.865859941280807 ], [ 40.486740019047325, 28.864529941152956 ], [ 40.483120018658092, 28.8629999422688 ], [ 40.479120019225583, 28.861859940830996 ], [ 40.47436001901157, 28.859389942033179 ], [ 40.471320018580485, 28.85785994224085 ], [ 40.468460018972763, 28.856529942039248 ], [ 40.464270018671151, 28.855009941883161 ], [ 40.461230019138377, 28.853679942206288 ], [ 40.457040017938439, 28.851389940806691 ], [ 40.453610018418331, 28.849869941840968 ], [ 40.451710018710344, 28.848919941927164 ], [ 40.445620018700744, 28.847209941932974 ], [ 40.437240018995816, 28.844919942069971 ], [ 40.428490017598413, 28.842259942266633 ], [ 40.410020019349695, 28.837499941897654 ], [ 40.404880018295771, 28.835209942350541 ], [ 40.400510018069085, 28.833499941289205 ], [ 40.397270017621466, 28.831979940629896 ], [ 40.393080018218157, 28.82968994238902 ], [ 40.38947001877299, 28.827409942089556 ], [ 40.384130017702518, 28.825119941688293 ], [ 40.379180019314333, 28.823029942015705 ], [ 40.375760018043344, 28.821889941683256 ], [ 40.371760017712518, 28.820749942249392 ], [ 40.36833001909072, 28.819409941925752 ], [ 40.364910018718035, 28.817129942392008 ], [ 40.360330018429082, 28.814839941795402 ], [ 40.355010018348416, 28.812939942300602 ], [ 40.346630018643488, 28.810469940733654 ], [ 40.333120018828694, 28.806089942117854 ], [ 40.327030017920777, 28.803419941659545 ], [ 40.320170018880553, 28.800379942109327 ], [ 40.313700018929353, 28.797329941209849 ], [ 40.30038001908536, 28.792379941915922 ], [ 40.29600001881294, 28.79047994067674 ], [ 40.292190017554603, 28.787999941935936 ], [ 40.289330018845206, 28.786859941703248 ], [ 40.286290019312432, 28.78495994222563 ], [ 40.279620019344691, 28.78247994211096 ], [ 40.274110019293218, 28.779439942110582 ], [ 40.267450019371225, 28.776389941996392 ], [ 40.261160018446759, 28.773919941988286 ], [ 40.252600018816779, 28.771439942385808 ], [ 40.247070018673838, 28.769729941861325 ], [ 40.243080019287071, 28.7678299421856 ], [ 40.239650017970334, 28.765729940924725 ], [ 40.235460017668707, 28.763449941278743 ], [ 40.22804001786352, 28.759829942187693 ], [ 40.224230018401812, 28.757359941611973 ], [ 40.220420018940096, 28.755079941857627 ], [ 40.206910018226992, 28.748219940732088 ], [ 40.203100018765284, 28.745939940678344 ], [ 40.189970017993772, 28.739459941833147 ], [ 40.187490019225962, 28.73869994189916 ], [ 40.184830018736477, 28.738319942222123 ], [ 40.181780019157969, 28.737369942103214 ], [ 40.178360017886959, 28.736039941919653 ], [ 40.174930018366851, 28.734129942190997 ], [ 40.167130018620064, 28.730329942336112 ], [ 40.163510018230838, 28.728609941732863 ], [ 40.161030018564716, 28.727849941665177 ], [ 40.158370018075225, 28.727469941134721 ], [ 40.156280018396444, 28.7261399417917 ], [ 40.153800017832012, 28.724419942356008 ], [ 40.151710019051549, 28.722899941945403 ], [ 40.146010018130973, 28.720239941624286 ], [ 40.136110017761339, 28.715479942168869 ], [ 40.133040018091343, 28.713949941633384 ], [ 40.13020001857511, 28.712809941915278 ], [ 40.127150018098277, 28.712049941240732 ], [ 40.124680019376214, 28.710719941151702 ], [ 40.122580018753382, 28.70938994069795 ], [ 40.119920018263883, 28.707289941714482 ], [ 40.117250017728651, 28.706719941785419 ], [ 40.113060019223667, 28.705959940988887 ], [ 40.110590017806658, 28.704819941655686 ], [ 40.10697001921406, 28.703289941213761 ], [ 40.103930018782975, 28.70138994183489 ], [ 40.101830019058454, 28.699309942217194 ], [ 40.096690018902834, 28.696819941667606 ], [ 40.092320017777851, 28.69510994191765 ], [ 40.08794001930206, 28.693209942177386 ], [ 40.079560017800496, 28.689969942028398 ], [ 40.074420017644897, 28.688069941988655 ], [ 40.069470019256713, 28.686349942297795 ], [ 40.064910018160923, 28.684459941809614 ], [ 40.062050016756579, 28.684069942191588 ], [ 40.057670018280788, 28.683689941813377 ], [ 40.054990016801497, 28.683309941632437 ], [ 40.052530018125182, 28.682359942240424 ], [ 40.046060018173968, 28.681019942168991 ], [ 40.04244001868306, 28.679879942314745 ], [ 40.037110017658343, 28.677599941636274 ], [ 40.034260018096361, 28.67664994089267 ], [ 40.029120017940755, 28.676069942143037 ], [ 40.02607001836224, 28.67626994196592 ], [ 40.022640017943807, 28.675499940868235 ], [ 40.019220017571129, 28.674539942371503 ], [ 40.016930018774119, 28.67321994179845 ], [ 40.01332001843064, 28.671889940904229 ], [ 40.010080017983014, 28.671129941032536 ], [ 40.002850018148614, 28.670739942224891 ], [ 39.999800017671788, 28.670559942043106 ], [ 39.995040018356086, 28.669589941958311 ], [ 39.988760018375686, 28.667509941960258 ], [ 39.980190017801654, 28.664839942158153 ], [ 39.974290017762847, 28.663699942014556 ], [ 39.967440018768372, 28.661799942334511 ], [ 39.962300017714433, 28.660079941681619 ], [ 39.958500018298473, 28.658559941701824 ], [ 39.955250017805106, 28.657419941048509 ], [ 39.950120017695241, 28.655899941126762 ], [ 39.94327001780244, 28.653799942207286 ], [ 39.935270018039112, 28.651329941743246 ], [ 39.930700016897582, 28.649809941828952 ], [ 39.925560017640287, 28.647329941765708 ], [ 39.918140017835093, 28.644289941923923 ], [ 39.913190017650273, 28.641999942032754 ], [ 39.909190018217764, 28.639719941978846 ], [ 39.90691001766988, 28.6374299416707 ], [ 39.904620018872876, 28.635719942355255 ], [ 39.902150018354178, 28.634389941142611 ], [ 39.896440018286164, 28.630389940975419 ], [ 39.894150017692532, 28.628109940964197 ], [ 39.891300018130558, 28.625249941917975 ], [ 39.887300017799738, 28.619729940758489 ], [ 39.884630018162817, 28.617059942133984 ], [ 39.88311001839643, 28.614209941964624 ], [ 39.881400016862621, 28.611159941144624 ], [ 39.878930018140558, 28.60811994089039 ], [ 39.874930017809739, 28.603919942076796 ], [ 39.871690017362106, 28.601069941878542 ], [ 39.869600017683318, 28.599549942030045 ], [ 39.863890017615326, 28.597649940879787 ], [ 39.858560019285541, 28.595549942112456 ], [ 39.856270017793584, 28.594219940831309 ], [ 39.853800019071521, 28.593079941663262 ], [ 39.844090018672695, 28.587749942095055 ], [ 39.837620017823177, 28.583939941958747 ], [ 39.834570018244669, 28.582419942098451 ], [ 39.829810018030649, 28.579939941289226 ], [ 39.826200017687171, 28.577469941729927 ], [ 39.822770018167056, 28.574999941757586 ], [ 39.819920017706771, 28.572899941848757 ], [ 39.817060018997367, 28.570999941913577 ], [ 39.813820019448059, 28.569479942033663 ], [ 39.807350016801912, 28.566429941850622 ], [ 39.80507001805065, 28.565099940719772 ], [ 39.801830019399645, 28.56318994161532 ], [ 39.797070018287322, 28.559769941032037 ], [ 39.793640017868888, 28.557289942052378 ], [ 39.788510017759023, 28.554059941790037 ], [ 39.785080018238908, 28.552339940635882 ], [ 39.782220017732875, 28.550249942269549 ], [ 39.779180018200101, 28.547769942357601 ], [ 39.776130016824958, 28.544539941251131 ], [ 39.771950018365715, 28.540729942169946 ], [ 39.765850018310367, 28.536159942053843 ], [ 39.759570017431656, 28.531209941151271 ], [ 39.75367001829116, 28.526069942249208 ], [ 39.750830017876623, 28.523029940655213 ], [ 39.74720001833996, 28.52054994170415 ], [ 39.742250018155154, 28.51598994197942 ], [ 39.739590016767345, 28.513699942065418 ], [ 39.737110017101223, 28.510459941985001 ], [ 39.733880017597649, 28.507799940663951 ], [ 39.72892001826542, 28.503799940747395 ], [ 39.725690017863528, 28.500379941682255 ], [ 39.722450018314213, 28.496569942019551 ], [ 39.719790016926403, 28.493709942250728 ], [ 39.716360018304606, 28.491429941943522 ], [ 39.71275001706281, 28.488759942208155 ], [ 39.709890018353413, 28.486669941737464 ], [ 39.707040017893128, 28.485529941198038 ], [ 39.703410018356472, 28.484389940983547 ], [ 39.700180017954587, 28.482669940791183 ], [ 39.697900019203324, 28.480579941375002 ], [ 39.695800016783849, 28.479249941674343 ], [ 39.692760017251075, 28.478859940717793 ], [ 39.689330017730974, 28.479249940884738 ], [ 39.682090016952515, 28.479439942205808 ], [ 39.677140017666026, 28.479059942380299 ], [ 39.673150018279252, 28.478489940868169 ], [ 39.669150017948432, 28.477339940658137 ], [ 39.667559945996622, 28.477037826808079 ], [ 39.665150017617613, 28.476579941111492 ], [ 39.660970017361741, 28.475059940616745 ], [ 39.655830018104439, 28.473339941670154 ], [ 39.649360018153239, 28.470869942347061 ], [ 39.645170017851619, 28.468969941235233 ], [ 39.642310018243897, 28.467049942312332 ], [ 39.640790016680889, 28.465349941194372 ], [ 39.638890018769537, 28.462879942257899 ], [ 39.636410018205098, 28.460779940865677 ], [ 39.632790016917561, 28.459259941312101 ], [ 39.628600016615941, 28.457539941062006 ], [ 39.623090018361104, 28.456399941279638 ], [ 39.617760018234691, 28.456019940726414 ], [ 39.613380017962278, 28.455639941176671 ], [ 39.609010017735599, 28.455449942074281 ], [ 39.603670019360074, 28.45526994215242 ], [ 39.600240018043337, 28.455829940727384 ], [ 39.597960016597135, 28.455829942306959 ], [ 39.593770017193819, 28.455639941176671 ], [ 39.590530016746186, 28.455449942074281 ], [ 39.585970018345343, 28.454879941928549 ], [ 39.581780018043723, 28.45487994113876 ], [ 39.5772100169022, 28.454499940650642 ], [ 39.561980017304478, 28.455069941265528 ], [ 39.549040018300396, 28.45468994225012 ], [ 39.546560017735963, 28.454119941955913 ], [ 39.543520017304871, 28.452979940836375 ], [ 39.540470016828039, 28.451639942164888 ], [ 39.53628001742473, 28.451449942192813 ], [ 39.533050017921163, 28.451069942014264 ], [ 39.526200018028369, 28.450319942289461 ], [ 39.52201001772675, 28.449359942082822 ], [ 39.518200017366723, 28.448029941185116 ], [ 39.514390017905015, 28.446119940628112 ], [ 39.510200016705085, 28.444979941726686 ], [ 39.503160017739802, 28.443269941267566 ], [ 39.499350018278101, 28.442319941793038 ], [ 39.494400018093287, 28.440599940867575 ], [ 39.489070017966867, 28.438129941925578 ], [ 39.486410016579072, 28.437179941317414 ], [ 39.483550017869661, 28.436799941213458 ], [ 39.480890018278487, 28.436799941213458 ], [ 39.478030017772461, 28.43564994160586 ], [ 39.472120016789603, 28.434129941039615 ], [ 39.46871001825928, 28.432609942337596 ], [ 39.465660017782461, 28.430499940692016 ], [ 39.464140018016074, 28.429179941652674 ], [ 39.460710017597634, 28.427089940775272 ], [ 39.457290018123267, 28.425949940641456 ], [ 39.453100017821654, 28.424609941640298 ], [ 39.45024001821394, 28.422709941960878 ], [ 39.44795001672199, 28.42061994211409 ], [ 39.446620017824713, 28.418329941269874 ], [ 39.44549001714735, 28.416049942322537 ], [ 39.443960017335215, 28.414139942059126 ], [ 39.441680017685641, 28.412619942327357 ], [ 39.438820018077919, 28.411479941249347 ], [ 39.43330001798072, 28.410149940680984 ], [ 39.429870016663976, 28.409379941077539 ], [ 39.424550016583311, 28.408429942391358 ], [ 39.41712001763068, 28.407099940663318 ], [ 39.411790018402591, 28.405769941991021 ], [ 39.407980018042565, 28.404439940844526 ], [ 39.400180018295785, 28.402529942199887 ], [ 39.394660017300254, 28.401009941019865 ], [ 39.390280017027841, 28.400439940783581 ], [ 39.385330016843028, 28.400249941340448 ], [ 39.380190017585733, 28.400249941340448 ], [ 39.373530016765415, 28.400439942363974 ], [ 39.367240017637592, 28.401009941019865 ], [ 39.358490018036811, 28.401379940918396 ], [ 39.353350016982887, 28.401199940680659 ], [ 39.350490017375165, 28.400629942256622 ], [ 39.347450017842398, 28.401009941019865 ], [ 39.344210018293083, 28.402529940619523 ], [ 39.339650018095611, 28.403669941615632 ], [ 39.334880017835857, 28.404249940672333 ], [ 39.330510017609178, 28.404249942252676 ], [ 39.326320018205877, 28.403479940852762 ], [ 39.321560017991857, 28.402149941776074 ], [ 39.316030017848902, 28.400629942256622 ], [ 39.31300001656524, 28.399869942222359 ], [ 39.309380017972657, 28.399489941741592 ], [ 39.305950017554224, 28.399489940951383 ], [ 39.300430018355328, 28.399869942222359 ], [ 39.297950016892585, 28.399869942222359 ], [ 39.295860018112123, 28.399679940967008 ], [ 39.293390017593424, 28.397199940792845 ], [ 39.292820016782713, 28.395489941316804 ], [ 39.291680016957926, 28.393589942379819 ], [ 39.289200018190115, 28.392059941821657 ], [ 39.286910017596483, 28.390919942373195 ], [ 39.283490017223798, 28.39072994087805 ], [ 39.280250016776165, 28.391299941971024 ], [ 39.277020018170916, 28.391299941180751 ], [ 39.272640017898496, 28.390159940671541 ], [ 39.267690016815365, 28.388829941178962 ], [ 39.263880018251967, 28.387679942184025 ], [ 39.260070016993637, 28.386159942199203 ], [ 39.255700016766966, 28.384449941657167 ], [ 39.250180016669759, 28.382159942190373 ], [ 39.248080017843549, 28.380829941138018 ], [ 39.244850018339974, 28.378549942191249 ], [ 39.241230017950741, 28.377209941926498 ], [ 39.236280017765935, 28.375689941246758 ], [ 39.228860017960741, 28.373599941797284 ], [ 39.218960016692805, 28.369979941659139 ], [ 39.216290017954194, 28.369219941645852 ], [ 39.213920017892939, 28.367939942090228 ], [ 39.213920017892939, 28.371549941171011 ], [ 39.213740017069561, 28.37458994217674 ], [ 39.213920016994614, 28.377829941617133 ], [ 39.213740017967879, 28.381449941006206 ], [ 39.213920017892939, 28.385259942273539 ], [ 39.213550017997079, 28.388689942091883 ], [ 39.212970017140634, 28.391929940652993 ], [ 39.212400018126552, 28.394969942239591 ], [ 39.211450017374247, 28.400299942017131 ], [ 39.21126001740344, 28.403339942152027 ], [ 39.21126001740344, 28.406769941611596 ], [ 39.211450017374247, 28.408859942211699 ], [ 39.212400018126552, 28.411149941620561 ], [ 39.212970017140634, 28.413809942027289 ], [ 39.212780018068145, 28.416289942111717 ], [ 39.212400017228227, 28.417809942102853 ], [ 39.211830018214151, 28.420479942366107 ], [ 39.211070018330965, 28.422949941664825 ], [ 39.210880016563529, 28.426759942394185 ], [ 39.211450017374247, 28.429419941697123 ], [ 39.213360017127968, 28.434939941013489 ], [ 39.213920017892939, 28.437799941633557 ], [ 39.21450001785108, 28.440839941867338 ], [ 39.215450016806756, 28.443699940968536 ], [ 39.216210016689942, 28.446169940970712 ], [ 39.217160018340564, 28.449789940718922 ], [ 39.217350017413047, 28.453599941736684 ], [ 39.217540018282165, 28.457599940834715 ], [ 39.217730017354647, 28.460449941749872 ], [ 39.217920018223758, 28.463499941166816 ], [ 39.217920018223758, 28.466349941726524 ], [ 39.218490017237833, 28.469589942319509 ], [ 39.218690017254382, 28.472449942354189 ], [ 39.219450018035886, 28.474929941881285 ], [ 39.222300016699542, 28.485009942363646 ], [ 39.222680016641142, 28.488429942058662 ], [ 39.222490016670342, 28.491479942166741 ], [ 39.222490017568653, 28.494149941793566 ], [ 39.221920016757942, 28.496429940980548 ], [ 39.221730016787149, 28.499099940916498 ], [ 39.221730016787149, 28.501559940833491 ], [ 39.222300016699542, 28.503089941661546 ], [ 39.222490016670342, 28.505569942282822 ], [ 39.222680016641142, 28.508419941892303 ], [ 39.22230001759786, 28.509939942039626 ], [ 39.221350016845555, 28.510699942188165 ], [ 39.220210017020754, 28.513179940727635 ], [ 39.219070018094286, 28.516989941254419 ], [ 39.218490017237833, 28.521169942175138 ], [ 39.217920018223758, 28.527839941777589 ], [ 39.217920018223758, 28.532219940615601 ], [ 39.217160018340564, 28.536209942383355 ], [ 39.217350018311357, 28.540209940794199 ], [ 39.217350018311357, 28.544399942342242 ], [ 39.216580016585795, 28.547629942218364 ], [ 39.216020016719149, 28.552389941176045 ], [ 39.215070017763459, 28.555449942140505 ], [ 39.214500016952762, 28.558479941752935 ], [ 39.213920017892939, 28.561339941744141 ], [ 39.213550017997079, 28.563429940874752 ], [ 39.212400018126552, 28.571049940690578 ], [ 39.211450017374247, 28.575619942047641 ], [ 39.210690018389364, 28.579989942128098 ], [ 39.209750016784483, 28.58322994170684 ], [ 39.208600016913955, 28.587419941854801 ], [ 39.207650017059962, 28.590649941943951 ], [ 39.206120018146144, 28.594469942386141 ], [ 39.204600018379764, 28.597509940847655 ], [ 39.202880017698511, 28.600169941904241 ], [ 39.201740016975414, 28.603219940804621 ], [ 39.200600018048938, 28.606069941048151 ], [ 39.199460018224151, 28.608929941993647 ], [ 39.198320018399357, 28.611199940820971 ], [ 39.196600016819808, 28.61368994174784 ], [ 39.192230018389765, 28.617879941985322 ], [ 39.190130017766911, 28.619969941872334 ], [ 39.188610017102214, 28.621489941970172 ], [ 39.184980016667247, 28.625679941648322 ], [ 39.182330018020131, 28.627769942390707 ], [ 39.179090017572506, 28.628729941789249 ], [ 39.17529001725822, 28.62891994163963 ], [ 39.171480017796512, 28.629109941934569 ], [ 39.16748001836401, 28.629299941097081 ], [ 39.163860017076466, 28.62929994188557 ], [ 39.158530017848371, 28.62891994163963 ], [ 39.155300017446486, 28.628149941280551 ], [ 39.152250017867978, 28.627389941336691 ], [ 39.148820016551227, 28.626439942145236 ], [ 39.144450018121184, 28.626069941677624 ], [ 39.136450016561227, 28.625869942288393 ], [ 39.125600017235918, 28.626069941677624 ], [ 39.121980016846699, 28.625489942241387 ], [ 39.118180017430738, 28.624539941625525 ], [ 39.114940017881416, 28.622819941057116 ], [ 39.110940016652286, 28.62186994072491 ], [ 39.107140017236318, 28.620919942047905 ], [ 39.104460016655345, 28.619779942382902 ], [ 39.100470017268577, 28.61901994098714 ], [ 39.096100017041898, 28.618059941903446 ], [ 39.090950016840544, 28.617299940676034 ], [ 39.085240016772538, 28.615209942060542 ], [ 39.081440018254888, 28.613879941215622 ], [ 39.077250017953276, 28.611779941908072 ], [ 39.074390017447236, 28.609879941881893 ], [ 39.072110016899344, 28.608169941733269 ], [ 39.068870017350029, 28.606829940727568 ], [ 39.066210017758856, 28.605689941907094 ], [ 39.063350017252823, 28.60340994185891 ], [ 39.061450016646525, 28.601119942133085 ], [ 39.059930017778449, 28.599219941763035 ], [ 39.05688001730163, 28.597889941965747 ], [ 39.055790016807236, 28.597469942268994 ], [ 39.055790017705554, 28.601299940801852 ], [ 39.055790016807236, 28.606079941256041 ], [ 39.05473001734839, 28.612259941283117 ], [ 39.054200017618967, 28.616499941825669 ], [ 39.053140018160114, 28.621439941160091 ], [ 39.052440016754744, 28.625509942112156 ], [ 39.052610018430691, 28.628689941693928 ], [ 39.052260016829692, 28.632929941080324 ], [ 39.052080016904632, 28.636099941632903 ], [ 39.051020018344104, 28.640699941780525 ], [ 39.049080016656525, 28.645469941863666 ], [ 39.046610017934462, 28.651469941757895 ], [ 39.043610017686341, 28.657649941072204 ], [ 39.040960017242597, 28.663659941853485 ], [ 39.036540016787207, 28.670729941872604 ], [ 39.033540018335728, 28.675319940982796 ], [ 39.030530017143548, 28.681149940997805 ], [ 39.028240018346544, 28.686449941898807 ], [ 39.027010017211751, 28.691389940729227 ], [ 39.025940017707157, 28.695629941940528 ], [ 39.024700017424941, 28.69969994101001 ], [ 39.023290017263413, 28.70409994173173 ], [ 39.021520017251774, 28.709049941801567 ], [ 39.019400017435757, 28.713649941004789 ], [ 39.017640016571548, 28.718949942019236 ], [ 39.016400018085953, 28.72601994192496 ], [ 39.015870016559902, 28.734139941212355 ], [ 39.014640017221751, 28.740149941628339 ], [ 39.013050017135164, 28.74579994174767 ], [ 39.011270017976088, 28.750039941696485 ], [ 39.009160017307515, 28.75533994193372 ], [ 39.00739001819418, 28.759399941879281 ], [ 39.00546001834897, 28.764349941680113 ], [ 39.003680017393279, 28.769469942191517 ], [ 39.001920017427373, 28.775119941664524 ], [ 39.000680017145157, 28.779539941649968 ], [ 38.999970016592364, 28.783599941033422 ], [ 38.999090017058577, 28.788189941681498 ], [ 38.997680016897036, 28.792609942011904 ], [ 38.996090016810463, 28.797559942192706 ], [ 38.995380018054291, 28.801269942240332 ], [ 38.99432001679881, 28.805149941779092 ], [ 38.993440017265023, 28.810629941761491 ], [ 38.992560016832918, 28.818049941610756 ], [ 38.991850017178436, 28.824409943032915 ], [ 38.990970016746324, 28.829879941668185 ], [ 38.990440017016901, 28.834649942377201 ], [ 38.989020016809633, 28.840659941126184 ], [ 38.988140017275839, 28.844899941656685 ], [ 38.986550017189259, 28.852309941708249 ], [ 38.982310016658914, 28.850719941365689 ], [ 38.979660017113481, 28.849309942088606 ], [ 38.976300017015255, 28.849659941795402 ], [ 38.972240017308302, 28.851079942236012 ], [ 38.969240017060173, 28.853369943380621 ], [ 38.96712001724417, 28.855849941154887 ], [ 38.964650016725479, 28.859379940858098 ], [ 38.962530017807786, 28.862559941911712 ], [ 38.959520016615613, 28.866269941869227 ], [ 38.955990016638069, 28.869449942185849 ], [ 38.952810018261538, 28.871569940783157 ], [ 38.949460017310734, 28.87456994312447 ], [ 38.947340016596399, 28.876869942345156 ], [ 38.94557001658476, 28.877749941165153 ], [ 38.942570017234964, 28.8786299411836 ], [ 38.938150016779574, 28.878989942153247 ], [ 38.934440015978666, 28.878989942153247 ], [ 38.931610018304802, 28.878989942153247 ], [ 38.930380018068334, 28.88004994313852 ], [ 38.929670018413852, 28.881639941640046 ], [ 38.928960016962733, 28.88463994107768 ], [ 38.928080018327258, 28.888529942282759 ], [ 38.927370016876154, 28.890819941773721 ], [ 38.926490017342367, 28.894529940903691 ], [ 38.924550016553091, 28.895589942145762 ], [ 38.919960017116715, 28.896119941853879 ], [ 38.916600017018474, 28.89823994272545 ], [ 38.913950016574731, 28.900889941712478 ], [ 38.911300017029305, 28.902999941766659 ], [ 38.907770017051767, 28.902999943339502 ], [ 38.904760016757898, 28.902139941847302 ], [ 38.900350017246573, 28.900359941980003 ], [ 38.894700016554701, 28.898049943311889 ], [ 38.892580016738691, 28.898769942273066 ], [ 38.890990016652104, 28.902139941847302 ], [ 38.889400018362153, 28.903539942243512 ], [ 38.886920016899403, 28.904419942330065 ], [ 38.883740016726229, 28.906369942392782 ], [ 38.880210016748691, 28.908839941609624 ], [ 38.879330016316587, 28.911839942212858 ], [ 38.877740017128318, 28.915199942212634 ], [ 38.875440017387248, 28.918909941832514 ], [ 38.871030016977606, 28.922619943192704 ], [ 38.867850016804425, 28.925799942050094 ], [ 38.864670018427894, 28.928619941878068 ], [ 38.86131001743135, 28.932509941630162 ], [ 38.8565400180699, 28.935339942254604 ], [ 38.851770017810146, 28.93515994177411 ], [ 38.846830016772756, 28.934629941819686 ], [ 38.839410016967577, 28.934629941819686 ], [ 38.83552001713992, 28.934449941678452 ], [ 38.83164001825633, 28.934979941767185 ], [ 38.828630017962467, 28.935869941722917 ], [ 38.825100017086619, 28.936749941884884 ], [ 38.817150016653684, 28.936569942280979 ], [ 38.812370018144811, 28.936039941675435 ], [ 38.807440017153169, 28.935689942162931 ], [ 38.802490016968363, 28.935339940682251 ], [ 38.798600017140714, 28.93515994177411 ], [ 38.791360017260573, 28.933569941641899 ], [ 38.788710016816822, 28.933219941650069 ], [ 38.786590017899123, 28.933569941641899 ], [ 38.776870016556245, 28.93024994110209 ], [ 38.777630017337749, 28.932919943187294 ], [ 38.777820016410239, 28.935389942201557 ], [ 38.777820017308542, 28.937289941179259 ], [ 38.777820017308542, 28.939959941934383 ], [ 38.777060015628727, 28.942619942053184 ], [ 38.776290016598111, 28.946049942271131 ], [ 38.775530017613228, 28.948719942107012 ], [ 38.775730016731451, 28.952509942150723 ], [ 38.776290016598111, 28.955189941907868 ], [ 38.776870016556245, 28.959379942140874 ], [ 38.777250017396163, 28.964899941963012 ], [ 38.77802001732509, 28.970989942299028 ], [ 38.778200017250143, 28.974599941811956 ], [ 38.777250017396163, 28.977649942232716 ], [ 38.776680016585445, 28.980889941920552 ], [ 38.77515001677331, 28.983929942186105 ], [ 38.77382001697773, 28.987929942226597 ], [ 38.772490017182143, 28.991549941729005 ], [ 38.771920017269743, 28.994019941620977 ], [ 38.771350017357349, 28.996879941675292 ], [ 38.771350017357349, 28.999539942197149 ], [ 38.772300016313025, 29.002589941747566 ], [ 38.773630016108612, 29.004869941873675 ], [ 38.774950016756776, 29.008109941900557 ], [ 38.777250017396163, 29.010009941686771 ], [ 38.779530017944047, 29.010769943288285 ], [ 38.782010016711858, 29.011529943227316 ], [ 38.786960016896671, 29.012099942262331 ], [ 38.790570017240142, 29.01248994094783 ], [ 38.793620016818664, 29.01324994237476 ], [ 38.79475001659771, 29.014959941639972 ], [ 38.795140016585052, 29.017439942263263 ], [ 38.794950016614251, 29.019909941639611 ], [ 38.794380016701858, 29.021429942047618 ], [ 38.792860016935471, 29.023709941951967 ], [ 38.790570017240142, 29.024479942692853 ], [ 38.788480016663058, 29.024859941625984 ], [ 38.78658001605676, 29.025809941088315 ], [ 38.785430017084543, 29.027899941657392 ], [ 38.785240017113736, 29.029809942324871 ], [ 38.784850017126402, 29.032089941768358 ], [ 38.783530018274867, 29.034569941790167 ], [ 38.782200016682651, 29.036469941772477 ], [ 38.779900017839907, 29.039129942361576 ], [ 38.77839001722095, 29.042179942363141 ], [ 38.77802001732509, 29.044079942033648 ], [ 38.777060017425356, 29.049029942186301 ], [ 38.774770016831724, 29.060649942262565 ], [ 38.77363001700693, 29.069019943295022 ], [ 38.772870017123736, 29.076829941659323 ], [ 38.771350017357349, 29.085959941833625 ], [ 38.770770018297533, 29.109569941780862 ], [ 38.771540017328149, 29.112799941881597 ], [ 38.77173001729895, 29.115849942134609 ], [ 38.771540017328149, 29.119459942350865 ], [ 38.771920017269743, 29.12593994235095 ], [ 38.771920017269743, 29.127649942149141 ], [ 38.771920017269743, 29.130319941919307 ], [ 38.771540017328149, 29.133169941694742 ], [ 38.770970018314067, 29.135459942302933 ], [ 38.770970017415756, 29.138499942086309 ], [ 38.771540017328149, 29.160579943028431 ], [ 38.771540017328149, 29.165339942629142 ], [ 38.771540017328149, 29.168959941636857 ], [ 38.772110016342225, 29.172959941762482 ], [ 38.772110017240543, 29.176569942320892 ], [ 38.772490017182143, 29.17923994293038 ], [ 38.772870017123736, 29.196939941740734 ], [ 38.772870017123736, 29.21292994162199 ], [ 38.772490017182143, 29.21654994220642 ], [ 38.772680017152936, 29.219969942827465 ], [ 38.773250017963655, 29.222639943122118 ], [ 38.773630016108612, 29.225489941926856 ], [ 38.77382001697773, 29.229299941744006 ], [ 38.77382001697773, 29.247189943369239 ], [ 38.773440017036137, 29.251949943076855 ], [ 38.772680017152936, 29.254049941650401 ], [ 38.771160018284867, 29.255759941627975 ], [ 38.769660864822967, 29.257249295806979 ], [ 38.769630016676103, 29.257279941642942 ], [ 38.767730016968116, 29.258619943256537 ], [ 38.765450017318543, 29.259189942117914 ], [ 38.76297001675411, 29.259569941683804 ], [ 38.760310017162936, 29.259569941683804 ], [ 38.755730016873983, 29.260139942303702 ], [ 38.74984001688091, 29.260899942367949 ], [ 38.745270016637697, 29.262039942061964 ], [ 38.741270017205196, 29.262799942111879 ], [ 38.737270016874362, 29.264329942877762 ], [ 38.732890016601949, 29.265469941948066 ], [ 38.728900017215189, 29.265659942777731 ], [ 38.724710016913569, 29.26660994162982 ], [ 38.720140016670349, 29.266989942617275 ], [ 38.716330017208648, 29.266989941833639 ], [ 38.711770017011169, 29.266989942617275 ], [ 38.70796001665115, 29.267179942973183 ], [ 38.703200018233758, 29.267939943216682 ], [ 38.699960016887815, 29.269089942689586 ], [ 38.691020017316241, 29.271939943306577 ], [ 38.687020016985414, 29.272699941857503 ], [ 38.683590015668678, 29.272889941787696 ], [ 38.679020017222093, 29.273269942155739 ], [ 38.674840016966215, 29.273849941849594 ], [ 38.666840017202887, 29.276129942980848 ], [ 38.660370017251687, 29.278599942113704 ], [ 38.655230017096073, 29.279939941680372 ], [ 38.649710016100549, 29.282789942191052 ], [ 38.645710017566358, 29.285459941696431 ], [ 38.643430017916785, 29.286409942988964 ], [ 38.641150017368886, 29.286969943092537 ], [ 38.638290016862854, 29.287929941724293 ], [ 38.634860017342746, 29.289829942027087 ], [ 38.632000016836713, 29.292119942278156 ], [ 38.629340016347221, 29.294409942891242 ], [ 38.626880016772589, 29.296499941628177 ], [ 38.624580017031519, 29.298399942317314 ], [ 38.621540016600434, 29.300879942694358 ], [ 38.618110017080326, 29.303349941899153 ], [ 38.61240001701232, 29.306589942128472 ], [ 38.599260017093371, 29.314959942676982 ], [ 38.589750016711093, 29.320289942096956 ], [ 38.582890016772552, 29.324289941797293 ], [ 38.576040016879759, 29.327339942014955 ], [ 38.571470016636539, 29.329049941828035 ], [ 38.56728001723323, 29.330569942390643 ], [ 38.564240016802145, 29.330759942727934 ], [ 38.562340017992476, 29.330759942727934 ], [ 38.560430016442126, 29.329999943170499 ], [ 38.558340016763346, 29.327139941867728 ], [ 38.556050017068017, 29.323519941741655 ], [ 38.552440015826221, 29.319719943383831 ], [ 38.551100016883211, 29.316289942988035 ], [ 38.546340016669191, 29.308679942205288 ], [ 38.544060017019618, 29.303539942014112 ], [ 38.539300016805598, 29.295549941736063 ], [ 38.537780017039211, 29.292119943061618 ], [ 38.536460017289365, 29.289259941651387 ], [ 38.531690017029604, 29.281839943279358 ], [ 38.528640016552785, 29.277839941988297 ], [ 38.525790016990811, 29.273649941894615 ], [ 38.522740017412289, 29.270419943357769 ], [ 38.518740016183152, 29.266989942617275 ], [ 38.514930017619761, 29.263949942191701 ], [ 38.512460016202745, 29.261469941844318 ], [ 38.510370017422289, 29.259189942117914 ], [ 38.50618001712067, 29.254999941770976 ], [ 38.50199001681905, 29.251189942344581 ], [ 38.498570016446365, 29.249099943354153 ], [ 38.49704001663423, 29.247189943369239 ], [ 38.495900015911133, 29.244529942059359 ], [ 38.494190017072256, 29.242059942924225 ], [ 38.492280017318535, 29.239199942389646 ], [ 38.486950016293818, 29.232349942139432 ], [ 38.483530016819444, 29.227019941676044 ], [ 38.479150017445342, 29.220929941679685 ], [ 38.476480016011791, 29.217689942032525 ], [ 38.473250015609899, 29.214069941741325 ], [ 38.4671600156003, 29.208549941995297 ], [ 38.462970017095309, 29.204749941892857 ], [ 38.458970016764489, 29.201889943062984 ], [ 38.452690016784089, 29.198459943069384 ], [ 38.448310017409987, 29.196179942036412 ], [ 38.445080016109785, 29.195799943208534 ], [ 38.441840015662152, 29.19598994162223 ], [ 38.438220016171243, 29.197129941962881 ], [ 38.434800016696883, 29.198079941713122 ], [ 38.431370017176761, 29.199799942224654 ], [ 38.428130015830824, 29.201319942711621 ], [ 38.424710017254768, 29.203599942351367 ], [ 38.421660016777935, 29.204749941892857 ], [ 38.416710016593129, 29.206269942687982 ], [ 38.409860016700328, 29.209309941731242 ], [ 38.405670016398709, 29.210269941677542 ], [ 38.402060016953541, 29.211599941656292 ], [ 38.398060015724404, 29.212929943190112 ], [ 38.3950100170442, 29.213309942025656 ], [ 38.392160016583915, 29.213499941699009 ], [ 38.389110016107082, 29.212929943190112 ], [ 38.386250015601057, 29.212169942859365 ], [ 38.383780016878987, 29.210839943222108 ], [ 38.381690017200214, 29.209119942913716 ], [ 38.379970017417278, 29.206839942957416 ], [ 38.379020016664981, 29.204359941939575 ], [ 38.37826001678178, 29.199219943124913 ], [ 38.377690016869387, 29.19598994162223 ], [ 38.37807001681098, 29.190469942193602 ], [ 38.378640015825063, 29.187229941853193 ], [ 38.379210016635774, 29.183619942243499 ], [ 38.37997001562065, 29.179619942721686 ], [ 38.382060016197748, 29.175239942069371 ], [ 38.384720015788922, 29.171239942167315 ], [ 38.386630017339286, 29.167819941990288 ], [ 38.388540017093007, 29.164199942004327 ], [ 38.391580016625774, 29.160769942342913 ], [ 38.394440016233496, 29.158489942271554 ], [ 38.399200017345819, 29.153169941899368 ], [ 38.403770015792411, 29.148019942335903 ], [ 38.40624001720942, 29.145539943388162 ], [ 38.422040016719528, 29.129929943155908 ], [ 38.423560017384233, 29.126509942304462 ], [ 38.423950017371567, 29.1242199416637 ], [ 38.423760015604138, 29.120989942275909 ], [ 38.422990016573522, 29.118129942636919 ], [ 38.421850016748735, 29.115279941961184 ], [ 38.419190017157561, 29.113179941828939 ], [ 38.416710016593129, 29.111279942184417 ], [ 38.413170015671525, 29.107929942337481 ], [ 38.398930017009086, 29.103589942030162 ], [ 38.386090016665797, 29.094259942823701 ], [ 38.379090016985174, 29.089589942037492 ], [ 38.373260017266574, 29.076749940769098 ], [ 38.370920017342534, 29.06507994301181 ], [ 38.367500016071531, 29.055799941960451 ], [ 38.365980016305144, 29.05146994301402 ], [ 38.364040017312512, 29.047359940670841 ], [ 38.364360016979646, 29.044649941237946 ], [ 38.363790017067252, 29.041419941808972 ], [ 38.363980017038052, 29.038559941723847 ], [ 38.364360016979646, 29.035899942151559 ], [ 38.364930016892039, 29.033229942242048 ], [ 38.364560016996194, 29.030759943369038 ], [ 38.363980017038052, 29.028279942928044 ], [ 38.361130016577761, 29.024479941907366 ], [ 38.360180016723774, 29.022379941644814 ], [ 38.360370016694574, 29.02047994313773 ], [ 38.361510017417672, 29.01875994183024 ], [ 38.363410017125652, 29.017049941840877 ], [ 38.36550001680444, 29.014199941795056 ], [ 38.366650016674974, 29.011529943227316 ], [ 38.367030015718257, 29.009819942180521 ], [ 38.366080016762581, 29.006979941742728 ], [ 38.364740016921246, 29.00524994224201 ], [ 38.360180016723774, 29.004679942343994 ], [ 38.356560016334548, 29.004489941679342 ], [ 38.353120015870381, 29.00448994325065 ], [ 38.347230016775633, 29.005059941839683 ], [ 38.344570017184452, 29.005629941998691 ], [ 38.342470016561613, 29.00639994238993 ], [ 38.334480015945708, 29.011349941679637 ], [ 38.332190017148712, 29.012289942289279 ], [ 38.32991001660082, 29.012679942614309 ], [ 38.327630016951233, 29.011909941885957 ], [ 38.325340017255911, 29.010769941717079 ], [ 38.319250016347993, 29.009059942232838 ], [ 38.313160017236711, 29.007539942065364 ], [ 38.311060015715547, 29.00639994238993 ], [ 38.308970016935085, 29.00639994238993 ], [ 38.307640017139505, 29.006769942312374 ], [ 38.306500016416393, 29.008109941900557 ], [ 38.304400016691872, 29.009439942119833 ], [ 38.301930017071491, 29.010579941251599 ], [ 38.298120016711472, 29.011529941656125 ], [ 38.294500017220557, 29.012679941828718 ], [ 38.289360016166633, 29.014959941639972 ], [ 38.286130016663058, 29.015719942178016 ], [ 38.283080017084551, 29.01629994184491 ], [ 38.277370017016544, 29.016479941837822 ], [ 38.271660016050213, 29.016669941664627 ], [ 38.266520015894606, 29.016859941927507 ], [ 38.261760015680601, 29.016859941927507 ], [ 38.253570015946465, 29.016099941135764 ], [ 38.244630017273202, 29.015149941905907 ], [ 38.238350017292802, 29.015149941905907 ], [ 38.233970016122065, 29.015529942174933 ], [ 38.229210015908059, 29.016669941664627 ], [ 38.226730017140248, 29.018199941836603 ], [ 38.224260016621564, 29.019529941773452 ], [ 38.222170016044466, 29.02028994167868 ], [ 38.218930015596833, 29.020479942352203 ], [ 38.216080016933176, 29.020099942226683 ], [ 38.214170017179448, 29.019149942080247 ], [ 38.212080015704039, 29.017239942975877 ], [ 38.209980016877829, 29.01629994184491 ], [ 38.207320017286655, 29.016099941921322 ], [ 38.204850015869646, 29.016859941927507 ], [ 38.203320016955836, 29.018579941882859 ], [ 38.202180017131035, 29.02028994167868 ], [ 38.201420017247848, 29.023149942876884 ], [ 38.201420017247848, 29.025049941746381 ], [ 38.201420016349537, 29.028279942142575 ], [ 38.202370017101842, 29.031149942283516 ], [ 38.203510016926636, 29.034759942105648 ], [ 38.204850015869646, 29.03797994064044 ], [ 38.205410016634616, 29.041799942785758 ], [ 38.205600016605409, 29.044649941237946 ], [ 38.205410016634616, 29.048269941829719 ], [ 38.204850015869646, 29.051129942124213 ], [ 38.203320016057518, 29.054359942234129 ], [ 38.201980017114501, 29.056269941614158 ], [ 38.200660017364655, 29.05854994299872 ], [ 38.19952001664155, 29.06121994177218 ], [ 38.19952001664155, 29.063879941003723 ], [ 38.199700016566609, 29.067119942162716 ], [ 38.201040017306248, 29.070349942327734 ], [ 38.202750017043442, 29.073019941691719 ], [ 38.204080016839022, 29.075869941794167 ], [ 38.204470016826363, 29.078539943380733 ], [ 38.204080015940711, 29.080819942090429 ], [ 38.203510016028311, 29.084249943161122 ], [ 38.202940016115924, 29.087499941678701 ], [ 38.201610017218655, 29.092049941894491 ], [ 38.201980017114501, 29.094719941706064 ], [ 38.203130016985035, 29.097189941650466 ], [ 38.203890016868229, 29.100239942243483 ], [ 38.203700015999118, 29.102709941613863 ], [ 38.202370017101842, 29.104809941934697 ], [ 38.201040017306248, 29.108619941660749 ], [ 38.199130016654216, 29.115279942745993 ], [ 38.198180015901904, 29.119849942369566 ], [ 38.197990015931104, 29.124409942299881 ], [ 38.197420016018718, 29.128219942040122 ], [ 38.198180015901904, 29.132409942156247 ], [ 38.198940016683416, 29.135459942302933 ], [ 38.200850017335455, 29.139069943020466 ], [ 38.202940016115924, 29.141739941979619 ], [ 38.20618001566524, 29.14477994195234 ], [ 38.210750015908452, 29.149349942172204 ], [ 38.217410015830453, 29.158299941876383 ], [ 38.218550015655239, 29.160199941775865 ], [ 38.218740017422675, 29.162489941650769 ], [ 38.218740015626032, 29.165339942629142 ], [ 38.219500017305862, 29.167439941647938 ], [ 38.220260016290744, 29.169719942211579 ], [ 38.223500015840052, 29.177909941990109 ], [ 38.224450015694039, 29.181519941743989 ], [ 38.224450015694039, 29.184569943230375 ], [ 38.223310015869252, 29.185329942704932 ], [ 38.221600017030383, 29.185709941899248 ], [ 38.219690017276655, 29.186089942038681 ], [ 38.217980016641157, 29.186659943137531 ], [ 38.217410015830453, 29.187609942635699 ], [ 38.217410015830453, 29.188559941961877 ], [ 38.218930015596833, 29.191419941692846 ], [ 38.218550016553557, 29.193699942698839 ], [ 38.217600016699564, 29.194469942102391 ], [ 38.21627001690397, 29.195419940619804 ], [ 38.214740016193524, 29.195419942188199 ], [ 38.208840017053042, 29.195419942188199 ], [ 38.206750017374262, 29.195799943208534 ], [ 38.204650016751422, 29.197319942617124 ], [ 38.202180016232731, 29.199989941851669 ], [ 38.199130015755898, 29.202649942783346 ], [ 38.196850017004635, 29.203789941992568 ], [ 38.194950017296648, 29.204569941616278 ], [ 38.192850016673809, 29.205319941990172 ], [ 38.191520016878229, 29.206649942697091 ], [ 38.190760016995029, 29.208739941869606 ], [ 38.190950016965822, 29.211029941986965 ], [ 38.192080016744875, 29.212549942945298 ], [ 38.193990015600285, 29.214259942357511 ], [ 38.195900016252331, 29.215019942082925 ], [ 38.197990015931104, 29.214449942621364 ], [ 38.200280017423061, 29.214069943309426 ], [ 38.202560017072635, 29.214449941837326 ], [ 38.204080015940711, 29.2155999427229 ], [ 38.205410016634616, 29.217499942289098 ], [ 38.206750015577633, 29.219399942682127 ], [ 38.208840017053042, 29.220349942207623 ], [ 38.211320016719164, 29.220169941892959 ], [ 38.213030017354662, 29.218839941830144 ], [ 38.213600017267055, 29.216349942345701 ], [ 38.215500016975035, 29.215019942082925 ], [ 38.217600016699564, 29.215019942082925 ], [ 38.220260017189055, 29.215789942853903 ], [ 38.22312001679677, 29.216349942345701 ], [ 38.227120017127589, 29.217499942289098 ], [ 38.22940001677717, 29.218639943304016 ], [ 38.234350016961983, 29.223789943010136 ], [ 38.237590017409609, 29.22739994312219 ], [ 38.240250016102472, 29.229679943352522 ], [ 38.24063001694239, 29.231589941652054 ], [ 38.240630016044072, 29.233869942651399 ], [ 38.241390015927259, 29.235769941931512 ], [ 38.245200017185603, 29.242439941847856 ], [ 38.245770016199685, 29.246239942833281 ], [ 38.24672001695199, 29.248719941729529 ], [ 38.246716057178219, 29.248763503779283 ], [ 38.247461934646829, 29.249305960611746 ], [ 38.265779294755731, 29.272584271870983 ], [ 38.292492111880655, 29.298915478195848 ], [ 38.306993355899074, 29.314943167986566 ], [ 38.320731375980749, 29.33326052775827 ], [ 38.323021045994366, 29.350433053244757 ], [ 38.311954307445511, 29.363026237879509 ], [ 38.290584054284565, 29.386304550236268 ], [ 38.257002227118804, 29.406148357231615 ], [ 38.235300015917659, 29.41944096127088 ], [ 38.235300015917659, 29.421939942093335 ], [ 38.23587001672837, 29.425179942705196 ], [ 38.238350017292802, 29.434129943344825 ], [ 38.238530016319551, 29.437359941743185 ], [ 38.238730016336092, 29.440599941729172 ], [ 38.239110017175996, 29.444399943327504 ], [ 38.239680016190071, 29.448209943015193 ], [ 38.239680016190071, 29.45163994238921 ], [ 38.239680016190071, 29.454299942873813 ], [ 38.239110017175996, 29.457929942969557 ], [ 38.238920016306885, 29.46038994325621 ], [ 38.237590017409609, 29.462489942979428 ], [ 38.235300016815977, 29.464579942745143 ], [ 38.224830015635632, 29.472579943066165 ], [ 38.221020016173931, 29.476189942090695 ], [ 38.219120017364261, 29.478669942178527 ], [ 38.21703001678717, 29.481709941693165 ], [ 38.211880015687498, 29.487809943069134 ], [ 38.209600016037918, 29.490089943053999 ], [ 38.206750015577633, 29.492569943120003 ], [ 38.203890016868229, 29.49560994315507 ], [ 38.194370016440196, 29.507789942276201 ], [ 38.190760016995029, 29.513119943016921 ], [ 38.189240016330331, 29.516929942296521 ], [ 38.187710015619892, 29.520169942647094 ], [ 38.187520015649092, 29.523779942777463 ], [ 38.188090015561478, 29.526829943296516 ], [ 38.188090017358114, 29.529679942973928 ], [ 38.187900015590678, 29.532919942236283 ], [ 38.188470016401389, 29.535589943237404 ], [ 38.189040017212108, 29.53748994213398 ], [ 38.188470017299714, 29.540329943263441 ], [ 38.187130015661744, 29.543399942374013 ], [ 38.185810016810215, 29.545279941963059 ], [ 38.184090017027295, 29.545859942086793 ], [ 38.183630016719746, 29.545859942086793 ], [ 38.181430015639485, 29.545859942868294 ], [ 38.179530016829816, 29.545279941963059 ], [ 38.177430016206976, 29.544529942299139 ], [ 38.172860016862082, 29.541679942220888 ], [ 38.169440015591071, 29.540329943263441 ], [ 38.166770015954157, 29.539769941671338 ], [ 38.16392001639219, 29.539199941722281 ], [ 38.159350017047281, 29.539579942045364 ], [ 38.152880017096088, 29.539769941671338 ], [ 38.145830016288436, 29.539579942826915 ], [ 38.134030017109133, 29.540729942055027 ], [ 38.130230016794862, 29.541489943058171 ], [ 38.128320017041133, 29.542629942838161 ], [ 38.125270016564301, 29.544339943022219 ], [ 38.122230016133216, 29.54624994163267 ], [ 38.111000015968003, 29.553479941699479 ], [ 38.109100016260022, 29.555759942384306 ], [ 38.106430015724783, 29.558429941839893 ], [ 38.102810017132192, 29.562049941974827 ], [ 38.099010016817907, 29.565279943266976 ], [ 38.095200017356206, 29.567179941921857 ], [ 38.092340016850166, 29.567759942919032 ], [ 38.089880017275533, 29.567569942784107 ], [ 38.086630015883848, 29.566799943018893 ], [ 38.083020017336999, 29.565849943022304 ], [ 38.080540015874242, 29.565659943200842 ], [ 38.078260016224668, 29.566039941705004 ], [ 38.075400015718635, 29.566989942258427 ], [ 38.07159001625692, 29.568899943253829 ], [ 38.067980015913442, 29.571369943193542 ], [ 38.064550017291644, 29.574609942867355 ], [ 38.06170001683136, 29.577649943312579 ], [ 38.059030017194438, 29.57994994336552 ], [ 38.056560015777428, 29.582409942925569 ], [ 38.053700016169714, 29.584129943388898 ], [ 38.051230017447651, 29.584319942827666 ], [ 38.047800016130914, 29.583749941875865 ], [ 38.043990016669206, 29.583179943173306 ], [ 38.040370016279972, 29.582599943258693 ], [ 38.033330016416379, 29.582219943015989 ], [ 38.026860015566868, 29.582409942925569 ], [ 38.024390015946487, 29.582979942851921 ], [ 38.022290017120284, 29.583749942657072 ], [ 38.019630016630792, 29.585459942885333 ], [ 38.016580016153959, 29.586979941939131 ], [ 38.01258001582314, 29.589269942966567 ], [ 38.00801001557992, 29.592309943222396 ], [ 38.002690016397572, 29.595739942315657 ], [ 37.999440015904199, 29.597069942659633 ], [ 37.996590016342232, 29.597639941790725 ], [ 37.994120015823526, 29.597259942727874 ], [ 37.991840016173953, 29.596309942713344 ], [ 37.990120017289335, 29.595359943125299 ], [ 37.987660015918074, 29.593259941849315 ], [ 37.985550016147805, 29.590789943217128 ], [ 37.984030014584796, 29.588699941851569 ], [ 37.981750015833526, 29.587739942645221 ], [ 37.978700016255011, 29.587359943007662 ], [ 37.975270015836593, 29.586789942040024 ], [ 37.972810016261953, 29.585839942646857 ], [ 37.970890017360794, 29.583939942811227 ], [ 37.969560015768579, 29.581079943078606 ], [ 37.968800015885385, 29.578799942858389 ], [ 37.968230015972999, 29.57612994281352 ], [ 37.966330016265012, 29.572509941839876 ], [ 37.963280015788179, 29.570229942615082 ], [ 37.959290016401418, 29.568329941960389 ], [ 37.956050015953785, 29.566609942640579 ], [ 37.952050015622959, 29.565079941863935 ], [ 37.949960015944193, 29.564709941857551 ], [ 37.946720017293188, 29.563949942006715 ], [ 37.943670015918038, 29.56337994324937 ], [ 37.941010016326864, 29.562619942767753 ], [ 37.937390016835955, 29.560129941713733 ], [ 37.933590017419988, 29.55861994275849 ], [ 37.930160017001562, 29.557859943191399 ], [ 37.926920015655618, 29.557859941628589 ], [ 37.924260016064444, 29.558049942837748 ], [ 37.921590017325833, 29.558429941839893 ], [ 37.915500016417923, 29.55861994275849 ], [ 37.911130016191244, 29.558239942126772 ], [ 37.905410016077504, 29.558239942908177 ], [ 37.901230015821618, 29.558239942908177 ], [ 37.89780001630151, 29.556909941944255 ], [ 37.893040016985807, 29.555949942072676 ], [ 37.888850015785877, 29.554619943002663 ], [ 37.884660017280886, 29.554239942173965 ], [ 37.880480017025, 29.554049943177308 ], [ 37.877810015591457, 29.554049943177308 ], [ 37.876100015854277, 29.554429943157658 ], [ 37.873240016246555, 29.555379942717156 ], [ 37.87020001581547, 29.556139942185183 ], [ 37.866960016266155, 29.556909941944255 ], [ 37.863340015876936, 29.557289942889906 ], [ 37.858390015692116, 29.558239942126772 ], [ 37.850400015974529, 29.559189941807524 ], [ 37.845840015777057, 29.559189941807524 ], [ 37.841070016415621, 29.55975994311034 ], [ 37.830030016221201, 29.559949942309007 ], [ 37.824700016094795, 29.560519941667884 ], [ 37.818800016055988, 29.56146994334981 ], [ 37.815560017404991, 29.5620499427562 ], [ 37.811750016146647, 29.5620499427562 ], [ 37.80395001639986, 29.562429942339904 ], [ 37.797100017405377, 29.5620499427562 ], [ 37.789680016701872, 29.5620499427562 ], [ 37.784160015706348, 29.562049941974827 ], [ 37.779590016361453, 29.561859942818966 ], [ 37.775220016134774, 29.561279943103049 ], [ 37.771970015641401, 29.56146994334981 ], [ 37.769310016050227, 29.561859942818966 ], [ 37.767210016325706, 29.562429942339904 ], [ 37.765120015748607, 29.562999943332652 ], [ 37.764170015894621, 29.562809942838211 ], [ 37.75979001741883, 29.562429942339904 ], [ 37.752560014889497, 29.562619942767753 ], [ 37.743800016141286, 29.562619942767753 ], [ 37.72514001522682, 29.562999943332652 ], [ 37.720200015986066, 29.563949942006715 ], [ 37.719060016161279, 29.565659943200842 ], [ 37.718100016261545, 29.567569942784107 ], [ 37.718100016261545, 29.569279942849633 ], [ 37.719060016161279, 29.571939942953595 ], [ 37.720580015927666, 29.575369942966535 ], [ 37.721530015781653, 29.578799942858389 ], [ 37.722290015664854, 29.581839942905059 ], [ 37.722480015635647, 29.585649942944958 ], [ 37.72286001557724, 29.588889942841391 ], [ 37.72267001560644, 29.591729942664053 ], [ 37.721910015723253, 29.594599942793646 ], [ 37.72133001666343, 29.597639943352924 ], [ 37.721720015752453, 29.600879943285079 ], [ 37.72267001560644, 29.604679943206733 ], [ 37.724770015330975, 29.609629943262004 ], [ 37.726100016024873, 29.613439942635019 ], [ 37.726480015966473, 29.616299943363618 ], [ 37.726480016864784, 29.619149941978584 ], [ 37.728380015674446, 29.622959943071763 ], [ 37.731040016163945, 29.626579943110915 ], [ 37.732380016005273, 29.630189943184693 ], [ 37.732570015976073, 29.633809941891961 ], [ 37.732950015917666, 29.637239942356967 ], [ 37.732950015917666, 29.639329943193143 ], [ 37.732190016034473, 29.641609942046774 ], [ 37.726670015937273, 29.65246994167936 ], [ 37.725140016125138, 29.656649942117845 ], [ 37.724950016154338, 29.660079941952908 ], [ 37.724770015330975, 29.663889941745374 ], [ 37.724380016241938, 29.667689942727613 ], [ 37.724190016271152, 29.672069941849987 ], [ 37.724770016229293, 29.675499942757209 ], [ 37.724950016154338, 29.678919942027836 ], [ 37.726100016024873, 29.681779942034666 ], [ 37.72762001579126, 29.685399942640078 ], [ 37.729520016397558, 29.688819942243608 ], [ 37.732950015917666, 29.694539942070328 ], [ 37.734850015625653, 29.699099942060599 ], [ 37.734850017422282, 29.701389942716759 ], [ 37.73409001574246, 29.703479942803337 ], [ 37.733330014960956, 29.705379942169479 ], [ 37.733140015888466, 29.707859942922717 ], [ 37.73372001494829, 29.709569942107411 ], [ 37.735040015596454, 29.71147994331028 ], [ 37.736380016336099, 29.714519943286906 ], [ 37.737140015320975, 29.716999942204204 ], [ 37.736760016277692, 29.718699943226216 ], [ 37.734850015625653, 29.720229943245524 ], [ 37.731620016122079, 29.722709943072243 ], [ 37.72591001605408, 29.727659943000713 ], [ 37.722480017432282, 29.731089943265836 ], [ 37.717910016290745, 29.735269943385688 ], [ 37.71506001583046, 29.739459942840703 ], [ 37.713530016916643, 29.742499942293851 ], [ 37.712960016105939, 29.745359942039283 ], [ 37.713150016076725, 29.748209942615965 ], [ 37.713720015989132, 29.750689941760989 ], [ 37.715440015772053, 29.753349943104286 ], [ 37.717910016290745, 29.757539942748604 ], [ 37.719620016027932, 29.762669943211282 ], [ 37.72115001584006, 29.767439943178619 ], [ 37.721720016650764, 29.770869943353333 ], [ 37.721720015752453, 29.775049943387781 ], [ 37.721330015765119, 29.778479943372258 ], [ 37.721530015781653, 29.784369941756381 ], [ 37.722100014795743, 29.787239942730551 ], [ 37.724000017198669, 29.789709943245409 ], [ 37.725720016083272, 29.791999942842704 ], [ 37.727240015849659, 29.794469942041001 ], [ 37.728190016601971, 29.796559942855502 ], [ 37.72800001573286, 29.803989943204641 ], [ 37.726860015908059, 29.806459941832745 ], [ 37.724770016229293, 29.807989942981763 ], [ 37.722480015635647, 29.808749943125179 ], [ 37.720770015898466, 29.809509942949308 ], [ 37.719240016086331, 29.811029943197717 ], [ 37.717340014581723, 29.812929942000636 ], [ 37.713900015914177, 29.815029942773052 ], [ 37.709350015762453, 29.81768994195366 ], [ 37.704970016388344, 29.819019942672075 ], [ 37.700780016086725, 29.820739941903977 ], [ 37.691070014789581, 29.823989942196107 ], [ 37.688410016096725, 29.825499943297338 ], [ 37.686310016372204, 29.827589943296413 ], [ 37.68346001681023, 29.830639941959248 ], [ 37.679270015610285, 29.835589943179073 ], [ 37.676800015989912, 29.83748994269239 ], [ 37.672610015688299, 29.839969941625604 ], [ 37.665750015749758, 29.843209942823552 ], [ 37.658520015915364, 29.846439942739089 ], [ 37.653950015672145, 29.848159942927644 ], [ 37.65091001613937, 29.848159942148492 ], [ 37.638330016087089, 29.848909942716432 ], [ 37.635680015643338, 29.849669943362731 ], [ 37.633010016006423, 29.851199942987439 ], [ 37.630160016444442, 29.852149942138094 ], [ 37.627110015967617, 29.853109942290668 ], [ 37.622540015724397, 29.853859943071484 ], [ 37.619690016162423, 29.854809942619823 ], [ 37.617780016408702, 29.855569942760859 ], [ 37.61512001591921, 29.857859942961166 ], [ 37.609410015851203, 29.861289943362852 ], [ 37.602170015971069, 29.865469941965152 ], [ 37.59799001571519, 29.869089943367172 ], [ 37.592660015588784, 29.872909942793008 ], [ 37.587330016360681, 29.8780399433479 ], [ 37.584090015913056, 29.881849943353618 ], [ 37.582950015189951, 29.883939943105602 ], [ 37.582580016192416, 29.886409943328829 ], [ 37.582190015306765, 29.888889944107394 ], [ 37.581810016263475, 29.890789943079064 ], [ 37.579520014771525, 29.891929943146817 ], [ 37.575330016266534, 29.893649941909086 ], [ 37.573045968808287, 29.89533292425115 ], [ 37.573046060436447, 29.895332971756922 ], [ 37.571720029397781, 29.896310046900339 ], [ 37.568100029008555, 29.899560047308526 ], [ 37.565620029342433, 29.902020047036221 ], [ 37.562960028852949, 29.90469004714776 ], [ 37.560490029232568, 29.906780046885384 ], [ 37.557250028784935, 29.907540047386185 ], [ 37.554580029148028, 29.908300046760509 ], [ 37.551920028658529, 29.91078004708768 ], [ 37.548870029080021, 29.913250047064523 ], [ 37.545640028678129, 29.9168700468467 ], [ 37.543930028940949, 29.919730046828398 ], [ 37.542210029158021, 29.922960047089056 ], [ 37.540120028580922, 29.925440046679221 ], [ 37.537734455325896, 29.926828586927613 ], [ 37.537734211882459, 29.926828617290543 ], [ 37.524670040553275, 29.928412153282999 ], [ 37.513367601141866, 29.928412153282999 ], [ 37.503254892289377, 29.928412153282999 ], [ 37.495521643656403, 29.927817287203943 ], [ 37.47767568617094, 29.924248096258303 ], [ 37.457505564263272, 29.920790360947471 ], [ 37.456855402288184, 29.9206789042412 ], [ 37.452096480052511, 29.912945656354673 ], [ 37.450870481810625, 29.912614304809999 ], [ 37.440091947059436, 29.909701188229828 ], [ 37.430086465610827, 29.906997003924964 ], [ 37.416999430361045, 29.905212408300446 ], [ 37.408671317346929, 29.912350791293179 ], [ 37.402127799272876, 29.923653230985092 ], [ 37.393204820080996, 29.93376593979669 ], [ 37.385771119171089, 29.943522673020482 ], [ 37.365652706087801, 29.976140603656052 ], [ 37.368765300275314, 29.976688400097757 ], [ 37.401299000117021, 29.982402900309118 ], [ 37.489801499812209, 29.997903699756694 ], [ 37.505822599866569, 30.000702900268564 ], [ 37.511845800253333, 30.01279010023076 ], [ 37.512387600252325, 30.013877300185435 ], [ 37.546734200050388, 30.082741300309642 ], [ 37.57625969982206, 30.14185500037188 ], [ 37.592567799931601, 30.174472599720477 ], [ 37.627145800356956, 30.243553599994943 ], [ 37.667884899751712, 30.324806800035102 ], [ 37.671656899578579, 30.332322300257012 ], [ 37.672517400280817, 30.334036800034163 ], [ 37.685257899629974, 30.340432299737902 ], [ 37.691013700302733, 30.343320699761641 ], [ 37.758070299706901, 30.376942899733628 ], [ 37.848115099845401, 30.422000499966714 ], [ 37.918537300343587, 30.457167000198424 ], [ 37.935883499883673, 30.465819400367664 ], [ 37.99767110015911, 30.496608299756396 ], [ 38.005879599798192, 30.500694700153435 ], [ 38.000650099592505, 30.505999199883693 ], [ 37.970752000200541, 30.536312299752655 ], [ 37.95526439971195, 30.552004800000848 ], [ 37.912715900197199, 30.595080000058271 ], [ 37.878938299588313, 30.629238500070983 ], [ 37.835049500194927, 30.673573200101785 ], [ 37.79046679985526, 30.718551800271015 ], [ 37.752134100257088, 30.75717919999402 ], [ 37.721467899974705, 30.788050699966529 ], [ 37.669453800208906, 30.84035079978279 ], [ 37.630434399661461, 30.879533500014656 ], [ 37.570358300208049, 30.939775800270944 ], [ 37.512133599809111, 30.998062099712275 ], [ 37.476490699615034, 31.033694600379572 ], [ 37.434247700060418, 31.075878100060535 ], [ 37.401213599977901, 31.10882960036988 ], [ 37.359000700273519, 31.150891699829121 ], [ 37.310173199704963, 31.199480500080597 ], [ 37.286272800223784, 31.223239299880749 ], [ 37.242295099956621, 31.266913699858446 ], [ 37.192000600223444, 31.31679260008324 ], [ 37.127964499723859, 31.380195100127146 ], [ 37.084297300338022, 31.423362800025227 ], [ 37.069622800047384, 31.437856900192333 ], [ 37.005874899752207, 31.500750499642045 ], [ 37.105552599685325, 31.526537999904036 ], [ 37.135742799766653, 31.534330399865933 ], [ 37.212256799599956, 31.554041300022451 ], [ 37.257162800017106, 31.565584700024967 ], [ 37.316541099835916, 31.580819499985157 ], [ 37.373700300391519, 31.595454099935218 ], [ 37.443201499551392, 31.613208099798332 ], [ 37.503283700362218, 31.62852010017129 ], [ 37.576139899597457, 31.647042900344168 ], [ 37.640763800126784, 31.663431699756128 ], [ 37.737575000242792, 31.687911499977979 ], [ 37.813373299712836, 31.70701739995711 ], [ 37.871767099879158, 31.721700399721474 ], [ 37.95906090018989, 31.743591499965429 ], [ 37.984196291845564, 31.749873145353352 ], [ 37.984196291845564, 31.749873145353352 ] ] ] ] } }
]
}
